Section,Setting or token,Candidate kind,Trace verdict,Disposition,Root cause,Why,Trace detail
3rd-party-bulk-ordering,success_mode,placement,GATED-SIBLING,REQUIRES LIVE VERIFICATION,,"inert offline, but the element this setting controls needs merchant or Shopify data to render; mechanism cannot be proven from the code alone",only reached under `s.show_divider`
3rd-party-dropshipping-logo-carousel,logo_style,placement,DEAD,REQUIRES LIVE VERIFICATION,,"inert offline, but the element this setting controls needs merchant or Shopify data to render; mechanism cannot be proven from the code alone","referenced and reachable, yet no option changed the rendered page"
3rd-party-metaobject-supplier,alignment,placement,DEAD,REQUIRES LIVE VERIFICATION,,section renders thin; nothing on the page to affect (rig #30),"referenced and reachable, yet no option changed the rendered page"
3rd-party-metaobject-supplier,collection_link_variant,placement,GATED-MULTI,REQUIRES LIVE VERIFICATION,,section renders thin; nothing on the page to affect (rig #30),needs more than one condition true at once: `s.show_short_description and short_desc != blank`
3rd-party-metaobject-supplier,collection_source,placement,DEAD,REQUIRES LIVE VERIFICATION,,section renders thin; nothing on the page to affect (rig #30),"referenced and reachable, yet no option changed the rendered page"
3rd-party-metaobject-supplier,custom_accent_color,dead,DEAD-TOKEN,REQUIRES LIVE VERIFICATION,,section renders thin; nothing on the page to affect (rig #30),--q-sup-accent is declared from this setting and read by no rule
3rd-party-metaobject-supplier,max_products,dead,GATED-MULTI,REQUIRES LIVE VERIFICATION,,section renders thin; nothing on the page to affect (rig #30),needs more than one condition true at once: `s.show_website_button and website != blank`
3rd-party-metaobject-supplier,show_facts,dead,GATED-MULTI,REQUIRES LIVE VERIFICATION,,section renders thin; nothing on the page to affect (rig #30),needs more than one condition true at once: `s.show_logo and logo_obj != blank`
3rd-party-metaobject-supplier,show_lead_time,dead,GATED-MULTI,REQUIRES LIVE VERIFICATION,,section renders thin; nothing on the page to affect (rig #30),needs more than one condition true at once: `s.show_logo and logo_obj != blank`
3rd-party-metaobject-supplier,show_logo,dead,GATED-SIBLING,REQUIRES LIVE VERIFICATION,,section renders thin; nothing on the page to affect (rig #30),only reached under `s.use_custom_colors`
3rd-party-metaobject-supplier,show_product_grid,dead,GATED-MULTI,REQUIRES LIVE VERIFICATION,,section renders thin; nothing on the page to affect (rig #30),needs more than one condition true at once: `s.show_logo and logo_obj != blank`
3rd-party-metaobject-supplier,show_regions,dead,GATED-MULTI,REQUIRES LIVE VERIFICATION,,section renders thin; nothing on the page to affect (rig #30),needs more than one condition true at once: `s.show_logo and logo_obj != blank`
3rd-party-metaobject-supplier,show_shipping_notes,dead,GATED-MULTI,REQUIRES LIVE VERIFICATION,,section renders thin; nothing on the page to affect (rig #30),needs more than one condition true at once: `s.show_logo and logo_obj != blank`
3rd-party-metaobject-supplier,show_short_description,dead,GATED-SIBLING,REQUIRES LIVE VERIFICATION,,section renders thin; nothing on the page to affect (rig #30),only reached under `s.use_custom_colors`
3rd-party-metaobject-supplier,show_website_button,dead,GATED-SIBLING,REQUIRES LIVE VERIFICATION,,section renders thin; nothing on the page to affect (rig #30),only reached under `s.use_custom_colors`
3rd-party-metaobject-supplier,storefront_button_variant,placement,GATED-SIBLING,REQUIRES LIVE VERIFICATION,,section renders thin; nothing on the page to affect (rig #30),only reached under `s.use_custom_colors`
3rd-party-metaobject-supplier,website_button_variant,placement,GATED-SIBLING,REQUIRES LIVE VERIFICATION,,section renders thin; nothing on the page to affect (rig #30),only reached under `s.use_custom_colors`
3rd-party-partner-fulfillment-strip,max_items,dead,GATED-SIBLING,REQUIRES LIVE VERIFICATION,,"inert offline, but the element this setting controls needs merchant or Shopify data to render; mechanism cannot be proven from the code alone",only reached under `s.kicker != blank`
3rd-party-partner-fulfillment-strip,show_view_all_link,dead,DEAD,REQUIRES LIVE VERIFICATION,,"inert offline, but the element this setting controls needs merchant or Shopify data to render; mechanism cannot be proven from the code alone","referenced and reachable, yet no option changed the rendered page"
3rd-party-partner-fulfillment-strip,sort_order,placement,DEAD,REQUIRES LIVE VERIFICATION,,"inert offline, but the element this setting controls needs merchant or Shopify data to render; mechanism cannot be proven from the code alone","referenced and reachable, yet no option changed the rendered page"
3rd-party-partner-fulfillment-strip,view_all_url_mode,placement,DEAD,REQUIRES LIVE VERIFICATION,,"inert offline, but the element this setting controls needs merchant or Shopify data to render; mechanism cannot be proven from the code alone","referenced and reachable, yet no option changed the rendered page"
3rd-party-powered-by,cta_show_icon,dead,GATED-SIBLING,REQUIRES LIVE VERIFICATION,,"inert offline, but the element this setting controls needs merchant or Shopify data to render; mechanism cannot be proven from the code alone",only reached under `s.show_border`
3rd-party-powered-by,cta_style,placement,GATED-SIBLING,REQUIRES LIVE VERIFICATION,,"inert offline, but the element this setting controls needs merchant or Shopify data to render; mechanism cannot be proven from the code alone",only reached under `s.kicker != blank`
3rd-party-powered-by,open_links_in_new_tab,dead,GATED-SIBLING,REQUIRES LIVE VERIFICATION,,"inert offline, but the element this setting controls needs merchant or Shopify data to render; mechanism cannot be proven from the code alone",only reached under `s.show_border`
3rd-party-region-availability,append_regions_label_to_heading,dead,GATED-SIBLING,REQUIRES LIVE VERIFICATION,,"inert offline, but the element this setting controls needs merchant or Shopify data to render; mechanism cannot be proven from the code alone",only reached under `s.use_custom_colors`
3rd-party-region-availability,cart_message_mode,placement,GATED-MULTI,REQUIRES LIVE VERIFICATION,,"inert offline, but the element this setting controls needs merchant or Shopify data to render; mechanism cannot be proven from the code alone",needs more than one condition true at once: `is_cart and s.show_on_cart`
3rd-party-region-availability,cart_show_duty_notice,dead,DEAD,REQUIRES LIVE VERIFICATION,,"inert offline, but the element this setting controls needs merchant or Shopify data to render; mechanism cannot be proven from the code alone","referenced and reachable, yet no option changed the rendered page"
3rd-party-region-availability,duty_notice_mode,placement,DEAD,REQUIRES LIVE VERIFICATION,,"inert offline, but the element this setting controls needs merchant or Shopify data to render; mechanism cannot be proven from the code alone","referenced and reachable, yet no option changed the rendered page"
3rd-party-region-availability,icon_source,placement,GATED-SIBLING,REQUIRES LIVE VERIFICATION,,"inert offline, but the element this setting controls needs merchant or Shopify data to render; mechanism cannot be proven from the code alone",only reached under `s.show_icon`
3rd-party-region-availability,region_message_mode,placement,GATED-SIBLING,REQUIRES LIVE VERIFICATION,,"inert offline, but the element this setting controls needs merchant or Shopify data to render; mechanism cannot be proven from the code alone",only reached under `s.enable_section`
3rd-party-region-availability,show_generic_when_no_supplier_data,dead,GATED-MULTI,REQUIRES LIVE VERIFICATION,,"inert offline, but the element this setting controls needs merchant or Shopify data to render; mechanism cannot be proven from the code alone",needs more than one condition true at once: `is_product and product != blank and s.show_on_product`
3rd-party-region-availability,show_icon,dead,DEAD,REQUIRES LIVE VERIFICATION,,"inert offline, but the element this setting controls needs merchant or Shopify data to render; mechanism cannot be proven from the code alone","referenced and reachable, yet no option changed the rendered page"
3rd-party-region-availability,show_on_product,dead,GATED-SIBLING,REQUIRES LIVE VERIFICATION,,"inert offline, but the element this setting controls needs merchant or Shopify data to render; mechanism cannot be proven from the code alone",only reached under `s.enable_section`
3rd-party-region-availability,show_secondary_line,dead,DEAD,REQUIRES LIVE VERIFICATION,,"inert offline, but the element this setting controls needs merchant or Shopify data to render; mechanism cannot be proven from the code alone","referenced and reachable, yet no option changed the rendered page"
3rd-party-rewards-program-cta,custom_bg_color,dead,GATED-SIBLING,REQUIRES LIVE VERIFICATION,,"inert offline, but the element this setting controls needs merchant or Shopify data to render; mechanism cannot be proven from the code alone",only reached under `s.enable_section`
3rd-party-warehouse-merch,accent_color,dead,DEAD-ORPHAN,REQUIRES LIVE VERIFICATION,,section renders nearly empty; nothing on the page to affect (rig #30),"id appears nowhere in the section, its snippets or its CSS"
3rd-party-warehouse-merch,card_bg_color,dead,GATED-MULTI,REQUIRES LIVE VERIFICATION,,section renders nearly empty; nothing on the page to affect (rig #30),needs more than one condition true at once: `s.show_warehouse_chip and wh_label != blank and s.chip_position != 'below_title'`
3rd-party-warehouse-merch,chip_bg_color,dead,GATED-MULTI,REQUIRES LIVE VERIFICATION,,section renders nearly empty; nothing on the page to affect (rig #30),needs more than one condition true at once: `s.show_warehouse_chip and wh_label != blank and s.chip_position == 'below_title'`
3rd-party-warehouse-merch,chip_position,placement,GATED-MULTI,REQUIRES LIVE VERIFICATION,,section renders nearly empty; nothing on the page to affect (rig #30),needs more than one condition true at once: `s.source_mode == 'force_collection' and s.force_collection != blank`
3rd-party-warehouse-merch,chip_text_color,dead,GATED-MULTI,REQUIRES LIVE VERIFICATION,,section renders nearly empty; nothing on the page to affect (rig #30),needs more than one condition true at once: `s.show_warehouse_chip and wh_label != blank and s.chip_position == 'below_title'`
3rd-party-warehouse-merch,columns_desktop,dead,GATED-SIBLING,REQUIRES LIVE VERIFICATION,,section renders nearly empty; nothing on the page to affect (rig #30),only reached under `shown >= s.max_products`
3rd-party-warehouse-merch,max_products,dead,GATED-MULTI,REQUIRES LIVE VERIFICATION,,section renders nearly empty; nothing on the page to affect (rig #30),needs more than one condition true at once: `s.source_mode == 'force_collection' and s.force_collection != blank`
3rd-party-warehouse-merch,muted_text_color,dead,GATED-MULTI,REQUIRES LIVE VERIFICATION,,section renders nearly empty; nothing on the page to affect (rig #30),needs more than one condition true at once: `s.show_warehouse_chip and wh_label != blank and s.chip_position == 'below_title'`
3rd-party-warehouse-merch,show_warehouse_chip,dead,GATED-MULTI,REQUIRES LIVE VERIFICATION,,section renders nearly empty; nothing on the page to affect (rig #30),needs more than one condition true at once: `s.source_mode == 'force_collection' and s.force_collection != blank`
3rd-party-warehouse-merch,text_color,dead,GATED-MULTI,REQUIRES LIVE VERIFICATION,,section renders nearly empty; nothing on the page to affect (rig #30),needs more than one condition true at once: `s.show_warehouse_chip and wh_label != blank and s.chip_position == 'below_title'`
account-main-account-orders,button_style,placement,GATED-SIBLING,REQUIRES LIVE VERIFICATION,,"inert offline, but the element this setting controls needs merchant or Shopify data to render; mechanism cannot be proven from the code alone",only reached under `section.settings.empty_text != blank`
account-main-account-orders,orders_per_page,dead,GATED-SIBLING,REQUIRES LIVE VERIFICATION,,"inert offline, but the element this setting controls needs merchant or Shopify data to render; mechanism cannot be proven from the code alone",only reached under `section.settings.subheading != blank`
basic-content-helper-code-embed,aspect_ratio,placement,DEAD,REQUIRES LIVE VERIFICATION,,"inert offline, but the element this setting controls needs merchant or Shopify data to render; mechanism cannot be proven from the code alone","referenced and reachable, yet no option changed the rendered page"
basic-content-helper-code-embed,aspect_ratio_custom,dead,DEAD,REQUIRES LIVE VERIFICATION,,"inert offline, but the element this setting controls needs merchant or Shopify data to render; mechanism cannot be proven from the code alone","referenced and reachable, yet no option changed the rendered page"
basic-content-helper-code-embed,bg_color,dead,GATED-SIBLING,REQUIRES LIVE VERIFICATION,,"inert offline, but the element this setting controls needs merchant or Shopify data to render; mechanism cannot be proven from the code alone",only reached under `s.frame_border`
basic-content-helper-code-embed,text_color,dead,GATED-SIBLING,REQUIRES LIVE VERIFICATION,,"inert offline, but the element this setting controls needs merchant or Shopify data to render; mechanism cannot be proven from the code alone",only reached under `s.frame_border`
basic-content-helper-column-builder,btn_border,dead,DEAD,REQUIRES LIVE VERIFICATION,,"inert offline, but the element this setting controls needs merchant or Shopify data to render; mechanism cannot be proven from the code alone","referenced and reachable, yet no option changed the rendered page"
basic-content-helper-column-builder,btn_fg,dead,DEAD,REQUIRES LIVE VERIFICATION,,"inert offline, but the element this setting controls needs merchant or Shopify data to render; mechanism cannot be proven from the code alone","referenced and reachable, yet no option changed the rendered page"
basic-content-helper-column-builder,btn_pad_x,placement,DEAD,REQUIRES LIVE VERIFICATION,,"inert offline, but the element this setting controls needs merchant or Shopify data to render; mechanism cannot be proven from the code alone","referenced and reachable, yet no option changed the rendered page"
basic-content-helper-column-builder,btn_pad_y,placement,DEAD,REQUIRES LIVE VERIFICATION,,"inert offline, but the element this setting controls needs merchant or Shopify data to render; mechanism cannot be proven from the code alone","referenced and reachable, yet no option changed the rendered page"
basic-content-helper-column-builder,btn_radius,placement,DEAD,REQUIRES LIVE VERIFICATION,,"inert offline, but the element this setting controls needs merchant or Shopify data to render; mechanism cannot be proven from the code alone","referenced and reachable, yet no option changed the rendered page"
basic-content-helper-column-builder,btn_transition,placement,DEAD,REQUIRES LIVE VERIFICATION,,"inert offline, but the element this setting controls needs merchant or Shopify data to render; mechanism cannot be proven from the code alone","referenced and reachable, yet no option changed the rendered page"
basic-content-helper-column-builder,columns_tablet,dead,DEAD,REQUIRES LIVE VERIFICATION,,"inert offline, but the element this setting controls needs merchant or Shopify data to render; mechanism cannot be proven from the code alone","referenced and reachable, yet no option changed the rendered page"
basic-content-helper-column-builder,icon_size,placement,DEAD,REQUIRES LIVE VERIFICATION,,"inert offline, but the element this setting controls needs merchant or Shopify data to render; mechanism cannot be proven from the code alone","referenced and reachable, yet no option changed the rendered page"
basic-content-helper-column-builder,link_color,dead,DEAD,REQUIRES LIVE VERIFICATION,,"inert offline, but the element this setting controls needs merchant or Shopify data to render; mechanism cannot be proven from the code alone","referenced and reachable, yet no option changed the rendered page"
basic-content-helper-column-builder,media_fit,placement,DEAD,REQUIRES LIVE VERIFICATION,,"inert offline, but the element this setting controls needs merchant or Shopify data to render; mechanism cannot be proven from the code alone","referenced and reachable, yet no option changed the rendered page"
basic-content-helper-column-builder,media_max_h,placement,DEAD,REQUIRES LIVE VERIFICATION,,"inert offline, but the element this setting controls needs merchant or Shopify data to render; mechanism cannot be proven from the code alone","referenced and reachable, yet no option changed the rendered page"
basic-content-helper-column-builder,media_radius,placement,DEAD,REQUIRES LIVE VERIFICATION,,"inert offline, but the element this setting controls needs merchant or Shopify data to render; mechanism cannot be proven from the code alone","referenced and reachable, yet no option changed the rendered page"
basic-content-helper-column-builder,media_ratio,placement,GATED-SIBLING,REQUIRES LIVE VERIFICATION,,"inert offline, but the element this setting controls needs merchant or Shopify data to render; mechanism cannot be proven from the code alone",only reached under `s.title != blank`
basic-content-helper-column-builder,pad_x,placement,DEAD,REQUIRES LIVE VERIFICATION,,"inert offline, but the element this setting controls needs merchant or Shopify data to render; mechanism cannot be proven from the code alone","referenced and reachable, yet no option changed the rendered page"
basic-content-helper-column-builder,pad_y,placement,DEAD,REQUIRES LIVE VERIFICATION,,"inert offline, but the element this setting controls needs merchant or Shopify data to render; mechanism cannot be proven from the code alone","referenced and reachable, yet no option changed the rendered page"
basic-content-helper-column-builder,tile_border_width,placement,DEAD,REQUIRES LIVE VERIFICATION,,"inert offline, but the element this setting controls needs merchant or Shopify data to render; mechanism cannot be proven from the code alone","referenced and reachable, yet no option changed the rendered page"
basic-content-helper-column-builder,tile_inner_gap,placement,DEAD,REQUIRES LIVE VERIFICATION,,"inert offline, but the element this setting controls needs merchant or Shopify data to render; mechanism cannot be proven from the code alone","referenced and reachable, yet no option changed the rendered page"
basic-content-helper-column-builder,tile_pad,placement,DEAD,REQUIRES LIVE VERIFICATION,,"inert offline, but the element this setting controls needs merchant or Shopify data to render; mechanism cannot be proven from the code alone","referenced and reachable, yet no option changed the rendered page"
basic-content-helper-column-builder,tile_radius,placement,DEAD,REQUIRES LIVE VERIFICATION,,"inert offline, but the element this setting controls needs merchant or Shopify data to render; mechanism cannot be proven from the code alone","referenced and reachable, yet no option changed the rendered page"
basic-content-helper-column-builder,tile_shadow,placement,DEAD,REQUIRES LIVE VERIFICATION,,"inert offline, but the element this setting controls needs merchant or Shopify data to render; mechanism cannot be proven from the code alone","referenced and reachable, yet no option changed the rendered page"
basic-content-helper-column-builder,tile_surface,placement,DEAD,REQUIRES LIVE VERIFICATION,,"inert offline, but the element this setting controls needs merchant or Shopify data to render; mechanism cannot be proven from the code alone","referenced and reachable, yet no option changed the rendered page"
basic-content-helper-grid-builder,columns_tablet,dead,DEAD,REQUIRES LIVE VERIFICATION,,"inert offline, but the element this setting controls needs merchant or Shopify data to render; mechanism cannot be proven from the code alone","referenced and reachable, yet no option changed the rendered page"
basic-content-helper-section-divider,line_thickness,placement,DEAD,REQUIRES LIVE VERIFICATION,,section renders nearly empty; nothing on the page to affect (rig #30),"referenced and reachable, yet no option changed the rendered page"
basic-content-helper-section-divider,max_width,placement,DEAD,REQUIRES LIVE VERIFICATION,,section renders nearly empty; nothing on the page to affect (rig #30),"referenced and reachable, yet no option changed the rendered page"
basic-content-helper-section-divider,pad_x,placement,DEAD,REQUIRES LIVE VERIFICATION,,section renders nearly empty; nothing on the page to affect (rig #30),"referenced and reachable, yet no option changed the rendered page"
basic-content-helper-section-divider,space_above,placement,DEAD,REQUIRES LIVE VERIFICATION,,section renders nearly empty; nothing on the page to affect (rig #30),"referenced and reachable, yet no option changed the rendered page"
basic-content-helper-section-divider,space_below,placement,DEAD,REQUIRES LIVE VERIFICATION,,section renders nearly empty; nothing on the page to affect (rig #30),"referenced and reachable, yet no option changed the rendered page"
basic-content-helper-text-centered-full-width,surface,placement,GATED-SIBLING,REQUIRES LIVE VERIFICATION,,"inert offline, but the element this setting controls needs merchant or Shopify data to render; mechanism cannot be proven from the code alone",only reached under `s.use_custom_colors`
call-to-action-audience-source,columns_tablet,dead,DEAD,REQUIRES LIVE VERIFICATION,,"inert offline, but the element this setting controls needs merchant or Shopify data to render; mechanism cannot be proven from the code alone","referenced and reachable, yet no option changed the rendered page"
call-to-action-audience-source,grad_angle,dead,GATED-SIBLING,REQUIRES LIVE VERIFICATION,,"inert offline, but the element this setting controls needs merchant or Shopify data to render; mechanism cannot be proven from the code alone",only reached under `s.background_image != blank`
call-to-action-audience-source,grad_end,dead,GATED-SIBLING,REQUIRES LIVE VERIFICATION,,"inert offline, but the element this setting controls needs merchant or Shopify data to render; mechanism cannot be proven from the code alone",only reached under `s.background_image != blank`
call-to-action-audience-source,grad_start,dead,GATED-SIBLING,REQUIRES LIVE VERIFICATION,,"inert offline, but the element this setting controls needs merchant or Shopify data to render; mechanism cannot be proven from the code alone",only reached under `s.hide_on_desktop`
call-to-action-audience-source,grad_start_opacity,dead,GATED-SIBLING,REQUIRES LIVE VERIFICATION,,"inert offline, but the element this setting controls needs merchant or Shopify data to render; mechanism cannot be proven from the code alone",only reached under `s.background_image != blank`
call-to-action-banner,content_overlay_color,dead,GATED-SIBLING,REQUIRES LIVE VERIFICATION,,"inert offline, but the element this setting controls needs merchant or Shopify data to render; mechanism cannot be proven from the code alone",only reached under `s.layout_variant == 'web3'`
call-to-action-banner,grad_angle,dead,DEAD,REQUIRES LIVE VERIFICATION,,"inert offline, but the element this setting controls needs merchant or Shopify data to render; mechanism cannot be proven from the code alone","referenced and reachable, yet no option changed the rendered page"
call-to-action-banner,grad_end,dead,DEAD,REQUIRES LIVE VERIFICATION,,"inert offline, but the element this setting controls needs merchant or Shopify data to render; mechanism cannot be proven from the code alone","referenced and reachable, yet no option changed the rendered page"
call-to-action-banner,grad_start,dead,DEAD,REQUIRES LIVE VERIFICATION,,"inert offline, but the element this setting controls needs merchant or Shopify data to render; mechanism cannot be proven from the code alone","referenced and reachable, yet no option changed the rendered page"
call-to-action-banner,grad_start_opacity,dead,DEAD,REQUIRES LIVE VERIFICATION,,"inert offline, but the element this setting controls needs merchant or Shopify data to render; mechanism cannot be proven from the code alone","referenced and reachable, yet no option changed the rendered page"
call-to-action-banner,layout_dir,placement,GATED-SIBLING,REQUIRES LIVE VERIFICATION,,"inert offline, but the element this setting controls needs merchant or Shopify data to render; mechanism cannot be proven from the code alone",only reached under `s.mode == 'plain'`
call-to-action-banner,overlay_color,dead,DEAD,REQUIRES LIVE VERIFICATION,,"inert offline, but the element this setting controls needs merchant or Shopify data to render; mechanism cannot be proven from the code alone","referenced and reachable, yet no option changed the rendered page"
call-to-action-banner,overlay_opacity,dead,DEAD,REQUIRES LIVE VERIFICATION,,"inert offline, but the element this setting controls needs merchant or Shopify data to render; mechanism cannot be proven from the code alone","referenced and reachable, yet no option changed the rendered page"
call-to-action-banner,overlay_type,placement,GATED-SIBLING,REQUIRES LIVE VERIFICATION,,"inert offline, but the element this setting controls needs merchant or Shopify data to render; mechanism cannot be proven from the code alone",only reached under `s.mode == 'plain'`
call-to-action-banner,prod_media_aspect,placement,DEAD,REQUIRES LIVE VERIFICATION,,"inert offline, but the element this setting controls needs merchant or Shopify data to render; mechanism cannot be proven from the code alone","referenced and reachable, yet no option changed the rendered page"
call-to-action-banner,prod_media_max_h_desktop,dead,DEAD,REQUIRES LIVE VERIFICATION,,"inert offline, but the element this setting controls needs merchant or Shopify data to render; mechanism cannot be proven from the code alone","referenced and reachable, yet no option changed the rendered page"
call-to-action-banner,prod_media_max_h_mobile,dead,DEAD,REQUIRES LIVE VERIFICATION,,"inert offline, but the element this setting controls needs merchant or Shopify data to render; mechanism cannot be proven from the code alone","referenced and reachable, yet no option changed the rendered page"
call-to-action-banner,prod_media_mode,placement,DEAD,REQUIRES LIVE VERIFICATION,,"inert offline, but the element this setting controls needs merchant or Shopify data to render; mechanism cannot be proven from the code alone","referenced and reachable, yet no option changed the rendered page"
call-to-action-banner,video_autoplay,dead,GATED-SIBLING,REQUIRES LIVE VERIFICATION,,"inert offline, but the element this setting controls needs merchant or Shopify data to render; mechanism cannot be proven from the code alone",only reached under `s.mode == 'plain'`
call-to-action-banner,video_loop,dead,GATED-SIBLING,REQUIRES LIVE VERIFICATION,,"inert offline, but the element this setting controls needs merchant or Shopify data to render; mechanism cannot be proven from the code alone",only reached under `s.mode == 'plain'`
call-to-action-banner,video_muted,dead,GATED-SIBLING,REQUIRES LIVE VERIFICATION,,"inert offline, but the element this setting controls needs merchant or Shopify data to render; mechanism cannot be proven from the code alone",only reached under `s.mode == 'plain'`
call-to-action-card-stack,background_color,dead,GATED-SIBLING,REQUIRES LIVE VERIFICATION,,"inert offline, but the element this setting controls needs merchant or Shopify data to render; mechanism cannot be proven from the code alone",only reached under `s.anchor_id != blank`
call-to-action-card-stack,grad_angle,dead,GATED-SIBLING,REQUIRES LIVE VERIFICATION,,"inert offline, but the element this setting controls needs merchant or Shopify data to render; mechanism cannot be proven from the code alone",only reached under `s.anchor_id != blank`
call-to-action-card-stack,grad_end,dead,GATED-SIBLING,REQUIRES LIVE VERIFICATION,,"inert offline, but the element this setting controls needs merchant or Shopify data to render; mechanism cannot be proven from the code alone",only reached under `s.anchor_id != blank`
call-to-action-card-stack,grad_start,dead,GATED-SIBLING,REQUIRES LIVE VERIFICATION,,"inert offline, but the element this setting controls needs merchant or Shopify data to render; mechanism cannot be proven from the code alone",only reached under `s.anchor_id != blank`
call-to-action-card-stack,grad_start_opacity,dead,GATED-SIBLING,REQUIRES LIVE VERIFICATION,,"inert offline, but the element this setting controls needs merchant or Shopify data to render; mechanism cannot be proven from the code alone",only reached under `s.anchor_id != blank`
call-to-action-collection,image_source,placement,GATED-SIBLING,REQUIRES LIVE VERIFICATION,,"inert offline, but the element this setting controls needs merchant or Shopify data to render; mechanism cannot be proven from the code alone",only reached under `s.image_ratio`
call-to-action-collection,masonry_variant,placement,DEAD,REQUIRES LIVE VERIFICATION,,"inert offline, but the element this setting controls needs merchant or Shopify data to render; mechanism cannot be proven from the code alone","referenced and reachable, yet no option changed the rendered page"
call-to-action-collection,overlay_style,placement,GATED-SIBLING,REQUIRES LIVE VERIFICATION,,"inert offline, but the element this setting controls needs merchant or Shopify data to render; mechanism cannot be proven from the code alone",only reached under `s.eyebrow != blank`
call-to-action-collection,section_bg_token,placement,GATED-SIBLING,REQUIRES LIVE VERIFICATION,,"inert offline, but the element this setting controls needs merchant or Shopify data to render; mechanism cannot be proven from the code alone",only reached under `s.layout == 'grid_overlay' or s.layout == 'masonry_overlay'`
call-to-action-collection,section_overlay_opacity,dead,GATED-SIBLING,REQUIRES LIVE VERIFICATION,,"inert offline, but the element this setting controls needs merchant or Shopify data to render; mechanism cannot be proven from the code alone",only reached under `s.layout == 'grid_overlay' or s.layout == 'masonry_overlay'`
call-to-action-icon-list,btn_bg_hover,dead,DEAD,REQUIRES LIVE VERIFICATION,,"inert offline, but the element this setting controls needs merchant or Shopify data to render; mechanism cannot be proven from the code alone","referenced and reachable, yet no option changed the rendered page"
call-to-action-icon-list,btn_text_hover,dead,DEAD,REQUIRES LIVE VERIFICATION,,"inert offline, but the element this setting controls needs merchant or Shopify data to render; mechanism cannot be proven from the code alone","referenced and reachable, yet no option changed the rendered page"
call-to-action-newsletter-form,grad_angle,dead,GATED-SIBLING,REQUIRES LIVE VERIFICATION,,"inert offline, but the element this setting controls needs merchant or Shopify data to render; mechanism cannot be proven from the code alone",only reached under `s.destination == 'custom_endpoint'`
call-to-action-newsletter-form,grad_end,dead,GATED-SIBLING,REQUIRES LIVE VERIFICATION,,"inert offline, but the element this setting controls needs merchant or Shopify data to render; mechanism cannot be proven from the code alone",only reached under `s.destination == 'custom_endpoint'`
call-to-action-newsletter-form,grad_start,dead,GATED-SIBLING,REQUIRES LIVE VERIFICATION,,"inert offline, but the element this setting controls needs merchant or Shopify data to render; mechanism cannot be proven from the code alone",only reached under `s.destination == 'custom_endpoint'`
call-to-action-newsletter-form,grad_start_opacity,dead,GATED-SIBLING,REQUIRES LIVE VERIFICATION,,"inert offline, but the element this setting controls needs merchant or Shopify data to render; mechanism cannot be proven from the code alone",only reached under `s.destination == 'custom_endpoint'`
call-to-action-newsletter-form,split_media_side,placement,GATED-SIBLING,REQUIRES LIVE VERIFICATION,,"inert offline, but the element this setting controls needs merchant or Shopify data to render; mechanism cannot be proven from the code alone",only reached under `s.destination == 'custom_endpoint'`
call-to-action-quote-form,grad_angle,dead,GATED-SIBLING,REQUIRES LIVE VERIFICATION,,"inert offline, but the element this setting controls needs merchant or Shopify data to render; mechanism cannot be proven from the code alone",only reached under `s.bg_image != blank`
call-to-action-quote-form,grad_end,dead,GATED-SIBLING,REQUIRES LIVE VERIFICATION,,"inert offline, but the element this setting controls needs merchant or Shopify data to render; mechanism cannot be proven from the code alone",only reached under `s.bg_image != blank`
call-to-action-quote-form,grad_start,dead,GATED-SIBLING,REQUIRES LIVE VERIFICATION,,"inert offline, but the element this setting controls needs merchant or Shopify data to render; mechanism cannot be proven from the code alone",only reached under `s.bg_image != blank`
call-to-action-quote-form,grad_start_opacity,dead,GATED-SIBLING,REQUIRES LIVE VERIFICATION,,"inert offline, but the element this setting controls needs merchant or Shopify data to render; mechanism cannot be proven from the code alone",only reached under `s.bg_image != blank`
call-to-action-quote-form,split_media_side,placement,GATED-SIBLING,REQUIRES LIVE VERIFICATION,,"inert offline, but the element this setting controls needs merchant or Shopify data to render; mechanism cannot be proven from the code alone",only reached under `s.bg_image != blank`
call-to-action-reviews,autoplay,dead,GATED-MULTI,REQUIRES LIVE VERIFICATION,,"inert offline, but the element this setting controls needs merchant or Shopify data to render; mechanism cannot be proven from the code alone",needs more than one condition true at once: `s.background_image != blank or s.background_video != blank`
call-to-action-reviews,button_border_color,dead,DEAD,REQUIRES LIVE VERIFICATION,,"inert offline, but the element this setting controls needs merchant or Shopify data to render; mechanism cannot be proven from the code alone","referenced and reachable, yet no option changed the rendered page"
call-to-action-reviews,button_mode,placement,DEAD,REQUIRES LIVE VERIFICATION,,"inert offline, but the element this setting controls needs merchant or Shopify data to render; mechanism cannot be proven from the code alone","referenced and reachable, yet no option changed the rendered page"
call-to-action-reviews,button_text_color,dead,DEAD,REQUIRES LIVE VERIFICATION,,"inert offline, but the element this setting controls needs merchant or Shopify data to render; mechanism cannot be proven from the code alone","referenced and reachable, yet no option changed the rendered page"
call-to-action-reviews,grad_angle,dead,GATED-MULTI,REQUIRES LIVE VERIFICATION,,"inert offline, but the element this setting controls needs merchant or Shopify data to render; mechanism cannot be proven from the code alone",needs more than one condition true at once: `s.background_image != blank or s.background_video != blank`
call-to-action-reviews,grad_end,dead,GATED-MULTI,REQUIRES LIVE VERIFICATION,,"inert offline, but the element this setting controls needs merchant or Shopify data to render; mechanism cannot be proven from the code alone",needs more than one condition true at once: `s.background_image != blank or s.background_video != blank`
call-to-action-reviews,grad_start,dead,GATED-MULTI,REQUIRES LIVE VERIFICATION,,"inert offline, but the element this setting controls needs merchant or Shopify data to render; mechanism cannot be proven from the code alone",needs more than one condition true at once: `s.background_image != blank or s.background_video != blank`
call-to-action-reviews,grad_start_opacity,dead,GATED-MULTI,REQUIRES LIVE VERIFICATION,,"inert offline, but the element this setting controls needs merchant or Shopify data to render; mechanism cannot be proven from the code alone",needs more than one condition true at once: `s.background_image != blank or s.background_video != blank`
call-to-action-reviews,heading_alignment,placement,DEAD,REQUIRES LIVE VERIFICATION,,"inert offline, but the element this setting controls needs merchant or Shopify data to render; mechanism cannot be proven from the code alone","referenced and reachable, yet no option changed the rendered page"
call-to-action-reviews,media_object_fit,placement,DEAD,REQUIRES LIVE VERIFICATION,,"inert offline, but the element this setting controls needs merchant or Shopify data to render; mechanism cannot be proven from the code alone","referenced and reachable, yet no option changed the rendered page"
call-to-action-reviews,slide_image_aspect,placement,DEAD,REQUIRES LIVE VERIFICATION,,"inert offline, but the element this setting controls needs merchant or Shopify data to render; mechanism cannot be proven from the code alone","referenced and reachable, yet no option changed the rendered page"
call-to-action-reviews,slide_image_height_desktop,dead,DEAD,REQUIRES LIVE VERIFICATION,,"inert offline, but the element this setting controls needs merchant or Shopify data to render; mechanism cannot be proven from the code alone","referenced and reachable, yet no option changed the rendered page"
call-to-action-reviews,slide_image_height_mobile,dead,DEAD,REQUIRES LIVE VERIFICATION,,"inert offline, but the element this setting controls needs merchant or Shopify data to render; mechanism cannot be proven from the code alone","referenced and reachable, yet no option changed the rendered page"
call-to-action-reviews,slide_image_radius,dead,DEAD,REQUIRES LIVE VERIFICATION,,"inert offline, but the element this setting controls needs merchant or Shopify data to render; mechanism cannot be proven from the code alone","referenced and reachable, yet no option changed the rendered page"
call-to-action-social-proof,btn_bg_hover,dead,DEAD,REQUIRES LIVE VERIFICATION,,"inert offline, but the element this setting controls needs merchant or Shopify data to render; mechanism cannot be proven from the code alone","referenced and reachable, yet no option changed the rendered page"
call-to-action-social-proof,btn_text_hover,dead,DEAD,REQUIRES LIVE VERIFICATION,,"inert offline, but the element this setting controls needs merchant or Shopify data to render; mechanism cannot be proven from the code alone","referenced and reachable, yet no option changed the rendered page"
call-to-action-social-proof,btn_transition_ms,dead,DEAD,REQUIRES LIVE VERIFICATION,,"inert offline, but the element this setting controls needs merchant or Shopify data to render; mechanism cannot be proven from the code alone","referenced and reachable, yet no option changed the rendered page"
call-to-action-social-proof,grad_angle,dead,GATED-SIBLING,REQUIRES LIVE VERIFICATION,,"inert offline, but the element this setting controls needs merchant or Shopify data to render; mechanism cannot be proven from the code alone",only reached under `s.background_image != blank`
call-to-action-social-proof,grad_end,dead,GATED-SIBLING,REQUIRES LIVE VERIFICATION,,"inert offline, but the element this setting controls needs merchant or Shopify data to render; mechanism cannot be proven from the code alone",only reached under `s.background_image != blank`
call-to-action-social-proof,grad_start,dead,GATED-SIBLING,REQUIRES LIVE VERIFICATION,,"inert offline, but the element this setting controls needs merchant or Shopify data to render; mechanism cannot be proven from the code alone",only reached under `s.background_image != blank`
call-to-action-social-proof,grad_start_opacity,dead,GATED-SIBLING,REQUIRES LIVE VERIFICATION,,"inert offline, but the element this setting controls needs merchant or Shopify data to render; mechanism cannot be proven from the code alone",only reached under `s.background_image != blank`
call-to-action-social-proof,logo_max_h,dead,DEAD,REQUIRES LIVE VERIFICATION,,"inert offline, but the element this setting controls needs merchant or Shopify data to render; mechanism cannot be proven from the code alone","referenced and reachable, yet no option changed the rendered page"
featured-content-blog-spotlight,auto_limit,dead,GATED-SIBLING,REQUIRES LIVE VERIFICATION,,"inert offline, but the element this setting controls needs merchant or Shopify data to render; mechanism cannot be proven from the code alone",only reached under `source_mode == 'manual'`
featured-content-blog-spotlight,color_card_bg,dead,GATED-SIBLING,REQUIRES LIVE VERIFICATION,,"inert offline, but the element this setting controls needs merchant or Shopify data to render; mechanism cannot be proven from the code alone",only reached under `blog_obj != blank`
featured-content-blog-spotlight,color_card_border,dead,GATED-SIBLING,REQUIRES LIVE VERIFICATION,,"inert offline, but the element this setting controls needs merchant or Shopify data to render; mechanism cannot be proven from the code alone",only reached under `picked >= auto_limit`
featured-content-blog-spotlight,color_tag_bg,dead,GATED-SIBLING,REQUIRES LIVE VERIFICATION,,"inert offline, but the element this setting controls needs merchant or Shopify data to render; mechanism cannot be proven from the code alone",only reached under `picked >= auto_limit`
featured-content-blog-spotlight,color_tag_border,dead,GATED-SIBLING,REQUIRES LIVE VERIFICATION,,"inert offline, but the element this setting controls needs merchant or Shopify data to render; mechanism cannot be proven from the code alone",only reached under `a.tags contains tag_filter`
featured-content-blog-spotlight,color_tag_text,dead,GATED-SIBLING,REQUIRES LIVE VERIFICATION,,"inert offline, but the element this setting controls needs merchant or Shopify data to render; mechanism cannot be proven from the code alone",only reached under `tag_filter != blank`
featured-content-blog-spotlight,excerpt_words,dead,GATED-SIBLING,REQUIRES LIVE VERIFICATION,,"inert offline, but the element this setting controls needs merchant or Shopify data to render; mechanism cannot be proven from the code alone",only reached under `use_custom_colors`
featured-content-blog-spotlight,show_date,dead,GATED-SIBLING,REQUIRES LIVE VERIFICATION,,"inert offline, but the element this setting controls needs merchant or Shopify data to render; mechanism cannot be proven from the code alone",only reached under `use_custom_colors`
featured-content-blog-spotlight,show_excerpt,dead,GATED-SIBLING,REQUIRES LIVE VERIFICATION,,"inert offline, but the element this setting controls needs merchant or Shopify data to render; mechanism cannot be proven from the code alone",only reached under `use_custom_colors`
featured-content-blog-spotlight,show_image,dead,GATED-SIBLING,REQUIRES LIVE VERIFICATION,,"inert offline, but the element this setting controls needs merchant or Shopify data to render; mechanism cannot be proven from the code alone",only reached under `use_custom_colors`
featured-content-collection-spotlight,card_subtitle_size,dead,DEAD,REQUIRES LIVE VERIFICATION,,"inert offline, but the element this setting controls needs merchant or Shopify data to render; mechanism cannot be proven from the code alone","referenced and reachable, yet no option changed the rendered page"
featured-content-collection-spotlight,card_title_size,dead,DEAD,REQUIRES LIVE VERIFICATION,,"inert offline, but the element this setting controls needs merchant or Shopify data to render; mechanism cannot be proven from the code alone","referenced and reachable, yet no option changed the rendered page"
featured-content-collection-spotlight,media_fit,placement,DEAD,REQUIRES LIVE VERIFICATION,,"inert offline, but the element this setting controls needs merchant or Shopify data to render; mechanism cannot be proven from the code alone","referenced and reachable, yet no option changed the rendered page"
featured-content-collection-spotlight,overlay_opacity,dead,DEAD,REQUIRES LIVE VERIFICATION,,"inert offline, but the element this setting controls needs merchant or Shopify data to render; mechanism cannot be proven from the code alone","referenced and reachable, yet no option changed the rendered page"
featured-content-full-image-banner-only-sale,image_fit,placement,DEAD,REQUIRES LIVE VERIFICATION,,section renders nearly empty; nothing on the page to affect (rig #30),"referenced and reachable, yet no option changed the rendered page"
featured-content-full-image-banner-only-sale,image_position,placement,DEAD,REQUIRES LIVE VERIFICATION,,section renders nearly empty; nothing on the page to affect (rig #30),"referenced and reachable, yet no option changed the rendered page"
featured-content-product-spotlight-row,bg_mode,placement,DEAD,REQUIRES LIVE VERIFICATION,,"inert offline, but the element this setting controls needs merchant or Shopify data to render; mechanism cannot be proven from the code alone","referenced and reachable, yet no option changed the rendered page"
featured-content-product-spotlight-row,bg_overlay_opacity,dead,DEAD,REQUIRES LIVE VERIFICATION,,"inert offline, but the element this setting controls needs merchant or Shopify data to render; mechanism cannot be proven from the code alone","referenced and reachable, yet no option changed the rendered page"
featured-content-product-spotlight-row,bg_position,placement,DEAD,REQUIRES LIVE VERIFICATION,,"inert offline, but the element this setting controls needs merchant or Shopify data to render; mechanism cannot be proven from the code alone","referenced and reachable, yet no option changed the rendered page"
featured-content-product-spotlight-row,hero_max_h,dead,DEAD,REQUIRES LIVE VERIFICATION,,"inert offline, but the element this setting controls needs merchant or Shopify data to render; mechanism cannot be proven from the code alone","referenced and reachable, yet no option changed the rendered page"
featured-content-sale-highlight,columns_desktop,dead,DEAD,REQUIRES LIVE VERIFICATION,,"inert offline, but the element this setting controls needs merchant or Shopify data to render; mechanism cannot be proven from the code alone","referenced and reachable, yet no option changed the rendered page"
featured-content-sale-highlight,columns_tablet,dead,DEAD,REQUIRES LIVE VERIFICATION,,"inert offline, but the element this setting controls needs merchant or Shopify data to render; mechanism cannot be proven from the code alone","referenced and reachable, yet no option changed the rendered page"
featured-content-sale-highlight,hide_if_empty,dead,DEAD,REQUIRES LIVE VERIFICATION,,"inert offline, but the element this setting controls needs merchant or Shopify data to render; mechanism cannot be proven from the code alone","referenced and reachable, yet no option changed the rendered page"
featured-content-sale-highlight,max_cards,dead,GATED-MULTI,REQUIRES LIVE VERIFICATION,,"inert offline, but the element this setting controls needs merchant or Shopify data to render; mechanism cannot be proven from the code alone",needs more than one condition true at once: `bg_mode == 'shared' and section.settings.section_bg_image != blank`
featured-content-testimonial-highlight,avatar_border_w,dead,DEAD,REQUIRES LIVE VERIFICATION,,"inert offline, but the element this setting controls needs merchant or Shopify data to render; mechanism cannot be proven from the code alone","referenced and reachable, yet no option changed the rendered page"
featured-content-testimonial-highlight,avatar_radius,dead,DEAD,REQUIRES LIVE VERIFICATION,,"inert offline, but the element this setting controls needs merchant or Shopify data to render; mechanism cannot be proven from the code alone","referenced and reachable, yet no option changed the rendered page"
featured-content-testimonial-highlight,avatar_size,dead,DEAD,REQUIRES LIVE VERIFICATION,,"inert offline, but the element this setting controls needs merchant or Shopify data to render; mechanism cannot be proven from the code alone","referenced and reachable, yet no option changed the rendered page"
featured-content-testimonial-highlight,badge_fs,dead,DEAD,REQUIRES LIVE VERIFICATION,,"inert offline, but the element this setting controls needs merchant or Shopify data to render; mechanism cannot be proven from the code alone","referenced and reachable, yet no option changed the rendered page"
featured-content-testimonial-highlight,badge_pad_x,dead,DEAD,REQUIRES LIVE VERIFICATION,,"inert offline, but the element this setting controls needs merchant or Shopify data to render; mechanism cannot be proven from the code alone","referenced and reachable, yet no option changed the rendered page"
featured-content-testimonial-highlight,badge_pad_y,dead,DEAD,REQUIRES LIVE VERIFICATION,,"inert offline, but the element this setting controls needs merchant or Shopify data to render; mechanism cannot be proven from the code alone","referenced and reachable, yet no option changed the rendered page"
featured-content-testimonial-highlight,badge_radius,dead,DEAD,REQUIRES LIVE VERIFICATION,,"inert offline, but the element this setting controls needs merchant or Shopify data to render; mechanism cannot be proven from the code alone","referenced and reachable, yet no option changed the rendered page"
featured-content-testimonial-highlight,bg_position,placement,DEAD,REQUIRES LIVE VERIFICATION,,"inert offline, but the element this setting controls needs merchant or Shopify data to render; mechanism cannot be proven from the code alone","referenced and reachable, yet no option changed the rendered page"
featured-content-testimonial-highlight,bg_size,placement,DEAD,REQUIRES LIVE VERIFICATION,,"inert offline, but the element this setting controls needs merchant or Shopify data to render; mechanism cannot be proven from the code alone","referenced and reachable, yet no option changed the rendered page"
featured-content-testimonial-highlight,carousel_arrows,dead,DEAD,REQUIRES LIVE VERIFICATION,,"inert offline, but the element this setting controls needs merchant or Shopify data to render; mechanism cannot be proven from the code alone","referenced and reachable, yet no option changed the rendered page"
featured-content-testimonial-highlight,carousel_autoplay_ms,dead,GATED-SIBLING,REQUIRES LIVE VERIFICATION,,"inert offline, but the element this setting controls needs merchant or Shopify data to render; mechanism cannot be proven from the code alone",only reached under `section.settings.use_custom_colors`
featured-content-testimonial-highlight,carousel_dots,dead,DEAD,REQUIRES LIVE VERIFICATION,,"inert offline, but the element this setting controls needs merchant or Shopify data to render; mechanism cannot be proven from the code alone","referenced and reachable, yet no option changed the rendered page"
featured-content-testimonial-highlight,carousel_gap,dead,DEAD,REQUIRES LIVE VERIFICATION,,"inert offline, but the element this setting controls needs merchant or Shopify data to render; mechanism cannot be proven from the code alone","referenced and reachable, yet no option changed the rendered page"
featured-content-testimonial-highlight,carousel_peek,dead,DEAD,REQUIRES LIVE VERIFICATION,,"inert offline, but the element this setting controls needs merchant or Shopify data to render; mechanism cannot be proven from the code alone","referenced and reachable, yet no option changed the rendered page"
featured-content-testimonial-highlight,carousel_slide_min,dead,DEAD,REQUIRES LIVE VERIFICATION,,"inert offline, but the element this setting controls needs merchant or Shopify data to render; mechanism cannot be proven from the code alone","referenced and reachable, yet no option changed the rendered page"
featured-content-testimonial-highlight,show_badge,dead,GATED-MULTI,REQUIRES LIVE VERIFICATION,,"inert offline, but the element this setting controls needs merchant or Shopify data to render; mechanism cannot be proven from the code alone",needs more than one condition true at once: `show_header and has_header_content`
feeds-blogs,cols_desktop,dead,DEAD,REQUIRES LIVE VERIFICATION,,"inert offline, but the element this setting controls needs merchant or Shopify data to render; mechanism cannot be proven from the code alone","referenced and reachable, yet no option changed the rendered page"
feeds-blogs,cols_tablet,dead,DEAD,REQUIRES LIVE VERIFICATION,,"inert offline, but the element this setting controls needs merchant or Shopify data to render; mechanism cannot be proven from the code alone","referenced and reachable, yet no option changed the rendered page"
feeds-blogs,excerpt_chars,dead,DEAD,REQUIRES LIVE VERIFICATION,,"inert offline, but the element this setting controls needs merchant or Shopify data to render; mechanism cannot be proven from the code alone","referenced and reachable, yet no option changed the rendered page"
feeds-blogs,excerpt_mode,placement,GATED-SIBLING,REQUIRES LIVE VERIFICATION,,"inert offline, but the element this setting controls needs merchant or Shopify data to render; mechanism cannot be proven from the code alone",only reached under `section.settings.bg_mode != 'none'`
feeds-blogs,pagination_mode,placement,GATED-SIBLING,REQUIRES LIVE VERIFICATION,,"inert offline, but the element this setting controls needs merchant or Shopify data to render; mechanism cannot be proven from the code alone",only reached under `filter_tag == blank or article.tags contains filter_tag`
feeds-collection-grid,card_bg,dead,GATED-SIBLING,REQUIRES LIVE VERIFICATION,,"inert offline, but the element this setting controls needs merchant or Shopify data to render; mechanism cannot be proven from the code alone",only reached under `section.settings.show_header`
feeds-collection-grid,card_border,dead,GATED-SIBLING,REQUIRES LIVE VERIFICATION,,"inert offline, but the element this setting controls needs merchant or Shopify data to render; mechanism cannot be proven from the code alone",only reached under `section.settings.show_header`
feeds-collection-grid,columns_tablet,dead,DEAD,REQUIRES LIVE VERIFICATION,,"inert offline, but the element this setting controls needs merchant or Shopify data to render; mechanism cannot be proven from the code alone","referenced and reachable, yet no option changed the rendered page"
feeds-collection-grid,meta_color,dead,GATED-SIBLING,REQUIRES LIVE VERIFICATION,,"inert offline, but the element this setting controls needs merchant or Shopify data to render; mechanism cannot be proven from the code alone",only reached under `section.settings.show_header`
feeds-collection-grid,overlay_color,dead,GATED-SIBLING,REQUIRES LIVE VERIFICATION,,"inert offline, but the element this setting controls needs merchant or Shopify data to render; mechanism cannot be proven from the code alone",only reached under `section.settings.show_header`
feeds-collection-grid,overlay_text_color,dead,GATED-SIBLING,REQUIRES LIVE VERIFICATION,,"inert offline, but the element this setting controls needs merchant or Shopify data to render; mechanism cannot be proven from the code alone",only reached under `section.settings.show_header`
feeds-collection-grid,overlay_text_source,placement,GATED-SIBLING,REQUIRES LIVE VERIFICATION,,"inert offline, but the element this setting controls needs merchant or Shopify data to render; mechanism cannot be proven from the code alone",only reached under `section.settings.show_header`
feeds-collection-grid,title_color,dead,GATED-SIBLING,REQUIRES LIVE VERIFICATION,,"inert offline, but the element this setting controls needs merchant or Shopify data to render; mechanism cannot be proven from the code alone",only reached under `section.settings.show_header`
feeds-product-grid,--hidden,orphan,DEAD-TOKEN,REQUIRES LIVE VERIFICATION,,section renders empty state; nothing on the page to affect (rig #30),--hidden is declared and read by no CSS rule
feeds-product-grid,actions_layout,placement,GATED-SIBLING,REQUIRES LIVE VERIFICATION,,section renders empty state; nothing on the page to affect (rig #30),only reached under `sort_order == 'inherit'`
feeds-product-grid,badge_bg,dead,DEAD,REQUIRES LIVE VERIFICATION,,section renders empty state; nothing on the page to affect (rig #30),"referenced and reachable, yet no option changed the rendered page"
feeds-product-grid,badge_border,dead,DEAD,REQUIRES LIVE VERIFICATION,,section renders empty state; nothing on the page to affect (rig #30),"referenced and reachable, yet no option changed the rendered page"
feeds-product-grid,badge_fill,placement,DEAD,REQUIRES LIVE VERIFICATION,,section renders empty state; nothing on the page to affect (rig #30),"referenced and reachable, yet no option changed the rendered page"
feeds-product-grid,badge_position,placement,DEAD,REQUIRES LIVE VERIFICATION,,section renders empty state; nothing on the page to affect (rig #30),"referenced and reachable, yet no option changed the rendered page"
feeds-product-grid,badge_sale,dead,GATED-SIBLING,REQUIRES LIVE VERIFICATION,,section renders empty state; nothing on the page to affect (rig #30),only reached under `sort_order == 'title-ascending'`
feeds-product-grid,badge_style,placement,DEAD,REQUIRES LIVE VERIFICATION,,section renders empty state; nothing on the page to affect (rig #30),"referenced and reachable, yet no option changed the rendered page"
feeds-product-grid,badge_text,dead,DEAD,REQUIRES LIVE VERIFICATION,,section renders empty state; nothing on the page to affect (rig #30),"referenced and reachable, yet no option changed the rendered page"
feeds-product-grid,btn_bg,dead,DEAD,REQUIRES LIVE VERIFICATION,,section renders empty state; nothing on the page to affect (rig #30),"referenced and reachable, yet no option changed the rendered page"
feeds-product-grid,btn_bg_hover,dead,DEAD,REQUIRES LIVE VERIFICATION,,section renders empty state; nothing on the page to affect (rig #30),"referenced and reachable, yet no option changed the rendered page"
feeds-product-grid,btn_border,dead,DEAD,REQUIRES LIVE VERIFICATION,,section renders empty state; nothing on the page to affect (rig #30),"referenced and reachable, yet no option changed the rendered page"
feeds-product-grid,btn_text,dead,DEAD,REQUIRES LIVE VERIFICATION,,section renders empty state; nothing on the page to affect (rig #30),"referenced and reachable, yet no option changed the rendered page"
feeds-product-grid,btn_text_hover,dead,DEAD,REQUIRES LIVE VERIFICATION,,section renders empty state; nothing on the page to affect (rig #30),"referenced and reachable, yet no option changed the rendered page"
feeds-product-grid,button_full_width,dead,DEAD,REQUIRES LIVE VERIFICATION,,section renders empty state; nothing on the page to affect (rig #30),"referenced and reachable, yet no option changed the rendered page"
feeds-product-grid,button_hover_strength,dead,DEAD,REQUIRES LIVE VERIFICATION,,section renders empty state; nothing on the page to affect (rig #30),"referenced and reachable, yet no option changed the rendered page"
feeds-product-grid,button_size,placement,DEAD,REQUIRES LIVE VERIFICATION,,section renders empty state; nothing on the page to affect (rig #30),"referenced and reachable, yet no option changed the rendered page"
feeds-product-grid,button_style,placement,DEAD,REQUIRES LIVE VERIFICATION,,section renders empty state; nothing on the page to affect (rig #30),"referenced and reachable, yet no option changed the rendered page"
feeds-product-grid,card_bg,dead,DEAD,REQUIRES LIVE VERIFICATION,,section renders empty state; nothing on the page to affect (rig #30),"referenced and reachable, yet no option changed the rendered page"
feeds-product-grid,card_border,dead,DEAD,REQUIRES LIVE VERIFICATION,,section renders empty state; nothing on the page to affect (rig #30),"referenced and reachable, yet no option changed the rendered page"
feeds-product-grid,card_density,placement,DEAD,REQUIRES LIVE VERIFICATION,,section renders empty state; nothing on the page to affect (rig #30),"referenced and reachable, yet no option changed the rendered page"
feeds-product-grid,card_preset,placement,GATED-SIBLING,REQUIRES LIVE VERIFICATION,,section renders empty state; nothing on the page to affect (rig #30),only reached under `section.settings.subheading != blank`
feeds-product-grid,carousel_hide_scrollbar,dead,DEAD,REQUIRES LIVE VERIFICATION,,section renders empty state; nothing on the page to affect (rig #30),"referenced and reachable, yet no option changed the rendered page"
feeds-product-grid,carousel_nav,dead,DEAD,REQUIRES LIVE VERIFICATION,,section renders empty state; nothing on the page to affect (rig #30),"referenced and reachable, yet no option changed the rendered page"
feeds-product-grid,carousel_snap,dead,DEAD,REQUIRES LIVE VERIFICATION,,section renders empty state; nothing on the page to affect (rig #30),"referenced and reachable, yet no option changed the rendered page"
feeds-product-grid,columns_desktop,dead,DEAD,REQUIRES LIVE VERIFICATION,,section renders empty state; nothing on the page to affect (rig #30),"referenced and reachable, yet no option changed the rendered page"
feeds-product-grid,columns_laptop,dead,DEAD,REQUIRES LIVE VERIFICATION,,section renders empty state; nothing on the page to affect (rig #30),"referenced and reachable, yet no option changed the rendered page"
feeds-product-grid,columns_phone,dead,DEAD,REQUIRES LIVE VERIFICATION,,section renders empty state; nothing on the page to affect (rig #30),"referenced and reachable, yet no option changed the rendered page"
feeds-product-grid,columns_tablet,dead,DEAD,REQUIRES LIVE VERIFICATION,,section renders empty state; nothing on the page to affect (rig #30),"referenced and reachable, yet no option changed the rendered page"
feeds-product-grid,compare_price_color,dead,DEAD,REQUIRES LIVE VERIFICATION,,section renders empty state; nothing on the page to affect (rig #30),"referenced and reachable, yet no option changed the rendered page"
feeds-product-grid,enable_quick_add,dead,GATED-SIBLING,REQUIRES LIVE VERIFICATION,,section renders empty state; nothing on the page to affect (rig #30),only reached under `sort_order == 'created-descending'`
feeds-product-grid,enable_quick_view,dead,GATED-SIBLING,REQUIRES LIVE VERIFICATION,,section renders empty state; nothing on the page to affect (rig #30),only reached under `sort_order == 'created-descending'`
feeds-product-grid,hover_actions_visibility,placement,GATED-SIBLING,REQUIRES LIVE VERIFICATION,,section renders empty state; nothing on the page to affect (rig #30),only reached under `sort_order == 'inherit'`
feeds-product-grid,hover_overlay_color,dead,DEAD,REQUIRES LIVE VERIFICATION,,section renders empty state; nothing on the page to affect (rig #30),"referenced and reachable, yet no option changed the rendered page"
feeds-product-grid,hover_treatment,placement,GATED-SIBLING,REQUIRES LIVE VERIFICATION,,section renders empty state; nothing on the page to affect (rig #30),only reached under `sort_order == 'inherit'`
feeds-product-grid,layout_mode_desktop,placement,DEAD,REQUIRES LIVE VERIFICATION,,section renders empty state; nothing on the page to affect (rig #30),"referenced and reachable, yet no option changed the rendered page"
feeds-product-grid,layout_mode_mobile,placement,DEAD,REQUIRES LIVE VERIFICATION,,section renders empty state; nothing on the page to affect (rig #30),"referenced and reachable, yet no option changed the rendered page"
feeds-product-grid,manual_products_fallback,placement,DEAD,REQUIRES LIVE VERIFICATION,,section renders empty state; nothing on the page to affect (rig #30),"referenced and reachable, yet no option changed the rendered page"
feeds-product-grid,media_fit,placement,GATED-MULTI,REQUIRES LIVE VERIFICATION,,section renders empty state; nothing on the page to affect (rig #30),needs more than one condition true at once: `show_sort_dropdown and can_paginate`
feeds-product-grid,media_mode,placement,GATED-MULTI,REQUIRES LIVE VERIFICATION,,section renders empty state; nothing on the page to affect (rig #30),needs more than one condition true at once: `show_sort_dropdown and can_paginate`
feeds-product-grid,pagination_mode,placement,DEAD,REQUIRES LIVE VERIFICATION,,section renders empty state; nothing on the page to affect (rig #30),"referenced and reachable, yet no option changed the rendered page"
feeds-product-grid,price_color,dead,DEAD,REQUIRES LIVE VERIFICATION,,section renders empty state; nothing on the page to affect (rig #30),"referenced and reachable, yet no option changed the rendered page"
feeds-product-grid,price_mode,placement,GATED-SIBLING,REQUIRES LIVE VERIFICATION,,section renders empty state; nothing on the page to affect (rig #30),only reached under `sort_order == 'price-descending'`
feeds-product-grid,price_size,dead,DEAD,REQUIRES LIVE VERIFICATION,,section renders empty state; nothing on the page to affect (rig #30),"referenced and reachable, yet no option changed the rendered page"
feeds-product-grid,price_weight,placement,DEAD,REQUIRES LIVE VERIFICATION,,section renders empty state; nothing on the page to affect (rig #30),"referenced and reachable, yet no option changed the rendered page"
feeds-product-grid,products_per_page,dead,DEAD,REQUIRES LIVE VERIFICATION,,section renders empty state; nothing on the page to affect (rig #30),"referenced and reachable, yet no option changed the rendered page"
feeds-product-grid,quick_add_mode,placement,GATED-SIBLING,REQUIRES LIVE VERIFICATION,,section renders empty state; nothing on the page to affect (rig #30),only reached under `sort_order == 'price-ascending'`
feeds-product-grid,quick_view_placement,placement,GATED-SIBLING,REQUIRES LIVE VERIFICATION,,section renders empty state; nothing on the page to affect (rig #30),only reached under `sort_order == 'price-ascending'`
feeds-product-grid,reviews_show_count,dead,GATED-MULTI,REQUIRES LIVE VERIFICATION,,section renders empty state; nothing on the page to affect (rig #30),needs more than one condition true at once: `show_filters_toggle and has_filters`
feeds-product-grid,reviews_source,placement,GATED-MULTI,REQUIRES LIVE VERIFICATION,,section renders empty state; nothing on the page to affect (rig #30),needs more than one condition true at once: `show_filters_toggle and has_filters`
feeds-product-grid,scroll_gallery_limit,dead,GATED-MULTI,REQUIRES LIVE VERIFICATION,,section renders empty state; nothing on the page to affect (rig #30),needs more than one condition true at once: `show_sort_dropdown and can_paginate`
feeds-product-grid,show_badges,dead,GATED-SIBLING,REQUIRES LIVE VERIFICATION,,section renders empty state; nothing on the page to affect (rig #30),only reached under `sort_order == 'price-descending'`
feeds-product-grid,show_row_quick_view,dead,GATED-MULTI,REQUIRES LIVE VERIFICATION,,section renders empty state; nothing on the page to affect (rig #30),needs more than one condition true at once: `enable_quick_view and quick_view_placement != 'none' and quick_view_placement !=`
feeds-product-grid,show_secondary_row_cta,dead,GATED-MULTI,REQUIRES LIVE VERIFICATION,,section renders empty state; nothing on the page to affect (rig #30),needs more than one condition true at once: `enable_quick_view and quick_view_placement != 'none' and quick_view_placement !=`
feeds-product-grid,show_variant_swatches,dead,GATED-SIBLING,REQUIRES LIVE VERIFICATION,,section renders empty state; nothing on the page to affect (rig #30),only reached under `show_filter_count`
feeds-product-grid,swatch_limit,dead,GATED-SIBLING,REQUIRES LIVE VERIFICATION,,section renders empty state; nothing on the page to affect (rig #30),only reached under `show_filter_count`
feeds-product-grid,swatch_style,placement,GATED-SIBLING,REQUIRES LIVE VERIFICATION,,section renders empty state; nothing on the page to affect (rig #30),only reached under `show_filter_count`
feeds-product-grid,title_size,dead,DEAD,REQUIRES LIVE VERIFICATION,,section renders empty state; nothing on the page to affect (rig #30),"referenced and reachable, yet no option changed the rendered page"
feeds-product-grid,title_style,placement,DEAD,REQUIRES LIVE VERIFICATION,,section renders empty state; nothing on the page to affect (rig #30),"referenced and reachable, yet no option changed the rendered page"
feeds-product-grid,title_weight,placement,DEAD,REQUIRES LIVE VERIFICATION,,section renders empty state; nothing on the page to affect (rig #30),"referenced and reachable, yet no option changed the rendered page"
footer-five,columns_tablet,dead,DEAD,REQUIRES LIVE VERIFICATION,,"inert offline, but the element this setting controls needs merchant or Shopify data to render; mechanism cannot be proven from the code alone","referenced and reachable, yet no option changed the rendered page"
form-compact,gradient_from,dead,GATED-MULTI,REQUIRES LIVE VERIFICATION,,"inert offline, but the element this setting controls needs merchant or Shopify data to render; mechanism cannot be proven from the code alone",needs more than one condition true at once: `eff_endpoint == blank and s.destination == 'custom_endpoint'`
form-compact,gradient_to,dead,GATED-MULTI,REQUIRES LIVE VERIFICATION,,"inert offline, but the element this setting controls needs merchant or Shopify data to render; mechanism cannot be proven from the code alone",needs more than one condition true at once: `eff_endpoint == blank and s.destination == 'custom_endpoint'`
form-compact,overlay_color,dead,GATED-MULTI,REQUIRES LIVE VERIFICATION,,"inert offline, but the element this setting controls needs merchant or Shopify data to render; mechanism cannot be proven from the code alone",needs more than one condition true at once: `eff_endpoint == blank and s.destination == 'custom_endpoint'`
form-compact,overlay_opacity,dead,GATED-MULTI,REQUIRES LIVE VERIFICATION,,"inert offline, but the element this setting controls needs merchant or Shopify data to render; mechanism cannot be proven from the code alone",needs more than one condition true at once: `eff_endpoint == blank and s.destination == 'custom_endpoint'`
form-compact,split_media_side,placement,GATED-MULTI,REQUIRES LIVE VERIFICATION,,"inert offline, but the element this setting controls needs merchant or Shopify data to render; mechanism cannot be proven from the code alone",needs more than one condition true at once: `anchor_id != blank and anchor_id != section.id`
form-newsletter,grad_angle,dead,GATED-MULTI,REQUIRES LIVE VERIFICATION,,"inert offline, but the element this setting controls needs merchant or Shopify data to render; mechanism cannot be proven from the code alone",needs more than one condition true at once: `anchor_id != blank and anchor_id != section.id`
form-newsletter,grad_end,dead,GATED-MULTI,REQUIRES LIVE VERIFICATION,,"inert offline, but the element this setting controls needs merchant or Shopify data to render; mechanism cannot be proven from the code alone",needs more than one condition true at once: `anchor_id != blank and anchor_id != section.id`
form-newsletter,grad_start,dead,GATED-MULTI,REQUIRES LIVE VERIFICATION,,"inert offline, but the element this setting controls needs merchant or Shopify data to render; mechanism cannot be proven from the code alone",needs more than one condition true at once: `anchor_id != blank and anchor_id != section.id`
form-newsletter,grad_start_opacity,dead,GATED-MULTI,REQUIRES LIVE VERIFICATION,,"inert offline, but the element this setting controls needs merchant or Shopify data to render; mechanism cannot be proven from the code alone",needs more than one condition true at once: `anchor_id != blank and anchor_id != section.id`
form-newsletter,split_media_side,placement,GATED-SIBLING,REQUIRES LIVE VERIFICATION,,"inert offline, but the element this setting controls needs merchant or Shopify data to render; mechanism cannot be proven from the code alone",only reached under `s.bg_image != blank`
form-quote-full,gradient_from,dead,GATED-MULTI,REQUIRES LIVE VERIFICATION,,"inert offline, but the element this setting controls needs merchant or Shopify data to render; mechanism cannot be proven from the code alone",needs more than one condition true at once: `eff_endpoint == blank and s.destination == 'custom_endpoint'`
form-quote-full,gradient_to,dead,GATED-MULTI,REQUIRES LIVE VERIFICATION,,"inert offline, but the element this setting controls needs merchant or Shopify data to render; mechanism cannot be proven from the code alone",needs more than one condition true at once: `eff_endpoint == blank and s.destination == 'custom_endpoint'`
form-quote-full,overlay_color,dead,GATED-MULTI,REQUIRES LIVE VERIFICATION,,"inert offline, but the element this setting controls needs merchant or Shopify data to render; mechanism cannot be proven from the code alone",needs more than one condition true at once: `eff_endpoint == blank and s.destination == 'custom_endpoint'`
form-quote-full,overlay_opacity,dead,GATED-MULTI,REQUIRES LIVE VERIFICATION,,"inert offline, but the element this setting controls needs merchant or Shopify data to render; mechanism cannot be proven from the code alone",needs more than one condition true at once: `eff_endpoint == blank and s.destination == 'custom_endpoint'`
form-quote-full,split_media_side,placement,GATED-SIBLING,REQUIRES LIVE VERIFICATION,,"inert offline, but the element this setting controls needs merchant or Shopify data to render; mechanism cannot be proven from the code alone",only reached under `anchor_id != blank`
form-search,grad_angle,dead,GATED-SIBLING,REQUIRES LIVE VERIFICATION,,"inert offline, but the element this setting controls needs merchant or Shopify data to render; mechanism cannot be proven from the code alone",only reached under `s.bg_image != blank`
form-search,grad_end,dead,GATED-SIBLING,REQUIRES LIVE VERIFICATION,,"inert offline, but the element this setting controls needs merchant or Shopify data to render; mechanism cannot be proven from the code alone",only reached under `s.bg_image != blank`
form-search,grad_start,dead,GATED-SIBLING,REQUIRES LIVE VERIFICATION,,"inert offline, but the element this setting controls needs merchant or Shopify data to render; mechanism cannot be proven from the code alone",only reached under `s.bg_image != blank`
form-search,grad_start_opacity,dead,GATED-SIBLING,REQUIRES LIVE VERIFICATION,,"inert offline, but the element this setting controls needs merchant or Shopify data to render; mechanism cannot be proven from the code alone",only reached under `s.bg_image != blank`
form-search,overlay_color,dead,GATED-SIBLING,REQUIRES LIVE VERIFICATION,,"inert offline, but the element this setting controls needs merchant or Shopify data to render; mechanism cannot be proven from the code alone",only reached under `s.bg_image != blank`
form-search,overlay_opacity,dead,GATED-SIBLING,REQUIRES LIVE VERIFICATION,,"inert offline, but the element this setting controls needs merchant or Shopify data to render; mechanism cannot be proven from the code alone",only reached under `s.bg_image != blank`
form-search,split_media_side,placement,GATED-SIBLING,REQUIRES LIVE VERIFICATION,,"inert offline, but the element this setting controls needs merchant or Shopify data to render; mechanism cannot be proven from the code alone",only reached under `s.bg_image != blank`
form-support-request,grad_angle,dead,GATED-MULTI,REQUIRES LIVE VERIFICATION,,"inert offline, but the element this setting controls needs merchant or Shopify data to render; mechanism cannot be proven from the code alone",needs more than one condition true at once: `anchor_id != blank and anchor_id != section.id`
form-support-request,grad_end,dead,GATED-SIBLING,REQUIRES LIVE VERIFICATION,,"inert offline, but the element this setting controls needs merchant or Shopify data to render; mechanism cannot be proven from the code alone",only reached under `s.hide_on_mobile`
form-support-request,grad_start,dead,GATED-SIBLING,REQUIRES LIVE VERIFICATION,,"inert offline, but the element this setting controls needs merchant or Shopify data to render; mechanism cannot be proven from the code alone",only reached under `s.hide_on_mobile`
form-support-request,grad_start_opacity,dead,GATED-SIBLING,REQUIRES LIVE VERIFICATION,,"inert offline, but the element this setting controls needs merchant or Shopify data to render; mechanism cannot be proven from the code alone",only reached under `s.hide_on_desktop`
form-support-request,split_media_side,placement,GATED-MULTI,REQUIRES LIVE VERIFICATION,,"inert offline, but the element this setting controls needs merchant or Shopify data to render; mechanism cannot be proven from the code alone",needs more than one condition true at once: `anchor_id != blank and anchor_id != section.id`
form-waitlist,grad_angle,dead,GATED-SIBLING,REQUIRES LIVE VERIFICATION,,"inert offline, but the element this setting controls needs merchant or Shopify data to render; mechanism cannot be proven from the code alone",only reached under `s.bg_image != blank`
form-waitlist,grad_end,dead,GATED-SIBLING,REQUIRES LIVE VERIFICATION,,"inert offline, but the element this setting controls needs merchant or Shopify data to render; mechanism cannot be proven from the code alone",only reached under `s.bg_image != blank`
form-waitlist,grad_start,dead,GATED-SIBLING,REQUIRES LIVE VERIFICATION,,"inert offline, but the element this setting controls needs merchant or Shopify data to render; mechanism cannot be proven from the code alone",only reached under `s.bg_image != blank`
form-waitlist,grad_start_opacity,dead,GATED-SIBLING,REQUIRES LIVE VERIFICATION,,"inert offline, but the element this setting controls needs merchant or Shopify data to render; mechanism cannot be proven from the code alone",only reached under `s.bg_image != blank`
form-waitlist,overlay_color,dead,GATED-SIBLING,REQUIRES LIVE VERIFICATION,,"inert offline, but the element this setting controls needs merchant or Shopify data to render; mechanism cannot be proven from the code alone",only reached under `s.bg_image != blank`
form-waitlist,overlay_opacity,dead,GATED-SIBLING,REQUIRES LIVE VERIFICATION,,"inert offline, but the element this setting controls needs merchant or Shopify data to render; mechanism cannot be proven from the code alone",only reached under `s.bg_image != blank`
form-waitlist,split_media_side,placement,GATED-SIBLING,REQUIRES LIVE VERIFICATION,,"inert offline, but the element this setting controls needs merchant or Shopify data to render; mechanism cannot be proven from the code alone",only reached under `s.bg_image != blank`
grid-banner,text_tone,placement,GATED-SIBLING,REQUIRES LIVE VERIFICATION,,"inert offline, but the element this setting controls needs merchant or Shopify data to render; mechanism cannot be proven from the code alone",only reached under `s.layout_mode == 'grid_only' or s.layout_mode == 'hero_plus_grid'`
header-five,category_gap,dead,DEAD,REQUIRES LIVE VERIFICATION,,"inert offline, but the element this setting controls needs merchant or Shopify data to render; mechanism cannot be proven from the code alone","referenced and reachable, yet no option changed the rendered page"
header-five,show_category_row,dead,GATED-MULTI,REQUIRES LIVE VERIFICATION,,"inert offline, but the element this setting controls needs merchant or Shopify data to render; mechanism cannot be proven from the code alone",needs more than one condition true at once: `section.settings.show_recently_viewed and section.settings.recently_viewed_url !`
header-four,progress_threshold,dead,GATED-SIBLING,REQUIRES LIVE VERIFICATION,,"inert offline, but the element this setting controls needs merchant or Shopify data to render; mechanism cannot be proven from the code alone",only reached under `section.settings.show_cart`
header-one,mobile_drawer_width,dead,DEAD,REQUIRES LIVE VERIFICATION,,"inert offline, but the element this setting controls needs merchant or Shopify data to render; mechanism cannot be proven from the code alone","referenced and reachable, yet no option changed the rendered page"
header-one,search_button_action,placement,DEAD,REQUIRES LIVE VERIFICATION,,"inert offline, but the element this setting controls needs merchant or Shopify data to render; mechanism cannot be proven from the code alone","referenced and reachable, yet no option changed the rendered page"
header-one,sticky_mode,placement,DEAD,REQUIRES LIVE VERIFICATION,,"inert offline, but the element this setting controls needs merchant or Shopify data to render; mechanism cannot be proven from the code alone","referenced and reachable, yet no option changed the rendered page"
hero-banner,background_color,dead,GATED-SIBLING,REQUIRES LIVE VERIFICATION,,"inert offline, but the element this setting controls needs merchant or Shopify data to render; mechanism cannot be proven from the code alone",only reached under `s.background_image != blank`
hero-banner,grad_angle,dead,GATED-MULTI,REQUIRES LIVE VERIFICATION,,"inert offline, but the element this setting controls needs merchant or Shopify data to render; mechanism cannot be proven from the code alone",needs more than one condition true at once: `s.use_slideshow and section.blocks.size > 0`
hero-banner,grad_end,dead,GATED-MULTI,REQUIRES LIVE VERIFICATION,,"inert offline, but the element this setting controls needs merchant or Shopify data to render; mechanism cannot be proven from the code alone",needs more than one condition true at once: `s.use_slideshow and section.blocks.size > 0`
hero-banner,grad_start,dead,GATED-MULTI,REQUIRES LIVE VERIFICATION,,"inert offline, but the element this setting controls needs merchant or Shopify data to render; mechanism cannot be proven from the code alone",needs more than one condition true at once: `s.use_slideshow and section.blocks.size > 0`
hero-banner,grad_start_opacity,dead,GATED-MULTI,REQUIRES LIVE VERIFICATION,,"inert offline, but the element this setting controls needs merchant or Shopify data to render; mechanism cannot be proven from the code alone",needs more than one condition true at once: `s.use_slideshow and section.blocks.size > 0`
hero-banner,heading_alignment,placement,DEAD,REQUIRES LIVE VERIFICATION,,"inert offline, but the element this setting controls needs merchant or Shopify data to render; mechanism cannot be proven from the code alone","referenced and reachable, yet no option changed the rendered page"
interactive-content-helper-3d-tour-media-showcase,poster_fit,placement,DEAD,REQUIRES LIVE VERIFICATION,,"inert offline, but the element this setting controls needs merchant or Shopify data to render; mechanism cannot be proven from the code alone","referenced and reachable, yet no option changed the rendered page"
interactive-content-helper-3d-tour-media-showcase,viewer_aspect_ratio,placement,DEAD,REQUIRES LIVE VERIFICATION,,"inert offline, but the element this setting controls needs merchant or Shopify data to render; mechanism cannot be proven from the code alone","referenced and reachable, yet no option changed the rendered page"
interactive-content-helper-cards,card_click_behavior,placement,DEAD,REQUIRES LIVE VERIFICATION,,"inert offline, but the element this setting controls needs merchant or Shopify data to render; mechanism cannot be proven from the code alone","referenced and reachable, yet no option changed the rendered page"
interactive-content-helper-cards,color_accent,dead,DEAD,REQUIRES LIVE VERIFICATION,,"inert offline, but the element this setting controls needs merchant or Shopify data to render; mechanism cannot be proven from the code alone","referenced and reachable, yet no option changed the rendered page"
interactive-content-helper-cards,cta_fs,dead,DEAD,REQUIRES LIVE VERIFICATION,,"inert offline, but the element this setting controls needs merchant or Shopify data to render; mechanism cannot be proven from the code alone","referenced and reachable, yet no option changed the rendered page"
interactive-content-helper-cards,cta_fw,placement,DEAD,REQUIRES LIVE VERIFICATION,,"inert offline, but the element this setting controls needs merchant or Shopify data to render; mechanism cannot be proven from the code alone","referenced and reachable, yet no option changed the rendered page"
interactive-content-helper-cards,media_ratio,placement,DEAD,REQUIRES LIVE VERIFICATION,,"inert offline, but the element this setting controls needs merchant or Shopify data to render; mechanism cannot be proven from the code alone","referenced and reachable, yet no option changed the rendered page"
interactive-content-helper-cards,row_scroll_hint,dead,DEAD,REQUIRES LIVE VERIFICATION,,"inert offline, but the element this setting controls needs merchant or Shopify data to render; mechanism cannot be proven from the code alone","referenced and reachable, yet no option changed the rendered page"
interactive-content-helper-cards,timeline_align,placement,GATED-SIBLING,REQUIRES LIVE VERIFICATION,,"inert offline, but the element this setting controls needs merchant or Shopify data to render; mechanism cannot be proven from the code alone",only reached under `equal_height`
interactive-content-helper-cards,timeline_marker_style,placement,GATED-SIBLING,REQUIRES LIVE VERIFICATION,,"inert offline, but the element this setting controls needs merchant or Shopify data to render; mechanism cannot be proven from the code alone",only reached under `show_header`
interactive-content-helper-cards,timeline_show_line,dead,GATED-SIBLING,REQUIRES LIVE VERIFICATION,,"inert offline, but the element this setting controls needs merchant or Shopify data to render; mechanism cannot be proven from the code alone",only reached under `equal_height`
interactive-content-helper-carousel-media-logos,arrows_inset_px,dead,DEAD,REQUIRES LIVE VERIFICATION,,section renders nearly empty; nothing on the page to affect (rig #30),"referenced and reachable, yet no option changed the rendered page"
interactive-content-helper-carousel-media-logos,logo_max_height,dead,DEAD,REQUIRES LIVE VERIFICATION,,section renders nearly empty; nothing on the page to affect (rig #30),"referenced and reachable, yet no option changed the rendered page"
interactive-content-helper-carousel-media-logos,logo_min_width,dead,DEAD,REQUIRES LIVE VERIFICATION,,section renders nearly empty; nothing on the page to affect (rig #30),"referenced and reachable, yet no option changed the rendered page"
interactive-content-helper-carousel-media-logos,pause_on_focus,dead,DEAD,REQUIRES LIVE VERIFICATION,,section renders nearly empty; nothing on the page to affect (rig #30),"referenced and reachable, yet no option changed the rendered page"
interactive-content-helper-carousel-media-logos,pause_on_hover,dead,DEAD,REQUIRES LIVE VERIFICATION,,section renders nearly empty; nothing on the page to affect (rig #30),"referenced and reachable, yet no option changed the rendered page"
interactive-content-helper-carousel-media-logos,slides_per_view_tablet,dead,DEAD,REQUIRES LIVE VERIFICATION,,section renders nearly empty; nothing on the page to affect (rig #30),"referenced and reachable, yet no option changed the rendered page"
interactive-content-helper-carousel-testimonials,show_avatar,dead,DEAD,REQUIRES LIVE VERIFICATION,,"inert offline, but the element this setting controls needs merchant or Shopify data to render; mechanism cannot be proven from the code alone","referenced and reachable, yet no option changed the rendered page"
interactive-content-helper-carousel-testimonials,show_role_or_location,dead,DEAD,REQUIRES LIVE VERIFICATION,,"inert offline, but the element this setting controls needs merchant or Shopify data to render; mechanism cannot be proven from the code alone","referenced and reachable, yet no option changed the rendered page"
interactive-content-helper-countdown-and-progress,bar_height,dead,DEAD,REQUIRES LIVE VERIFICATION,,"inert offline, but the element this setting controls needs merchant or Shopify data to render; mechanism cannot be proven from the code alone","referenced and reachable, yet no option changed the rendered page"
interactive-content-helper-countdown-and-progress,current_step_index,dead,DEAD,REQUIRES LIVE VERIFICATION,,"inert offline, but the element this setting controls needs merchant or Shopify data to render; mechanism cannot be proven from the code alone","referenced and reachable, yet no option changed the rendered page"
interactive-content-helper-countdown-and-progress,current_value,dead,DEAD,REQUIRES LIVE VERIFICATION,,"inert offline, but the element this setting controls needs merchant or Shopify data to render; mechanism cannot be proven from the code alone","referenced and reachable, yet no option changed the rendered page"
interactive-content-helper-countdown-and-progress,max_value,dead,DEAD,REQUIRES LIVE VERIFICATION,,"inert offline, but the element this setting controls needs merchant or Shopify data to render; mechanism cannot be proven from the code alone","referenced and reachable, yet no option changed the rendered page"
interactive-content-helper-countdown-and-progress,on_invalid_datetime,placement,DEAD,REQUIRES LIVE VERIFICATION,,"inert offline, but the element this setting controls needs merchant or Shopify data to render; mechanism cannot be proven from the code alone","referenced and reachable, yet no option changed the rendered page"
interactive-content-helper-countdown-and-progress,show_connector_fill,dead,DEAD,REQUIRES LIVE VERIFICATION,,"inert offline, but the element this setting controls needs merchant or Shopify data to render; mechanism cannot be proven from the code alone","referenced and reachable, yet no option changed the rendered page"
interactive-content-helper-countdown-and-progress,show_inline_progress_bar,dead,DEAD,REQUIRES LIVE VERIFICATION,,"inert offline, but the element this setting controls needs merchant or Shopify data to render; mechanism cannot be proven from the code alone","referenced and reachable, yet no option changed the rendered page"
interactive-content-helper-countdown-and-progress,show_percentage,dead,DEAD,REQUIRES LIVE VERIFICATION,,"inert offline, but the element this setting controls needs merchant or Shopify data to render; mechanism cannot be proven from the code alone","referenced and reachable, yet no option changed the rendered page"
interactive-content-helper-countdown-and-progress,show_step_numbers,dead,DEAD,REQUIRES LIVE VERIFICATION,,"inert offline, but the element this setting controls needs merchant or Shopify data to render; mechanism cannot be proven from the code alone","referenced and reachable, yet no option changed the rendered page"
interactive-content-helper-countdown-and-progress,step_card_padding,dead,DEAD,REQUIRES LIVE VERIFICATION,,"inert offline, but the element this setting controls needs merchant or Shopify data to render; mechanism cannot be proven from the code alone","referenced and reachable, yet no option changed the rendered page"
interactive-content-helper-countdown-and-progress,unit_min_width,dead,DEAD,REQUIRES LIVE VERIFICATION,,"inert offline, but the element this setting controls needs merchant or Shopify data to render; mechanism cannot be proven from the code alone","referenced and reachable, yet no option changed the rendered page"
interactive-content-helper-location-info-panels,columns_tablet,dead,DEAD,REQUIRES LIVE VERIFICATION,,section renders nearly empty; nothing on the page to affect (rig #30),"referenced and reachable, yet no option changed the rendered page"
interactive-content-helper-location-info-panels,show_tags,dead,GATED-SIBLING,REQUIRES LIVE VERIFICATION,,section renders nearly empty; nothing on the page to affect (rig #30),only reached under `s.subtitle != blank`
interactive-content-helper-media-gallery,accordion_items_visible_desktop,dead,DEAD,REQUIRES LIVE VERIFICATION,,"inert offline, but the element this setting controls needs merchant or Shopify data to render; mechanism cannot be proven from the code alone","referenced and reachable, yet no option changed the rendered page"
interactive-content-helper-media-gallery,accordion_min_width,dead,DEAD,REQUIRES LIVE VERIFICATION,,"inert offline, but the element this setting controls needs merchant or Shopify data to render; mechanism cannot be proven from the code alone","referenced and reachable, yet no option changed the rendered page"
interactive-content-helper-media-gallery,c_accent,dead,DEAD,REQUIRES LIVE VERIFICATION,,"inert offline, but the element this setting controls needs merchant or Shopify data to render; mechanism cannot be proven from the code alone","referenced and reachable, yet no option changed the rendered page"
interactive-content-helper-media-gallery,carousel_arrows,dead,GATED-SIBLING,REQUIRES LIVE VERIFICATION,,"inert offline, but the element this setting controls needs merchant or Shopify data to render; mechanism cannot be proven from the code alone",only reached under `caption_hover`
interactive-content-helper-media-gallery,carousel_autoplay_seconds,dead,GATED-SIBLING,REQUIRES LIVE VERIFICATION,,"inert offline, but the element this setting controls needs merchant or Shopify data to render; mechanism cannot be proven from the code alone",only reached under `caption_hover`
interactive-content-helper-media-gallery,carousel_dots,dead,GATED-SIBLING,REQUIRES LIVE VERIFICATION,,"inert offline, but the element this setting controls needs merchant or Shopify data to render; mechanism cannot be proven from the code alone",only reached under `caption_hover`
interactive-content-helper-media-gallery,carousel_loop,dead,GATED-SIBLING,REQUIRES LIVE VERIFICATION,,"inert offline, but the element this setting controls needs merchant or Shopify data to render; mechanism cannot be proven from the code alone",only reached under `caption_hover`
interactive-content-helper-media-gallery,columns_tablet,dead,DEAD,REQUIRES LIVE VERIFICATION,,"inert offline, but the element this setting controls needs merchant or Shopify data to render; mechanism cannot be proven from the code alone","referenced and reachable, yet no option changed the rendered page"
interactive-content-helper-media-gallery,desc_clamp_lines,dead,DEAD,REQUIRES LIVE VERIFICATION,,"inert offline, but the element this setting controls needs merchant or Shopify data to render; mechanism cannot be proven from the code alone","referenced and reachable, yet no option changed the rendered page"
interactive-content-helper-media-gallery,slides_desktop,dead,DEAD,REQUIRES LIVE VERIFICATION,,"inert offline, but the element this setting controls needs merchant or Shopify data to render; mechanism cannot be proven from the code alone","referenced and reachable, yet no option changed the rendered page"
interactive-content-helper-media-gallery,slides_tablet,dead,DEAD,REQUIRES LIVE VERIFICATION,,"inert offline, but the element this setting controls needs merchant or Shopify data to render; mechanism cannot be proven from the code alone","referenced and reachable, yet no option changed the rendered page"
interactive-content-helper-media-gallery,title_clamp_lines,dead,DEAD,REQUIRES LIVE VERIFICATION,,"inert offline, but the element this setting controls needs merchant or Shopify data to render; mechanism cannot be proven from the code alone","referenced and reachable, yet no option changed the rendered page"
interactive-content-helper-portfolio-grid,category_opacity,dead,DEAD,REQUIRES LIVE VERIFICATION,,"inert offline, but the element this setting controls needs merchant or Shopify data to render; mechanism cannot be proven from the code alone","referenced and reachable, yet no option changed the rendered page"
interactive-content-helper-portfolio-grid,columns_tablet,dead,DEAD,REQUIRES LIVE VERIFICATION,,"inert offline, but the element this setting controls needs merchant or Shopify data to render; mechanism cannot be proven from the code alone","referenced and reachable, yet no option changed the rendered page"
interactive-content-helper-product-slider,limit,dead,GATED-SIBLING,REQUIRES LIVE VERIFICATION,,"inert offline, but the element this setting controls needs merchant or Shopify data to render; mechanism cannot be proven from the code alone",only reached under `source_mode == 'manual'`
interactive-content-helper-product-slider,price_mode,placement,GATED-MULTI,REQUIRES LIVE VERIFICATION,,"inert offline, but the element this setting controls needs merchant or Shopify data to render; mechanism cannot be proven from the code alone",needs more than one condition true at once: `should_init and s.show_arrows`
interactive-content-helper-product-slider,scroll_gallery_limit,dead,GATED-MULTI,REQUIRES LIVE VERIFICATION,,"inert offline, but the element this setting controls needs merchant or Shopify data to render; mechanism cannot be proven from the code alone",needs more than one condition true at once: `should_init and s.show_arrows`
interactive-content-helper-service-process-steps,button_bg,dead,DEAD,REQUIRES LIVE VERIFICATION,,"inert offline, but the element this setting controls needs merchant or Shopify data to render; mechanism cannot be proven from the code alone","referenced and reachable, yet no option changed the rendered page"
interactive-content-helper-service-process-steps,button_border,dead,DEAD,REQUIRES LIVE VERIFICATION,,"inert offline, but the element this setting controls needs merchant or Shopify data to render; mechanism cannot be proven from the code alone","referenced and reachable, yet no option changed the rendered page"
interactive-content-helper-service-process-steps,button_text,dead,DEAD,REQUIRES LIVE VERIFICATION,,"inert offline, but the element this setting controls needs merchant or Shopify data to render; mechanism cannot be proven from the code alone","referenced and reachable, yet no option changed the rendered page"
interactive-content-helper-service-process-steps,connector_color,dead,DEAD,REQUIRES LIVE VERIFICATION,,"inert offline, but the element this setting controls needs merchant or Shopify data to render; mechanism cannot be proven from the code alone","referenced and reachable, yet no option changed the rendered page"
interactive-content-helper-service-process-steps,media_aspect,placement,DEAD,REQUIRES LIVE VERIFICATION,,"inert offline, but the element this setting controls needs merchant or Shopify data to render; mechanism cannot be proven from the code alone","referenced and reachable, yet no option changed the rendered page"
interactive-content-helper-service-process-steps,progress_fill_color,dead,DEAD,REQUIRES LIVE VERIFICATION,,"inert offline, but the element this setting controls needs merchant or Shopify data to render; mechanism cannot be proven from the code alone","referenced and reachable, yet no option changed the rendered page"
interactive-content-helper-service-process-steps,progress_height,dead,DEAD,REQUIRES LIVE VERIFICATION,,"inert offline, but the element this setting controls needs merchant or Shopify data to render; mechanism cannot be proven from the code alone","referenced and reachable, yet no option changed the rendered page"
interactive-content-helper-service-process-steps,progress_track_color,dead,DEAD,REQUIRES LIVE VERIFICATION,,"inert offline, but the element this setting controls needs merchant or Shopify data to render; mechanism cannot be proven from the code alone","referenced and reachable, yet no option changed the rendered page"
interactive-content-helper-service-process-steps,show_progress_meta,dead,GATED-MULTI,REQUIRES LIVE VERIFICATION,,"inert offline, but the element this setting controls needs merchant or Shopify data to render; mechanism cannot be proven from the code alone",needs more than one condition true at once: `enable_progress_bar and has_current and steps_count > 1`
interactive-content-helper-services-list-grid,border_color,dead,DEAD,REQUIRES LIVE VERIFICATION,,section renders nearly empty; nothing on the page to affect (rig #30),"referenced and reachable, yet no option changed the rendered page"
interactive-content-helper-services-list-grid,card_bg,dead,DEAD,REQUIRES LIVE VERIFICATION,,section renders nearly empty; nothing on the page to affect (rig #30),"referenced and reachable, yet no option changed the rendered page"
interactive-content-helper-services-list-grid,columns_desktop,dead,DEAD,REQUIRES LIVE VERIFICATION,,section renders nearly empty; nothing on the page to affect (rig #30),"referenced and reachable, yet no option changed the rendered page"
interactive-content-helper-services-list-grid,columns_tablet,dead,DEAD,REQUIRES LIVE VERIFICATION,,section renders nearly empty; nothing on the page to affect (rig #30),"referenced and reachable, yet no option changed the rendered page"
interactive-content-helper-services-list-grid,desc_font_size_px,dead,DEAD,REQUIRES LIVE VERIFICATION,,section renders nearly empty; nothing on the page to affect (rig #30),"referenced and reachable, yet no option changed the rendered page"
interactive-content-helper-services-list-grid,list_image_max_h_px,dead,DEAD,REQUIRES LIVE VERIFICATION,,section renders nearly empty; nothing on the page to affect (rig #30),"referenced and reachable, yet no option changed the rendered page"
interactive-content-helper-services-list-grid,max_width_percent,dead,DEAD,REQUIRES LIVE VERIFICATION,,section renders nearly empty; nothing on the page to affect (rig #30),"referenced and reachable, yet no option changed the rendered page"
interactive-content-helper-services-list-grid,max_width_rem,dead,DEAD,REQUIRES LIVE VERIFICATION,,section renders nearly empty; nothing on the page to affect (rig #30),"referenced and reachable, yet no option changed the rendered page"
interactive-content-helper-services-list-grid,max_width_vw,dead,DEAD,REQUIRES LIVE VERIFICATION,,section renders nearly empty; nothing on the page to affect (rig #30),"referenced and reachable, yet no option changed the rendered page"
interactive-content-helper-services-list-grid,name_font_size_px,dead,DEAD,REQUIRES LIVE VERIFICATION,,section renders nearly empty; nothing on the page to affect (rig #30),"referenced and reachable, yet no option changed the rendered page"
interactive-content-helper-services-list-grid,name_font_weight,dead,DEAD,REQUIRES LIVE VERIFICATION,,section renders nearly empty; nothing on the page to affect (rig #30),"referenced and reachable, yet no option changed the rendered page"
interactive-content-helper-services-list-grid,price_font_size_px,dead,DEAD,REQUIRES LIVE VERIFICATION,,section renders nearly empty; nothing on the page to affect (rig #30),"referenced and reachable, yet no option changed the rendered page"
interactive-content-helper-services-list-grid,price_font_weight,dead,DEAD,REQUIRES LIVE VERIFICATION,,section renders nearly empty; nothing on the page to affect (rig #30),"referenced and reachable, yet no option changed the rendered page"
interactive-content-helper-services-list-grid,radius_px,dead,DEAD,REQUIRES LIVE VERIFICATION,,section renders nearly empty; nothing on the page to affect (rig #30),"referenced and reachable, yet no option changed the rendered page"
interactive-content-helper-services-list-grid,show_cta_per_service,dead,GATED-SIBLING,REQUIRES LIVE VERIFICATION,,section renders nearly empty; nothing on the page to affect (rig #30),only reached under `s.use_custom_colors`
interactive-content-helper-services-list-grid,show_price_column,dead,GATED-SIBLING,REQUIRES LIVE VERIFICATION,,section renders nearly empty; nothing on the page to affect (rig #30),only reached under `s.title != blank`
interactive-content-helper-services-list-grid,use_custom_colors,dead,DEAD,REQUIRES LIVE VERIFICATION,,section renders nearly empty; nothing on the page to affect (rig #30),"referenced and reachable, yet no option changed the rendered page"
interactive-content-helper-stats-strip,radius,dead,DEAD-TOKEN,REQUIRES LIVE VERIFICATION,,section renders nearly empty; nothing on the page to affect (rig #30),--q-stats-radius is declared from this setting and read by no rule
interactive-content-helper-story-timeline,show_badges,dead,GATED-MULTI,REQUIRES LIVE VERIFICATION,,"inert offline, but the element this setting controls needs merchant or Shopify data to render; mechanism cannot be proven from the code alone",needs more than one condition true at once: `show_labels and start_label != blank and is_single == false`
interactive-content-helper-story-timeline,show_horizontal_arrows,dead,GATED-MULTI,REQUIRES LIVE VERIFICATION,,"inert offline, but the element this setting controls needs merchant or Shopify data to render; mechanism cannot be proven from the code alone",needs more than one condition true at once: `marker_style == 'image' and img != blank`
interactive-content-helper-tabs-accordion,radius,dead,DEAD,REQUIRES LIVE VERIFICATION,,"inert offline, but the element this setting controls needs merchant or Shopify data to render; mechanism cannot be proven from the code alone","referenced and reachable, yet no option changed the rendered page"
interactive-content-helper-tabs-accordion,shadow_strength_x100,dead,DEAD,REQUIRES LIVE VERIFICATION,,"inert offline, but the element this setting controls needs merchant or Shopify data to render; mechanism cannot be proven from the code alone","referenced and reachable, yet no option changed the rendered page"
interactive-content-helper-team-members-grid,card_shadow_strength,dead,DEAD,REQUIRES LIVE VERIFICATION,,"inert offline, but the element this setting controls needs merchant or Shopify data to render; mechanism cannot be proven from the code alone","referenced and reachable, yet no option changed the rendered page"
interactive-content-helper-team-members-grid,columns_tablet,dead,DEAD,REQUIRES LIVE VERIFICATION,,"inert offline, but the element this setting controls needs merchant or Shopify data to render; mechanism cannot be proven from the code alone","referenced and reachable, yet no option changed the rendered page"
interactive-content-helper-team-members-grid,show_social_links,dead,DEAD,REQUIRES LIVE VERIFICATION,,"inert offline, but the element this setting controls needs merchant or Shopify data to render; mechanism cannot be proven from the code alone","referenced and reachable, yet no option changed the rendered page"
interactive-content-helper-toc-page-nav,indent_step,dead,DEAD,REQUIRES LIVE VERIFICATION,,"inert offline, but the element this setting controls needs merchant or Shopify data to render; mechanism cannot be proven from the code alone","referenced and reachable, yet no option changed the rendered page"
interactive-content-pricing-data-table,cell_padding,dead,DEAD,REQUIRES LIVE VERIFICATION,,"inert offline, but the element this setting controls needs merchant or Shopify data to render; mechanism cannot be proven from the code alone","referenced and reachable, yet no option changed the rendered page"
interactive-content-pricing-data-table,hide_cta_if_no_url,dead,GATED-SIBLING,REQUIRES LIVE VERIFICATION,,"inert offline, but the element this setting controls needs merchant or Shopify data to render; mechanism cannot be proven from the code alone",only reached under `row_dividers`
interactive-content-pricing-data-table,highlight_style,placement,GATED-SIBLING,REQUIRES LIVE VERIFICATION,,"inert offline, but the element this setting controls needs merchant or Shopify data to render; mechanism cannot be proven from the code alone",only reached under `heading != blank`
interactive-content-pricing-data-table,mobile_pricing_layout,placement,GATED-SIBLING,REQUIRES LIVE VERIFICATION,,"inert offline, but the element this setting controls needs merchant or Shopify data to render; mechanism cannot be proven from the code alone",only reached under `row_dividers`
interactive-content-pricing-data-table,row_dividers,dead,DEAD,REQUIRES LIVE VERIFICATION,,"inert offline, but the element this setting controls needs merchant or Shopify data to render; mechanism cannot be proven from the code alone","referenced and reachable, yet no option changed the rendered page"
interactive-content-pricing-data-table,show_cta,dead,GATED-SIBLING,REQUIRES LIVE VERIFICATION,,"inert offline, but the element this setting controls needs merchant or Shopify data to render; mechanism cannot be proven from the code alone",only reached under `row_dividers`
interactive-content-pricing-data-table,show_heading_row,dead,DEAD,REQUIRES LIVE VERIFICATION,,"inert offline, but the element this setting controls needs merchant or Shopify data to render; mechanism cannot be proven from the code alone","referenced and reachable, yet no option changed the rendered page"
main-blog-collection,articles_per_page,dead,GATED-SIBLING,REQUIRES LIVE VERIFICATION,,"inert offline, but the element this setting controls needs merchant or Shopify data to render; mechanism cannot be proven from the code alone",only reached under `show_title`
main-blog-collection,auxiliary_content_position,placement,DEAD,REQUIRES LIVE VERIFICATION,,"inert offline, but the element this setting controls needs merchant or Shopify data to render; mechanism cannot be proven from the code alone","referenced and reachable, yet no option changed the rendered page"
main-blog-collection,show_description,dead,GATED-SIBLING,REQUIRES LIVE VERIFICATION,,"inert offline, but the element this setting controls needs merchant or Shopify data to render; mechanism cannot be proven from the code alone",only reached under `show_title`
main-blog-single,show_prev_next_navigation,dead,DEAD,REQUIRES LIVE VERIFICATION,,"inert offline, but the element this setting controls needs merchant or Shopify data to render; mechanism cannot be proven from the code alone","referenced and reachable, yet no option changed the rendered page"
main-blog-single,wide_banner_content,dead,GATED-MULTI,REQUIRES LIVE VERIFICATION,,"inert offline, but the element this setting controls needs merchant or Shopify data to render; mechanism cannot be proven from the code alone",needs more than one condition true at once: `section.settings.show_featured_image and article.image != blank`
main-cart,show_continue_shopping,dead,GATED-MULTI,REQUIRES LIVE VERIFICATION,,"inert offline, but the element this setting controls needs merchant or Shopify data to render; mechanism cannot be proven from the code alone",needs more than one condition true at once: `section.settings.show_rewards_progress_bar and section.settings.rewards_progress`
main-collection-classic,apply_bg_hover,dead,DEAD,REQUIRES LIVE VERIFICATION,,"inert offline, but the element this setting controls needs merchant or Shopify data to render; mechanism cannot be proven from the code alone","referenced and reachable, yet no option changed the rendered page"
main-collection-classic,apply_text_hover,dead,DEAD,REQUIRES LIVE VERIFICATION,,"inert offline, but the element this setting controls needs merchant or Shopify data to render; mechanism cannot be proven from the code alone","referenced and reachable, yet no option changed the rendered page"
main-collection-classic,badge_sale_bg,dead,DEAD,REQUIRES LIVE VERIFICATION,,"inert offline, but the element this setting controls needs merchant or Shopify data to render; mechanism cannot be proven from the code alone","referenced and reachable, yet no option changed the rendered page"
main-collection-classic,badge_sale_text_color,dead,DEAD,REQUIRES LIVE VERIFICATION,,"inert offline, but the element this setting controls needs merchant or Shopify data to render; mechanism cannot be proven from the code alone","referenced and reachable, yet no option changed the rendered page"
main-collection-classic,badge_show_sale,dead,GATED-SIBLING,REQUIRES LIVE VERIFICATION,,"inert offline, but the element this setting controls needs merchant or Shopify data to render; mechanism cannot be proven from the code alone",only reached under `s.show_sort_label`
main-collection-classic,badge_show_sold_out,dead,GATED-MULTI,REQUIRES LIVE VERIFICATION,,"inert offline, but the element this setting controls needs merchant or Shopify data to render; mechanism cannot be proven from the code alone",needs more than one condition true at once: `sorting_enabled and s.show_sort`
main-collection-classic,badge_soldout_bg,dead,DEAD,REQUIRES LIVE VERIFICATION,,"inert offline, but the element this setting controls needs merchant or Shopify data to render; mechanism cannot be proven from the code alone","referenced and reachable, yet no option changed the rendered page"
main-collection-classic,badge_soldout_text_color,dead,DEAD,REQUIRES LIVE VERIFICATION,,"inert offline, but the element this setting controls needs merchant or Shopify data to render; mechanism cannot be proven from the code alone","referenced and reachable, yet no option changed the rendered page"
main-collection-classic,badge_source,placement,GATED-SIBLING,REQUIRES LIVE VERIFICATION,,"inert offline, but the element this setting controls needs merchant or Shopify data to render; mechanism cannot be proven from the code alone",only reached under `layout == 'grid' or layout == 'two_column_sidebar'`
main-collection-classic,btn_bg_hover,dead,DEAD,REQUIRES LIVE VERIFICATION,,"inert offline, but the element this setting controls needs merchant or Shopify data to render; mechanism cannot be proven from the code alone","referenced and reachable, yet no option changed the rendered page"
main-collection-classic,btn_text_hover,dead,DEAD,REQUIRES LIVE VERIFICATION,,"inert offline, but the element this setting controls needs merchant or Shopify data to render; mechanism cannot be proven from the code alone","referenced and reachable, yet no option changed the rendered page"
main-collection-classic,card_frame_border_style,placement,DEAD,REQUIRES LIVE VERIFICATION,,"inert offline, but the element this setting controls needs merchant or Shopify data to render; mechanism cannot be proven from the code alone","referenced and reachable, yet no option changed the rendered page"
main-collection-classic,columns_tablet,dead,DEAD,REQUIRES LIVE VERIFICATION,,"inert offline, but the element this setting controls needs merchant or Shopify data to render; mechanism cannot be proven from the code alone","referenced and reachable, yet no option changed the rendered page"
main-collection-classic,filters_desktop_mode,placement,GATED-SIBLING,REQUIRES LIVE VERIFICATION,,"inert offline, but the element this setting controls needs merchant or Shopify data to render; mechanism cannot be proven from the code alone",only reached under `description_collapse`
main-collection-classic,product_compare_color,dead,DEAD,REQUIRES LIVE VERIFICATION,,"inert offline, but the element this setting controls needs merchant or Shopify data to render; mechanism cannot be proven from the code alone","referenced and reachable, yet no option changed the rendered page"
main-collection-classic,products_per_page,dead,DEAD,REQUIRES LIVE VERIFICATION,,"inert offline, but the element this setting controls needs merchant or Shopify data to render; mechanism cannot be proven from the code alone","referenced and reachable, yet no option changed the rendered page"
main-collection-list,description_truncate,dead,GATED-SIBLING,REQUIRES LIVE VERIFICATION,,"inert offline, but the element this setting controls needs merchant or Shopify data to render; mechanism cannot be proven from the code alone",only reached under `s.source_mode == 'manual'`
main-collection-list,max_items,dead,GATED-SIBLING,REQUIRES LIVE VERIFICATION,,"inert offline, but the element this setting controls needs merchant or Shopify data to render; mechanism cannot be proven from the code alone",only reached under `s.peek`
main-collection-simple,button_size,placement,DEAD,REQUIRES LIVE VERIFICATION,,"inert offline, but the element this setting controls needs merchant or Shopify data to render; mechanism cannot be proven from the code alone","referenced and reachable, yet no option changed the rendered page"
main-collection-simple,card_border_style,placement,DEAD,REQUIRES LIVE VERIFICATION,,"inert offline, but the element this setting controls needs merchant or Shopify data to render; mechanism cannot be proven from the code alone","referenced and reachable, yet no option changed the rendered page"
main-collection-simple,columns_tablet,dead,DEAD,REQUIRES LIVE VERIFICATION,,"inert offline, but the element this setting controls needs merchant or Shopify data to render; mechanism cannot be proven from the code alone","referenced and reachable, yet no option changed the rendered page"
main-collection-simple,image_ratio,placement,DEAD,REQUIRES LIVE VERIFICATION,,"inert offline, but the element this setting controls needs merchant or Shopify data to render; mechanism cannot be proven from the code alone","referenced and reachable, yet no option changed the rendered page"
main-collection-simple,price_font_size,dead,DEAD,REQUIRES LIVE VERIFICATION,,"inert offline, but the element this setting controls needs merchant or Shopify data to render; mechanism cannot be proven from the code alone","referenced and reachable, yet no option changed the rendered page"
main-collection-simple,products_per_page,dead,DEAD,REQUIRES LIVE VERIFICATION,,"inert offline, but the element this setting controls needs merchant or Shopify data to render; mechanism cannot be proven from the code alone","referenced and reachable, yet no option changed the rendered page"
main-collection-simple,show_badges,dead,DEAD,REQUIRES LIVE VERIFICATION,,"inert offline, but the element this setting controls needs merchant or Shopify data to render; mechanism cannot be proven from the code alone","referenced and reachable, yet no option changed the rendered page"
main-collection-simple,show_price,dead,GATED-SIBLING,REQUIRES LIVE VERIFICATION,,"inert offline, but the element this setting controls needs merchant or Shopify data to render; mechanism cannot be proven from the code alone",only reached under `show_badges`
main-collection-simple,show_second_image,dead,DEAD,REQUIRES LIVE VERIFICATION,,"inert offline, but the element this setting controls needs merchant or Shopify data to render; mechanism cannot be proven from the code alone","referenced and reachable, yet no option changed the rendered page"
main-collection-simple,show_sort,dead,GATED-MULTI,REQUIRES LIVE VERIFICATION,,"inert offline, but the element this setting controls needs merchant or Shopify data to render; mechanism cannot be proven from the code alone",needs more than one condition true at once: `show_title and results_title != blank`
main-collection-simple,sort_style,placement,GATED-MULTI,REQUIRES LIVE VERIFICATION,,"inert offline, but the element this setting controls needs merchant or Shopify data to render; mechanism cannot be proven from the code alone",needs more than one condition true at once: `show_title and results_title != blank`
main-collection-simple,title_font_size,dead,DEAD,REQUIRES LIVE VERIFICATION,,"inert offline, but the element this setting controls needs merchant or Shopify data to render; mechanism cannot be proven from the code alone","referenced and reachable, yet no option changed the rendered page"
main-collection-simple,vendor_color,dead,DEAD,REQUIRES LIVE VERIFICATION,,"inert offline, but the element this setting controls needs merchant or Shopify data to render; mechanism cannot be proven from the code alone","referenced and reachable, yet no option changed the rendered page"
main-collection-simple,vendor_font_size,dead,DEAD,REQUIRES LIVE VERIFICATION,,"inert offline, but the element this setting controls needs merchant or Shopify data to render; mechanism cannot be proven from the code alone","referenced and reachable, yet no option changed the rendered page"
main-product-classic,bg_color,dead,GATED-SIBLING,REQUIRES LIVE VERIFICATION,,"inert offline, but the element this setting controls needs merchant or Shopify data to render; mechanism cannot be proven from the code alone",only reached under `s.pad_y`
main-product-classic,media_bg_color,dead,DEAD,REQUIRES LIVE VERIFICATION,,"inert offline, but the element this setting controls needs merchant or Shopify data to render; mechanism cannot be proven from the code alone","referenced and reachable, yet no option changed the rendered page"
main-product-classic,text_color,dead,GATED-SIBLING,REQUIRES LIVE VERIFICATION,,"inert offline, but the element this setting controls needs merchant or Shopify data to render; mechanism cannot be proven from the code alone",only reached under `s.pad_y`
main-product-classic,variant_label_mode,placement,DEAD,REQUIRES LIVE VERIFICATION,,"inert offline, but the element this setting controls needs merchant or Shopify data to render; mechanism cannot be proven from the code alone","referenced and reachable, yet no option changed the rendered page"
main-product-classic,variant_swatch_source,placement,DEAD,REQUIRES LIVE VERIFICATION,,"inert offline, but the element this setting controls needs merchant or Shopify data to render; mechanism cannot be proven from the code alone","referenced and reachable, yet no option changed the rendered page"
main-search,--qtm-search-accent,orphan,DEAD-TOKEN,REQUIRES LIVE VERIFICATION,,section renders thin; nothing on the page to affect (rig #30),--qtm-search-accent is declared and read by no CSS rule
maps-basic-google-map,zoom,dead,GATED-SIBLING,REQUIRES LIVE VERIFICATION,,"inert offline, but the element this setting controls needs merchant or Shopify data to render; mechanism cannot be proven from the code alone",only reached under `lat == blank`
maps-location-contact,map_source,placement,GATED-MULTI,REQUIRES LIVE VERIFICATION,,"inert offline, but the element this setting controls needs merchant or Shopify data to render; mechanism cannot be proven from the code alone",needs more than one condition true at once: `lat != blank and lng != blank`
maps-location-contact,zoom,dead,GATED-MULTI,REQUIRES LIVE VERIFICATION,,"inert offline, but the element this setting controls needs merchant or Shopify data to render; mechanism cannot be proven from the code alone",needs more than one condition true at once: `lat != blank and lng != blank`
maps-service-area-map-banner,zoom,dead,GATED-SIBLING,REQUIRES LIVE VERIFICATION,,"inert offline, but the element this setting controls needs merchant or Shopify data to render; mechanism cannot be proven from the code alone",only reached under `s.use_custom_colors`
maps-store-locator,enable_map,dead,DEAD,REQUIRES LIVE VERIFICATION,,"inert offline, but the element this setting controls needs merchant or Shopify data to render; mechanism cannot be proven from the code alone","referenced and reachable, yet no option changed the rendered page"
multipurpose-hero-banner,dot_style,placement,GATED-MULTI,REQUIRES LIVE VERIFICATION,,"inert offline, but the element this setting controls needs merchant or Shopify data to render; mechanism cannot be proven from the code alone",needs more than one condition true at once: `section.settings.show_arrows and __slides_count > 1`
product-block-section,mobile_behavior,placement,DEAD,REQUIRES LIVE VERIFICATION,,section renders nearly empty; nothing on the page to affect (rig #30),"referenced and reachable, yet no option changed the rendered page"
product-bundles,btn_bg_hover,dead,DEAD,REQUIRES LIVE VERIFICATION,,"inert offline, but the element this setting controls needs merchant or Shopify data to render; mechanism cannot be proven from the code alone","referenced and reachable, yet no option changed the rendered page"
product-bundles,btn_text_hover,dead,DEAD,REQUIRES LIVE VERIFICATION,,"inert offline, but the element this setting controls needs merchant or Shopify data to render; mechanism cannot be proven from the code alone","referenced and reachable, yet no option changed the rendered page"
product-bundles,merge_mode,placement,GATED-SIBLING,REQUIRES LIVE VERIFICATION,,"inert offline, but the element this setting controls needs merchant or Shopify data to render; mechanism cannot be proven from the code alone",only reached under `s.allow_item_qty`
product-bundles,note_color,dead,GATED-MULTI,REQUIRES LIVE VERIFICATION,,"inert offline, but the element this setting controls needs merchant or Shopify data to render; mechanism cannot be proven from the code alone",needs more than one condition true at once: `s.show_vendor and p.vendor != blank`
product-bundles,note_mt,dead,GATED-MULTI,REQUIRES LIVE VERIFICATION,,"inert offline, but the element this setting controls needs merchant or Shopify data to render; mechanism cannot be proven from the code alone",needs more than one condition true at once: `s.show_vendor and p.vendor != blank`
product-bundles,note_size,dead,GATED-MULTI,REQUIRES LIVE VERIFICATION,,"inert offline, but the element this setting controls needs merchant or Shopify data to render; mechanism cannot be proven from the code alone",needs more than one condition true at once: `s.show_vendor and p.vendor != blank`
product-bundles,show_item_note,dead,GATED-MULTI,REQUIRES LIVE VERIFICATION,,"inert offline, but the element this setting controls needs merchant or Shopify data to render; mechanism cannot be proven from the code alone",needs more than one condition true at once: `s.show_vendor and p.vendor != blank`
product-cross-sell,columns_tablet,dead,DEAD,REQUIRES LIVE VERIFICATION,,"inert offline, but the element this setting controls needs merchant or Shopify data to render; mechanism cannot be proven from the code alone","referenced and reachable, yet no option changed the rendered page"
product-cross-sell,max_products,dead,DEAD,REQUIRES LIVE VERIFICATION,,"inert offline, but the element this setting controls needs merchant or Shopify data to render; mechanism cannot be proven from the code alone","referenced and reachable, yet no option changed the rendered page"
product-faq,media_aspect_ratio,placement,GATED-SIBLING,REQUIRES LIVE VERIFICATION,,"inert offline, but the element this setting controls needs merchant or Shopify data to render; mechanism cannot be proven from the code alone",only reached under `s.split_media_sticky`
product-faq,media_fit,placement,GATED-SIBLING,REQUIRES LIVE VERIFICATION,,"inert offline, but the element this setting controls needs merchant or Shopify data to render; mechanism cannot be proven from the code alone",only reached under `s.split_media_sticky`
product-faq,split_media_sticky,dead,DEAD,REQUIRES LIVE VERIFICATION,,"inert offline, but the element this setting controls needs merchant or Shopify data to render; mechanism cannot be proven from the code alone","referenced and reachable, yet no option changed the rendered page"
product-meta-panels,inner_bg,dead,DEAD,REQUIRES LIVE VERIFICATION,,section renders nearly empty; nothing on the page to affect (rig #30),"referenced and reachable, yet no option changed the rendered page"
product-meta-panels,inner_text,dead,DEAD,REQUIRES LIVE VERIFICATION,,section renders nearly empty; nothing on the page to affect (rig #30),"referenced and reachable, yet no option changed the rendered page"
product-meta-panels,layout,placement,GATED-MULTI,REQUIRES LIVE VERIFICATION,,section renders nearly empty; nothing on the page to affect (rig #30),needs more than one condition true at once: `s.title != blank or s.subheading != blank`
product-meta-panels,padding_bottom,dead,DEAD,REQUIRES LIVE VERIFICATION,,section renders nearly empty; nothing on the page to affect (rig #30),"referenced and reachable, yet no option changed the rendered page"
product-meta-panels,padding_top,dead,DEAD,REQUIRES LIVE VERIFICATION,,section renders nearly empty; nothing on the page to affect (rig #30),"referenced and reachable, yet no option changed the rendered page"
product-meta-panels,section_bg,dead,DEAD,REQUIRES LIVE VERIFICATION,,section renders nearly empty; nothing on the page to affect (rig #30),"referenced and reachable, yet no option changed the rendered page"
product-meta-panels,section_text,dead,DEAD,REQUIRES LIVE VERIFICATION,,section renders nearly empty; nothing on the page to affect (rig #30),"referenced and reachable, yet no option changed the rendered page"
product-meta-panels,tab_bg,dead,DEAD,REQUIRES LIVE VERIFICATION,,section renders nearly empty; nothing on the page to affect (rig #30),"referenced and reachable, yet no option changed the rendered page"
product-meta-panels,tab_bg_active,dead,DEAD,REQUIRES LIVE VERIFICATION,,section renders nearly empty; nothing on the page to affect (rig #30),"referenced and reachable, yet no option changed the rendered page"
product-meta-panels,tab_border_color,dead,DEAD,REQUIRES LIVE VERIFICATION,,section renders nearly empty; nothing on the page to affect (rig #30),"referenced and reachable, yet no option changed the rendered page"
product-meta-panels,tab_border_color_active,dead,DEAD,REQUIRES LIVE VERIFICATION,,section renders nearly empty; nothing on the page to affect (rig #30),"referenced and reachable, yet no option changed the rendered page"
product-meta-panels,tab_border_style,placement,DEAD,REQUIRES LIVE VERIFICATION,,section renders nearly empty; nothing on the page to affect (rig #30),"referenced and reachable, yet no option changed the rendered page"
product-meta-panels,tab_border_width,dead,DEAD,REQUIRES LIVE VERIFICATION,,section renders nearly empty; nothing on the page to affect (rig #30),"referenced and reachable, yet no option changed the rendered page"
product-meta-panels,tab_text,dead,DEAD,REQUIRES LIVE VERIFICATION,,section renders nearly empty; nothing on the page to affect (rig #30),"referenced and reachable, yet no option changed the rendered page"
product-meta-panels,tab_text_active,dead,DEAD,REQUIRES LIVE VERIFICATION,,section renders nearly empty; nothing on the page to affect (rig #30),"referenced and reachable, yet no option changed the rendered page"
product-meta-panels,tabs_bar_bg,dead,DEAD,REQUIRES LIVE VERIFICATION,,section renders nearly empty; nothing on the page to affect (rig #30),"referenced and reachable, yet no option changed the rendered page"
product-meta-panels,tabs_border_color,dead,DEAD,REQUIRES LIVE VERIFICATION,,section renders nearly empty; nothing on the page to affect (rig #30),"referenced and reachable, yet no option changed the rendered page"
product-meta-panels,tabs_border_style,placement,DEAD,REQUIRES LIVE VERIFICATION,,section renders nearly empty; nothing on the page to affect (rig #30),"referenced and reachable, yet no option changed the rendered page"
product-meta-panels,tabs_border_width,dead,DEAD,REQUIRES LIVE VERIFICATION,,section renders nearly empty; nothing on the page to affect (rig #30),"referenced and reachable, yet no option changed the rendered page"
product-meta-panels,tabs_divider,dead,DEAD,REQUIRES LIVE VERIFICATION,,section renders nearly empty; nothing on the page to affect (rig #30),"referenced and reachable, yet no option changed the rendered page"
product-recently-viewed,btn_bg,dead,DEAD-TOKEN,REQUIRES LIVE VERIFICATION,,section renders thin; nothing on the page to affect (rig #30),--q-btn-bg is declared from this setting and read by no rule
product-recently-viewed,btn_bg_hover,dead,DEAD-TOKEN,REQUIRES LIVE VERIFICATION,,section renders thin; nothing on the page to affect (rig #30),--q-btn-bg-hover is declared from this setting and read by no rule
product-recently-viewed,btn_border,dead,DEAD-TOKEN,REQUIRES LIVE VERIFICATION,,section renders thin; nothing on the page to affect (rig #30),--q-btn-border is declared from this setting and read by no rule
product-recently-viewed,btn_text,dead,DEAD-TOKEN,REQUIRES LIVE VERIFICATION,,section renders thin; nothing on the page to affect (rig #30),--q-btn-text is declared from this setting and read by no rule
product-recently-viewed,btn_text_hover,dead,DEAD-TOKEN,REQUIRES LIVE VERIFICATION,,section renders thin; nothing on the page to affect (rig #30),--q-btn-text-hover is declared from this setting and read by no rule
product-recently-viewed,columns_desktop,dead,DEAD,REQUIRES LIVE VERIFICATION,,section renders thin; nothing on the page to affect (rig #30),"referenced and reachable, yet no option changed the rendered page"
product-recently-viewed,columns_tablet,dead,DEAD,REQUIRES LIVE VERIFICATION,,section renders thin; nothing on the page to affect (rig #30),"referenced and reachable, yet no option changed the rendered page"
product-recently-viewed,header_alignment,placement,DEAD,REQUIRES LIVE VERIFICATION,,section renders thin; nothing on the page to affect (rig #30),"referenced and reachable, yet no option changed the rendered page"
product-recently-viewed,subheading_color,dead,DEAD-TOKEN,REQUIRES LIVE VERIFICATION,,section renders thin; nothing on the page to affect (rig #30),--prv-sub-color is declared from this setting and read by no rule
product-recently-viewed,subheading_size,dead,DEAD,REQUIRES LIVE VERIFICATION,,section renders thin; nothing on the page to affect (rig #30),"referenced and reachable, yet no option changed the rendered page"
product-recently-viewed,subheading_weight,dead,DEAD,REQUIRES LIVE VERIFICATION,,section renders thin; nothing on the page to affect (rig #30),"referenced and reachable, yet no option changed the rendered page"
product-recently-viewed,title_color,dead,DEAD-TOKEN,REQUIRES LIVE VERIFICATION,,section renders thin; nothing on the page to affect (rig #30),--prv-title-color is declared from this setting and read by no rule
product-recently-viewed,title_size,dead,DEAD-TOKEN,REQUIRES LIVE VERIFICATION,,section renders thin; nothing on the page to affect (rig #30),--prv-title-size is declared from this setting and read by no rule
product-recently-viewed,title_weight,dead,DEAD-TOKEN,REQUIRES LIVE VERIFICATION,,section renders thin; nothing on the page to affect (rig #30),--prv-title-weight is declared from this setting and read by no rule
product-recommend,btn_bg,dead,DEAD,REQUIRES LIVE VERIFICATION,,section renders thin; nothing on the page to affect (rig #30),"referenced and reachable, yet no option changed the rendered page"
product-recommend,btn_bg_hover,dead,DEAD,REQUIRES LIVE VERIFICATION,,section renders thin; nothing on the page to affect (rig #30),"referenced and reachable, yet no option changed the rendered page"
product-recommend,btn_border,dead,DEAD,REQUIRES LIVE VERIFICATION,,section renders thin; nothing on the page to affect (rig #30),"referenced and reachable, yet no option changed the rendered page"
product-recommend,btn_font_size,dead,DEAD,REQUIRES LIVE VERIFICATION,,section renders thin; nothing on the page to affect (rig #30),"referenced and reachable, yet no option changed the rendered page"
product-recommend,btn_padding_x,dead,DEAD,REQUIRES LIVE VERIFICATION,,section renders thin; nothing on the page to affect (rig #30),"referenced and reachable, yet no option changed the rendered page"
product-recommend,btn_padding_y,dead,DEAD,REQUIRES LIVE VERIFICATION,,section renders thin; nothing on the page to affect (rig #30),"referenced and reachable, yet no option changed the rendered page"
product-recommend,btn_radius,dead,DEAD,REQUIRES LIVE VERIFICATION,,section renders thin; nothing on the page to affect (rig #30),"referenced and reachable, yet no option changed the rendered page"
product-recommend,btn_text,dead,DEAD,REQUIRES LIVE VERIFICATION,,section renders thin; nothing on the page to affect (rig #30),"referenced and reachable, yet no option changed the rendered page"
product-recommend,btn_text_hover,dead,DEAD,REQUIRES LIVE VERIFICATION,,section renders thin; nothing on the page to affect (rig #30),"referenced and reachable, yet no option changed the rendered page"
product-recommend,button_hover_strength,dead,GATED-SIBLING,REQUIRES LIVE VERIFICATION,,section renders thin; nothing on the page to affect (rig #30),only reached under `mode == 'dynamic'`
product-recommend,button_size,placement,GATED-SIBLING,REQUIRES LIVE VERIFICATION,,section renders thin; nothing on the page to affect (rig #30),only reached under `mode == 'dynamic'`
product-recommend,button_style,placement,GATED-SIBLING,REQUIRES LIVE VERIFICATION,,section renders thin; nothing on the page to affect (rig #30),only reached under `mode == 'dynamic'`
product-recommend,enable_quick_add,dead,GATED-SIBLING,REQUIRES LIVE VERIFICATION,,section renders thin; nothing on the page to affect (rig #30),only reached under `mode == 'dynamic'`
product-recommend,intent,placement,DEAD,REQUIRES LIVE VERIFICATION,,section renders thin; nothing on the page to affect (rig #30),"referenced and reachable, yet no option changed the rendered page"
product-recommend,quick_add_mode,placement,GATED-SIBLING,REQUIRES LIVE VERIFICATION,,section renders thin; nothing on the page to affect (rig #30),only reached under `mode == 'dynamic'`
product-recommend,quick_view_mode,placement,GATED-SIBLING,REQUIRES LIVE VERIFICATION,,section renders thin; nothing on the page to affect (rig #30),only reached under `mode == 'dynamic'`
product-recommend,quick_view_placement,placement,GATED-SIBLING,REQUIRES LIVE VERIFICATION,,section renders thin; nothing on the page to affect (rig #30),only reached under `mode == 'dynamic'`
product-recommend,show_row_quick_view,dead,GATED-SIBLING,REQUIRES LIVE VERIFICATION,,section renders thin; nothing on the page to affect (rig #30),only reached under `mode == 'dynamic'`
product-recommend,show_secondary_row_cta,dead,GATED-SIBLING,REQUIRES LIVE VERIFICATION,,section renders thin; nothing on the page to affect (rig #30),only reached under `mode == 'dynamic'`
product-wishlist,columns_desktop,dead,DEAD,REQUIRES LIVE VERIFICATION,,section renders empty state; nothing on the page to affect (rig #30),"referenced and reachable, yet no option changed the rendered page"
product-wishlist,columns_tablet,dead,DEAD,REQUIRES LIVE VERIFICATION,,section renders empty state; nothing on the page to affect (rig #30),"referenced and reachable, yet no option changed the rendered page"
product-wishlist,max_products,dead,DEAD,REQUIRES LIVE VERIFICATION,,section renders empty state; nothing on the page to affect (rig #30),"referenced and reachable, yet no option changed the rendered page"
product-wishlist,show_price,dead,DEAD-ORPHAN,REQUIRES LIVE VERIFICATION,,section renders empty state; nothing on the page to affect (rig #30),"id appears nowhere in the section, its snippets or its CSS"
product-wishlist,show_remove_buttons,dead,DEAD,REQUIRES LIVE VERIFICATION,,section renders empty state; nothing on the page to affect (rig #30),"referenced and reachable, yet no option changed the rendered page"
product-wishlist,use_variant_id,dead,DEAD,REQUIRES LIVE VERIFICATION,,section renders empty state; nothing on the page to affect (rig #30),"referenced and reachable, yet no option changed the rendered page"
slideshow-banner,--hard,orphan,DEAD-TOKEN,REQUIRES LIVE VERIFICATION,,section renders nearly empty; nothing on the page to affect (rig #30),--hard is declared and read by no CSS rule
slideshow-banner,--soft,orphan,DEAD-TOKEN,REQUIRES LIVE VERIFICATION,,section renders nearly empty; nothing on the page to affect (rig #30),--soft is declared and read by no CSS rule
slideshow-banner,autoplay_interval,dead,DEAD,REQUIRES LIVE VERIFICATION,,section renders nearly empty; nothing on the page to affect (rig #30),"referenced and reachable, yet no option changed the rendered page"
slideshow-banner,bg_position,placement,DEAD,REQUIRES LIVE VERIFICATION,,section renders nearly empty; nothing on the page to affect (rig #30),"referenced and reachable, yet no option changed the rendered page"
slideshow-banner,button_font_weight,dead,GATED-SIBLING,REQUIRES LIVE VERIFICATION,,section renders nearly empty; nothing on the page to affect (rig #30),only reached under `S.text_shadow`
slideshow-banner,button_padding_horizontal,dead,GATED-SIBLING,REQUIRES LIVE VERIFICATION,,section renders nearly empty; nothing on the page to affect (rig #30),only reached under `S.text_shadow`
slideshow-banner,default_motion_preset,placement,GATED-SIBLING,REQUIRES LIVE VERIFICATION,,section renders nearly empty; nothing on the page to affect (rig #30),only reached under `S.autoplay`
slideshow-banner,heading_color_global,dead,GATED-SIBLING,REQUIRES LIVE VERIFICATION,,section renders nearly empty; nothing on the page to affect (rig #30),only reached under `S.split_panel_blur`
slideshow-banner,heading_size_global,placement,GATED-SIBLING,REQUIRES LIVE VERIFICATION,,section renders nearly empty; nothing on the page to affect (rig #30),only reached under `S.split_panel_blur`
slideshow-banner,kicker_color_global,dead,GATED-SIBLING,REQUIRES LIVE VERIFICATION,,section renders nearly empty; nothing on the page to affect (rig #30),only reached under `S.split_panel_blur`
slideshow-banner,overlay_color,dead,GATED-SIBLING,REQUIRES LIVE VERIFICATION,,section renders nearly empty; nothing on the page to affect (rig #30),only reached under `S.autoplay`
slideshow-banner,overlay_opacity,dead,GATED-SIBLING,REQUIRES LIVE VERIFICATION,,section renders nearly empty; nothing on the page to affect (rig #30),only reached under `S.autoplay`
slideshow-banner,split_panel_bg,dead,DEAD,REQUIRES LIVE VERIFICATION,,section renders nearly empty; nothing on the page to affect (rig #30),"referenced and reachable, yet no option changed the rendered page"
slideshow-banner,split_panel_border_color,dead,GATED-SIBLING,REQUIRES LIVE VERIFICATION,,section renders nearly empty; nothing on the page to affect (rig #30),only reached under `S.split_panel_blur`
slideshow-banner,subheading_color_global,dead,GATED-SIBLING,REQUIRES LIVE VERIFICATION,,section renders nearly empty; nothing on the page to affect (rig #30),only reached under `S.split_panel_blur`
slideshow-banner,subheading_size_global,placement,GATED-SIBLING,REQUIRES LIVE VERIFICATION,,section renders nearly empty; nothing on the page to affect (rig #30),only reached under `S.split_panel_blur`
social-media-instagram-basic-feed,aspect_ratio,placement,DEAD,REQUIRES LIVE VERIFICATION,,"inert offline, but the element this setting controls needs merchant or Shopify data to render; mechanism cannot be proven from the code alone","referenced and reachable, yet no option changed the rendered page"
social-media-instagram-basic-feed,hover_overlay_icon,placement,GATED-SIBLING,REQUIRES LIVE VERIFICATION,,"inert offline, but the element this setting controls needs merchant or Shopify data to render; mechanism cannot be proven from the code alone",only reached under `s.open_in_new_tab`
social-media-instagram-basic-feed,open_in_new_tab,dead,GATED-SIBLING,REQUIRES LIVE VERIFICATION,,"inert offline, but the element this setting controls needs merchant or Shopify data to render; mechanism cannot be proven from the code alone",only reached under `s.enable_section or request.design_mode`
social-media-instagram-basic-feed,show_captions,dead,GATED-SIBLING,REQUIRES LIVE VERIFICATION,,"inert offline, but the element this setting controls needs merchant or Shopify data to render; mechanism cannot be proven from the code alone",only reached under `s.enable_section or request.design_mode`
social-media-micro-post-strip,open_links_in_new_tab,dead,GATED-SIBLING,REQUIRES LIVE VERIFICATION,,"inert offline, but the element this setting controls needs merchant or Shopify data to render; mechanism cannot be proven from the code alone",only reached under `s.show_platform_badge`
social-media-short-video-rail,aspect_ratio,placement,DEAD,REQUIRES LIVE VERIFICATION,,"inert offline, but the element this setting controls needs merchant or Shopify data to render; mechanism cannot be proven from the code alone","referenced and reachable, yet no option changed the rendered page"
social-media-short-video-rail,card_style,placement,GATED-SIBLING,REQUIRES LIVE VERIFICATION,,"inert offline, but the element this setting controls needs merchant or Shopify data to render; mechanism cannot be proven from the code alone",only reached under `s.enable_section or request.design_mode`
social-media-short-video-rail,max_items,dead,GATED-SIBLING,REQUIRES LIVE VERIFICATION,,"inert offline, but the element this setting controls needs merchant or Shopify data to render; mechanism cannot be proven from the code alone",only reached under `s.enable_section or request.design_mode`
social-media-short-video-rail,show_cta,dead,GATED-SIBLING,REQUIRES LIVE VERIFICATION,,"inert offline, but the element this setting controls needs merchant or Shopify data to render; mechanism cannot be proven from the code alone",only reached under `s.enable_section or request.design_mode`
social-media-short-video-rail,show_labels,dead,GATED-SIBLING,REQUIRES LIVE VERIFICATION,,"inert offline, but the element this setting controls needs merchant or Shopify data to render; mechanism cannot be proven from the code alone",only reached under `s.enable_section or request.design_mode`
social-media-social-icons,open_in_new_tab,dead,GATED-SIBLING,REQUIRES LIVE VERIFICATION,,"inert offline, but the element this setting controls needs merchant or Shopify data to render; mechanism cannot be proven from the code alone",only reached under `s.hide_text`
social-media-ugc-hashtag-gallery,aspect_ratio,placement,GATED-SIBLING,REQUIRES LIVE VERIFICATION,,section renders thin; nothing on the page to affect (rig #30),only reached under `s.heading != blank`
social-media-ugc-hashtag-gallery,open_in_new_tab,dead,GATED-MULTI,REQUIRES LIVE VERIFICATION,,section renders thin; nothing on the page to affect (rig #30),needs more than one condition true at once: `s.kicker != blank or s.heading != blank or s.body != blank`
social-media-youtube-grid,open_in_new_tab,dead,GATED-SIBLING,REQUIRES LIVE VERIFICATION,,"inert offline, but the element this setting controls needs merchant or Shopify data to render; mechanism cannot be proven from the code alone",only reached under `s.enable_section`
social-media-youtube-grid,show_description,dead,GATED-SIBLING,REQUIRES LIVE VERIFICATION,,"inert offline, but the element this setting controls needs merchant or Shopify data to render; mechanism cannot be proven from the code alone",only reached under `s.open_in_new_tab`
social-media-youtube-grid,show_platform_badge,dead,GATED-SIBLING,REQUIRES LIVE VERIFICATION,,"inert offline, but the element this setting controls needs merchant or Shopify data to render; mechanism cannot be proven from the code alone",only reached under `s.heading != blank`
social-media-youtube-grid,show_tag,dead,GATED-SIBLING,REQUIRES LIVE VERIFICATION,,"inert offline, but the element this setting controls needs merchant or Shopify data to render; mechanism cannot be proven from the code alone",only reached under `s.open_in_new_tab`
social-media-youtube-grid,show_watch_label,dead,GATED-SIBLING,REQUIRES LIVE VERIFICATION,,"inert offline, but the element this setting controls needs merchant or Shopify data to render; mechanism cannot be proven from the code alone",only reached under `s.open_in_new_tab`
special-offers-banner,split_ratio,placement,DEAD,REQUIRES LIVE VERIFICATION,,"inert offline, but the element this setting controls needs merchant or Shopify data to render; mechanism cannot be proven from the code alone","referenced and reachable, yet no option changed the rendered page"
split-banner,mobile_overlay_color,dead,DEAD,REQUIRES LIVE VERIFICATION,,"inert offline, but the element this setting controls needs merchant or Shopify data to render; mechanism cannot be proven from the code alone","referenced and reachable, yet no option changed the rendered page"
split-banner,mobile_overlay_opacity,dead,DEAD,REQUIRES LIVE VERIFICATION,,"inert offline, but the element this setting controls needs merchant or Shopify data to render; mechanism cannot be proven from the code alone","referenced and reachable, yet no option changed the rendered page"
split-content-dynamic,mobile_overlay_color,dead,GATED-SIBLING,REQUIRES LIVE VERIFICATION,,"inert offline, but the element this setting controls needs merchant or Shopify data to render; mechanism cannot be proven from the code alone",only reached under `s.kicker_size == 'base'`
split-content-dynamic,mobile_overlay_opacity,dead,GATED-SIBLING,REQUIRES LIVE VERIFICATION,,"inert offline, but the element this setting controls needs merchant or Shopify data to render; mechanism cannot be proven from the code alone",only reached under `s.kicker_size == 'base'`
standout-hero-banner,left_bg_color,dead,GATED-SIBLING,REQUIRES LIVE VERIFICATION,,"inert offline, but the element this setting controls needs merchant or Shopify data to render; mechanism cannot be proven from the code alone",only reached under `layout == 'split-60-40'`
standout-hero-banner,left_overlay_color,dead,GATED-SIBLING,REQUIRES LIVE VERIFICATION,,"inert offline, but the element this setting controls needs merchant or Shopify data to render; mechanism cannot be proven from the code alone",only reached under `layout == 'split-60-40'`
standout-hero-banner,left_overlay_opacity,dead,GATED-SIBLING,REQUIRES LIVE VERIFICATION,,"inert offline, but the element this setting controls needs merchant or Shopify data to render; mechanism cannot be proven from the code alone",only reached under `layout == 'split-60-40'`
standout-hero-banner,right_bg_color,dead,GATED-SIBLING,REQUIRES LIVE VERIFICATION,,"inert offline, but the element this setting controls needs merchant or Shopify data to render; mechanism cannot be proven from the code alone",only reached under `layout == 'split-60-40'`
standout-hero-banner,right_overlay_color,dead,GATED-SIBLING,REQUIRES LIVE VERIFICATION,,"inert offline, but the element this setting controls needs merchant or Shopify data to render; mechanism cannot be proven from the code alone",only reached under `layout == 'split-60-40'`
standout-hero-banner,right_overlay_opacity,dead,GATED-SIBLING,REQUIRES LIVE VERIFICATION,,"inert offline, but the element this setting controls needs merchant or Shopify data to render; mechanism cannot be proven from the code alone",only reached under `layout == 'split-60-40'`
standout-hero-banner,stack_on_mobile,dead,GATED-SIBLING,REQUIRES LIVE VERIFICATION,,"inert offline, but the element this setting controls needs merchant or Shopify data to render; mechanism cannot be proven from the code alone",only reached under `layout == 'split-60-40'`
sub-banner-breadcrumb,plain_pad_y_desktop,dead,DEAD,REQUIRES LIVE VERIFICATION,,"inert offline, but the element this setting controls needs merchant or Shopify data to render; mechanism cannot be proven from the code alone","referenced and reachable, yet no option changed the rendered page"
sub-banner-breadcrumb,plain_pad_y_mobile,dead,DEAD,REQUIRES LIVE VERIFICATION,,"inert offline, but the element this setting controls needs merchant or Shopify data to render; mechanism cannot be proven from the code alone","referenced and reachable, yet no option changed the rendered page"
sub-banner-breadcrumb,simple_mode,dead,DEAD,REQUIRES LIVE VERIFICATION,,"inert offline, but the element this setting controls needs merchant or Shopify data to render; mechanism cannot be proven from the code alone","referenced and reachable, yet no option changed the rendered page"
sub-banner-classic,background_color,dead,GATED-SIBLING,REQUIRES LIVE VERIFICATION,,"inert offline, but the element this setting controls needs merchant or Shopify data to render; mechanism cannot be proven from the code alone",only reached under `s.background_image != blank`
sub-banner-classic,grad_angle,dead,GATED-MULTI,REQUIRES LIVE VERIFICATION,,"inert offline, but the element this setting controls needs merchant or Shopify data to render; mechanism cannot be proven from the code alone",needs more than one condition true at once: `s.use_slideshow and section.blocks.size > 0`
sub-banner-classic,grad_end,dead,GATED-MULTI,REQUIRES LIVE VERIFICATION,,"inert offline, but the element this setting controls needs merchant or Shopify data to render; mechanism cannot be proven from the code alone",needs more than one condition true at once: `s.use_slideshow and section.blocks.size > 0`
sub-banner-classic,grad_start,dead,GATED-MULTI,REQUIRES LIVE VERIFICATION,,"inert offline, but the element this setting controls needs merchant or Shopify data to render; mechanism cannot be proven from the code alone",needs more than one condition true at once: `s.use_slideshow and section.blocks.size > 0`
sub-banner-classic,grad_start_opacity,dead,GATED-MULTI,REQUIRES LIVE VERIFICATION,,"inert offline, but the element this setting controls needs merchant or Shopify data to render; mechanism cannot be proven from the code alone",needs more than one condition true at once: `s.use_slideshow and section.blocks.size > 0`
sub-banner-classic,heading_alignment,placement,DEAD,REQUIRES LIVE VERIFICATION,,"inert offline, but the element this setting controls needs merchant or Shopify data to render; mechanism cannot be proven from the code alone","referenced and reachable, yet no option changed the rendered page"
sub-banner-classic,min_height_mobile,placement,GATED-SIBLING,REQUIRES LIVE VERIFICATION,,"inert offline, but the element this setting controls needs merchant or Shopify data to render; mechanism cannot be proven from the code alone",only reached under `s.min_height == 'min-h-[50vh]'`
sub-banner-classic,min_height_tablet,placement,GATED-SIBLING,REQUIRES LIVE VERIFICATION,,"inert offline, but the element this setting controls needs merchant or Shopify data to render; mechanism cannot be proven from the code alone",only reached under `s.min_height == 'min-h-[50vh]'`
sub-banner-modern,grad_angle,dead,GATED-SIBLING,REQUIRES LIVE VERIFICATION,,"inert offline, but the element this setting controls needs merchant or Shopify data to render; mechanism cannot be proven from the code alone",only reached under `s.enable_overlap`
sub-banner-modern,grad_end,dead,GATED-SIBLING,REQUIRES LIVE VERIFICATION,,"inert offline, but the element this setting controls needs merchant or Shopify data to render; mechanism cannot be proven from the code alone",only reached under `s.enable_overlap`
sub-banner-modern,grad_start,dead,GATED-SIBLING,REQUIRES LIVE VERIFICATION,,"inert offline, but the element this setting controls needs merchant or Shopify data to render; mechanism cannot be proven from the code alone",only reached under `s.enable_overlap`
sub-banner-modern,overlay_color,dead,GATED-SIBLING,REQUIRES LIVE VERIFICATION,,"inert offline, but the element this setting controls needs merchant or Shopify data to render; mechanism cannot be proven from the code alone",only reached under `s.enable_overlap`
sub-banner-split,grad_angle,dead,GATED-SIBLING,REQUIRES LIVE VERIFICATION,,"inert offline, but the element this setting controls needs merchant or Shopify data to render; mechanism cannot be proven from the code alone",only reached under `s.enable_overlap`
sub-banner-split,grad_end,dead,GATED-SIBLING,REQUIRES LIVE VERIFICATION,,"inert offline, but the element this setting controls needs merchant or Shopify data to render; mechanism cannot be proven from the code alone",only reached under `s.enable_overlap`
sub-banner-split,grad_start,dead,GATED-SIBLING,REQUIRES LIVE VERIFICATION,,"inert offline, but the element this setting controls needs merchant or Shopify data to render; mechanism cannot be proven from the code alone",only reached under `s.enable_overlap`
sub-banner-split,overlay_color,dead,GATED-SIBLING,REQUIRES LIVE VERIFICATION,,"inert offline, but the element this setting controls needs merchant or Shopify data to render; mechanism cannot be proven from the code alone",only reached under `s.enable_overlap`
sub-banner-transparent,arrow_bg,dead,DEAD,REQUIRES LIVE VERIFICATION,,"inert offline, but the element this setting controls needs merchant or Shopify data to render; mechanism cannot be proven from the code alone","referenced and reachable, yet no option changed the rendered page"
sub-banner-transparent,arrow_bg_opacity,dead,DEAD,REQUIRES LIVE VERIFICATION,,"inert offline, but the element this setting controls needs merchant or Shopify data to render; mechanism cannot be proven from the code alone","referenced and reachable, yet no option changed the rendered page"
sub-banner-transparent,arrow_color,dead,DEAD,REQUIRES LIVE VERIFICATION,,"inert offline, but the element this setting controls needs merchant or Shopify data to render; mechanism cannot be proven from the code alone","referenced and reachable, yet no option changed the rendered page"
sub-banner-transparent,arrow_size,dead,DEAD,REQUIRES LIVE VERIFICATION,,"inert offline, but the element this setting controls needs merchant or Shopify data to render; mechanism cannot be proven from the code alone","referenced and reachable, yet no option changed the rendered page"
sub-banner-transparent,cta_btn_hover_opacity,dead,DEAD,REQUIRES LIVE VERIFICATION,,"inert offline, but the element this setting controls needs merchant or Shopify data to render; mechanism cannot be proven from the code alone","referenced and reachable, yet no option changed the rendered page"
sub-banner-transparent,dot_active_color,dead,DEAD,REQUIRES LIVE VERIFICATION,,"inert offline, but the element this setting controls needs merchant or Shopify data to render; mechanism cannot be proven from the code alone","referenced and reachable, yet no option changed the rendered page"
sub-banner-transparent,dot_color,dead,DEAD,REQUIRES LIVE VERIFICATION,,"inert offline, but the element this setting controls needs merchant or Shopify data to render; mechanism cannot be proven from the code alone","referenced and reachable, yet no option changed the rendered page"
sub-banner-transparent,nav_arrows,dead,DEAD,REQUIRES LIVE VERIFICATION,,"inert offline, but the element this setting controls needs merchant or Shopify data to render; mechanism cannot be proven from the code alone","referenced and reachable, yet no option changed the rendered page"
sub-banner-transparent,nav_dots,dead,DEAD,REQUIRES LIVE VERIFICATION,,"inert offline, but the element this setting controls needs merchant or Shopify data to render; mechanism cannot be proven from the code alone","referenced and reachable, yet no option changed the rendered page"
sub-banner-web3,slide_autoplay,dead,DEAD,REQUIRES LIVE VERIFICATION,,"inert offline, but the element this setting controls needs merchant or Shopify data to render; mechanism cannot be proven from the code alone","referenced and reachable, yet no option changed the rendered page"
sub-banner-web3,slide_interval,dead,GATED-MULTI,REQUIRES LIVE VERIFICATION,,"inert offline, but the element this setting controls needs merchant or Shopify data to render; mechanism cannot be proven from the code alone",needs more than one condition true at once: `is_slideshow and s.slide_autoplay and respect_rm == false`
transparent-hero-banner,arrow_bg,overridden,OVERRIDDEN,REQUIRES LIVE VERIFICATION,,section renders nearly empty; nothing on the page to affect (rig #30),token is consumed by a base rule yet nothing changes; specificity or a later declaration wins
transparent-hero-banner,arrow_bg_opacity,overridden,OVERRIDDEN,REQUIRES LIVE VERIFICATION,,section renders nearly empty; nothing on the page to affect (rig #30),token is consumed by a base rule yet nothing changes; specificity or a later declaration wins
transparent-hero-banner,arrow_color,overridden,OVERRIDDEN,REQUIRES LIVE VERIFICATION,,section renders nearly empty; nothing on the page to affect (rig #30),token is consumed by a base rule yet nothing changes; specificity or a later declaration wins
transparent-hero-banner,arrow_size,overridden,OVERRIDDEN,REQUIRES LIVE VERIFICATION,,section renders nearly empty; nothing on the page to affect (rig #30),token is consumed by a base rule yet nothing changes; specificity or a later declaration wins
transparent-hero-banner,autoplay_delay_ms,dead,DEAD,REQUIRES LIVE VERIFICATION,,section renders nearly empty; nothing on the page to affect (rig #30),"referenced and reachable, yet no option changed the rendered page"
transparent-hero-banner,dot_color,overridden,OVERRIDDEN,REQUIRES LIVE VERIFICATION,,section renders nearly empty; nothing on the page to affect (rig #30),token is consumed by a base rule yet nothing changes; specificity or a later declaration wins
transparent-hero-banner,eager_load_first,dead,GATED-MULTI,REQUIRES LIVE VERIFICATION,,section renders nearly empty; nothing on the page to affect (rig #30),needs more than one condition true at once: `s.enable_header_overlap and request.design_mode`
transparent-hero-banner,enable_header_overlap,dead,DEAD,REQUIRES LIVE VERIFICATION,,section renders nearly empty; nothing on the page to affect (rig #30),"referenced and reachable, yet no option changed the rendered page"
transparent-hero-banner,nav_arrows,dead,DEAD,REQUIRES LIVE VERIFICATION,,section renders nearly empty; nothing on the page to affect (rig #30),"referenced and reachable, yet no option changed the rendered page"
transparent-hero-banner,nav_dots,dead,DEAD,REQUIRES LIVE VERIFICATION,,section renders nearly empty; nothing on the page to affect (rig #30),"referenced and reachable, yet no option changed the rendered page"
web3-hero-banner,--neon,orphan,DEAD-TOKEN,REQUIRES LIVE VERIFICATION,,section renders nearly empty; nothing on the page to affect (rig #30),--neon is declared and read by no CSS rule
