Type,Component,File,Family,Dependencies,CSS Asset,JS Asset,Consumers,Schema Valid,Settings Reviewed,Preset Reviewed,Responsive Reviewed,Accessibility Reviewed,Multi-Instance Reviewed,Theme Editor Reviewed,Theme Check Reviewed,Final Disposition,Changes,Live Verification Needed,Notes
sections,3rd-party-affiliate-program-cta,sections/3rd-party-affiliate-program-cta.liquid,7 Social / Third Party / Utilities,,,,,YES,SOURCE/ACTUAL 106 independent combined preset/settings/color/zero/native-link/empty cases PASS,"ACTUAL each saved schema preset rendered; new insertion copy neutralized, merchant state preserved","SOURCE bounded containers/cards/grids/buttons/long labels, logical reading direction and mobile alignment; pixels/RTL pending","SOURCE/DOM native labelled links/heading/list structure, safe copy, icon fallback/decorative semantics, focus-visible/reduced motion and custom-accent contrast; AT pending","ACTUAL independent IDs and all inline CSS scoped per instance, including opposing Rewards alignment/mobile-width settings PASS","SOURCE/DOM disabled/empty guidance, native block attributes, no JS/listener lifecycle PASS; actual editor pending","CLI 4.8.0 exits 1: 513 diagnostics (7 errors/506 warnings); one existing naming warning removed; both hosts parse natively. B7-FINAL full CLI 4.8.0 exits 1: 499 total (5 errors/494 warnings), 0 errors/18 retained warnings in Family 7; unsuppressed.",REQUIRES LIVE VERIFICATION,Connect actual surface/color/font/container/button tokens; count only visible enabled block types; escape native URLs; bounded long labels/badges and logical alignment; disabled/empty editor guidance; neutral new-insertion program terms without payout promises.,"B7-PROGRAM-CTAS after Batch 9: saved presets/settings/copy and real affiliate/rewards service links; actual commission/reward program integration and truthful terms outside this theme; shared theme/dark/custom surfaces and contrast, native sprite loading, 1440/1280/768/390/320px/zoom/long text/RTL/keyboard/AT/no-JS and editor insertion/reordering/blank-block selection.","tests/phase4/program-ctas.cjs; validation/batch7-program-ctas. Both hosts are content/native links only, with no tracking, reward issuance or external service implementation. Explicit Liquid/DOM/color/CSS adapters, not browser/Shopify/provider certification. Existing contrast helper and five literal sprite symbols reused without granting Batch 9 asset/helper closure. B7-FINAL engineering closure 2026-09-22: all 75 family entries reconciled; final evidence validation/batch7-engineering-closure. Existing live queues remain after Batch 9."
sections,3rd-party-bulk-ordering,sections/3rd-party-bulk-ordering.liquid,7 Social / Third Party / Utilities,,forms-sections.css,frontend-form-logic.js,,YES,SOURCE + 116 actual settings/routing/field/state cases PASS,ACTUAL default insertion and configured/unconfigured states PASS,SOURCE bounded grids/control widths/wrapping; pixels/RTL pending,SOURCE/DOM native labels/required validation/error associations/focus/conditional fields; AT pending,ACTUAL two hosts + duplicate assets/controllers + condition/payload isolation PASS,LOAD/UNLOAD/RELOAD and disabled/unconfigured field guidance fixtures PASS; real editor pending,"CLI 4.8.0 exits 1; unsuppressed comparison in batch7-lead-order-forms; native Liquid parse PASS B7-FINAL full CLI 4.8.0 exits 1: 499 total (5 errors/494 warnings), 0 errors/18 retained warnings in Family 7; unsuppressed.",REQUIRES LIVE VERIFICATION,"Connected existing scoped form controller; native no-JS validation and Shopify captcha; configured external endpoint validation without fake contact fallback; native success return path and external success link; complete labels/error associations; reserved/duplicate custom keys protected; progressive PO fields; independent CSS, actual width/divider/fonts and bounded layout. Recipient field is metadata, not notification routing.","B7-LEAD-ORDER-FORMS after Batch 9: actual Shopify contact notification/return path/captcha and CRM parameter/method/consent/server-side captcha processing; no-JS, all saved controls and custom fields, mixed form styles, responsive/RTL/zoom/contrast/keyboard/AT and real editor lifecycle. External success/lead/order processing is owned by the configured provider.",116 dedicated actual-host cases plus existing forms controller and 196 shared-CSS cases. Native form/image/handleize/DOM adapters are not Shopify/CRM/browser certification. Shared controller and stylesheet source remain unchanged. B7-FINAL engineering closure 2026-09-22: all 75 family entries reconciled; final evidence validation/batch7-engineering-closure. Existing live queues remain after Batch 9.
sections,3rd-party-crm-form-funnel-embed,sections/3rd-party-crm-form-funnel-embed.liquid,7 Social / Third Party / Utilities,,,,,YES,SOURCE + ACTUAL independent settings/empty/consumer fixtures PASS,ACTUAL insertion fixtures PASS; live pending,"SOURCE bounded layouts, long text and logical alignment; browser pixels/RTL pending",SOURCE/DOM native labels/links/focus; browser/AT pending,ACTUAL two-instance identities and scoped CSS PASS,SOURCE native block metadata and editor-only guidance; actual insert/reorder/reload pending,"CLI 4.8.0 exits 1: 508 diagnostics (7 errors/501 warnings), unchanged; both changed Liquid parses PASS B7-FINAL full CLI 4.8.0 exits 1: 499 total (5 errors/494 warnings), 0 errors/18 retained warnings in Family 7; unsuppressed.",REQUIRES LIVE VERIFICATION,"Preserve exact raw provider HTML; hide known legacy placeholders and empty storefront hosts; content-aware split, blank block guards and editor selection; actual surface/width/font/align controls, scrollable widget with native focus and configurable iframe minimum heights; scoped CSS and neutral defaults.","B7-PROVIDER-EMBEDS after Batch 9: each actual saved snippet/provider setup, iframe title and internal accessibility, transport/confirmation/captcha/resizing, consent/network restrictions and no-JS/help fallback; independent/mixed instances and editor insertion/unload/reload; 1440/1280/768/390/320px/zoom/long text/RTL, minimum heights, horizontal keyboard scroll and actual theme/contrast.",64 actual settings/raw-code/legacy-placeholder/block/link/multiple-instance cases; validation/batch7-provider-embeds. Merchant-owned scripts and HTML are deliberately not sanitized or re-executed by a universal controller. Schema labels embed_type as descriptive metadata. Native iframe height attributes preserved; CSS minima are explicit controls. No provider or Shopify certification. B7-FINAL engineering closure 2026-09-22: all 75 family entries reconciled; final evidence validation/batch7-engineering-closure. Existing live queues remain after Batch 9.
sections,3rd-party-crm-lead-capture-form,sections/3rd-party-crm-lead-capture-form.liquid,7 Social / Third Party / Utilities,,forms-sections.css,frontend-form-logic.js,,YES,SOURCE + 116 actual settings/routing/field/state cases PASS,ACTUAL default insertion and configured/unconfigured states PASS,SOURCE bounded grids/control widths/wrapping; pixels/RTL pending,SOURCE/DOM native labels/required validation/error associations/focus/conditional fields; AT pending,ACTUAL two hosts + duplicate assets/controllers + condition/payload isolation PASS,LOAD/UNLOAD/RELOAD and disabled/unconfigured field guidance fixtures PASS; real editor pending,"CLI 4.8.0 exits 1; unsuppressed comparison in batch7-lead-order-forms; native Liquid parse PASS B7-FINAL full CLI 4.8.0 exits 1: 499 total (5 errors/494 warnings), 0 errors/18 retained warnings in Family 7; unsuppressed.",REQUIRES LIVE VERIFICATION,"Connected existing scoped controller; unconfigured endpoints no longer submit to the current page or example.com; exact configured method/parameter contract, provider-specific captcha key, real newline select options, unnamed metadata guidance, native required labels and validation, actual width/card/stacked/alignment controls, neutral insertion copy and scoped styles.","B7-LEAD-ORDER-FORMS after Batch 9: actual Shopify contact notification/return path/captcha and CRM parameter/method/consent/server-side captcha processing; no-JS, all saved controls and custom fields, mixed form styles, responsive/RTL/zoom/contrast/keyboard/AT and real editor lifecycle. External success/lead/order processing is owned by the configured provider.",116 dedicated actual-host cases plus existing forms controller and 196 shared-CSS cases. Native form/image/handleize/DOM adapters are not Shopify/CRM/browser certification. Shared controller and stylesheet source remain unchanged. B7-FINAL engineering closure 2026-09-22: all 75 family entries reconciled; final evidence validation/batch7-engineering-closure. Existing live queues remain after Batch 9.
sections,3rd-party-dropshipping-logo-carousel,sections/3rd-party-dropshipping-logo-carousel.liquid,7 Social / Third Party / Utilities,,,3rd-party-partner-logos.js,,YES,SOURCE + ACTUAL independent settings/empty/consumer fixtures PASS,ACTUAL insertion fixtures PASS; live pending,"SOURCE bounded layouts, long text and logical alignment; browser pixels/RTL pending","SOURCE/DOM native lists/links, hidden inert noninteractive clones, native scroll focus, explicit stop and mandatory system reduced-motion pause; AT pending","ACTUAL two-instance motion independence, duplicate boot/load, visibility/focus/motion/resize and unload/reload PASS",ACTUAL static editor initialization and scoped cleanup/reload PASS; native block metadata and empty block guidance retained; real editor pending,"CLI 4.8.0 exits 1: 508 diagnostics (7 errors/501 warnings), unchanged; native Liquid parse PASS B7-FINAL full CLI 4.8.0 exits 1: 499 total (5 errors/494 warnings), 0 errors/18 retained warnings in Family 7; unsuppressed.",REQUIRES LIVE VERIFICATION,"Count only meaningful storefront logos; empty/header-only guards and editor placeholders; real theme width/font/surface tokens and bounded grid/tiles; escaped links and native image alt fallback; scoped marquee groups with inert noninteractive clones, native scroll fallback and explicit motion stop control; neutral insertion copy.","B7-PARTNER-LOGOS after Batch 9: actual logos and truthful brand relationships, every saved setting/preset/layout, native LTR/RTL strip scrolling and full-gap marquee wrap, motion stopping into browsable static originals, touch/focus/hover/manual stop/reduced motion/offscreen/tab visibility, no-JS, theme/custom contrast and 1440/1280/768/390/320px/zoom/long text/AT, actual editor add/reorder/select/unload/reload.","57 independent actual source and runtime cases; validation/batch7-partner-logos. Timers, viewport geometry, media query, intersection and resize observers are explicit adapters, not pixel/native-scroll certification. Autoplay always honors system reduced motion; the retained respect_reduced_motion setting additionally controls decorative hover transitions. No protected Batch 4 or previous host source changed. B7-FINAL engineering closure 2026-09-22: all 75 family entries reconciled; final evidence validation/batch7-engineering-closure. Existing live queues remain after Batch 9."
sections,3rd-party-marketing-funnel-cta-strip,sections/3rd-party-marketing-funnel-cta-strip.liquid,7 Social / Third Party / Utilities,,,,templates/index.json;templates/page.dynamic-section-test.json,YES,SOURCE/ACTUAL 127 independent combined settings/preset/link/variant/color/zero/logo/empty cases PASS,"ACTUAL both presets; neutral new-insertion provider copy/links, saved merchant state preserved",SOURCE bounded controls/cards/grid/container/long labels and logical alignment; real widths/RTL pending,"SOURCE/DOM native labelled escaped links, informative/decorative logo distinction, stable heading/list semantics, focus-visible/reduced motion and custom accent contrast; AT pending",ACTUAL independent IDs and every inline rule scoped to its own instance PASS,SOURCE/DOM disabled/empty guidance and native block metadata; no JS lifecycle; actual editor pending,"CLI 4.8.0 exits 1: 508 diagnostics (7 errors/501 warnings); four naming/one unused assignment warnings removed; both hosts parse natively. B7-FINAL full CLI 4.8.0 exits 1: 499 total (5 errors/494 warnings), 0 errors/18 retained warnings in Family 7; unsuppressed.",REQUIRES LIVE VERIFICATION,"Remove invented page destinations; independently scoped native links/targets, actual inherited/explicit size and variant styling with preserved custom color controls, theme surfaces/fonts/max width, bounded responsive layout and focus/reduced motion; omit empty content/actions and retain editor guidance; neutral new provider copy.","B7-FUNNEL-PROVIDERS after Batch 9: real saved layouts/settings/destinations and actual connected provider claims; all inherited/custom button variants/colors, theme/dark surfaces, real logos/contrast, 1440/1280/768/390/320px/zoom/long text/RTL/keyboard/AT/no-JS and editor add/remove/reorder/empty blocks.","tests/phase4/funnel-powered.cjs; validation/batch7-funnel-providers. These are native content/link hosts, not service installers or tracking/automation implementations. Explicit Liquid/DOM/CSS/color/image adapters are not Shopify/provider/AT/pixel certification. Existing contrast helper remains separately pending Batch 9 closure. B7-FINAL engineering closure 2026-09-22: all 75 family entries reconciled; final evidence validation/batch7-engineering-closure. Existing live queues remain after Batch 9."
sections,3rd-party-metaobject-supplier,sections/3rd-party-metaobject-supplier.liquid,7 Social / Third Party / Utilities,snippets/card-product.liquid;snippets/contrast-text.liquid,card-product.css,,,YES,SOURCE + ACTUAL independent settings/source/field/card fixtures PASS,ACTUAL insertion fixtures PASS; live pending,"SOURCE bounded grid/carousel/hero, long text and logical chip positions; pixels/RTL pending","SOURCE/DOM native links/lists/headings, escaped copy, visible focus and reduced motion; AT pending",ACTUAL two-instance identities and scoped CSS PASS,"SOURCE native mapping metadata, empty/no-context guidance; live insert/reorder/select pending","CLI 4.8.0 exits 1: 508 diagnostics (7 errors/501 warnings), unchanged; all changed Liquid parses natively B7-FINAL full CLI 4.8.0 exits 1: 499 total (5 errors/494 warnings), 0 errors/18 retained warnings in Family 7; unsuppressed.",REQUIRES LIVE VERIFICATION,"Native named metaobject fields, typed rich text/text/list/logo, fallback/explicit catalog selection, empty and label/destination guards, editor-only setup; no duplicate banner landmark; conditional logo columns, actual inline padding and theme/custom tokens, scoped buttons/focus/motion, clamped zero radius and shared card styles.","B7-WAREHOUSE-SUPPLIER after Batch 9: native published metaobject fields/access/webpage capability, collection picks/legacy handles, warehouse mapping precedence and block selection, curated group labels versus actual fulfillment, products/variants/presentment currency, all saved controls and theme/custom contrast, 1440/1280/768/390/320px/zoom/long text/RTL/keyboard/AT/no-JS, editor insertion/reorder/unload/reload.",128 independent actual host/card fixture cases. Evidence: validation/batch7-warehouse-supplier. Native Liquid/field/image/money/color/DOM adapters do not certify Shopify or layout. Warehouse legacy global mapping keys have no schema; new section mapping blocks supply real configuration without touching merchant state. Supplier accepts custom definition types by documented field contract. B7-FINAL engineering closure 2026-09-22: all 75 family entries reconciled; final evidence validation/batch7-engineering-closure. Existing live queues remain after Batch 9.
sections,3rd-party-order-tracking,sections/3rd-party-order-tracking.liquid,7 Social / Third Party / Utilities,,,3rd-party-order-tracking.js,,YES,SOURCE + 123 actual independent tracking/region setting/data/routing cases PASS,ACTUAL default/empty/configured states PASS,SOURCE bounded containers/inputs/layouts/text and zero-radius guards; browser/RTL pending,"SOURCE/DOM native labels/links/errors, keyboard focus and unavailable states; AT pending","ACTUAL separate roots, encoded URLs, duplicate asset boot, unload/reload PASS",SCOPED load/unload/reload and configuration/empty guidance PASS; real editor pending,"CLI 4.8.0 exits 1; full unsuppressed evidence in batch7-tracking-regions; native parse PASS B7-FINAL full CLI 4.8.0 exits 1: 499 total (5 errors/494 warnings), 0 errors/18 retained warnings in Family 7; unsuppressed.",REQUIRES LIVE VERIFICATION,"Removed invented destinations; complete no-JS help links and honest configuration states; hidden-until-ready native form with labels/errors; actual tokens, bounded layouts, escaped links and neutral provider guidance. All settings retained.","B7-TRACKING-REGIONS after Batch 9: configured real help/provider destinations and popup/browser navigation; native Markets country and published metaobject fields, product/cart messaging and checkout truthfulness; all settings, icons, theme/custom contrast, responsive/RTL/zoom/no-JS/keyboard/AT and editor lifecycle. Theme does not retrieve status or enforce shipping eligibility.",123 source/Liquid/DOM/URL cases. q-icon is an existing Batch 5 live-queued dependency; its actual Lucide symbol IDs were checked for default status icons. General sprite closure remains Batch 9. Native Shopify/image/URL/navigation fixtures are explicit adapters; not provider/browser certification. B7-FINAL engineering closure 2026-09-22: all 75 family entries reconciled; final evidence validation/batch7-engineering-closure. Existing live queues remain after Batch 9.
sections,3rd-party-partner-fulfillment-strip,sections/3rd-party-partner-fulfillment-strip.liquid,7 Social / Third Party / Utilities,,,,,YES,SOURCE/ACTUAL 114 combined independent preset/settings/collection/filter/price/media/timeline/empty cases PASS,"ACTUAL both presets; neutral new-insertion delivery copy/estimates, saved merchant state untouched","SOURCE bounded grid/strip/carousel/cards/long labels, logical positioning and horizontal-to-vertical timeline; pixels/RTL pending","SOURCE/DOM native list/heading/link/media semantics, labelled scroll focus, sequential visible step names and focus outlines; AT pending",ACTUAL unique IDs and all inline CSS selectors scoped to each host PASS,SOURCE/DOM disabled/empty/source/sort guidance and native step block metadata; no JS listeners; actual editor pending,"CLI 4.8.0 exits 1: 508 diagnostics (7 errors/501 warnings), unchanged; both hosts parse natively. B7-FINAL full CLI 4.8.0 exits 1: 499 total (5 errors/494 warnings), 0 errors/18 retained warnings in Family 7; unsuppressed.",REQUIRES LIVE VERIFICATION,"Native collection object/legacy-handle resolution; strict tag matching in an explicit first-50 preview with no unrelated fallback; native tagged/sorted collection link, documented collection-order Best selling alias; same-variant price/compare/link, escaped URLs/alt, independent logo/name, bounded scoped grids/carousel/focus/theme tokens and neutral new delivery copy.","B7-PARTNER-SHIPPING after Batch 9: saved collection/meta settings, actual tag case/handle/native redirects and catalog beyond the preview, collection default Best selling/native sort and presentment-currency/variant links/prices; truthful partner and current delivery copy, all timeline modes/markers/colors/zero/blank steps; 1440/1280/768/390/320px/zoom/long text/RTL/touch/keyboard/AT/no-JS and editor insertion/reordering/selection.","tests/phase4/partner-shipping.cjs; validation/batch7-partner-shipping. Explicit native Liquid/DOM/image/money/color/handleize adapters, not Shopify sorting/currency/AT/pixel certification. The preview is capped at 50 native products; Best selling uses configured collection order, not invented sales data. Both components are static merchandising/content, not fulfillment/shipping integrations. No protected B4 source changed. B7-FINAL engineering closure 2026-09-22: all 75 family entries reconciled; final evidence validation/batch7-engineering-closure. Existing live queues remain after Batch 9."
sections,3rd-party-powered-by,sections/3rd-party-powered-by.liquid,7 Social / Third Party / Utilities,snippets/contrast-text.liquid,,,,YES,SOURCE/ACTUAL 127 independent combined settings/preset/link/variant/color/zero/logo/empty cases PASS,"ACTUAL both presets; neutral new-insertion provider copy/links, saved merchant state preserved",SOURCE bounded controls/cards/grid/container/long labels and logical alignment; real widths/RTL pending,"SOURCE/DOM native labelled escaped links, informative/decorative logo distinction, stable heading/list semantics, focus-visible/reduced motion and custom accent contrast; AT pending",ACTUAL independent IDs and every inline rule scoped to its own instance PASS,SOURCE/DOM disabled/empty guidance and native block metadata; no JS lifecycle; actual editor pending,"CLI 4.8.0 exits 1: 508 diagnostics (7 errors/501 warnings); four naming/one unused assignment warnings removed; both hosts parse natively. B7-FINAL full CLI 4.8.0 exits 1: 499 total (5 errors/494 warnings), 0 errors/18 retained warnings in Family 7; unsuppressed.",REQUIRES LIVE VERIFICATION,"Wire real container/font/button contracts, all custom colors with contrast-aware primary text, scoped wrapping/focus/reduced motion; skip empty cards/header/actions, native logo alt and duplicate-name semantics, robust initials, bounded radius/shadows including zero in Grid/Strip; neutral new provider defaults and remove unconfigured external preset links.","B7-FUNNEL-PROVIDERS after Batch 9: real saved layouts/settings/destinations and actual connected provider claims; all inherited/custom button variants/colors, theme/dark surfaces, real logos/contrast, 1440/1280/768/390/320px/zoom/long text/RTL/keyboard/AT/no-JS and editor add/remove/reorder/empty blocks.","tests/phase4/funnel-powered.cjs; validation/batch7-funnel-providers. These are native content/link hosts, not service installers or tracking/automation implementations. Explicit Liquid/DOM/CSS/color/image adapters are not Shopify/provider/AT/pixel certification. Existing contrast helper remains separately pending Batch 9 closure. B7-FINAL engineering closure 2026-09-22: all 75 family entries reconciled; final evidence validation/batch7-engineering-closure. Existing live queues remain after Batch 9."
sections,3rd-party-region-availability,sections/3rd-party-region-availability.liquid,7 Social / Third Party / Utilities,snippets/q-icon.liquid,,,,YES,SOURCE + 123 actual independent tracking/region setting/data/routing cases PASS,ACTUAL default/empty/configured states PASS,SOURCE bounded containers/inputs/layouts/text and zero-radius guards; browser/RTL pending,"SOURCE/DOM native labels/links/errors, keyboard focus and unavailable states; AT pending","ACTUAL separate roots, encoded URLs, duplicate asset boot, unload/reload PASS",SCOPED load/unload/reload and configuration/empty guidance PASS; real editor pending,"CLI 4.8.0 exits 1; full unsuppressed evidence in batch7-tracking-regions; native parse PASS B7-FINAL full CLI 4.8.0 exits 1: 499 total (5 errors/494 warnings), 0 errors/18 retained warnings in Family 7; unsuppressed.",REQUIRES LIVE VERIFICATION,"Exact case-normalized typed list/legacy comma-list country membership in product and cart; native field values without object leakage; safe unknown/generic states and no empty storefront wrappers; working q-icon dependency replacing dynamic render; all layouts/colors/zero settings, bounded text and informational provider guidance retained.","B7-TRACKING-REGIONS after Batch 9: configured real help/provider destinations and popup/browser navigation; native Markets country and published metaobject fields, product/cart messaging and checkout truthfulness; all settings, icons, theme/custom contrast, responsive/RTL/zoom/no-JS/keyboard/AT and editor lifecycle. Theme does not retrieve status or enforce shipping eligibility.",123 source/Liquid/DOM/URL cases. q-icon is an existing Batch 5 live-queued dependency; its actual Lucide symbol IDs were checked for default status icons. General sprite closure remains Batch 9. Native Shopify/image/URL/navigation fixtures are explicit adapters; not provider/browser certification. B7-FINAL engineering closure 2026-09-22: all 75 family entries reconciled; final evidence validation/batch7-engineering-closure. Existing live queues remain after Batch 9.
sections,3rd-party-rewards-program-cta,sections/3rd-party-rewards-program-cta.liquid,7 Social / Third Party / Utilities,snippets/contrast-text.liquid,,,,YES,SOURCE/ACTUAL 106 independent combined preset/settings/color/zero/native-link/empty cases PASS,"ACTUAL each saved schema preset rendered; new insertion copy neutralized, merchant state preserved","SOURCE bounded containers/cards/grids/buttons/long labels, logical reading direction and mobile alignment; pixels/RTL pending","SOURCE/DOM native labelled links/heading/list structure, safe copy, icon fallback/decorative semantics, focus-visible/reduced motion and custom-accent contrast; AT pending","ACTUAL independent IDs and all inline CSS scoped per instance, including opposing Rewards alignment/mobile-width settings PASS","SOURCE/DOM disabled/empty guidance, native block attributes, no JS/listener lifecycle PASS; actual editor pending","CLI 4.8.0 exits 1: 513 diagnostics (7 errors/506 warnings); one existing naming warning removed; both hosts parse natively. B7-FINAL full CLI 4.8.0 exits 1: 499 total (5 errors/494 warnings), 0 errors/18 retained warnings in Family 7; unsuppressed.",REQUIRES LIVE VERIFICATION,"Isolate all merchant-dependent CSS by stable section ID, avoiding cross-instance and outer-wrapper styling; connect surfaces/max width/fonts/buttons, all custom colors and independent border/shadow controls; preserve zero spacing/radius, collapse absent actions, skip blank benefits, render supported existing sprite icons, bound fields/labels, restore focus/reduced motion, escape native links and add editor empty guidance; neutral new-insertion program terms.","B7-PROGRAM-CTAS after Batch 9: saved presets/settings/copy and real affiliate/rewards service links; actual commission/reward program integration and truthful terms outside this theme; shared theme/dark/custom surfaces and contrast, native sprite loading, 1440/1280/768/390/320px/zoom/long text/RTL/keyboard/AT/no-JS and editor insertion/reordering/blank-block selection.","tests/phase4/program-ctas.cjs; validation/batch7-program-ctas. Both hosts are content/native links only, with no tracking, reward issuance or external service implementation. Explicit Liquid/DOM/color/CSS adapters, not browser/Shopify/provider certification. Existing contrast helper and five literal sprite symbols reused without granting Batch 9 asset/helper closure. B7-FINAL engineering closure 2026-09-22: all 75 family entries reconciled; final evidence validation/batch7-engineering-closure. Existing live queues remain after Batch 9."
sections,3rd-party-scheduling-booking-embed,sections/3rd-party-scheduling-booking-embed.liquid,7 Social / Third Party / Utilities,,,,,YES,SOURCE + ACTUAL independent settings/empty/consumer fixtures PASS,ACTUAL insertion fixtures PASS; live pending,"SOURCE bounded layouts, long text and logical alignment; browser pixels/RTL pending",SOURCE/DOM native labels/links/focus; browser/AT pending,ACTUAL two-instance identities and scoped CSS PASS,SOURCE native block metadata and editor-only guidance; actual insert/reorder/reload pending,"CLI 4.8.0 exits 1: 508 diagnostics (7 errors/501 warnings), unchanged; both changed Liquid parses PASS B7-FINAL full CLI 4.8.0 exits 1: 499 total (5 errors/494 warnings), 0 errors/18 retained warnings in Family 7; unsuppressed.",REQUIRES LIVE VERIFICATION,"Preserve raw provider HTML and native iframe attributes; blank/legacy placeholders omit panel; configured labeled help can stand alone; escaped destination and empty-label guards, actual widths/surfaces/typography, scroll focus and adjustable desktop/mobile iframe minimum heights; neutral defaults and editor guidance.","B7-PROVIDER-EMBEDS after Batch 9: each actual saved snippet/provider setup, iframe title and internal accessibility, transport/confirmation/captcha/resizing, consent/network restrictions and no-JS/help fallback; independent/mixed instances and editor insertion/unload/reload; 1440/1280/768/390/320px/zoom/long text/RTL, minimum heights, horizontal keyboard scroll and actual theme/contrast.",64 actual settings/raw-code/legacy-placeholder/block/link/multiple-instance cases; validation/batch7-provider-embeds. Merchant-owned scripts and HTML are deliberately not sanitized or re-executed by a universal controller. Schema labels embed_type as descriptive metadata. Native iframe height attributes preserved; CSS minima are explicit controls. No provider or Shopify certification. B7-FINAL engineering closure 2026-09-22: all 75 family entries reconciled; final evidence validation/batch7-engineering-closure. Existing live queues remain after Batch 9.
sections,3rd-party-shipping-explainer,sections/3rd-party-shipping-explainer.liquid,7 Social / Third Party / Utilities,,,,,YES,SOURCE/ACTUAL 114 combined independent preset/settings/collection/filter/price/media/timeline/empty cases PASS,"ACTUAL both presets; neutral new-insertion delivery copy/estimates, saved merchant state untouched","SOURCE bounded grid/strip/carousel/cards/long labels, logical positioning and horizontal-to-vertical timeline; pixels/RTL pending","SOURCE/DOM native list/heading/link/media semantics, labelled scroll focus, sequential visible step names and focus outlines; AT pending",ACTUAL unique IDs and all inline CSS selectors scoped to each host PASS,SOURCE/DOM disabled/empty/source/sort guidance and native step block metadata; no JS listeners; actual editor pending,"CLI 4.8.0 exits 1: 508 diagnostics (7 errors/501 warnings), unchanged; both hosts parse natively. B7-FINAL full CLI 4.8.0 exits 1: 499 total (5 errors/494 warnings), 0 errors/18 retained warnings in Family 7; unsuppressed.",REQUIRES LIVE VERIFICATION,"Skip blank steps/headers and number only visible steps; real top divider, labelled keyboard-scroll region, adjacent horizontal/RTL connectors and truly connector-free Stacked mode; bounded native cards/pill, zero values, actual theme header/font/container tokens with explicit card color controls and opaque highlight base; neutral new estimates and editor guidance.","B7-PARTNER-SHIPPING after Batch 9: saved collection/meta settings, actual tag case/handle/native redirects and catalog beyond the preview, collection default Best selling/native sort and presentment-currency/variant links/prices; truthful partner and current delivery copy, all timeline modes/markers/colors/zero/blank steps; 1440/1280/768/390/320px/zoom/long text/RTL/touch/keyboard/AT/no-JS and editor insertion/reordering/selection.","tests/phase4/partner-shipping.cjs; validation/batch7-partner-shipping. Explicit native Liquid/DOM/image/money/color/handleize adapters, not Shopify sorting/currency/AT/pixel certification. The preview is capped at 50 native products; Best selling uses configured collection order, not invented sales data. Both components are static merchandising/content, not fulfillment/shipping integrations. No protected B4 source changed. B7-FINAL engineering closure 2026-09-22: all 75 family entries reconciled; final evidence validation/batch7-engineering-closure. Existing live queues remain after Batch 9."
sections,3rd-party-warehouse-merch,sections/3rd-party-warehouse-merch.liquid,7 Social / Third Party / Utilities,snippets/card-product.liquid;snippets/contrast-text.liquid,card-product.css,,,YES,SOURCE + ACTUAL independent settings/source/field/card fixtures PASS,ACTUAL insertion fixtures PASS; live pending,"SOURCE bounded grid/carousel/hero, long text and logical chip positions; pixels/RTL pending","SOURCE/DOM native links/lists/headings, escaped copy, visible focus and reduced motion; AT pending",ACTUAL two-instance identities and scoped CSS PASS,"SOURCE native mapping metadata, empty/no-context guidance; live insert/reorder/select pending","CLI 4.8.0 exits 1: 508 diagnostics (7 errors/501 warnings), unchanged; all changed Liquid parses natively B7-FINAL full CLI 4.8.0 exits 1: 499 total (5 errors/494 warnings), 0 errors/18 retained warnings in Family 7; unsuppressed.",REQUIRES LIVE VERIFICATION,"Native section mapping blocks restore absent configuration path; coherent metaobject/code/tag identity, collection/handle precedence, strict forced source, current-product exclusion and bounded preview; one mapped-group chip; actual theme/custom card/accent colors, scroll focus, responsive grid, editor selection and neutral defaults.","B7-WAREHOUSE-SUPPLIER after Batch 9: native published metaobject fields/access/webpage capability, collection picks/legacy handles, warehouse mapping precedence and block selection, curated group labels versus actual fulfillment, products/variants/presentment currency, all saved controls and theme/custom contrast, 1440/1280/768/390/320px/zoom/long text/RTL/keyboard/AT/no-JS, editor insertion/reorder/unload/reload.",128 independent actual host/card fixture cases. Evidence: validation/batch7-warehouse-supplier. Native Liquid/field/image/money/color/DOM adapters do not certify Shopify or layout. Warehouse legacy global mapping keys have no schema; new section mapping blocks supply real configuration without touching merchant state. Supplier accepts custom definition types by documented field contract. B7-FINAL engineering closure 2026-09-22: all 75 family entries reconciled; final evidence validation/batch7-engineering-closure. Existing live queues remain after Batch 9.
sections,account-main-account-activate,sections/account-main-account-activate.liquid,7 Social / Third Party / Utilities,snippets/contrast-text.liquid,account-main-account-activate.css,account-main-account-activate.js,templates/customers/activate_account.liquid,YES,SOURCE + 173 native auth settings/edge/runtime cases PASS,ACTUAL settings defaults and control bounds PASS,"SOURCE bounded controls/text, native tokens and reduced motion; browser pending","NATIVE forms/required fields/labels, disposable password toggles, panel focus/errors PASS; AT pending","ACTUAL two instances, duplicate boot and load/unload/reload PASS",Guarded lifecycle and legacy-account boundary guidance; actual editor pending,"Unmodified CLI 4.8.0 exit 1; batch7-account-auth evidence; native parser PASS B7-FINAL full CLI 4.8.0 exits 1: 499 total (5 errors/494 warnings), 0 errors/18 retained warnings in Family 7; unsuppressed.",REQUIRES LIVE VERIFICATION,"Preserved native legacy authentication forms and settings; restored native validation, unique scoped form/error IDs, escaped merchant/customer text, non-cloned recovery, no-JS completeness, scoped disposable password/panel controls, real button/surface contrast and theme tokens. Activation decline bypasses password validation.","B7-ACCOUNT-AUTH after Batch 9: real legacy account activation/decline/login/recovery/reset/registration and server errors/confirmation/session behavior, saved settings and native captcha, responsive/RTL/zoom/theme contrast/no-JS/keyboard/AT and editor reload. Current customer accounts are Shopify-managed outside these theme templates.","173 native-form adapter/Liquid/DOM/CSS cases; fixtures do not certify Shopify services, browser pixels or AT. Native accounts configuration and any migration remain owner/platform responsibilities. B7-FINAL engineering closure 2026-09-22: all 75 family entries reconciled; final evidence validation/batch7-engineering-closure. Existing live queues remain after Batch 9."
sections,account-main-account-addresses,sections/account-main-account-addresses.liquid,7 Social / Third Party / Utilities,snippets/account-main-account-nav.liquid;snippets/contrast-text.liquid,account-main-account-addresses.css,account-main-account-addresses.js,templates/customers/addresses.liquid,YES,Independent actual account settings/defaults/data edge fixtures PASS,"Native defaults, control bounds and guest/empty/configured states PASS","SOURCE native tokens/card contrast, bounded layouts/controls/table scroll, reduced motion; browser pending","SOURCE/DOM native forms/labels/errors, region scroll focus, exact statuses, native links and panel focus PASS; AT pending",Independent address/order/tracking roots; duplicate boot and load/unload/reload PASS,SOURCE/DOM lifecycle and truthful provider/legacy account guidance; real editor pending,"Unmodified CLI 4.8.0 exit 1; batch7-account-pages evidence; native parse PASS B7-FINAL full CLI 4.8.0 exits 1: 499 total (5 errors/494 warnings), 0 errors/18 retained warnings in Family 7; unsuppressed.",REQUIRES LIVE VERIFICATION,"Hardened native account data/form/link contracts, escaped values, explicit navigation labels and destinations. Repaired Liquid content in nav CSS, native-status filtering and disposal, address no-JS/IDs/country-province/default/delete/pagination, scoped tokens/contrast, and configured tracking redirects without fabricated shipment state.","B7-ACCOUNT-PAGES after Batch 9: native account pagination/order totals/status/fulfillment URLs and customer privacy, create/edit/default/delete/country/province errors, merchant provider query contract and real navigation, saved settings, no-JS/responsive/RTL/zoom/contrast/keyboard/AT and editor lifecycle.","Dedicated actual host/native data/DOM/CSS fixtures; native form processing, pagination, browser navigation and provider behavior use explicit adapters and remain queued. No private API, simulated status, account migration or production action. B7-FINAL engineering closure 2026-09-22: all 75 family entries reconciled; final evidence validation/batch7-engineering-closure. Existing live queues remain after Batch 9."
sections,account-main-account-dashboard,sections/account-main-account-dashboard.liquid,7 Social / Third Party / Utilities,snippets/account-main-account-nav.liquid;snippets/contrast-text.liquid,account-main-account-dashboard.css,,templates/customers/account.liquid,YES,Independent actual account settings/defaults/data edge fixtures PASS,"Native defaults, control bounds and guest/empty/configured states PASS","SOURCE native tokens/card contrast, bounded layouts/controls/table scroll, reduced motion; browser pending","SOURCE/DOM native forms/labels/errors, region scroll focus, exact statuses, native links and panel focus PASS; AT pending",Independent address/order/tracking roots; duplicate boot and load/unload/reload PASS,SOURCE/DOM lifecycle and truthful provider/legacy account guidance; real editor pending,"Unmodified CLI 4.8.0 exit 1; batch7-account-pages evidence; native parse PASS B7-FINAL full CLI 4.8.0 exits 1: 499 total (5 errors/494 warnings), 0 errors/18 retained warnings in Family 7; unsuppressed.",REQUIRES LIVE VERIFICATION,"Hardened native account data/form/link contracts, escaped values, explicit navigation labels and destinations. Repaired Liquid content in nav CSS, native-status filtering and disposal, address no-JS/IDs/country-province/default/delete/pagination, scoped tokens/contrast, and configured tracking redirects without fabricated shipment state.","B7-ACCOUNT-PAGES after Batch 9: native account pagination/order totals/status/fulfillment URLs and customer privacy, create/edit/default/delete/country/province errors, merchant provider query contract and real navigation, saved settings, no-JS/responsive/RTL/zoom/contrast/keyboard/AT and editor lifecycle.","Dedicated actual host/native data/DOM/CSS fixtures; native form processing, pagination, browser navigation and provider behavior use explicit adapters and remain queued. No private API, simulated status, account migration or production action. B7-FINAL engineering closure 2026-09-22: all 75 family entries reconciled; final evidence validation/batch7-engineering-closure. Existing live queues remain after Batch 9."
sections,account-main-account-login,sections/account-main-account-login.liquid,7 Social / Third Party / Utilities,snippets/account-main-account-login-recover-form-placeholder.liquid;snippets/contrast-text.liquid,account-main-account.css,account-main-account-login.js,templates/customers/login.liquid,YES,SOURCE + 173 native auth settings/edge/runtime cases PASS,ACTUAL settings defaults and control bounds PASS,"SOURCE bounded controls/text, native tokens and reduced motion; browser pending","NATIVE forms/required fields/labels, disposable password toggles, panel focus/errors PASS; AT pending","ACTUAL two instances, duplicate boot and load/unload/reload PASS",Guarded lifecycle and legacy-account boundary guidance; actual editor pending,"Unmodified CLI 4.8.0 exit 1; batch7-account-auth evidence; native parser PASS B7-FINAL full CLI 4.8.0 exits 1: 499 total (5 errors/494 warnings), 0 errors/18 retained warnings in Family 7; unsuppressed.",REQUIRES LIVE VERIFICATION,"Preserved native legacy authentication forms and settings; restored native validation, unique scoped form/error IDs, escaped merchant/customer text, non-cloned recovery, no-JS completeness, scoped disposable password/panel controls, real button/surface contrast and theme tokens. Activation decline bypasses password validation.","B7-ACCOUNT-AUTH after Batch 9: real legacy account activation/decline/login/recovery/reset/registration and server errors/confirmation/session behavior, saved settings and native captcha, responsive/RTL/zoom/theme contrast/no-JS/keyboard/AT and editor reload. Current customer accounts are Shopify-managed outside these theme templates.","173 native-form adapter/Liquid/DOM/CSS cases; fixtures do not certify Shopify services, browser pixels or AT. Native accounts configuration and any migration remain owner/platform responsibilities. B7-FINAL engineering closure 2026-09-22: all 75 family entries reconciled; final evidence validation/batch7-engineering-closure. Existing live queues remain after Batch 9."
sections,account-main-account-order-tracking,sections/account-main-account-order-tracking.liquid,7 Social / Third Party / Utilities,snippets/account-main-account-nav.liquid;snippets/contrast-text.liquid,account-main-account-order-tracking.css,account-main-order-tracking.js,,YES,Independent actual account settings/defaults/data edge fixtures PASS,"Native defaults, control bounds and guest/empty/configured states PASS","SOURCE native tokens/card contrast, bounded layouts/controls/table scroll, reduced motion; browser pending","SOURCE/DOM native forms/labels/errors, region scroll focus, exact statuses, native links and panel focus PASS; AT pending",Independent address/order/tracking roots; duplicate boot and load/unload/reload PASS,SOURCE/DOM lifecycle and truthful provider/legacy account guidance; real editor pending,"Unmodified CLI 4.8.0 exit 1; batch7-account-pages evidence; native parse PASS B7-FINAL full CLI 4.8.0 exits 1: 499 total (5 errors/494 warnings), 0 errors/18 retained warnings in Family 7; unsuppressed.",REQUIRES LIVE VERIFICATION,"Hardened native account data/form/link contracts, escaped values, explicit navigation labels and destinations. Repaired Liquid content in nav CSS, native-status filtering and disposal, address no-JS/IDs/country-province/default/delete/pagination, scoped tokens/contrast, and configured tracking redirects without fabricated shipment state.","B7-ACCOUNT-PAGES after Batch 9: native account pagination/order totals/status/fulfillment URLs and customer privacy, create/edit/default/delete/country/province errors, merchant provider query contract and real navigation, saved settings, no-JS/responsive/RTL/zoom/contrast/keyboard/AT and editor lifecycle.","Dedicated actual host/native data/DOM/CSS fixtures; native form processing, pagination, browser navigation and provider behavior use explicit adapters and remain queued. No private API, simulated status, account migration or production action. B7-FINAL engineering closure 2026-09-22: all 75 family entries reconciled; final evidence validation/batch7-engineering-closure. Existing live queues remain after Batch 9."
sections,account-main-account-order,sections/account-main-account-order.liquid,7 Social / Third Party / Utilities,snippets/account-main-account-nav.liquid;snippets/contrast-text.liquid,account-main-account-order.css,,templates/customers/order.liquid,YES,Independent actual account settings/defaults/data edge fixtures PASS,"Native defaults, control bounds and guest/empty/configured states PASS","SOURCE native tokens/card contrast, bounded layouts/controls/table scroll, reduced motion; browser pending","SOURCE/DOM native forms/labels/errors, region scroll focus, exact statuses, native links and panel focus PASS; AT pending",Independent address/order/tracking roots; duplicate boot and load/unload/reload PASS,SOURCE/DOM lifecycle and truthful provider/legacy account guidance; real editor pending,"Unmodified CLI 4.8.0 exit 1; batch7-account-pages evidence; native parse PASS B7-FINAL full CLI 4.8.0 exits 1: 499 total (5 errors/494 warnings), 0 errors/18 retained warnings in Family 7; unsuppressed.",REQUIRES LIVE VERIFICATION,"Hardened native account data/form/link contracts, escaped values, explicit navigation labels and destinations. Repaired Liquid content in nav CSS, native-status filtering and disposal, address no-JS/IDs/country-province/default/delete/pagination, scoped tokens/contrast, and configured tracking redirects without fabricated shipment state.","B7-ACCOUNT-PAGES after Batch 9: native account pagination/order totals/status/fulfillment URLs and customer privacy, create/edit/default/delete/country/province errors, merchant provider query contract and real navigation, saved settings, no-JS/responsive/RTL/zoom/contrast/keyboard/AT and editor lifecycle.","Dedicated actual host/native data/DOM/CSS fixtures; native form processing, pagination, browser navigation and provider behavior use explicit adapters and remain queued. No private API, simulated status, account migration or production action. B7-FINAL engineering closure 2026-09-22: all 75 family entries reconciled; final evidence validation/batch7-engineering-closure. Existing live queues remain after Batch 9."
sections,account-main-account-orders,sections/account-main-account-orders.liquid,7 Social / Third Party / Utilities,snippets/account-main-account-nav.liquid;snippets/contrast-text.liquid,account-main-account-orders.css,account-main-account-orders.js,,YES,Independent actual account settings/defaults/data edge fixtures PASS,"Native defaults, control bounds and guest/empty/configured states PASS","SOURCE native tokens/card contrast, bounded layouts/controls/table scroll, reduced motion; browser pending","SOURCE/DOM native forms/labels/errors, region scroll focus, exact statuses, native links and panel focus PASS; AT pending",Independent address/order/tracking roots; duplicate boot and load/unload/reload PASS,SOURCE/DOM lifecycle and truthful provider/legacy account guidance; real editor pending,"Unmodified CLI 4.8.0 exit 1; batch7-account-pages evidence; native parse PASS B7-FINAL full CLI 4.8.0 exits 1: 499 total (5 errors/494 warnings), 0 errors/18 retained warnings in Family 7; unsuppressed.",REQUIRES LIVE VERIFICATION,"Hardened native account data/form/link contracts, escaped values, explicit navigation labels and destinations. Repaired Liquid content in nav CSS, native-status filtering and disposal, address no-JS/IDs/country-province/default/delete/pagination, scoped tokens/contrast, and configured tracking redirects without fabricated shipment state.","B7-ACCOUNT-PAGES after Batch 9: native account pagination/order totals/status/fulfillment URLs and customer privacy, create/edit/default/delete/country/province errors, merchant provider query contract and real navigation, saved settings, no-JS/responsive/RTL/zoom/contrast/keyboard/AT and editor lifecycle.","Dedicated actual host/native data/DOM/CSS fixtures; native form processing, pagination, browser navigation and provider behavior use explicit adapters and remain queued. No private API, simulated status, account migration or production action. B7-FINAL engineering closure 2026-09-22: all 75 family entries reconciled; final evidence validation/batch7-engineering-closure. Existing live queues remain after Batch 9."
sections,account-main-account-register,sections/account-main-account-register.liquid,7 Social / Third Party / Utilities,snippets/contrast-text.liquid,account-main-account-register.css,account-main-account-register.js,templates/customers/register.liquid,YES,SOURCE + 173 native auth settings/edge/runtime cases PASS,ACTUAL settings defaults and control bounds PASS,"SOURCE bounded controls/text, native tokens and reduced motion; browser pending","NATIVE forms/required fields/labels, disposable password toggles, panel focus/errors PASS; AT pending","ACTUAL two instances, duplicate boot and load/unload/reload PASS",Guarded lifecycle and legacy-account boundary guidance; actual editor pending,"Unmodified CLI 4.8.0 exit 1; batch7-account-auth evidence; native parser PASS B7-FINAL full CLI 4.8.0 exits 1: 499 total (5 errors/494 warnings), 0 errors/18 retained warnings in Family 7; unsuppressed.",REQUIRES LIVE VERIFICATION,"Preserved native legacy authentication forms and settings; restored native validation, unique scoped form/error IDs, escaped merchant/customer text, non-cloned recovery, no-JS completeness, scoped disposable password/panel controls, real button/surface contrast and theme tokens. Activation decline bypasses password validation.","B7-ACCOUNT-AUTH after Batch 9: real legacy account activation/decline/login/recovery/reset/registration and server errors/confirmation/session behavior, saved settings and native captcha, responsive/RTL/zoom/theme contrast/no-JS/keyboard/AT and editor reload. Current customer accounts are Shopify-managed outside these theme templates.","173 native-form adapter/Liquid/DOM/CSS cases; fixtures do not certify Shopify services, browser pixels or AT. Native accounts configuration and any migration remain owner/platform responsibilities. B7-FINAL engineering closure 2026-09-22: all 75 family entries reconciled; final evidence validation/batch7-engineering-closure. Existing live queues remain after Batch 9."
sections,account-main-account-reset-password,sections/account-main-account-reset-password.liquid,7 Social / Third Party / Utilities,snippets/contrast-text.liquid,account-main-account-reset-password.css,account-main-account-reset-password.js,templates/customers/reset_password.liquid,YES,SOURCE + 173 native auth settings/edge/runtime cases PASS,ACTUAL settings defaults and control bounds PASS,"SOURCE bounded controls/text, native tokens and reduced motion; browser pending","NATIVE forms/required fields/labels, disposable password toggles, panel focus/errors PASS; AT pending","ACTUAL two instances, duplicate boot and load/unload/reload PASS",Guarded lifecycle and legacy-account boundary guidance; actual editor pending,"Unmodified CLI 4.8.0 exit 1; batch7-account-auth evidence; native parser PASS B7-FINAL full CLI 4.8.0 exits 1: 499 total (5 errors/494 warnings), 0 errors/18 retained warnings in Family 7; unsuppressed.",REQUIRES LIVE VERIFICATION,"Preserved native legacy authentication forms and settings; restored native validation, unique scoped form/error IDs, escaped merchant/customer text, non-cloned recovery, no-JS completeness, scoped disposable password/panel controls, real button/surface contrast and theme tokens. Activation decline bypasses password validation.","B7-ACCOUNT-AUTH after Batch 9: real legacy account activation/decline/login/recovery/reset/registration and server errors/confirmation/session behavior, saved settings and native captcha, responsive/RTL/zoom/theme contrast/no-JS/keyboard/AT and editor reload. Current customer accounts are Shopify-managed outside these theme templates.","173 native-form adapter/Liquid/DOM/CSS cases; fixtures do not certify Shopify services, browser pixels or AT. Native accounts configuration and any migration remain owner/platform responsibilities. B7-FINAL engineering closure 2026-09-22: all 75 family entries reconciled; final evidence validation/batch7-engineering-closure. Existing live queues remain after Batch 9."
sections,basic-content-helper-code-embed,sections/basic-content-helper-code-embed.liquid,5 Content / Interactive,snippets/section-empty-state.liquid,,,,YES,REVIEWED; own source/settings fixture,REVIEWED; actual schema preset,SOURCE BOUNDS; live pending,SOURCE/DOM; native fallback/focus/content,ACTUAL LIQUID TWO-INSTANCE PASS,NATIVE NO-JS HOST; EMPTY/ATTRIBUTES FIXTURE,CLI 4.8.0 unchanged 636 diagnostics; existing debt retained,REQUIRES LIVE VERIFICATION,Valid blank-content guard/editor guidance; neutral new embed insertion; custom color scope and empty fallback; bounded padding/ratio scroll. Saved provider markup is preserved.,"B5-BASIC after Batch 9: all presets/settings, 1440/1280/768/390/320px, long/translated text, color/contrast, native SVG/keyboard, real editor reload. Embed provider behavior; divider anchors; native 404 image/search/locales.",Actual source fixture; no browser/Shopify certification. No merchant-state rewrite. Untouched dependencies and complete Grid/Column/Split hosts retain separate pending reviews. B5-FINAL engineering closure 2026-09-21; accumulated live acceptance remains queued after Batch 9.
sections,basic-content-helper-column-builder,sections/basic-content-helper-column-builder.liquid,5 Content / Interactive,snippets/q-icon.liquid;snippets/section-empty-state.liquid,,,,YES,REVIEWED; actual host and block setting matrix,REVIEWED; actual insertion preset,SOURCE BOUNDS/SETTING OUTPUT; live pending,SOURCE/DOM; focus/content/media/semantics,ACTUAL LIQUID TWO-INSTANCE PASS,EMPTY/VISIBILITY/BLOCK ID FIXTURES; native no-JS host,CLI 4.8.0 632 diagnostics; no added signatures; existing debt retained,REQUIRES LIVE VERIFICATION,"Valid empty/editor guard; local values for all retained token-valued selectors; surface/icon self-reference resolved; tile alignment, native sprite, scoped color hierarchy, bounded media/padding/buttons.","B5-BUILDERS after Batch 9: all individual host/preset/block settings, saved content, responsive geometry/column/padding extremes, native sprite/images/alt, anchors, long text/colors/contrast, keyboard/reduced motion and editor lifecycle.",Actual full host sources; explicit image/color/platform adapters. No browser/Shopify certification. Both Theme Block builders and row/column chains retained and still require their separate Batch 8 reviews. B5-FINAL engineering closure 2026-09-21; accumulated live acceptance remains queued after Batch 9.
sections,basic-content-helper-grid-builder,sections/basic-content-helper-grid-builder.liquid,5 Content / Interactive,snippets/q-icon.liquid;snippets/section-empty-state.liquid,,,,YES,REVIEWED; actual host and block setting matrix,REVIEWED; actual insertion preset,SOURCE BOUNDS/SETTING OUTPUT; live pending,SOURCE/DOM; focus/content/media/semantics,ACTUAL LIQUID TWO-INSTANCE PASS,EMPTY/VISIBILITY/BLOCK ID FIXTURES; native no-JS host,CLI 4.8.0 632 diagnostics; no added signatures; existing debt retained,REQUIRES LIVE VERIFICATION,"Valid empty/header/action guards; all three configured mobile columns; native color channels/zero opacity; consumed accent, safe radius/media/card sizing, scoped focus/reduced motion and divider ends.","B5-BUILDERS after Batch 9: all individual host/preset/block settings, saved content, responsive geometry/column/padding extremes, native sprite/images/alt, anchors, long text/colors/contrast, keyboard/reduced motion and editor lifecycle.",Actual full host sources; explicit image/color/platform adapters. No browser/Shopify certification. Both Theme Block builders and row/column chains retained and still require their separate Batch 8 reviews. B5-FINAL engineering closure 2026-09-21; accumulated live acceptance remains queued after Batch 9.
sections,basic-content-helper-section-divider,sections/basic-content-helper-section-divider.liquid,5 Content / Interactive,snippets/q-icon.liquid,,,,YES,REVIEWED; own source/settings fixture,REVIEWED; actual schema preset,SOURCE BOUNDS; live pending,SOURCE/DOM; native fallback/focus/content,ACTUAL LIQUID TWO-INSTANCE PASS,NATIVE NO-JS HOST; EMPTY/ATTRIBUTES FIXTURE,CLI 4.8.0 unchanged 636 diagnostics; existing debt retained,REQUIRES LIVE VERIFICATION,"Unique generated anchors instead of repeated default; actual blank-label divider; escaped text/native heading; working token fallbacks, alternate background class and bounded layout.","B5-BASIC after Batch 9: all presets/settings, 1440/1280/768/390/320px, long/translated text, color/contrast, native SVG/keyboard, real editor reload. Embed provider behavior; divider anchors; native 404 image/search/locales.",Actual source fixture; no browser/Shopify certification. No merchant-state rewrite. Untouched dependencies and complete Grid/Column/Split hosts retain separate pending reviews. B5-FINAL engineering closure 2026-09-21; accumulated live acceptance remains queued after Batch 9.
sections,basic-content-helper-text-centered-full-width,sections/basic-content-helper-text-centered-full-width.liquid,5 Content / Interactive,snippets/section-empty-state.liquid,,,,YES,REVIEWED; own source/settings fixture,REVIEWED; actual schema preset,SOURCE BOUNDS; live pending,SOURCE/DOM; native fallback/focus/content,ACTUAL LIQUID TWO-INSTANCE PASS,NATIVE NO-JS HOST; EMPTY/ATTRIBUTES FIXTURE,CLI 4.8.0 unchanged 636 diagnostics; existing debt retained,REQUIRES LIVE VERIFICATION,Valid empty guard/editor guidance; plain text escaping; separate surface/opacity classes; native surface/color fallbacks and bounded content.,"B5-BASIC after Batch 9: all presets/settings, 1440/1280/768/390/320px, long/translated text, color/contrast, native SVG/keyboard, real editor reload. Embed provider behavior; divider anchors; native 404 image/search/locales.",Actual source fixture; no browser/Shopify certification. No merchant-state rewrite. Untouched dependencies and complete Grid/Column/Split hosts retain separate pending reviews. B5-FINAL engineering closure 2026-09-21; accumulated live acceptance remains queued after Batch 9.
sections,block-section,sections/block-section.liquid,5 Content / Interactive,,,,templates/page.json,YES,SOURCE/ACTUAL all host mode/select/range/false/zero matrices; live pending,ACTUAL native insertion structure; Theme Block descendants are explicit projection adapters,SOURCE scoped shrink/scroll/wrapping/padding/RTL/reduced motion; actual browser pending,SOURCE/DOM semantic captions/headers/landmarks/labels/native links and scroll focus; AT pending,ACTUAL two-instance identity/style-scope fixtures PASS; no host JS lifecycle,"SOURCE native block identities, all hidden flags bypassed in design mode, empty/page guidance; real editor pending","CLI 4.8.0 exits 1; 621 diagnostics (16 errors/605 warnings), six unused assignments removed, no added signatures",REQUIRES LIVE VERIFICATION,"Mode-specific content guards, retained native table headers/caption/column semantics, scoped bounded layouts and keyboard scroll; Block Section native host/row mobile ownership and explicit inherited/override spacing contract; editor visibility and empty/page guidance. B8 layout integration: unchanged source now exercised with actual tag:null Layout Row/Column and reviewed leaf blocks; row spacing/mobile ownership, direct grid ancestry and preserved host presets/admissions verified by actual DOM/CSS-cascade fixtures.","B5-PROTECTED-CONTENT after Batch 9: actual pricing/data/list modes and sparse/empty/long content, highlights/colors/CTAs, no-JS/table screen readers/scroll; both builder chains and real nested blocks/app insertion, row spacing/mobile overrides/visibility/page output; widths/RTL/keyboard/motion/editor lifecycle.",tests/phase4/protected-content-hosts.cjs; product-content-hosts/content-builders rerun; validation/batch5-protected-content-hosts. Native content_for projection adapter is not child Theme Block certification. All 102 blocks remain individual Batch 8 obligations. B5-FINAL engineering closure 2026-09-21; accumulated live acceptance remains queued after Batch 9. Revalidation: batch8-builder-layouts.
sections,boxed-content-banner,sections/boxed-content-banner.liquid,2 Hero / Banner / CTA,,,video-hero-banner.js,templates/page.playground.liquid,YES,SOURCE REVIEWED; live pending,ACTUAL PRESET + THREE LAYOUTS TESTED; live pending,SOURCE ONLY; live pending,SOURCE/DOM REVIEWED; live pending,ACTUAL LIQUID/DOM FIXTURE PASS,VIDEO UNLOAD FIXTURE PASS; live pending,REVIEWED; existing debt retained,REQUIRES LIVE VERIFICATION,"Scoped heading selector/keyframes, visible reduced-motion/pop/focus CTA states, disposable media pause, preserved custom anchors, safer defaults and text wrapping.","B2-BOXED: all layouts, width/spacing/position/animation settings, real video and Theme Editor, keyboard/screen-reader, five viewport sizes.",Both confirmed source findings repaired. Full-bleed geometry retained; live visual acceptance remains open.
sections,call-to-action-audience-source,sections/call-to-action-audience-source.liquid,2 Hero / Banner / CTA,snippets/cta-icon.liquid,,call-to-action-audience-source.js;video-hero-banner.js,,YES,SOURCE + ACTUAL LIQUID FIXTURES,ACTUAL INSERTION FIXTURES; LIVE PENDING,SOURCE CONTRACTS; LIVE PENDING,SOURCE/DOM; LIVE PENDING,ACTUAL LIQUID/DOM FIXTURES,DOM LIFECYCLE WHERE APPLICABLE; LIVE PENDING,CLI 4.8.0; see validation/sub-banners-static-cta,REQUIRES LIVE VERIFICATION,"Disposable-free singleton matching on editor load; literal anchors; real gaps, bounded grid and button variants; deployed sprite icons; media pause/cleanup; blank links/visibility.",B2-SUB-CTA: 1440/1280/768/390/320px; all settings/layouts; long content; actual media/provider/Shopify newsletter submission; editor add/remove/reorder; keyboard/screen reader; sprite rendering.,Evidence: validation/sub-banners-static-cta/. Fixture adapters do not certify live Shopify or browser layout. Shared sprite inventory remains independently unreviewed.
sections,call-to-action-banner,sections/call-to-action-banner.liquid,2 Hero / Banner / CTA,,,section-hero-classic.js,templates/blog.json;templates/index.json;templates/page.playground.liquid;templates/product.product-section-test.json,YES,SOURCE + ACTUAL LIQUID FIXTURES,ACTUAL INSERTION FIXTURES; LIVE PENDING,SOURCE CONTRACTS; LIVE PENDING,SOURCE/DOM; LIVE PENDING,ACTUAL LIQUID/DOM FIXTURES,DOM LIFECYCLE WHERE APPLICABLE; LIVE PENDING,CLI 4.8.0; see validation/sub-banners-static-cta,REQUIRES LIVE VERIFICATION,Anchor-independent CSS; zero radius/background opacity preserved; section hover tokens; product image bounds; unique newsletter IDs/native required email+consent/tags; block editor hooks; media lifecycle.,B2-SUB-CTA: 1440/1280/768/390/320px; all settings/layouts; long content; actual media/provider/Shopify newsletter submission; editor add/remove/reorder; keyboard/screen reader; sprite rendering.,Evidence: validation/sub-banners-static-cta/. Fixture adapters do not certify live Shopify or browser layout. Shared sprite inventory remains independently unreviewed.
sections,call-to-action-card-stack,sections/call-to-action-card-stack.liquid,2 Hero / Banner / CTA,snippets/cta-icon.liquid,,video-hero-banner.js,,YES,SOURCE + ACTUAL LIQUID FIXTURES,ACTUAL INSERTION FIXTURES; LIVE PENDING,SOURCE CONTRACTS; LIVE PENDING,SOURCE/DOM; LIVE PENDING,ACTUAL LIQUID/DOM FIXTURES,DOM LIFECYCLE WHERE APPLICABLE; LIVE PENDING,CLI 4.8.0; see validation/sub-banners-static-cta,REQUIRES LIVE VERIFICATION,Full-root background replaces zero-height sibling; scoped visibility and CSS; grid/flex long-content safety; theme button variants; sprite icons; media pause/cleanup and blank links.,B2-SUB-CTA: 1440/1280/768/390/320px; all settings/layouts; long content; actual media/provider/Shopify newsletter submission; editor add/remove/reorder; keyboard/screen reader; sprite rendering.,Evidence: validation/sub-banners-static-cta/. Fixture adapters do not certify live Shopify or browser layout. Shared sprite inventory remains independently unreviewed.
sections,call-to-action-collection,sections/call-to-action-collection.liquid,3 Collection / Discovery,,,,,YES,SOURCE/LIQUID REVIEWED; live pending,ALL FOUR INSERTION PRESETS fixture pass; live pending,SCOPED CSS; native column masonry; live pending,NATIVE LINK/LIQUID fixture pass; live pending,TWO-INSTANCE LIQUID identities pass; live pending,NO JS; editor block attributes retained; live pending,CLI 4.8.0 comparison recorded in batch3-collection-cta,REQUIRES LIVE VERIFICATION,Native whole-card links replace simulated navigation; product/custom/collection media precedence; exact grid gaps; scoped content-sized masonry and overlays; theme tokens; escaped text; reduced motion.,"B3-CTA: four layouts/presets, all settings, five viewports, masonry visual/reading order, media aspect/fallback, keyboard/screen reader, reduced motion and real editor lifecycle.",No JavaScript/controller required. Masonry flows top-to-bottom through native columns; merchant visual ordering and live rendering remain acceptance gates. No live Shopify certification.
sections,call-to-action-current-sale,sections/call-to-action-current-sale.liquid,2 Hero / Banner / CTA,snippets/cta-sale-link.liquid,call-to-action-current-sale.css,call-to-action-current-sale.js,,YES,SOURCE REVIEW; real editor mode matrix pending,Actual Liquid fixtures; empty/product compositions; visual acceptance pending,SOURCE BREAKPOINT REVIEW; viewport acceptance pending,DOM interaction fixtures; screen reader/contrast pending,Fixture duplicate initialization and two-instance preset render,Synthetic load/unload; real editor pending,Batch 2 report; existing diagnostics retained,REQUIRES LIVE VERIFICATION,Repair block-level countdown DOM contract; independent timers and unload; stop expired timers; preserve block progress values; neutral presets without expired dates/store images; defer script; discount destination helper.,B2-BANNERS: 1440/1280/768/390/320px; all layouts and long content; real editor lifecycle; variant/selling-plan cart acceptance; video provider playback; screen reader/focus.,Engineering checkpoint only. Batch 2 family is not complete and this row is not release approval. See batch2 review notes for remaining checks.
sections,call-to-action-featured-product,sections/call-to-action-featured-product.liquid,2 Hero / Banner / CTA,snippets/product-selling-plans.liquid,call-to-action-featured-product.css,call-to-action-featured-product.js,,YES,SOURCE REVIEW; real editor mode matrix pending,Actual Liquid fixtures; empty/product compositions; visual acceptance pending,SOURCE BREAKPOINT REVIEW; viewport acceptance pending,DOM interaction fixtures; screen reader/contrast pending,Fixture duplicate initialization and two-instance preset render,Synthetic load/unload; real editor pending,Batch 2 report; existing diagnostics retained,REQUIRES LIVE VERIFICATION,"Load variant asset; exact option matching, invalid/sold-out guards, progressive native variant control and selling-plan dependency; restore media override/trust setting; sale price nodes; scoped mobile split and focus styles; neutral insertion copy.",B2-BANNERS: 1440/1280/768/390/320px; all layouts and long content; real editor lifecycle; variant/selling-plan cart acceptance; video provider playback; screen reader/focus.,Engineering checkpoint only. Batch 2 family is not complete and this row is not release approval. See batch2 review notes for remaining checks.
sections,call-to-action-icon-list,sections/call-to-action-icon-list.liquid,2 Hero / Banner / CTA,,,,templates/page.dynamic-section-test.json,YES,SOURCE + ACTUAL LIQUID FIXTURES,ACTUAL INSERTION FIXTURES; LIVE PENDING,SOURCE CONTRACTS; LIVE PENDING,SOURCE/DOM; LIVE PENDING,ACTUAL LIQUID/DOM FIXTURES,DOM LIFECYCLE WHERE APPLICABLE; LIVE PENDING,CLI 4.8.0; see validation/sub-banners-static-cta,REQUIRES LIVE VERIFICATION,"Theme button token fallbacks, escaped links/icon URLs, wrapping/box sizing, editor-only sample items. Existing icon effects and external host behavior retained.",B2-SUB-CTA: 1440/1280/768/390/320px; all settings/layouts; long content; actual media/provider/Shopify newsletter submission; editor add/remove/reorder; keyboard/screen reader; sprite rendering.,Evidence: validation/sub-banners-static-cta/. Fixture adapters do not certify live Shopify or browser layout. Shared sprite inventory remains independently unreviewed.
sections,call-to-action-newsletter-form,sections/call-to-action-newsletter-form.liquid,6 Forms / Conversion,snippets/contrast-text.liquid;snippets/form-background.liquid;snippets/form-dispatch.liquid,call-to-action-quote-form.css,frontend-form-logic.js,,YES,ACTUAL independent 117 preset/settings/field-route cases PASS; native/custom settings/zero/false/blank source reviewed,ACTUAL every saved Newsletter and CTA Newsletter preset PASS,"SOURCE scoped/bounded Card/Split/Inline/Steps, native selects and long controls; actual widths/RTL pending","SOURCE/DOM native email/consent/feedback, labels and descriptions, no-JS complete steps, safe plain copy/focus/media controls; AT pending",ACTUAL two newsletter hosts with both shared entry points; independent lifecycle PASS,"SOURCE/DOM visibility controls bypassed in editor, native complete fields and scoped unload/reload PASS",CLI 4.8.0 exits 1: 539 diagnostics (7 errors/532 warnings); existing orphan-graph debt retained; changed native HTML parses PASS.,REQUIRES LIVE VERIFICATION,"CTA Newsletter replaces four duplicated native/custom/step field paths with balanced shared renderer and platform feedback; privacy agreement remains distinct from marketing confirmation. Stable block IDs, inherited button, native/custom email fallback, scope/media/visibility repairs.","B6-NEWSLETTER after Batch 9: each actual saved host/preset/control and Customer signup/consent/native captcha/error/success return; custom POST and server provider integration/double opt-in; native storage of configured fields; 1440/1280/768/390/320px, contrast/RTL/keyboard/AT/no-JS, media/providers and actual editor insertion/reorder/unload/reload.","tests/phase4/forms-newsletter.cjs (117 cases), forms-native.cjs, forms-controller.cjs, forms-quotes.cjs; validation/batch6-newsletter. Explicit transport/DOM/color/image adapters; no Shopify, endpoint or pixel certification. Waitlist/Search/two shared CSS reviews remain independent."
sections,call-to-action-quote-form,sections/call-to-action-quote-form.liquid,6 Forms / Conversion,snippets/contrast-text.liquid;snippets/form-background.liquid;snippets/form-dispatch.liquid,call-to-action-quote-form.css,frontend-form-logic.js,,YES,SOURCE/ACTUAL native fields/routes and 185 four-host preset/setting endpoints; independent controls and false/zero cases PASS,ACTUAL each host preset PASS; shared dependency consumers exercised,"SOURCE/fixture split/card/steps/frameless, padding and long fields bounded; actual widths/RTL pending","SOURCE/DOM native validity, labels/descriptions, no-JS complete steps, signup consent, file link, plain escaping, native select/focus/media controls; AT pending","ACTUAL scoped roots/IDs, duplicate asset boot, independent form/media lifecycle PASS","SOURCE/actual DOM empty/error guidance, viewport reachability, paused media and unload/reload fixtures PASS",CLI 4.8.0 exits 1; 579 diagnostics (7 errors/572 warnings). Native quote capture syntax errors repaired; new referenced helper inherits unsuppressed orphan graph debt.,REQUIRES LIVE VERIFICATION,Stable CSS scope independent of escaped anchors; real theme button inheritance and readable opaque surfaces; split media only when available; bounded spacing/long fields; native select arrow/color; editor viewport access; shared controllable background/media/overlay and guarded field routing.,"B6-QUOTE-SUPPORT after Batch 9: each actual saved host/preset/control and native Contact/Customer result; customer marketing confirmation and intended routing/copy; custom POST/multipart/server captcha/integration processing; real media/alt/colors/contrast, responsive/RTL/keyboard/AT/no-JS, custom anchors, actual editor insert/reorder/unload/reload.","tests/phase4/forms-quotes.cjs, forms-native.cjs, forms-controller.cjs and existing video-hero.cjs; validation/batch6-quote-support. Explicit Liquid/DOM/form/image/color/provider adapters; no endpoint, Shopify or pixel certification. Each remaining form host, both CSS assets and Batch 7 consumers remain independent."
sections,call-to-action-reviews,sections/call-to-action-reviews.liquid,2 Hero / Banner / CTA,snippets/cta-review-card.liquid,call-to-action-reviews.css,call-to-action-reviews.js,templates/product.product-section-test.json,YES,SOURCE REVIEWED; actual Liquid fixtures PASS,Actual insertion fixtures PASS; live pending,SOURCE/DOM reviewed; browser widths pending,SOURCE/DOM controls PASS; real keyboard/screen reader pending,Two-instance source/DOM fixture PASS,Lifecycle/source fixture PASS; actual editor pending,CLI 4.8.0 checkpoint compared; existing debt retained,REQUIRES LIVE VERIFICATION,Unified four-layout review content/media controls; disposable motion; scoped styling; valid JSON and guarded CTA. Legacy empty provider mounts replaced with native @app rendering; manual review arrays exclude app blocks. Legacy selector kept with editor migration guidance.,"B2-FINAL: 1440/1280/768/390/320px, configured and blank media/links, long content, keyboard/screen reader, multiple instances, real editor add/remove/reorder, reduced motion. Provider app blocks and uploaded icons require actual installed resources.",Source closure at batch2-closure checkpoint; fixture/DOM checks do not certify Shopify or browser behavior.
sections,call-to-action-social-proof,sections/call-to-action-social-proof.liquid,2 Hero / Banner / CTA,snippets/cta-icon.liquid,,video-hero-banner.js,,YES,SOURCE + ACTUAL LIQUID FIXTURES,ACTUAL INSERTION FIXTURES; LIVE PENDING,SOURCE CONTRACTS; LIVE PENDING,SOURCE/DOM; LIVE PENDING,ACTUAL LIQUID/DOM FIXTURES,DOM LIFECYCLE WHERE APPLICABLE; LIVE PENDING,CLI 4.8.0; see validation/sub-banners-static-cta,REQUIRES LIVE VERIFICATION,"Restore visibility, media pause/cleanup, narrow layout and blank-link controls; route bundled icons through deployed sprite; neutral new-insertion metrics.",B2-SUB-CTA: 1440/1280/768/390/320px; all settings/layouts; long content; actual media/provider/Shopify newsletter submission; editor add/remove/reorder; keyboard/screen reader; sprite rendering.,Evidence: validation/sub-banners-static-cta/. Fixture adapters do not certify live Shopify or browser layout. Shared sprite inventory remains independently unreviewed.
sections,call-to-action-split-content,sections/call-to-action-split-content.liquid,2 Hero / Banner / CTA,,,video-hero-banner.js,,YES,SOURCE + ACTUAL LIQUID FIXTURES,ACTUAL INSERTION FIXTURES; LIVE PENDING,SOURCE CONTRACTS; LIVE PENDING,SOURCE/DOM; LIVE PENDING,ACTUAL LIQUID/DOM FIXTURES,DOM LIFECYCLE WHERE APPLICABLE; LIVE PENDING,CLI 4.8.0; see validation/sub-banners-static-cta,REQUIRES LIVE VERIFICATION,Provider-specific video embeds; hosted-video pause/cleanup; safe grid tracks; working flex alignment; valid gradient alpha; blank CTA guards and neutral insertion offers.,B2-SUB-CTA: 1440/1280/768/390/320px; all settings/layouts; long content; actual media/provider/Shopify newsletter submission; editor add/remove/reorder; keyboard/screen reader; sprite rendering.,Evidence: validation/sub-banners-static-cta/. Fixture adapters do not certify live Shopify or browser layout. Shared sprite inventory remains independently unreviewed.
sections,call-to-action-web3,sections/call-to-action-web3.liquid,2 Hero / Banner / CTA,snippets/cta-icon.liquid,,call-to-action-web3.js,,YES,SOURCE REVIEWED; actual Liquid fixtures PASS,Actual insertion fixtures PASS; live pending,SOURCE/DOM reviewed; browser widths pending,SOURCE/DOM controls PASS; real keyboard/screen reader pending,Two-instance source/DOM fixture PASS,Lifecycle/source fixture PASS; actual editor pending,CLI 4.8.0 checkpoint compared; existing debt retained,REQUIRES LIVE VERIFICATION,"Native configured URLs replace simulated wallet state; editor-only connected preview; disposable progressive reveal; bounded layout; deployed sprite references and tinted custom flat SVG masks; known legacy nested library paths normalized, unsupported paths get text/editor fallback. Neutral insertion presets.","B2-FINAL: 1440/1280/768/390/320px, configured and blank media/links, long content, keyboard/screen reader, multiple instances, real editor add/remove/reorder, reduced motion. Provider app blocks and uploaded icons require actual installed resources.",Source closure at batch2-closure checkpoint; fixture/DOM checks do not certify Shopify or browser behavior.
sections,carousel-hero-banner,sections/carousel-hero-banner.liquid,2 Hero / Banner / CTA,snippets/product-selling-plans.liquid,carousel-hero-banner.css,carousel-hero-banner.js,,YES,SOURCE REVIEW; real editor mode matrix pending,Actual Liquid fixtures; empty/product compositions; visual acceptance pending,SOURCE BREAKPOINT REVIEW; viewport acceptance pending,DOM interaction fixtures; screen reader/contrast pending,Fixture duplicate initialization and two-instance preset render,Synthetic load/unload; real editor pending,Batch 2 report; existing diagnostics retained,REQUIRES LIVE VERIFICATION,"Instance-scoped settings/styles; one lifecycle, inert decorative clones without IDs, rapid wrapping and persistent pause; native variant fallback for single/multiple slides; reuse Phase 3 cart handler and selling-plan contract.",B2-BANNERS: 1440/1280/768/390/320px; all layouts and long content; real editor lifecycle; variant/selling-plan cart acceptance; video provider playback; screen reader/focus.,Engineering checkpoint only. Batch 2 family is not complete and this row is not release approval. See batch2 review notes for remaining checks.
sections,collection-modern-quick-view,sections/collection-modern-quick-view.liquid,3 Collection / Discovery,snippets/q-quick-view-product.liquid,,,,YES,REVIEWED; native fragment has no merchant settings,N/A; Section Rendering fragment,NATIVE FRAGMENT / GLOBAL QV SOURCE; live pending,NATIVE GLOBAL QV FIXTURE; live pending,GLOBAL QV REQUEST/URL/FORM ISOLATION PASS,GLOBAL QV DISPOSAL FIXTURE PASS; live pending,CLI 4.8.0 compared in batch3-closure-batch4-card; existing debt retained,REQUIRES LIVE VERIFICATION,Native localized filter/sort/cart contracts; correct price units and result counts; scoped IDs/form ownership; source settings and card media/variant/subscription behavior; disposable pagination/drawer/quick-view controls. Batch 4 follow-up: quantity-rule minimum above one and required subscriptions route simple quick-add to product options; protected Collection Modern fragment retains its existing contract and adds an inert global native purchase template.,"B4-GLOBAL-QV after Batch 9: native Section Rendering, variant/plan/quantity/media/price, carts, focus/multiple modal hosts/editor. Legacy collection host remains inactive.","Ledger correction: Batch 4 global q-quick-view.js actively requests this protected section and imports its inert native template; global-quick-view.cjs tests the actual fragment. Earlier dormant disposition applied to the legacy collection loader, which remains dormant; it no longer describes this fragment. No further code or activation in this checkpoint."
sections,featured-content-blog-spotlight,sections/featured-content-blog-spotlight.liquid,5 Content / Interactive,snippets/blog-card.liquid,,,,YES,SOURCE/actual Liquid settings reviewed; live matrix queued,ACTUAL DEFAULT/PRESET RENDER PASS,SOURCE CSS bounds/units/long-text review; browser pending,SOURCE/Liquid semantics/focus/labels; assistive technology pending,Actual two-instance fixture PASS; scoped variables/identities,SOURCE block identities/empty-state review; no JS lifecycle; actual editor pending,"CLI 4.8.0 baseline evidence retained, exit 1; debt not suppressed",REQUIRES LIVE VERIFICATION,"Native article picker/blog objects rendered directly with manual block identity and tag/limit ordering. Correct excerpt length/plain text, line-height scaling, featured split/mobile peek units, single-article layout and keyboard scroller; escaped text and blank CTA protection.","B5-FEATURED after Batch 9: Actual selected articles/blog/tag feeds, all layouts/presets/CTA/color controls, long/translated content, keyboard/screen readers, responsive and editor acceptance.","tests/phase4/featured-content.cjs; shared Blog Card and Product Card remain on their own source/live contracts. This is an individual host pass, not Batch 5 closure. B5-FINAL engineering closure 2026-09-21; accumulated live acceptance remains queued after Batch 9."
sections,featured-content-collection-spotlight,sections/featured-content-collection-spotlight.liquid,3 Collection / Discovery,snippets/collection-card.liquid,,,,YES,SOURCE REVIEWED; live acceptance pending,SOURCE/LIQUID REVIEWED; visual acceptance pending,SOURCE/CSS REVIEWED; live pending,SOURCE/DOM REVIEWED; live pending,TWO-HOST LIQUID/CSS fixture pass; live pending,EDITOR ATTRIBUTES; insertion/selection live pending,CLI 4.8.0 baseline comparison; see batch3-spotlight evidence,REQUIRES LIVE VERIFICATION,"Restored existing card/CTA styles, host typography/media/colors/shadow controls, valid collection counting and complete split output, scoped CSS and editor identities; prior filter/output repairs retained.","B3-GRID and B3-SPOT: all presets/settings, five viewports, long text/media, two hosts, keyboard/screen reader, reduced motion, native carousel and real editor lifecycle.",Source findings from partial checkpoint resolved. No live Shopify/browser certification. Shared card retained in both feed and Spotlight hosts.
sections,featured-content-full-image-banner-only-sale,sections/featured-content-full-image-banner-only-sale.liquid,2 Hero / Banner / CTA,,,,,YES,SOURCE + ACTUAL LIQUID FIXTURES,ACTUAL INSERTION FIXTURES; LIVE PENDING,SOURCE CONTRACTS; LIVE PENDING,SOURCE/DOM; LIVE PENDING,ACTUAL LIQUID/DOM FIXTURES,DOM LIFECYCLE WHERE APPLICABLE; LIVE PENDING,CLI 4.8.0; see validation/sub-banners-static-cta,REQUIRES LIVE VERIFICATION,Image alt and escaped accessible link labels; visible keyboard focus; empty storefront suppression; responsive image fallback and sizing controls fixture-reviewed.,B2-SUB-CTA: 1440/1280/768/390/320px; all settings/layouts; long content; actual media/provider/Shopify newsletter submission; editor add/remove/reorder; keyboard/screen reader; sprite rendering.,Evidence: validation/sub-banners-static-cta/. Fixture adapters do not certify live Shopify or browser layout. Shared sprite inventory remains independently unreviewed.
sections,featured-content-product-spotlight-row,sections/featured-content-product-spotlight-row.liquid,4 Product / Commerce,snippets/product-card.liquid,,product-spotlight.js,,YES,SOURCE REVIEWED; schema-backed controls and native data contracts; live matrix queued,ACTUAL LIQUID DEFAULT/PRESET FIXTURE; live insertion queued,SOURCE CSS/markup bounds reviewed; actual browser queued,SOURCE/Liquid/DOM review; native browser and assistive technology queued,Host-scoped identities/state reviewed in fixtures; global singleton explicitly retained where applicable,SOURCE/DOM lifecycle and editor attributes reviewed; actual Shopify editor queued,"CLI 4.8.0 exit 1, full baseline comparison retained; not clean certification",REQUIRES LIVE VERIFICATION,"Direct collection fallback and bounded hero position; corrected overlay dim/video fit/card media sizing and editor-only placeholder prices. Native media controls, reduced-motion/autoplay intent, persistent pause, keyboard carousel and unload cleanup.","B4-FINAL, after Batch 9: Every hero position/layout/card setting, actual media/autoplay, products/collections, mobile rows, keyboard and editor block lifecycle.",Batch 4 individual source disposition. Evidence: validation/batch4-commerce-closure; product-feed-spotlight.cjs. Explicit platform adapters; no live certification.
sections,featured-content-sale-highlight,sections/featured-content-sale-highlight.liquid,5 Content / Interactive,snippets/q-deal.liquid,,,,YES,SOURCE/actual Liquid settings reviewed; live matrix queued,ACTUAL DEFAULT/PRESET RENDER PASS,SOURCE CSS bounds/units/long-text review; browser pending,SOURCE/Liquid semantics/focus/labels; assistive technology pending,Actual two-instance fixture PASS; scoped variables/identities,SOURCE block identities/empty-state review; no JS lifecycle; actual editor pending,"CLI 4.8.0 baseline evidence retained, exit 1; debt not suppressed",REQUIRES LIVE VERIFICATION,"One visibility pass handles inclusive end dates and invalid input; native render-date/cache limits documented in settings, empty scheduled editor guidance, escaped labels/links, scoped focus/wrap/reduced motion and retained Product Card controls.","B5-FEATURED after Batch 9: All modes/presets, scheduled dates in actual shop timezone/cache context, optional products and native card actions, per-deal/shared colors, long text, responsive and editor acceptance.","tests/phase4/featured-content.cjs; shared Blog Card and Product Card remain on their own source/live contracts. This is an individual host pass, not Batch 5 closure. B5-FINAL engineering closure 2026-09-21; accumulated live acceptance remains queued after Batch 9."
sections,featured-content-testimonial-highlight,sections/featured-content-testimonial-highlight.liquid,5 Content / Interactive,snippets/section-empty-state.liquid;snippets/testimonial-card.liquid,,interactive-content-carousel-media.js,,YES,"SOURCE/actual Liquid settings, select options and range endpoints reviewed; live matrix queued",ACTUAL DEFAULT/PRESET RENDER PASS,SOURCE CSS geometry/bounds/long-text review; browser pending,"SOURCE/Liquid/DOM focus, pause, keyboard and semantic repairs; actual assistive technology pending",Actual three-host fixture PASS; explicit controller ownership,DOM duplicate boot/block select/unload/reload PASS where applicable; actual editor pending,"CLI 4.8.0 evidence: exit 1, 639 diagnostics; existing debt retained",REQUIRES LIVE VERIFICATION,"Individual static hero/split and carousel review. Blank quotes filtered; block identities, escaped plain quotes, real media previews, neutral new-block defaults and malformed preset/code-fence repaired. Existing CTA link/overlay controls work; shared measured carousel replaces unmanaged inline listeners; narrow-width/focus/RTL/reduced-motion CSS.","B5-CAROUSELS after Batch 9: Each host/preset/settings separately at 1440/1280/768/390/320px; real media providers/embeds, native scroll/RTL, keyboard/screen readers/contrast, reduced motion, new and saved blocks, multiple instances and real editor insertion/reordering/unload/reload.",tests/phase4/content-carousels.cjs plus complete Phase 3/4 suites. Explicit Liquid/DOM/geometry/media adapters; no live browser/Shopify certification. Other gallery/text-carousel hosts remain NOT REVIEWED. B5-FINAL engineering closure 2026-09-21; accumulated live acceptance remains queued after Batch 9.
sections,featured-product-hero-banner,sections/featured-product-hero-banner.liquid,2 Hero / Banner / CTA,snippets/product-selling-plans.liquid,,featured-product-hero-banner.js,templates/page.playground.liquid,YES,SOURCE REVIEWED; live pending,DEFAULTS/LIQUID FIXTURE REVIEWED; live pending,SOURCE ONLY; live pending,SOURCE/DOM REVIEWED; live pending,DOM FIXTURE PASS,LOAD/UNLOAD FIXTURE PASS; live pending,REVIEWED; existing debt retained,REQUIRES LIVE VERIFICATION,"Progressive reveal, product/collection picker objects, exact variant availability/price and localized native form; disposable controller.","B2-HERO-MEDIA: responsive layouts, actual merchant data, media providers and real editor; product variants/selling plans/native and drawer cart.",Offline fixtures are not live Shopify certification.
sections,feeds-blogs,sections/feeds-blogs.liquid,3 Collection / Discovery,snippets/blog-feed-items.liquid,,feeds-blogs.js,templates/index.json,YES,SOURCE/ACTUAL LIQUID CONTRACT REVIEWED; live pending,SCHEMA CHOICES/BOOLEANS/RANGE ENDPOINTS/PRESET fixture pass; live pending,SOURCE CSS/bounds/reduced-motion reviewed; live pending,SOURCE/DOM native links/forms/focus reviewed; live pending,ACTUAL LIQUID/DOM fixture pass; live pending,Controller unload/reload and source attributes reviewed; actual editor pending,CLI 4.8.0 compared in batch3-closure-batch4-card; existing debt retained,REQUIRES LIVE VERIFICATION,"Native blog/article/pagination contracts, safe shared cards, tagged preview/archive routing, settings/CTA/auxiliary-content controls, scoped bounds and disposable load-more; social SVG output source reviewed without changes.","B3-BLOG: after Batches 4–9; all settings/presets, five viewports, real data/currency/cart, keyboard/screen reader, no JS/reduced motion, multiple instances and actual editor lifecycle.",Source/fixture acceptance only. Live Shopify/browser acceptance remains queued. Other consumers retain individual host review in their assigned batches.
sections,feeds-collection-grid,sections/feeds-collection-grid.liquid,3 Collection / Discovery,snippets/collection-card.liquid,,,templates/index.json,YES,SOURCE REVIEWED; live acceptance pending,SOURCE/LIQUID REVIEWED; visual acceptance pending,SOURCE/CSS REVIEWED; live pending,SOURCE/DOM REVIEWED; live pending,TWO-HOST LIQUID/CSS fixture pass; live pending,EDITOR ATTRIBUTES; insertion/selection live pending,CLI 4.8.0 baseline comparison; see batch3-spotlight evidence,REQUIRES LIVE VERIFICATION,"Restored existing card/CTA styles, host typography/media/colors/shadow controls, valid collection counting and complete split output, scoped CSS and editor identities; prior filter/output repairs retained.","B3-GRID and B3-SPOT: all presets/settings, five viewports, long text/media, two hosts, keyboard/screen reader, reduced motion, native carousel and real editor lifecycle.",Source findings from partial checkpoint resolved. No live Shopify/browser certification. Shared card retained in both feed and Spotlight hosts.
sections,feeds-product-grid,sections/feeds-product-grid.liquid,4 Product / Commerce,snippets/product-card.liquid,,feeds-products.js,templates/index.json,YES,SOURCE REVIEWED; schema-backed controls and native data contracts; live matrix queued,ACTUAL LIQUID DEFAULT/PRESET FIXTURE; live insertion queued,SOURCE CSS/markup bounds reviewed; actual browser queued,SOURCE/Liquid/DOM review; native browser and assistive technology queued,Host-scoped identities/state reviewed in fixtures; global singleton explicitly retained where applicable,SOURCE/DOM lifecycle and editor attributes reviewed; actual Shopify editor queued,"CLI 4.8.0 exit 1, full baseline comparison retained; not clean certification",REQUIRES LIVE VERIFICATION,Localized collection Section Rendering owns sort/load-more/infinite pagination and saved card settings. Native GET/page links remain; failed/stale requests retain results. Existing collection filter link replaces inert toggle; per-instance/editor cleanup.,"B4-FINAL, after Batch 9: Actual collection sorting/pagination/filter links and Section Rendering, card settings, infinite/append errors, no-JS navigation, responsive carousel and editor acceptance.",Batch 4 individual source disposition. Evidence: validation/batch4-commerce-closure; product-feed-spotlight.cjs. Explicit platform adapters; no live certification.
sections,footer-five,sections/footer-five.liquid,1 Global / Structural,,,,config/settings_data.json;layout/theme.liquid,YES,Source contract considered; runtime settings matrix pending,Two-instance default/preset Liquid fixture PASS,CSS source breakpoints/overflow considered; visual matrix pending,Names/labels/focus considered; see Batch 1 findings and tests,Fixture PASS,Preserved or consumer-dependent; live editor check queued,YES — Batch 1 report,REQUIRES LIVE VERIFICATION,Batch 1 local hardening; see engineering report,B1-VISUAL: 1440/1280/768/390/320px; long labels; populated/empty; real editor and integrations,Source/mechanism evidence does not certify visual release readiness. Detailed Batch 1 scope in engineering report.
sections,footer-four,sections/footer-four.liquid,1 Global / Structural,,,,config/settings_data.json;layout/theme.liquid,YES,Source contract considered; runtime settings matrix pending,Two-instance default/preset Liquid fixture PASS,CSS source breakpoints/overflow considered; visual matrix pending,Names/labels/focus considered; see Batch 1 findings and tests,Fixture PASS,Preserved or consumer-dependent; live editor check queued,YES — Batch 1 report,REQUIRES LIVE VERIFICATION,Batch 1 local hardening; see engineering report,B1-VISUAL: 1440/1280/768/390/320px; long labels; populated/empty; real editor and integrations,Source/mechanism evidence does not certify visual release readiness. Detailed Batch 1 scope in engineering report.
sections,footer-one,sections/footer-one.liquid,1 Global / Structural,,,,config/settings_data.json;layout/theme.liquid,YES,Source contract considered; runtime settings matrix pending,Two-instance default/preset Liquid fixture PASS,CSS source breakpoints/overflow considered; visual matrix pending,Names/labels/focus considered; see Batch 1 findings and tests,Fixture PASS,Preserved or consumer-dependent; live editor check queued,YES — Batch 1 report,REQUIRES LIVE VERIFICATION,Batch 1 local hardening; see engineering report,B1-VISUAL: 1440/1280/768/390/320px; long labels; populated/empty; real editor and integrations,Source/mechanism evidence does not certify visual release readiness. Detailed Batch 1 scope in engineering report.
sections,footer-three,sections/footer-three.liquid,1 Global / Structural,,,,config/settings_data.json;layout/theme.liquid,YES,Source contract considered; runtime settings matrix pending,Two-instance default/preset Liquid fixture PASS,CSS source breakpoints/overflow considered; visual matrix pending,Names/labels/focus considered; see Batch 1 findings and tests,Fixture PASS,Preserved or consumer-dependent; live editor check queued,YES — Batch 1 report,REQUIRES LIVE VERIFICATION,Batch 1 local hardening; see engineering report,B1-VISUAL: 1440/1280/768/390/320px; long labels; populated/empty; real editor and integrations,Source/mechanism evidence does not certify visual release readiness. Detailed Batch 1 scope in engineering report.
sections,footer-two,sections/footer-two.liquid,1 Global / Structural,,,,config/settings_data.json;layout/theme.liquid,YES,Source contract considered; runtime settings matrix pending,Two-instance default/preset Liquid fixture PASS,CSS source breakpoints/overflow considered; visual matrix pending,Names/labels/focus considered; see Batch 1 findings and tests,Fixture PASS,Preserved or consumer-dependent; live editor check queued,YES — Batch 1 report,REQUIRES LIVE VERIFICATION,Batch 1 local hardening; see engineering report,B1-VISUAL: 1440/1280/768/390/320px; long labels; populated/empty; real editor and integrations,Source/mechanism evidence does not certify visual release readiness. Detailed Batch 1 scope in engineering report.
sections,form-compact,sections/form-compact.liquid,6 Forms / Conversion,snippets/contrast-text.liquid;snippets/form-background.liquid;snippets/form-dispatch.liquid,forms-sections.css,frontend-form-logic-form-sections.js,,YES,SOURCE/ACTUAL native fields/routes and 185 four-host preset/setting endpoints; independent controls and false/zero cases PASS,ACTUAL each host preset PASS; shared dependency consumers exercised,"SOURCE/fixture split/card/steps/frameless, padding and long fields bounded; actual widths/RTL pending","SOURCE/DOM native validity, labels/descriptions, no-JS complete steps, signup consent, file link, plain escaping, native select/focus/media controls; AT pending","ACTUAL scoped roots/IDs, duplicate asset boot, independent form/media lifecycle PASS","SOURCE/actual DOM empty/error guidance, viewport reachability, paused media and unload/reload fixtures PASS",CLI 4.8.0 exits 1; 579 diagnostics (7 errors/572 warnings). Native quote capture syntax errors repaired; new referenced helper inherits unsuppressed orphan graph debt.,REQUIRES LIVE VERIFICATION,"Independent Compact schema/preset/root identity restored; frameless surface and documented rem-times-ten padding retained with narrow-screen bounds; balanced native surfaces, actual field widths/media order, escaped copy/false flags, palette/input controls, meaningful signup routing and shared controllable background.","B6-QUOTE-SUPPORT after Batch 9: each actual saved host/preset/control and native Contact/Customer result; customer marketing confirmation and intended routing/copy; custom POST/multipart/server captcha/integration processing; real media/alt/colors/contrast, responsive/RTL/keyboard/AT/no-JS, custom anchors, actual editor insert/reorder/unload/reload.","tests/phase4/forms-quotes.cjs, forms-native.cjs, forms-controller.cjs and existing video-hero.cjs; validation/batch6-quote-support. Explicit Liquid/DOM/form/image/color/provider adapters; no endpoint, Shopify or pixel certification. Each remaining form host, both CSS assets and Batch 7 consumers remain independent."
sections,form-newsletter,sections/form-newsletter.liquid,6 Forms / Conversion,snippets/contrast-text.liquid;snippets/form-background.liquid;snippets/form-dispatch.liquid,forms-sections.css,frontend-form-logic-form-sections.js,,YES,ACTUAL independent 117 preset/settings/field-route cases PASS; native/custom settings/zero/false/blank source reviewed,ACTUAL every saved Newsletter and CTA Newsletter preset PASS,"SOURCE scoped/bounded Card/Split/Inline/Steps, native selects and long controls; actual widths/RTL pending","SOURCE/DOM native email/consent/feedback, labels and descriptions, no-JS complete steps, safe plain copy/focus/media controls; AT pending",ACTUAL two newsletter hosts with both shared entry points; independent lifecycle PASS,"SOURCE/DOM visibility controls bypassed in editor, native complete fields and scoped unload/reload PASS",CLI 4.8.0 exits 1: 539 diagnostics (7 errors/532 warnings); existing orphan-graph debt retained; changed native HTML parses PASS.,REQUIRES LIVE VERIFICATION,"Forms Newsletter preserves explicit required unconditional marketing-consent blocks without duplicate confirmation; restores Inline heading and bounded email/button layout, native server feedback, metadata false/source, card/split empty media and lifecycle.","B6-NEWSLETTER after Batch 9: each actual saved host/preset/control and Customer signup/consent/native captcha/error/success return; custom POST and server provider integration/double opt-in; native storage of configured fields; 1440/1280/768/390/320px, contrast/RTL/keyboard/AT/no-JS, media/providers and actual editor insertion/reorder/unload/reload.","tests/phase4/forms-newsletter.cjs (117 cases), forms-native.cjs, forms-controller.cjs, forms-quotes.cjs; validation/batch6-newsletter. Explicit transport/DOM/color/image adapters; no Shopify, endpoint or pixel certification. Waitlist/Search/two shared CSS reviews remain independent."
sections,form-quote-full,sections/form-quote-full.liquid,6 Forms / Conversion,snippets/contrast-text.liquid;snippets/form-background.liquid;snippets/form-dispatch.liquid,forms-sections.css,frontend-form-logic-form-sections.js,,YES,SOURCE/ACTUAL native fields/routes and 185 four-host preset/setting endpoints; independent controls and false/zero cases PASS,ACTUAL each host preset PASS; shared dependency consumers exercised,"SOURCE/fixture split/card/steps/frameless, padding and long fields bounded; actual widths/RTL pending","SOURCE/DOM native validity, labels/descriptions, no-JS complete steps, signup consent, file link, plain escaping, native select/focus/media controls; AT pending","ACTUAL scoped roots/IDs, duplicate asset boot, independent form/media lifecycle PASS","SOURCE/actual DOM empty/error guidance, viewport reachability, paused media and unload/reload fixtures PASS",CLI 4.8.0 exits 1; 579 diagnostics (7 errors/572 warnings). Native quote capture syntax errors repaired; new referenced helper inherits unsuppressed orphan graph debt.,REQUIRES LIVE VERIFICATION,"Balanced native Liquid/HTML surfaces replace cross-capture wrappers; independent Card/Split/Steps layouts and sparse media; correct full/half field widths and RTL media ordering; native theme/input/border/spacing/shadow controls, escaped copy and false metadata; explicit marketing-signup route/confirmation; shared media fallback/lifecycle.","B6-QUOTE-SUPPORT after Batch 9: each actual saved host/preset/control and native Contact/Customer result; customer marketing confirmation and intended routing/copy; custom POST/multipart/server captcha/integration processing; real media/alt/colors/contrast, responsive/RTL/keyboard/AT/no-JS, custom anchors, actual editor insert/reorder/unload/reload.","tests/phase4/forms-quotes.cjs, forms-native.cjs, forms-controller.cjs and existing video-hero.cjs; validation/batch6-quote-support. Explicit Liquid/DOM/form/image/color/provider adapters; no endpoint, Shopify or pixel certification. Each remaining form host, both CSS assets and Batch 7 consumers remain independent."
sections,form-search,sections/form-search.liquid,6 Forms / Conversion,snippets/contrast-text.liquid;snippets/form-search-results.liquid,forms-sections.css,form-search.js;interactive-content-search.js,,YES,SOURCE/ACTUAL 91 Search/Finder preset/setting/scope cases plus filter/render/lifecycle matrix PASS,ACTUAL three Search/Finder presets PASS,"SOURCE bounded controls and suggestion grid/panel, zero spacing and sparse media, reduced motion; actual widths/RTL pending","SOURCE/DOM native GET/no-JS filters/labels, predictive-only combobox/dialog and real link focus, Escape/IME/error status and safe copy; AT pending","ACTUAL independent form hosts, dynamic resource scope/cancellation and coexistence with generic forms controller PASS","SOURCE/DOM visibility reachability, guidance for target/filter settings and request/listener reset/disposal PASS",CLI 4.8.0 exits 1: 514 diagnostics (7 errors/507 warnings); schema count and existing orphan-graph debt retained; changed native HTML parse PASS.,REQUIRES LIVE VERIFICATION,"Native localized GET search and valid full-search types; native category/tag/min/max parameters and saved filter/query values; optional scoped predictive lifecycle with native section-ID/settings response, real quick links and empty fallback; bounded Card/Split/Inline/frameless controls, theme contrast/button/font settings, escaped plain copy and editor visibility.","B6-SEARCH after Batch 9: actual saved hosts/presets and localized/custom target GET; Shopify Search & Discovery category IDs/tag/price filter configuration and catalog values, shop/market currency and tax display; actual section-ID predictive API/scopes/per-source limits/collection-only fallback; 1440/1280/768/390/320px, RTL/contrast/keyboard/AT/no-JS and actual editor insertion/reordering/unload/reload.","tests/phase4/forms-search.cjs (91 preset/settings/scope cases plus native payload/result/price/lifecycle cases), existing content-search.cjs; validation/batch6-search. Explicit Liquid/DOM/money/image/request adapters, not native Shopify/filter/pixel certification. Both shared CSS assets remain pending; limited B5 controller dependency extension does not reopen its completed source review."
sections,form-support-request,sections/form-support-request.liquid,6 Forms / Conversion,snippets/contrast-text.liquid;snippets/form-background.liquid;snippets/form-dispatch.liquid,forms-sections.css,frontend-form-logic-form-sections.js,templates/page.dynamic-section-test.json,YES,SOURCE/ACTUAL native fields/routes and 185 four-host preset/setting endpoints; independent controls and false/zero cases PASS,ACTUAL each host preset PASS; shared dependency consumers exercised,"SOURCE/fixture split/card/steps/frameless, padding and long fields bounded; actual widths/RTL pending","SOURCE/DOM native validity, labels/descriptions, no-JS complete steps, signup consent, file link, plain escaping, native select/focus/media controls; AT pending","ACTUAL scoped roots/IDs, duplicate asset boot, independent form/media lifecycle PASS","SOURCE/actual DOM empty/error guidance, viewport reachability, paused media and unload/reload fixtures PASS",CLI 4.8.0 exits 1; 579 diagnostics (7 errors/572 warnings). Native quote capture syntax errors repaired; new referenced helper inherits unsuppressed orphan graph debt.,REQUIRES LIVE VERIFICATION,"Independent support source metadata and distinct elevation levels; removed invented/unconsumed privacy-CC/SLA/subject attributes; framed/frameless controls, real theme button/font/input palette, bounded split/field geometry, escaped copy/stable scope/editor visibility and shared native/media lifecycle.","B6-QUOTE-SUPPORT after Batch 9: each actual saved host/preset/control and native Contact/Customer result; customer marketing confirmation and intended routing/copy; custom POST/multipart/server captcha/integration processing; real media/alt/colors/contrast, responsive/RTL/keyboard/AT/no-JS, custom anchors, actual editor insert/reorder/unload/reload.","tests/phase4/forms-quotes.cjs, forms-native.cjs, forms-controller.cjs and existing video-hero.cjs; validation/batch6-quote-support. Explicit Liquid/DOM/form/image/color/provider adapters; no endpoint, Shopify or pixel certification. Each remaining form host, both CSS assets and Batch 7 consumers remain independent."
sections,form-waitlist,sections/form-waitlist.liquid,6 Forms / Conversion,snippets/contrast-text.liquid;snippets/form-dispatch.liquid,forms-sections.css,form-waitlist.js;frontend-form-logic.js,templates/index.json,YES,SOURCE/ACTUAL 51 Waitlist preset/setting cases plus independent native/custom/product identity cases PASS,ACTUAL both Waitlist presets with valid route/product fixtures PASS,"SOURCE bounded controls/picker/card/split/inline, zero spacing and blank split media; actual widths/RTL pending","SOURCE/DOM native labelled email/select/consent and server errors, described help, no-JS native payloads, focus/status, explicit Customer marketing confirmation; AT pending","ACTUAL multiple waitlists, distinct bind modes, unrelated products/quick view, duplicate/ambiguous purchase owners and duplicate asset boot PASS","SOURCE/DOM missing-product guidance, viewport reachability, native content, unload/reload and listener disposal PASS",CLI 4.8.0 exits 1; 527 diagnostics (7 errors/520 warnings). Existing schema count and whole-project orphan graph debt retained; native HTML parse PASS.,REQUIRES LIVE VERIFICATION,"Independent Inline/Card/Split and surface/spacing/palette controls; published product resolution from current product or explicit handle; no unrelated homepage product guessing; native variant options and unavailable guidance; shared route/server feedback/captcha, corrected contact[first_name], direct consent submission without JS, separate native marketing confirmation, escaped copy/stable CSS/editor reachability.","B6-WAITLIST after Batch 9: saved product pages/landing handles, published/deleted/large variant products and all_products limits; native Customer signup/captcha/errors/consent/storage/tag behavior (including existing subscribers), configured notification service and truthful merchant copy; custom endpoint/server captcha/consent/variant processing and actual restock delivery; responsive/RTL/contrast/keyboard/AT/no-JS and editor/lifecycle.","tests/phase4/forms-waitlist.cjs (51 preset/settings cases plus ownership/lifecycle/payload fixtures), forms-native.cjs, forms-controller.cjs; validation/batch6-waitlist. Explicit Liquid/DOM/native form adapters. Shopify Customer alone is marketing signup, not an implemented restock service. No-JS custom variant ID/consent work; native variant tag enrichment requires JS. Search and both CSS assets remain independently pending."
sections,grid-banner,sections/grid-banner.liquid,2 Hero / Banner / CTA,snippets/tw-safelist-banners.liquid,,grid-banner.js;video-hero-banner.js,templates/page.playground.liquid,YES,SOURCE REVIEWED; live pending,ACTUAL PRESET/LIQUID FIXTURE PASS; live pending,SOURCE ONLY; live pending,SOURCE/DOM REVIEWED; live pending,ACTUAL LIQUID/DOM FIXTURE PASS,GRID MEDIA UNLOAD/DELEGATED EVENTS TESTED; live pending,CLI 4.8.0 BASELINE COMPARISON PASS; existing debt retained,REQUIRES LIVE VERIFICATION,Stable anchor/CSS scope; responsive minimum hero height; content-safe grid rows; bounded spans; mobile-image fallback/object position; restored hero CTA editor controls; shared video controls; delegated analytics.,"B2-GRID-MODERN: all layouts/settings at 1440/1280/768/390/320px; real editor, long text, images/video, keyboard/screen reader, color contrast, CTA picker destinations and analytics consent integration.",Actual Liquid and mock DOM checks are not Shopify runtime or rendered browser acceptance.
sections,header-basic,sections/header-basic.liquid,1 Global / Structural,,,,,N/A,PENDING,N/A,PENDING,PENDING,PENDING,PENDING,PENDING,DELETION CANDIDATE — OWNER REVIEW,,Owner decision only; not deleted.,Zero-byte retained file; no active layout/config/template consumer in trace. Retained pending owner decision.
sections,header-five,sections/header-five.liquid,1 Global / Structural,snippets/header-marketplace-category-drawer.liquid;snippets/header-marketplace-departments.liquid;snippets/header-marketplace-utility-links.liquid;snippets/search-form-predictive.liquid;snippets/search-form-static.liquid,header-five.css,header-five.js,config/settings_data.json;layout/theme.liquid,YES,Source contract considered; runtime settings matrix pending,Two-instance default/preset Liquid fixture PASS,CSS source breakpoints/overflow considered; visual matrix pending,Names/labels/focus considered; see Batch 1 findings and tests,Fixture PASS,Preserved or consumer-dependent; live editor check queued,YES — Batch 1 report,REQUIRES LIVE VERIFICATION,Batch 1 local hardening; see engineering report,B1-VISUAL: 1440/1280/768/390/320px; long labels; populated/empty; real editor and integrations,Source/mechanism evidence does not certify visual release readiness. Detailed Batch 1 scope in engineering report.
sections,header-four,sections/header-four.liquid,1 Global / Structural,snippets/header-conversion-countdown.liquid;snippets/header-conversion-cta.liquid;snippets/header-conversion-progress.liquid,header-four.css,header-four.js,config/settings_data.json;layout/theme.liquid,YES,Source contract considered; runtime settings matrix pending,Two-instance default/preset Liquid fixture PASS,CSS source breakpoints/overflow considered; visual matrix pending,Names/labels/focus considered; see Batch 1 findings and tests,Fixture PASS,Preserved or consumer-dependent; live editor check queued,YES — Batch 1 report,REQUIRES LIVE VERIFICATION,Batch 1 local hardening; see engineering report,B1-VISUAL: 1440/1280/768/390/320px; long labels; populated/empty; real editor and integrations,Source/mechanism evidence does not certify visual release readiness. Detailed Batch 1 scope in engineering report.
sections,header-one,sections/header-one.liquid,1 Global / Structural,snippets/search-form-static.liquid,,header-one.js,config/settings_data.json;layout/theme.liquid,YES,Source contract considered; runtime settings matrix pending,Two-instance default/preset Liquid fixture PASS,CSS source breakpoints/overflow considered; visual matrix pending,Names/labels/focus considered; see Batch 1 findings and tests,Fixture PASS,Preserved or consumer-dependent; live editor check queued,YES — Batch 1 report,REQUIRES LIVE VERIFICATION,Batch 1 local hardening; see engineering report,B1-VISUAL: 1440/1280/768/390/320px; long labels; populated/empty; real editor and integrations,Source/mechanism evidence does not certify visual release readiness. Detailed Batch 1 scope in engineering report.
sections,header-three,sections/header-three.liquid,1 Global / Structural,,header-three.css,header-three.js,config/settings_data.json;layout/theme.liquid,YES,Source contract considered; runtime settings matrix pending,Two-instance default/preset Liquid fixture PASS,CSS source breakpoints/overflow considered; visual matrix pending,Names/labels/focus considered; see Batch 1 findings and tests,Fixture PASS,Preserved or consumer-dependent; live editor check queued,YES — Batch 1 report,REQUIRES LIVE VERIFICATION,Batch 1 local hardening; see engineering report,B1-VISUAL: 1440/1280/768/390/320px; long labels; populated/empty; real editor and integrations,Source/mechanism evidence does not certify visual release readiness. Detailed Batch 1 scope in engineering report.
sections,header-two,sections/header-two.liquid,1 Global / Structural,snippets/search-source-types.liquid,header-two.css,header-two.js,config/settings_data.json;layout/theme.liquid,YES,SOURCE/ACTUAL LIQUID REVIEWED; live pending after Batch 9,Two-instance default/preset Liquid fixture PASS,SOURCE ONLY; live pending after Batch 9,LIQUID/DOM REVIEWED; keyboard/screen reader live pending,ACTUAL LIQUID/DOM FIXTURE PASS,SOURCE/HOST FIXTURE PASS; real editor pending,CLI 4.8.0 BASELINE COMPARED; retained diagnostics documented,REQUIRES LIVE VERIFICATION,Batch 1 local hardening; see engineering report; Batch 3 shared search contract repairs,"B3-SEARCH plus original B1 queue, scheduled after Batches 4–9: actual requests/counts/pagination, all settings, five viewports, keyboard/screen reader, no-JS, multiple hosts and editor lifecycle.",Both existing native search forms submit supported source types; all-off inputs/submits disabled. Other Header Two contracts retained.
sections,hero-banner,sections/hero-banner.liquid,2 Hero / Banner / CTA,snippets/contrast-text.liquid,section-hero-classic.css,section-hero-classic.js,templates/index.json;templates/page.landing.json;templates/page.playground.liquid,YES,SOURCE REVIEWED; live pending,DEFAULT LIQUID REVIEWED; live pending,SOURCE ONLY; live pending,SOURCE/DOM REVIEWED; live pending,ACTUAL LIQUID/DOM FIXTURE PASS,LOAD/UNLOAD/BLOCK SELECT FIXTURE PASS; live pending,REVIEWED; existing debt retained,REQUIRES LIVE VERIFICATION,"Disposable timer/media lifecycle, pause, inactive-slide inertness; corrected visibility, sizing, anchors, empty media and CTA handling.","B2-CLASSIC: responsive placement/font/height settings; actual media, real editor, keyboard and screen reader.","Shared CSS also loaded by sub-banner-classic; additions scoped to data-classic-hero, absent from that consumer. Sub Banner remains NOT REVIEWED."
sections,interactive-content-helper-3d-tour-media-showcase,sections/interactive-content-helper-3d-tour-media-showcase.liquid,5 Content / Interactive,snippets/section-empty-state.liquid,,interactive-content-showcase.js;q-model-viewer.min.js,,YES,SOURCE/ACTUAL HOST SETTINGS MATRIX; live pending,ACTUAL INSERTION/EMPTY PRESET PASS,SOURCE CSS bounds/aspect/columns; actual WebGL/browser pending,SOURCE/DOM labels/links/fallback/focus; AT and model interaction pending,ACTUAL TWO-HOST/DUPLICATE-BOOT/DEPENDENCY-REQUEST FIXTURE PASS,SOURCE block identities; unload/reload/stale callbacks/observer cleanup adapters,"CLI 4.8.0 exit 1: 631 diagnostics, 16 errors/615 warnings; no added signatures; existing debt retained",REQUIRES LIVE VERIFICATION,"Actual supporting image count; empty/editor guard and gallery-only layout; preserved blank headings; valid separated camera/AR attributes; safe model URLs, owned runtime reference, poster/file fallbacks, custom aspect control, native linked image semantics.","B5-LOCATION-SHOWCASE after Batch 9: actual location settings/content/contact links/colors; all poster/gallery/model layouts, GLB/USDZ/model decoder networks/CSP, GPU/WebGL/AR and native product-media coexistence; widths/RTL/keyboard/AT/reduced motion and actual editor lifecycle.",tests/phase4/location-showcase.cjs; validation/batch5-location-showcase; docs/vendor/model-viewer. Explicit DOM/model-event adapters; no actual 3D rendering or Shopify/browser certification. B5-FINAL engineering closure 2026-09-21; accumulated live acceptance remains queued after Batch 9.
sections,interactive-content-helper-cards,sections/interactive-content-helper-cards.liquid,5 Content / Interactive,snippets/section-empty-state.liquid,,interactive-content-cards.js,,YES,SOURCE/ACTUAL NATIVE HOST MATRIX; live pending,ACTUAL INSERTION PRESET/EMPTY STATE PASS,SOURCE CSS bounds/selected columns and media-query adapters; browser pending,ACTUAL DOM link/control/ARIA/inert/focus fixtures; browser/AT pending,ACTUAL TWO-HOST/DUPLICATE-BOOT PASS,SOURCE block identities; disposable load/unload/reload and native editor fallback fixtures,"CLI 4.8.0 exit 1: 632 diagnostics, 16 errors/616 warnings; unchanged signatures, no suppression",REQUIRES LIVE VERIFICATION,Preserve valid RTE/CTA destinations instead of nesting anchors/buttons; actual named-block empty guard; escaped labels/media alt; keyboard row rail and selected mobile columns; bounded grid/timeline/padding; progressive flip faces and explicit separate control.,"B5-CARDS-PORTFOLIO after Batch 9: all actual saved settings/presets, grid/row/timeline/masonry, whole-card/RTE/CTA links, native media, long translated content and width extremes, flip hover/touch/keyboard/AT, RTL/reduced motion, and real editor insertion/reorder/unload/reload.",tests/phase4/cards-portfolio.cjs; validation/batch5-cards-portfolio. Native source and explicit DOM/media-query/image adapters; no Shopify/browser certification. B5-FINAL engineering closure 2026-09-21; accumulated live acceptance remains queued after Batch 9.
sections,interactive-content-helper-carousel-media-logos,sections/interactive-content-helper-carousel-media-logos.liquid,5 Content / Interactive,snippets/section-empty-state.liquid,interactive-content-carousel-media.css,interactive-content-carousel-media.js,,YES,"SOURCE/actual Liquid settings, select options and range endpoints reviewed; live matrix queued",ACTUAL DEFAULT/PRESET RENDER PASS,SOURCE CSS geometry/bounds/long-text review; browser pending,"SOURCE/Liquid/DOM focus, pause, keyboard and semantic repairs; actual assistive technology pending",Actual three-host fixture PASS; explicit controller ownership,DOM duplicate boot/block select/unload/reload PASS where applicable; actual editor pending,"CLI 4.8.0 evidence: exit 1, 639 diagnostics; existing debt retained",REQUIRES LIVE VERIFICATION,"Individual media/logo and autonomous presets reviewed. Explicit shared ownership, escaped labels, native image/alt fallbacks, single-slide controls and autoplay pause. Video embeds load on shopper activation; native link/embed fallback remains without JS. Embed-URL purpose clarified; image/logo sizes, mobile peek and arrow inset have CSS consumers.","B5-CAROUSELS after Batch 9: Each host/preset/settings separately at 1440/1280/768/390/320px; real media providers/embeds, native scroll/RTL, keyboard/screen readers/contrast, reduced motion, new and saved blocks, multiple instances and real editor insertion/reordering/unload/reload.",tests/phase4/content-carousels.cjs plus complete Phase 3/4 suites. Explicit Liquid/DOM/geometry/media adapters; no live browser/Shopify certification. Other gallery/text-carousel hosts remain NOT REVIEWED. B5-FINAL engineering closure 2026-09-21; accumulated live acceptance remains queued after Batch 9.
sections,interactive-content-helper-carousel-testimonials,sections/interactive-content-helper-carousel-testimonials.liquid,5 Content / Interactive,snippets/section-empty-state.liquid;snippets/testimonial-card.liquid,interactive-content-carousel-testimonials.css,interactive-content-carousel-media.js;interactive-content-carousel-testimonials.js,,YES,"SOURCE/actual Liquid settings, select options and range endpoints reviewed; live matrix queued",ACTUAL DEFAULT/PRESET RENDER PASS,SOURCE CSS geometry/bounds/long-text review; browser pending,"SOURCE/Liquid/DOM focus, pause, keyboard and semantic repairs; actual assistive technology pending",Actual three-host fixture PASS; explicit controller ownership,DOM duplicate boot/block select/unload/reload PASS where applicable; actual editor pending,"CLI 4.8.0 evidence: exit 1, 639 diagnostics; existing debt retained",REQUIRES LIVE VERIFICATION,"Individual rich-text host review. Avatar/role false toggles honored; empty quotes filtered; nested-link risk replaced with explicit full-review link retaining saved URL/setting ID. Existing per-view settings retained; inert duplicate layout selector retired after no-consumer trace. Shared engine, persistent pause, editor identities and native scroll preserved; new blocks are blank/unrated.","B5-CAROUSELS after Batch 9: Each host/preset/settings separately at 1440/1280/768/390/320px; real media providers/embeds, native scroll/RTL, keyboard/screen readers/contrast, reduced motion, new and saved blocks, multiple instances and real editor insertion/reordering/unload/reload.",tests/phase4/content-carousels.cjs plus complete Phase 3/4 suites. Explicit Liquid/DOM/geometry/media adapters; no live browser/Shopify certification. Other gallery/text-carousel hosts remain NOT REVIEWED. B5-FINAL engineering closure 2026-09-21; accumulated live acceptance remains queued after Batch 9.
sections,interactive-content-helper-countdown-and-progress,sections/interactive-content-helper-countdown-and-progress.liquid,5 Content / Interactive,,,interactive-content-countdown.js,,YES,SOURCE/ACTUAL all modes/selects/range endpoints/false/zero/calendar matrix; live pending,ACTUAL insertion preset; no-JS date fallback,SOURCE bounded grids/padding/typography/radius/RTL connectors; live pending,SOURCE/DOM native progress/current step/date fallback/escaped labels/focus; AT pending,"ACTUAL two-root, duplicate boot, independent timer fixture PASS",SOURCE empty/error guidance; expired visibility; unload/reload/disposal adapters PASS,"CLI 4.8.0 exits 1; 631 diagnostics (16 errors/615 warnings), no added signatures; existing debt retained",REQUIRES LIVE VERIFICATION,"Strict calendar/time/epoch validation; native no-JS date and step connectors; clamped numeric progress and step index; valid scoped CSS, escaped plain text, hidden seconds. Scoped timer pauses while hidden, stops at exact expiry, remains editable and disposes fully.","B5-COUNTDOWN-PROGRESS after Batch 9: Shopify store/UTC deadline parsing, leap dates/DST/cache and customer clock; all modes/settings/presets/no-JS, widths/RTL/contrast/keyboard/AT; editor insertion/removal/reload and expired/invalid states.",tests/phase4/countdown-progress.cjs; validation/batch5-countdown-progress. Actual Liquid source with explicit LiquidJS/DOM clock adapters; no Shopify timezone/DST or live certification. Display does not schedule discounts. B5-FINAL engineering closure 2026-09-21; accumulated live acceptance remains queued after Batch 9.
sections,interactive-content-helper-location-info-panels,sections/interactive-content-helper-location-info-panels.liquid,5 Content / Interactive,snippets/section-empty-state.liquid,,,,YES,SOURCE/ACTUAL HOST SETTINGS MATRIX; live pending,ACTUAL INSERTION/EMPTY PRESET PASS,SOURCE CSS bounds/aspect/columns; actual WebGL/browser pending,SOURCE/DOM labels/links/fallback/focus; AT and model interaction pending,ACTUAL TWO-HOST/DUPLICATE-BOOT/DEPENDENCY-REQUEST FIXTURE PASS,SOURCE block identities; unload/reload/stale callbacks/observer cleanup adapters,"CLI 4.8.0 exit 1: 631 diagnostics, 16 errors/615 warnings; no added signatures; existing debt retained",REQUIRES LIVE VERIFICATION,Actual custom colors override defaults; radius/shadow/heading size and weight independent from color toggle; valid named nonempty locations; escaped address/contact/CTA destinations and scoped bounds/focus.,"B5-LOCATION-SHOWCASE after Batch 9: actual location settings/content/contact links/colors; all poster/gallery/model layouts, GLB/USDZ/model decoder networks/CSP, GPU/WebGL/AR and native product-media coexistence; widths/RTL/keyboard/AT/reduced motion and actual editor lifecycle.",tests/phase4/location-showcase.cjs; validation/batch5-location-showcase; docs/vendor/model-viewer. Explicit DOM/model-event adapters; no actual 3D rendering or Shopify/browser certification. B5-FINAL engineering closure 2026-09-21; accumulated live acceptance remains queued after Batch 9.
sections,interactive-content-helper-media-gallery,sections/interactive-content-helper-media-gallery.liquid,5 Content / Interactive,snippets/q-gallery-item.liquid;snippets/section-empty-state.liquid,interactive-content-gallery.css,interactive-content-carousel-media.js;interactive-content-gallery.js,,YES,SOURCE/actual Liquid all select options and range endpoints; live matrix queued,ACTUAL DEFAULT/PRESET RENDER PASS,"SOURCE CSS bounds, settings and long-content review; actual browser pending","SOURCE/Liquid/DOM native controls, dialog/focus, pause and keyboard; actual assistive technology pending",Actual mixed-gallery/text instances fixture PASS; explicit shared ownership,DOM duplicate/select/unload/reload where applicable PASS; native ticker static editor CSS reviewed; actual editor pending,CLI 4.8.0 exit 1; 637 diagnostics; existing settings-count warnings retained,REQUIRES LIVE VERIFICATION,Own grid/masonry/carousel/image-accordion and preset pass. Existing carousel settings now connect to explicit shared engine. Native image dialog replaces nonfunctional lightbox shell; first/last/loop/navigation/focus and modal/editor cleanup. All accordion panels retained beyond desktop visible count; mobile mode/default clamp work. Below-caption color fixed; inert future thumbnail checkbox retired.,"B5-GALLERY-TEXT after Batch 9: each host/preset/layout/settings independently at 1440/1280/768/390/320px; native image dialog/keyboard/screen readers/modal handoff, carousel/ticker touch/RTL/reduced motion/pause, real image fit/captions/long translations, all accordion panels and actual editor lifecycle.",tests/phase4/gallery-text-carousel.cjs plus all Phase 3/completed Phase 4 suites. Explicit Liquid/DOM/geometry/dialog adapters; CSS animations/native dialog/Shopify acceptance are not certified. B5-FINAL engineering closure 2026-09-21; accumulated live acceptance remains queued after Batch 9.
sections,interactive-content-helper-portfolio-grid,sections/interactive-content-helper-portfolio-grid.liquid,5 Content / Interactive,snippets/section-empty-state.liquid,,,,YES,SOURCE/ACTUAL NATIVE HOST MATRIX; live pending,ACTUAL INSERTION PRESET/EMPTY STATE PASS,SOURCE CSS bounds/selected columns and media-query adapters; browser pending,ACTUAL DOM link/control/ARIA/inert/focus fixtures; browser/AT pending,ACTUAL TWO-HOST/DUPLICATE-BOOT PASS,SOURCE block identities; disposable load/unload/reload and native editor fallback fixtures,"CLI 4.8.0 exit 1: 632 diagnostics, 16 errors/616 warnings; unchanged signatures, no suppression",REQUIRES LIVE VERIFICATION,Native stretched project link preserves whole-card navigation and independent rich-text links; named-block empty guard and blank-title fallback; escaped URLs; native media alt; bounded typography/opacity/padding; retired unbacked color-scheme input without merchant-state changes.,"B5-CARDS-PORTFOLIO after Batch 9: all actual saved settings/presets, grid/row/timeline/masonry, whole-card/RTE/CTA links, native media, long translated content and width extremes, flip hover/touch/keyboard/AT, RTL/reduced motion, and real editor insertion/reorder/unload/reload.",tests/phase4/cards-portfolio.cjs; validation/batch5-cards-portfolio. Native source and explicit DOM/media-query/image adapters; no Shopify/browser certification. B5-FINAL engineering closure 2026-09-21; accumulated live acceptance remains queued after Batch 9.
sections,interactive-content-helper-predictive-search,sections/interactive-content-helper-predictive-search.liquid,5 Content / Interactive,snippets/product-card.liquid,,interactive-content-search.js,,YES,"SOURCE/ACTUAL four scopes x four layouts, selects/ranges/false/zero/collection matrix; live pending",ACTUAL insertion/native form/query links,SOURCE bounded grids/padding/panel/typography and reduced motion; live pending,SOURCE/DOM input combobox/dialog with native interactive results; real focus/Tab/arrows/Escape and fallback; AT pending,ACTUAL two independent hosts/native section IDs/stale request fixtures PASS,SOURCE/DOM abortable load/unload/reload and stale completion cleanup PASS,"CLI 4.8.0 exits 1; 627 diagnostics (16 errors/611 warnings), four warnings removed, no added signatures; debt retained",REQUIRES LIVE VERIFICATION,"Native section-ID/locale API request, one comma-separated types argument and valid 10-per-type cap; correct scope/zero-group/collection empty counts; native typed form/query links, escaped labels/URLs. Scoped real-focus keyboard, IME, races/abort/timeout, optional validated storage and editor disposal.","B5-CONTENT-SEARCH after Batch 9: actual dynamic section IDs/settings on predictive endpoint, all layouts/limits/scopes/collection membership/variant media and native full search; locale/currency/no-JS/unsupported language/throttling; widths/RTL/AT/keyboards and real editor lifecycle.","tests/phase4/content-search.cjs plus unchanged shared search-contracts suite; validation/batch5-content-search. Native Shopify/Liquid/DOM response adapters; API/settings inheritance and assistive technology remain unverified live. Collection filters returned product suggestions only, not full search. B5-FINAL engineering closure 2026-09-21; accumulated live acceptance remains queued after Batch 9."
sections,interactive-content-helper-product-slider,sections/interactive-content-helper-product-slider.liquid,4 Product / Commerce,snippets/product-card.liquid,,product-slider.js,,YES,SOURCE/ACTUAL LIQUID settings and purchase contracts reviewed,ACTUAL DEFAULT PRESET + select/range endpoints; Shopify insertion queued,SOURCE CSS bounds/controls reviewed; actual browser queued for active host,SOURCE/Liquid/DOM controls/focus/reduced-motion review; active live acceptance queued,Duplicate-load and independent-root fixtures PASS,Active slider load/unload/block selection fixture PASS; legacy is dormant global delegation,CLI 4.8.0 exit 1; debt/comparison retained,REQUIRES LIVE VERIFICATION,"Independent Product Slider review: bounded manual/collection count, related exclusion, escaped title/link, fixed opacity and font-token aliases, responsive slide counts. Existing arrows/dots/loop/autoplay now own scoped disposable controller with persistent pause, reduced motion, visibility, focus/hover and editor block selection; native shared product-card commerce unchanged.","B4-FINAL after Batch 9: all source/preset/style/card settings, real product/collection data and native/AJAX purchase links, 1440/1280/768/390/320px, RTL/native scroll geometry, keyboard/screen readers, autoplay pause and editor lifecycle.",Explicit family audit and source disposition; tests/phase4/product-slider-legacy.cjs uses real source with fixture adapters. See validation/batch4-commerce-closure.
sections,interactive-content-helper-service-process-steps,sections/interactive-content-helper-service-process-steps.liquid,5 Content / Interactive,snippets/section-empty-state.liquid,,,templates/product.product-section-test.json,YES,REVIEWED; actual host and block matrix,REVIEWED; native insertion preset,SOURCE BOUNDS/SETTING OUTPUT; live pending,SOURCE/DOM; focus/content/progress/stable values,ACTUAL LIQUID TWO-INSTANCE PASS,EMPTY/COUNTER LOAD/UNLOAD/RELOAD FIXTURES PASS,CLI 4.8.0 632 diagnostics; unchanged signatures; existing debt retained,REQUIRES LIVE VERIFICATION,"Actual step/empty guards; bounded current progress with independent named semantics; blank header/content/actions respected; indicator precedence and image alt; scoped controls, wrapping, focus and reduced motion.","B5-SERVICES-STATS after Batch 9: host/block settings and saved presets; responsive long content and progress, real media/sprite/color contrast, keyboard/screen readers, reduced motion/viewport/visibility, and editor insertion/reorder/unload/reload.",Actual Liquid/DOM with explicit native image and animation/observer adapters; no Shopify/browser certification. Count-up is presentation only; native exact text remains authoritative. B5-FINAL engineering closure 2026-09-21; accumulated live acceptance remains queued after Batch 9.
sections,interactive-content-helper-services-list-grid,sections/interactive-content-helper-services-list-grid.liquid,5 Content / Interactive,snippets/cta-icon.liquid;snippets/section-empty-state.liquid,,,,YES,REVIEWED; actual host and block matrix,REVIEWED; native insertion preset,SOURCE BOUNDS/SETTING OUTPUT; live pending,SOURCE/DOM; focus/content/progress/stable values,ACTUAL LIQUID TWO-INSTANCE PASS,EMPTY/COUNTER LOAD/UNLOAD/RELOAD FIXTURES PASS,CLI 4.8.0 632 diagnostics; unchanged signatures; existing debt retained,REQUIRES LIVE VERIFICATION,Named-service guards and native existing icon sprite; custom-color false uses theme values; nonnegative media/type/spacing bounds; list-only price toggle and empty action rails; scoped focus/reduced motion and valid links.,"B5-SERVICES-STATS after Batch 9: host/block settings and saved presets; responsive long content and progress, real media/sprite/color contrast, keyboard/screen readers, reduced motion/viewport/visibility, and editor insertion/reorder/unload/reload.",Actual Liquid/DOM with explicit native image and animation/observer adapters; no Shopify/browser certification. Count-up is presentation only; native exact text remains authoritative. B5-FINAL engineering closure 2026-09-21; accumulated live acceptance remains queued after Batch 9.
sections,interactive-content-helper-stats-strip,sections/interactive-content-helper-stats-strip.liquid,5 Content / Interactive,snippets/section-empty-state.liquid,,interactive-content-stats.js,templates/index.json,YES,REVIEWED; actual host and block matrix,REVIEWED; native insertion preset,SOURCE BOUNDS/SETTING OUTPUT; live pending,SOURCE/DOM; focus/content/progress/stable values,ACTUAL LIQUID TWO-INSTANCE PASS,EMPTY/COUNTER LOAD/UNLOAD/RELOAD FIXTURES PASS,CLI 4.8.0 632 diagnostics; unchanged signatures; existing debt retained,REQUIRES LIVE VERIFICATION,Matching valid-stat count/render; visible new label-opacity default with saved zero preserved; stable exact accessible values and scoped visual-only counters; long-value wrapping and actual last-visible dividers.,"B5-SERVICES-STATS after Batch 9: host/block settings and saved presets; responsive long content and progress, real media/sprite/color contrast, keyboard/screen readers, reduced motion/viewport/visibility, and editor insertion/reorder/unload/reload.",Actual Liquid/DOM with explicit native image and animation/observer adapters; no Shopify/browser certification. Count-up is presentation only; native exact text remains authoritative. B5-FINAL engineering closure 2026-09-21; accumulated live acceptance remains queued after Batch 9.
sections,interactive-content-helper-story-timeline,sections/interactive-content-helper-story-timeline.liquid,5 Content / Interactive,snippets/section-empty-state.liquid,,interactive-content-timeline.js,,YES,REVIEWED; actual host/block matrix and explicit false controls,REVIEWED; actual insertion preset,SOURCE BOUNDS/MEASURED RAIL ADAPTER; live pending,"SOURCE/DOM; biography access, names/media/keyboard/focus",ACTUAL LIQUID TWO-INSTANCE PASS,LOAD/UNLOAD/RELOAD/SELECTION FIXTURES PASS,CLI 4.8.0 632 diagnostics; unchanged signatures; existing debt retained,REQUIRES LIVE VERIFICATION,"Typed empty and optional header guards; escaped plain text/links and native card image dimensions/alt; no media column when unavailable/disabled; alternating/single grids, native color/RTL/overflow/focus/reduced-motion bounds; scoped desktop connector and progressive rail controls.","B5-PEOPLE-TIMELINE after Batch 9: real saved team/timeline presets and all settings; featured/solo/grid bios and media; width/minimum-card limits and timeline layouts at responsive extremes; RTL/native scrolling, colors/contrast, keyboard/screen readers, reduced motion and editor lifecycle.",Actual host sources and explicit image/DOM/measurement adapters. No live Shopify/browser certification. Shared purchase controllers unchanged. B5-FINAL engineering closure 2026-09-21; accumulated live acceptance remains queued after Batch 9.
sections,interactive-content-helper-tabs-accordion,sections/interactive-content-helper-tabs-accordion.liquid,5 Content / Interactive,snippets/section-empty-state.liquid,,interactive-content-tabs.js,,YES,REVIEWED; actual host option/checkbox/range matrix,REVIEWED; native preset fixture and empty insertion,SOURCE CSS/breakpoint modes and bounds; live geometry queued,"NATIVE/DOM disclosure, tabs, keyboard, focus and current location",PASS; actual hosts and duplicate boot,PASS fixtures; selection/load/unload/reload; real editor queued,CLI 4.8.0 exit 1; 632 diagnostics; comparison retained,REQUIRES LIVE VERIFICATION,"Single native disclosure content tree for all desktop/mobile modes; escaped labels and collision-safe native anchors; scoped styles, keyboard/RTL/focus and settings. No initialization hash writes; no stale animation timers; disposable per-root editor lifecycle.","B5-TABS-TOC after Batch 9: actual saved settings/blocks/presets, native disclosure/tab semantics and keyboard/screen readers, deep links and browser history, Unicode/long content and 1440/1280/768/390/320px, RTL/reduced motion/no JS, sticky containing layout and editor lifecycle.","Actual Liquid/DOM fixtures with explicit platform adapters, not Shopify or browser certification. Preserved all settings and merchant state. B5-FINAL engineering closure 2026-09-21; accumulated live acceptance remains queued after Batch 9."
sections,interactive-content-helper-team-members-grid,sections/interactive-content-helper-team-members-grid.liquid,5 Content / Interactive,snippets/q-people-card.liquid;snippets/section-empty-state.liquid,,,,YES,REVIEWED; actual host/block matrix and explicit false controls,REVIEWED; actual insertion preset,SOURCE BOUNDS/MEASURED RAIL ADAPTER; live pending,"SOURCE/DOM; biography access, names/media/keyboard/focus",ACTUAL LIQUID TWO-INSTANCE PASS,LOAD/UNLOAD/RELOAD/SELECTION FIXTURES PASS,CLI 4.8.0 632 diagnostics; unchanged signatures; existing debt retained,REQUIRES LIVE VERIFICATION,Actual typed empty guard and explicit featured fallback; percentage width label/zero full-width fallback; bounded auto-fit maximum columns/minimum card width; working shadow tiers/native colors; independent radius/icon size; solo/featured biographies remain complete and grid biographies expand on focus/hover.,"B5-PEOPLE-TIMELINE after Batch 9: real saved team/timeline presets and all settings; featured/solo/grid bios and media; width/minimum-card limits and timeline layouts at responsive extremes; RTL/native scrolling, colors/contrast, keyboard/screen readers, reduced motion and editor lifecycle.",Actual host sources and explicit image/DOM/measurement adapters. No live Shopify/browser certification. Shared purchase controllers unchanged. B5-FINAL engineering closure 2026-09-21; accumulated live acceptance remains queued after Batch 9.
sections,interactive-content-helper-text-carousel,sections/interactive-content-helper-text-carousel.liquid,5 Content / Interactive,snippets/section-empty-state.liquid,,interactive-content-carousel-media.js,templates/page.dynamic-section-test.json,YES,SOURCE/actual Liquid all select options and range endpoints; live matrix queued,ACTUAL DEFAULT/PRESET RENDER PASS,"SOURCE CSS bounds, settings and long-content review; actual browser pending","SOURCE/Liquid/DOM native controls, dialog/focus, pause and keyboard; actual assistive technology pending",Actual mixed-gallery/text instances fixture PASS; explicit shared ownership,DOM duplicate/select/unload/reload where applicable PASS; native ticker static editor CSS reviewed; actual editor pending,CLI 4.8.0 exit 1; 637 diagnostics; existing settings-count warnings retained,REQUIRES LIVE VERIFICATION,"Own CSS ticker and shared-carousel host review. Restored card/badge/line and subtext/meta in both modes, real per-view settings, corrected opacity/dot scale units and spacing fallbacks. Native checkbox gives persistent no-JS ticker pause; inert duplicate copy, unique IDs, single/reduced-motion/editor wrapping. Plain text escaped; custom/global colors honored. Unimplemented fade selector retired; new message defaults no longer claim free shipping/verification.","B5-GALLERY-TEXT after Batch 9: each host/preset/layout/settings independently at 1440/1280/768/390/320px; native image dialog/keyboard/screen readers/modal handoff, carousel/ticker touch/RTL/reduced motion/pause, real image fit/captions/long translations, all accordion panels and actual editor lifecycle.",tests/phase4/gallery-text-carousel.cjs plus all Phase 3/completed Phase 4 suites. Explicit Liquid/DOM/geometry/dialog adapters; CSS animations/native dialog/Shopify acceptance are not certified. B5-FINAL engineering closure 2026-09-21; accumulated live acceptance remains queued after Batch 9.
sections,interactive-content-helper-toc-page-nav,sections/interactive-content-helper-toc-page-nav.liquid,5 Content / Interactive,snippets/section-empty-state.liquid,,interactive-content-toc.js,,YES,REVIEWED; actual host option/checkbox/range matrix,REVIEWED; native preset fixture and empty insertion,SOURCE CSS/breakpoint modes and bounds; live geometry queued,"NATIVE/DOM disclosure, tabs, keyboard, focus and current location",PASS; actual hosts and duplicate boot,PASS fixtures; selection/load/unload/reload; real editor queued,CLI 4.8.0 exit 1; 632 diagnostics; comparison retained,REQUIRES LIVE VERIFICATION,"Manual native links/valid-item guard, escaped labels and encoded anchors; working desktop/mobile disclosure; optional Unicode heading scan excluding non-content regions; stable active-location semantics, reduced-motion scroll/focus and disposable editor refresh.","B5-TABS-TOC after Batch 9: actual saved settings/blocks/presets, native disclosure/tab semantics and keyboard/screen readers, deep links and browser history, Unicode/long content and 1440/1280/768/390/320px, RTL/reduced motion/no JS, sticky containing layout and editor lifecycle.","Actual Liquid/DOM fixtures with explicit platform adapters, not Shopify or browser certification. Preserved all settings and merchant state. B5-FINAL engineering closure 2026-09-21; accumulated live acceptance remains queued after Batch 9."
sections,interactive-content-pricing-data-table,sections/interactive-content-pricing-data-table.liquid,5 Content / Interactive,,,,templates/index.json,YES,SOURCE/ACTUAL all host mode/select/range/false/zero matrices; live pending,ACTUAL native insertion structure; Theme Block descendants are explicit projection adapters,SOURCE scoped shrink/scroll/wrapping/padding/RTL/reduced motion; actual browser pending,SOURCE/DOM semantic captions/headers/landmarks/labels/native links and scroll focus; AT pending,ACTUAL two-instance identity/style-scope fixtures PASS; no host JS lifecycle,"SOURCE native block identities, all hidden flags bypassed in design mode, empty/page guidance; real editor pending","CLI 4.8.0 exits 1; 621 diagnostics (16 errors/605 warnings), six unused assignments removed, no added signatures",REQUIRES LIVE VERIFICATION,"Mode-specific content guards, retained native table headers/caption/column semantics, scoped bounded layouts and keyboard scroll; Block Section native host/row mobile ownership and explicit inherited/override spacing contract; editor visibility and empty/page guidance.","B5-PROTECTED-CONTENT after Batch 9: actual pricing/data/list modes and sparse/empty/long content, highlights/colors/CTAs, no-JS/table screen readers/scroll; both builder chains and real nested blocks/app insertion, row spacing/mobile overrides/visibility/page output; widths/RTL/keyboard/motion/editor lifecycle.",tests/phase4/protected-content-hosts.cjs; product-content-hosts/content-builders rerun; validation/batch5-protected-content-hosts. Native content_for projection adapter is not child Theme Block certification. All 102 blocks remain individual Batch 8 obligations. B5-FINAL engineering closure 2026-09-21; accumulated live acceptance remains queued after Batch 9.
sections,main-404,sections/main-404.liquid,5 Content / Interactive,,404.css,,templates/404.json,YES,REVIEWED; own source/settings fixture,REVIEWED; actual schema preset,SOURCE BOUNDS; live pending,SOURCE/DOM; native fallback/focus/content,ACTUAL LIQUID TWO-INSTANCE PASS,NATIVE NO-JS HOST; EMPTY/ATTRIBUTES FIXTURE,CLI 4.8.0 unchanged 636 diagnostics; existing debt retained,REQUIRES LIVE VERIFICATION,Native localized default home/collection/search routes; escaped textarea/labels/links; valid helpful-link count; configured image in all layouts; retained native image output and block IDs.,"B5-BASIC after Batch 9: all presets/settings, 1440/1280/768/390/320px, long/translated text, color/contrast, native SVG/keyboard, real editor reload. Embed provider behavior; divider anchors; native 404 image/search/locales.",Actual source fixture; no browser/Shopify certification. No merchant-state rewrite. Untouched dependencies and complete Grid/Column/Split hosts retain separate pending reviews. B5-FINAL engineering closure 2026-09-21; accumulated live acceptance remains queued after Batch 9.
sections,main-blog-collection,sections/main-blog-collection.liquid,3 Collection / Discovery,snippets/blog-card.liquid,section-main-blog-collection.css,,templates/blog.json,YES,SOURCE/ACTUAL LIQUID CONTRACT REVIEWED; live pending,SCHEMA CHOICES/BOOLEANS/RANGE ENDPOINTS/PRESET fixture pass; live pending,SOURCE CSS/bounds/reduced-motion reviewed; live pending,SOURCE/DOM native links/forms/focus reviewed; live pending,ACTUAL LIQUID/DOM fixture pass; live pending,Controller unload/reload and source attributes reviewed; actual editor pending,CLI 4.8.0 compared in batch3-closure-batch4-card; existing debt retained,REQUIRES LIVE VERIFICATION,"Native blog/article/pagination contracts, safe shared cards, tagged preview/archive routing, settings/CTA/auxiliary-content controls, scoped bounds and disposable load-more; social SVG output source reviewed without changes.","B3-BLOG: after Batches 4–9; all settings/presets, five viewports, real data/currency/cart, keyboard/screen reader, no JS/reduced motion, multiple instances and actual editor lifecycle.",Source/fixture acceptance only. Live Shopify/browser acceptance remains queued. Other consumers retain individual host review in their assigned batches.
sections,main-blog-single,sections/main-blog-single.liquid,3 Collection / Discovery,snippets/blog-card.liquid;snippets/icon-social.liquid,section-main-blog-single.css,,templates/article.json,YES,SOURCE/ACTUAL LIQUID CONTRACT REVIEWED; live pending,SCHEMA CHOICES/BOOLEANS/RANGE ENDPOINTS/PRESET fixture pass; live pending,SOURCE CSS/bounds/reduced-motion reviewed; live pending,SOURCE/DOM native links/forms/focus reviewed; live pending,ACTUAL LIQUID/DOM fixture pass; live pending,Controller unload/reload and source attributes reviewed; actual editor pending,CLI 4.8.0 compared in batch3-closure-batch4-card; existing debt retained,REQUIRES LIVE VERIFICATION,"Native blog/article/pagination contracts, safe shared cards, tagged preview/archive routing, settings/CTA/auxiliary-content controls, scoped bounds and disposable load-more; social SVG output source reviewed without changes.","B3-BLOG: after Batches 4–9; all settings/presets, five viewports, real data/currency/cart, keyboard/screen reader, no JS/reduced motion, multiple instances and actual editor lifecycle.",Source/fixture acceptance only. Live Shopify/browser acceptance remains queued. Other consumers retain individual host review in their assigned batches.
sections,main-cart,sections/main-cart.liquid,4 Product / Commerce,snippets/cart-addons.liquid;snippets/cart-line-item.liquid;snippets/cart-progress-rewards.liquid;snippets/cart-rewards-progress-bar.liquid;snippets/cart-summary.liquid,cart-shared.css;section-main-cart.css,section-main-cart.js,templates/cart.json,YES,SOURCE REVIEWED; schema-backed controls and native data contracts; live matrix queued,ACTUAL LIQUID DEFAULT/PRESET FIXTURE; live insertion queued,SOURCE CSS/markup bounds reviewed; actual browser queued,SOURCE/Liquid/DOM review; native browser and assistive technology queued,Host-scoped identities/state reviewed in fixtures; global singleton explicitly retained where applicable,SOURCE/DOM lifecycle and editor attributes reviewed; actual Shopify editor queued,"CLI 4.8.0 exit 1, full baseline comparison retained; not clean certification",REQUIRES LIVE VERIFICATION,"Native cart owns shared CSS independently of drawer. Flat native form retains all updates and checkout association. Strict quantity/rule/key handling, request guards, errors and editor disposal; no automatic failed-POST resubmission. Retired inert density selector overridden by explicit spacing; spacing/styles/rewards controls now have consumers.","B4-FINAL, after Batch 9: Actual multi-line cart updates and checkout with JS off/on, quantity instructions/customer rules, native/server failures, all 49 settings/preset, rewards/discount configuration, responsive and editor acceptance.",Batch 4 individual source disposition. Evidence: validation/batch4-commerce-closure; cart-commerce.cjs. Explicit platform adapters; no live certification.
sections,main-collection-classic,sections/main-collection-classic.liquid,3 Collection / Discovery,snippets/collection-query-fields.liquid;snippets/product-card.liquid,,section-collection-simple.js,templates/collection.json,YES,SOURCE/ACTUAL LIQUID CONTRACT REVIEWED; live pending,SCHEMA CHOICES/BOOLEANS/RANGE ENDPOINTS/PRESET fixture pass; live pending,SOURCE CSS/bounds/reduced-motion reviewed; live pending,SOURCE/DOM native links/forms/focus reviewed; live pending,ACTUAL LIQUID/DOM fixture pass; live pending,Controller unload/reload and source attributes reviewed; actual editor pending,CLI 4.8.0 compared in batch3-closure-batch4-card; existing debt retained,REQUIRES LIVE VERIFICATION,Native localized filter/sort/cart contracts; correct price units and result counts; scoped IDs/form ownership; source settings and card media/variant/subscription behavior; disposable pagination/drawer/quick-view controls.,"B3-COLLECTION/B3-SEARCH/B4-CARD: after Batches 4–9; all settings/presets, five viewports, real data/currency/cart, keyboard/screen reader, no JS/reduced motion, multiple instances and actual editor lifecycle.",Source/fixture acceptance only. Live Shopify/browser acceptance remains queued. Other consumers retain individual host review in their assigned batches.
sections,main-collection-list,sections/main-collection-list.liquid,3 Collection / Discovery,snippets/collection-list-card.liquid,section-collection-list.css,section-collection-list.js,templates/collection.collection-list.json;templates/list-collections.json,YES,SOURCE REVIEWED; manual/all and grid/carousel fixtures PASS,Actual insertion fixture PASS; blank selections intentional,Bounded columns/peek/adapt image reviewed; browser widths pending,"Named native scroller, single link, visible focus, reduced-motion fixture PASS",Two-instance/duplicate-init fixture PASS,Selection/unload/reload fixture PASS; actual editor pending,CLI 4.8.0 checkpoint comparison; existing debt retained,REQUIRES LIVE VERIFICATION,"Correct Shopify collections iteration; scoped disposable native carousel with resize/RTL/reduced-motion/editor handling; container-aligned page heading; guarded/escaped card output; bounded mobile columns, visible focus and real peek width.","B3-LIST: manual/all modes on list-collections and other hosts; empty/populated collections; grid/carousel at 1440/1280/991/990/750/749/390/320px; 1-3 mobile columns, image ratios/overrides, long content, LTR/RTL native scroll, keyboard/screen reader, real editor add/remove/reorder/select.",Actual Liquid and DOM fixtures do not certify Shopify collection drops or browser layout. Max items remains auto-only by schema contract. Other Batch 3 entries remain NOT REVIEWED.
sections,main-collection-simple,sections/main-collection-simple.liquid,3 Collection / Discovery,snippets/collection-simple-facets.liquid;snippets/collection-simple-pagination.liquid;snippets/collection-simple-product-card.liquid;snippets/collection-simple-toolbar.liquid;snippets/product-card.liquid;snippets/section-collection-modern-utils.liquid,section-collection-simple.css,section-collection-simple.js,templates/collection.collection-list.json,YES,SOURCE/ACTUAL LIQUID CONTRACT REVIEWED; live pending,SCHEMA CHOICES/BOOLEANS/RANGE ENDPOINTS/PRESET fixture pass; live pending,SOURCE CSS/bounds/reduced-motion reviewed; live pending,SOURCE/DOM native links/forms/focus reviewed; live pending,ACTUAL LIQUID/DOM fixture pass; live pending,Controller unload/reload and source attributes reviewed; actual editor pending,CLI 4.8.0 compared in batch3-closure-batch4-card; existing debt retained,REQUIRES LIVE VERIFICATION,Native localized filter/sort/cart contracts; correct price units and result counts; scoped IDs/form ownership; source settings and card media/variant/subscription behavior; disposable pagination/drawer/quick-view controls.,"B3-COLLECTION/B3-SEARCH/B4-CARD: after Batches 4–9; all settings/presets, five viewports, real data/currency/cart, keyboard/screen reader, no JS/reduced motion, multiple instances and actual editor lifecycle.",Source/fixture acceptance only. Live Shopify/browser acceptance remains queued. Other consumers retain individual host review in their assigned batches.
sections,main-product-classic,sections/main-product-classic.liquid,4 Product / Commerce,snippets/product-purchase-data.liquid;snippets/product-selling-plans.liquid;snippets/product-variant-ui.liquid;snippets/product-wishlist-button.liquid,product-variant-ui.css;product-wishlist.css,product-purchase-sync.js;product-stacked-media.js;product-variant-ui.js;product-wishlist.js,templates/product.json;templates/product.product-section-test.json,YES,SOURCE + ACTUAL LIQUID/DOM FIXTURES; live pending,ACTUAL DEFAULT/PRESET/BLOCK FIXTURES; live pending,SOURCE CSS/layout/media review; live pending,SOURCE + DOM/focus/native-control fixtures; live pending,ACTUAL HOST/SCOPED DOM FIXTURE PASS,LOAD/UNLOAD/RELOAD FIXTURES; live pending,CLI 4.8.0: 655 diagnostics / 25 errors / 630 warnings; unsuppressed debt retained,REQUIRES LIVE VERIFICATION,Individual host pass: styles/swatches/sparse options; existing wishlist integration; selected/limited mixed media; native dialog image navigation and focus; safe text; plan/quantity/native form; scoped responsive and editor handling.,B4-PRODUCT-HOSTS after Batch 9: real native/AJAX/accelerated carts; plans/currencies/quantity; actual media providers/model viewer; keyboard/screen reader/responsive/editor and persistence acceptance.,See batch4-product-hosts evidence. Source/fixture disposition only; each product host received its own settings/preset and commerce review. No Shopify/browser certification. Batch 4 closure regression: all seven Phase 3 and 46 Phase 4 suites pass; original individual host/live obligations retained.
sections,main-product-compact,sections/main-product-compact.liquid,4 Product / Commerce,snippets/product-purchase-data.liquid;snippets/product-selling-plans.liquid,,product-purchase-sync.js,,YES,SOURCE/CONTRACT REVIEWED; live pending,ACTUAL DEFAULT/PRESET/BLOCK FIXTURES PASS,SOURCE ONLY; live pending,SOURCE/DOM REVIEWED; live pending,ACTUAL LIQUID/DOM FIXTURE PASS,UNLOAD/RELOAD FIXTURE PASS; live pending,CLI 4.8.0 BASELINE COMPARISON PASS; existing debt retained,REQUIRES LIVE VERIFICATION,Native blank guard; selected-variant responsive image; unique singleton controls and quantity label; quantity rules; allocation price; escaped text; bounded/focus CSS; native variant links without JavaScript; shared cart opt-in and scoped purchase data.,B4-COMPACT-PURCHASE after Batches 4-9: actual variants/plans/prices/quantity/cart; media/geometry; keyboard and real editor; native no-JavaScript paths.,Source/fixture checkpoint only. Shared helper disposition does not approve every host; Classic and Master remain NOT REVIEWED. No live Shopify/browser certification. Batch 4 closure regression: all seven Phase 3 and 46 Phase 4 suites pass; original individual host/live obligations retained.
sections,main-product-master,sections/main-product-master.liquid,4 Product / Commerce,snippets/product-purchase-data.liquid;snippets/product-selling-plans.liquid,,product-purchase-sync.js;product-stacked-media.js,,YES,SOURCE + ACTUAL LIQUID/DOM FIXTURES; live pending,ACTUAL DEFAULT/PRESET/BLOCK FIXTURES; live pending,SOURCE CSS/layout/media review; live pending,SOURCE + DOM/focus/native-control fixtures; live pending,ACTUAL HOST/SCOPED DOM FIXTURE PASS,LOAD/UNLOAD/RELOAD FIXTURES; live pending,CLI 4.8.0: 655 diagnostics / 25 errors / 630 warnings; unsuppressed debt retained,REQUIRES LIVE VERIFICATION,Individual host pass: native variant and quantity/plan SSR state; availability replaces placeholder; selected/limited/native media; unique app panels and matching visible-content anchors; independent typography controls; sticky and responsive layout bounds.,B4-PRODUCT-HOSTS after Batch 9: real native/AJAX/accelerated carts; plans/currencies/quantity; actual media providers/model viewer; keyboard/screen reader/responsive/editor and persistence acceptance.,See batch4-product-hosts evidence. Source/fixture disposition only; each product host received its own settings/preset and commerce review. No Shopify/browser certification. Batch 4 closure regression: all seven Phase 3 and 46 Phase 4 suites pass; original individual host/live obligations retained.
sections,main-product-modern-variant,sections/main-product-modern-variant.liquid,4 Product / Commerce,snippets/product-purchase-data.liquid;snippets/product-selling-plans.liquid,,product-gallery-options.js;product-purchase-sync.js;product-wishlist.js,,YES,SOURCE + ACTUAL LIQUID/DOM FIXTURES; live pending,ACTUAL DEFAULT/PRESET/BLOCK FIXTURES; live pending,SOURCE CSS/layout/media review; live pending,SOURCE + DOM/focus/native-control fixtures; live pending,ACTUAL HOST/SCOPED DOM FIXTURE PASS,LOAD/UNLOAD/RELOAD FIXTURES; live pending,CLI 4.8.0: 655 diagnostics / 25 errors / 630 warnings; unsuppressed debt retained,REQUIRES LIVE VERIFICATION,Individual block host pass: combined/separate/absent picker/quantity/buy blocks; shared native purchase state; gallery/media/editor behavior; wired wishlist mode/labels/icons and identifiable legacy saved entries.,B4-PRODUCT-HOSTS after Batch 9: real native/AJAX/accelerated carts; plans/currencies/quantity; actual media providers/model viewer; keyboard/screen reader/responsive/editor and persistence acceptance.,See batch4-product-hosts evidence. Source/fixture disposition only; each product host received its own settings/preset and commerce review. No Shopify/browser certification. Batch 4 closure regression: all seven Phase 3 and 46 Phase 4 suites pass; original individual host/live obligations retained.
sections,main-product-simple,sections/main-product-simple.liquid,4 Product / Commerce,snippets/product-purchase-data.liquid;snippets/product-selling-plans.liquid,,product-gallery-options.js;product-purchase-sync.js,,YES,SOURCE + ACTUAL LIQUID/DOM FIXTURES; live pending,ACTUAL DEFAULT/PRESET/BLOCK FIXTURES; live pending,SOURCE CSS/layout/media review; live pending,SOURCE + DOM/focus/native-control fixtures; live pending,ACTUAL HOST/SCOPED DOM FIXTURE PASS,LOAD/UNLOAD/RELOAD FIXTURES; live pending,CLI 4.8.0: 655 diagnostics / 25 errors / 630 warnings; unsuppressed debt retained,REQUIRES LIVE VERIFICATION,Individual host pass: exact sparse selection and shared purchase state; native fallback; plan/quantity/cart/SKU/URL; gallery layouts/mobile thumbnails/native video loop; scoped media/editor lifecycle; escaped text and metafield_tag.,B4-PRODUCT-HOSTS after Batch 9: real native/AJAX/accelerated carts; plans/currencies/quantity; actual media providers/model viewer; keyboard/screen reader/responsive/editor and persistence acceptance.,See batch4-product-hosts evidence. Source/fixture disposition only; each product host received its own settings/preset and commerce review. No Shopify/browser certification. Batch 4 closure regression: all seven Phase 3 and 46 Phase 4 suites pass; original individual host/live obligations retained.
sections,main-search,sections/main-search.liquid,3 Collection / Discovery,snippets/predictive-search.liquid;snippets/product-card.liquid;snippets/search-source-types.liquid,,,templates/search.json,YES,SOURCE/ACTUAL LIQUID CONTRACT REVIEWED; live pending,SCHEMA CHOICES/BOOLEANS/RANGE ENDPOINTS/PRESET fixture pass; live pending,SOURCE CSS/bounds/reduced-motion reviewed; live pending,SOURCE/DOM native links/forms/focus reviewed; live pending,ACTUAL LIQUID/DOM fixture pass; live pending,Controller unload/reload and source attributes reviewed; actual editor pending,CLI 4.8.0 compared in batch3-closure-batch4-card; existing debt retained,REQUIRES LIVE VERIFICATION,Native localized filter/sort/cart contracts; correct price units and result counts; scoped IDs/form ownership; source settings and card media/variant/subscription behavior; disposable pagination/drawer/quick-view controls. Previous shared search request repairs retained; shared product-card commerce dependency now source/fixture reviewed.,"B3-COLLECTION/B3-SEARCH/B4-CARD: after Batches 4–9; all settings/presets, five viewports, real data/currency/cart, keyboard/screen reader, no JS/reduced motion, multiple instances and actual editor lifecycle.",Earlier NOT REVIEWED commerce dependency is resolved by localized form/variant/selling-plan/safe-title/shared quick-view contract review. Real cart/quick-view acceptance remains queued. Existing main-search/search-contracts suites pass.
sections,maps-basic-google-map,sections/maps-basic-google-map.liquid,7 Social / Third Party / Utilities,snippets/contrast-text.liquid;snippets/maps-coordinates.liquid,,,,YES,Independent source + 172 actual map/native-list/settings/edge/runtime cases PASS,Neutral new-insertion locations; actual empty/configured/editor states PASS,"SOURCE actual tokens, bounded map/list/contacts/overlays, logical layout and zero bounds; browser pending","SOURCE/DOM native location links/labels, noninteractive iframe inertness, scoped focus/contrast and reduced motion PASS; AT pending","ACTUAL shared API loader, independent filters, delayed response/unload/reload and failure fallback PASS","Native block identity, blank-block guidance, editor-only labelled pin preview, disposal/reload PASS; real editor pending","Unmodified Shopify CLI 4.8.0 exit 1; batch7-maps evidence; native parse PASS B7-FINAL full CLI 4.8.0 exits 1: 499 total (5 errors/494 warnings), 0 errors/18 retained warnings in Family 7; unsuppressed.",REQUIRES LIVE VERIFICATION,"Removed invented location defaults; corrected encoded native destinations/coordinate validation, scoped map/contact/overlay styling and native tokens. Consolidated locator onto existing helper/CSS/JS with complete no-JS cards, one optional provider loader, failure-to-list fallback, exact normalized filters, valid zero coordinates, disposable markers and editor-only preview.","B7-MAPS after Batch 9: real saved locations/coverage/contact/hours, native iframe permissions/titles/interactivity, Google API key restrictions/billing/network/consent/marker support, directions and provider keyboard/AT, dark/custom themes, responsive/RTL/zoom/no-JS, multiple roots and real editor lifecycle.","172 Liquid/DOM/CSS/coordinate/URL/explicit Google API adapter cases. No geocoding, distance search, carrier/coverage verification, or provider certification. Existing locator helpers had no consumers; now consolidated as the sole active host dependencies. B7-FINAL engineering closure 2026-09-22: all 75 family entries reconciled; final evidence validation/batch7-engineering-closure. Existing live queues remain after Batch 9."
sections,maps-location-contact,sections/maps-location-contact.liquid,7 Social / Third Party / Utilities,snippets/contrast-text.liquid;snippets/maps-coordinates.liquid,,,,YES,Independent source + 172 actual map/native-list/settings/edge/runtime cases PASS,Neutral new-insertion locations; actual empty/configured/editor states PASS,"SOURCE actual tokens, bounded map/list/contacts/overlays, logical layout and zero bounds; browser pending","SOURCE/DOM native location links/labels, noninteractive iframe inertness, scoped focus/contrast and reduced motion PASS; AT pending","ACTUAL shared API loader, independent filters, delayed response/unload/reload and failure fallback PASS","Native block identity, blank-block guidance, editor-only labelled pin preview, disposal/reload PASS; real editor pending","Unmodified Shopify CLI 4.8.0 exit 1; batch7-maps evidence; native parse PASS B7-FINAL full CLI 4.8.0 exits 1: 499 total (5 errors/494 warnings), 0 errors/18 retained warnings in Family 7; unsuppressed.",REQUIRES LIVE VERIFICATION,"Removed invented location defaults; corrected encoded native destinations/coordinate validation, scoped map/contact/overlay styling and native tokens. Consolidated locator onto existing helper/CSS/JS with complete no-JS cards, one optional provider loader, failure-to-list fallback, exact normalized filters, valid zero coordinates, disposable markers and editor-only preview.","B7-MAPS after Batch 9: real saved locations/coverage/contact/hours, native iframe permissions/titles/interactivity, Google API key restrictions/billing/network/consent/marker support, directions and provider keyboard/AT, dark/custom themes, responsive/RTL/zoom/no-JS, multiple roots and real editor lifecycle.","172 Liquid/DOM/CSS/coordinate/URL/explicit Google API adapter cases. No geocoding, distance search, carrier/coverage verification, or provider certification. Existing locator helpers had no consumers; now consolidated as the sole active host dependencies. B7-FINAL engineering closure 2026-09-22: all 75 family entries reconciled; final evidence validation/batch7-engineering-closure. Existing live queues remain after Batch 9."
sections,maps-service-area-map-banner,sections/maps-service-area-map-banner.liquid,7 Social / Third Party / Utilities,snippets/contrast-text.liquid;snippets/maps-coordinates.liquid,,,templates/index.json,YES,Independent source + 172 actual map/native-list/settings/edge/runtime cases PASS,Neutral new-insertion locations; actual empty/configured/editor states PASS,"SOURCE actual tokens, bounded map/list/contacts/overlays, logical layout and zero bounds; browser pending","SOURCE/DOM native location links/labels, noninteractive iframe inertness, scoped focus/contrast and reduced motion PASS; AT pending","ACTUAL shared API loader, independent filters, delayed response/unload/reload and failure fallback PASS","Native block identity, blank-block guidance, editor-only labelled pin preview, disposal/reload PASS; real editor pending","Unmodified Shopify CLI 4.8.0 exit 1; batch7-maps evidence; native parse PASS B7-FINAL full CLI 4.8.0 exits 1: 499 total (5 errors/494 warnings), 0 errors/18 retained warnings in Family 7; unsuppressed.",REQUIRES LIVE VERIFICATION,"Removed invented location defaults; corrected encoded native destinations/coordinate validation, scoped map/contact/overlay styling and native tokens. Consolidated locator onto existing helper/CSS/JS with complete no-JS cards, one optional provider loader, failure-to-list fallback, exact normalized filters, valid zero coordinates, disposable markers and editor-only preview.","B7-MAPS after Batch 9: real saved locations/coverage/contact/hours, native iframe permissions/titles/interactivity, Google API key restrictions/billing/network/consent/marker support, directions and provider keyboard/AT, dark/custom themes, responsive/RTL/zoom/no-JS, multiple roots and real editor lifecycle.","172 Liquid/DOM/CSS/coordinate/URL/explicit Google API adapter cases. No geocoding, distance search, carrier/coverage verification, or provider certification. Existing locator helpers had no consumers; now consolidated as the sole active host dependencies. B7-FINAL engineering closure 2026-09-22: all 75 family entries reconciled; final evidence validation/batch7-engineering-closure. Existing live queues remain after Batch 9."
sections,maps-store-locator,sections/maps-store-locator.liquid,7 Social / Third Party / Utilities,snippets/contrast-text.liquid;snippets/maps-coordinates.liquid;snippets/maps-locator-engine.liquid,,,,YES,Independent source + 172 actual map/native-list/settings/edge/runtime cases PASS,Neutral new-insertion locations; actual empty/configured/editor states PASS,"SOURCE actual tokens, bounded map/list/contacts/overlays, logical layout and zero bounds; browser pending","SOURCE/DOM native location links/labels, noninteractive iframe inertness, scoped focus/contrast and reduced motion PASS; AT pending","ACTUAL shared API loader, independent filters, delayed response/unload/reload and failure fallback PASS","Native block identity, blank-block guidance, editor-only labelled pin preview, disposal/reload PASS; real editor pending","Unmodified Shopify CLI 4.8.0 exit 1; batch7-maps evidence; native parse PASS B7-FINAL full CLI 4.8.0 exits 1: 499 total (5 errors/494 warnings), 0 errors/18 retained warnings in Family 7; unsuppressed.",REQUIRES LIVE VERIFICATION,"Removed invented location defaults; corrected encoded native destinations/coordinate validation, scoped map/contact/overlay styling and native tokens. Consolidated locator onto existing helper/CSS/JS with complete no-JS cards, one optional provider loader, failure-to-list fallback, exact normalized filters, valid zero coordinates, disposable markers and editor-only preview.","B7-MAPS after Batch 9: real saved locations/coverage/contact/hours, native iframe permissions/titles/interactivity, Google API key restrictions/billing/network/consent/marker support, directions and provider keyboard/AT, dark/custom themes, responsive/RTL/zoom/no-JS, multiple roots and real editor lifecycle.","172 Liquid/DOM/CSS/coordinate/URL/explicit Google API adapter cases. No geocoding, distance search, carrier/coverage verification, or provider certification. Existing locator helpers had no consumers; now consolidated as the sole active host dependencies. B7-FINAL engineering closure 2026-09-22: all 75 family entries reconciled; final evidence validation/batch7-engineering-closure. Existing live queues remain after Batch 9."
sections,multipurpose-hero-banner,sections/multipurpose-hero-banner.liquid,2 Hero / Banner / CTA,snippets/multipurpose-banner-slide.liquid,multipurpose-hero-banner.css,multipurpose-hero-banner.js,,YES,Source setting contracts repaired; real editor matrix pending,Actual Liquid preset plus selected-product/empty-media fixtures; usable insertion copy,Source split/stack/position/width/long-content rules; real viewport acceptance pending,Inert inactive slides; current-slide/pause semantics; decorative media; screen-reader/contrast pending,Phase 3 two-instance fixture; scoped CSS selectors,Root and wrapper synthetic load/unload; active state/timer/media cleanup; real editor pending,Multipurpose validation report,REQUIRES LIVE VERIFICATION,"Restore gradient/fallback/layout/position/transition CSS contracts, scope styles, resolve product picker objects, guard empty media, add dimensions, restore usable preset, manage static/slideshow video playback and cleanup.","B2-MULTIPURPOSE: all layouts and overrides, 1440/1280/768/390/320px, long content, split stacking/reversal, panel contrast, actual YouTube/MP4, native editor block select/reorder, product/column associations.",Local engineering repairs verified by source/DOM/Liquid fixtures. Not visual or live-Shopify certification. Remaining batch components stay NOT REVIEWED.
sections,product-block-section,sections/product-block-section.liquid,4 Product / Commerce,,,,,YES,SOURCE REVIEWED; schema-backed controls and native data contracts; live matrix queued,ACTUAL LIQUID DEFAULT/PRESET FIXTURE; live insertion queued,SOURCE CSS/markup bounds reviewed; actual browser queued,SOURCE/Liquid/DOM review; native browser and assistive technology queued,Host-scoped identities/state reviewed in fixtures; global singleton explicitly retained where applicable,SOURCE/DOM lifecycle and editor attributes reviewed; actual Shopify editor queued,"CLI 4.8.0 exit 1, full baseline comparison retained; not clean certification",REQUIRES LIVE VERIFICATION,"Host settings and three nested presets independently reviewed; column bounds and overflow clipping preserve existing sticky layout. content_for blocks and both builder chains retained. B8 layout integration: unchanged source exercised with actual Product Row/Column, native purchase form and identity leaves. Host media order/sticky settings now act on direct grid items; row overrides, both desktop/mobile CSS contracts and unchanged admissions/preset trees revalidated. Remaining child blocks retain their own pending dispositions.","B4-FINAL, after Batch 9: Host responsive/sticky layout and editor insertion. Individual 102 Theme Block purchase/settings behavior remains Batch 8 work; this host disposition does not certify its children.",Batch 4 individual source disposition. Evidence: validation/batch4-commerce-closure; product-content-hosts.cjs. Explicit platform adapters; no live certification. Revalidation: batch8-builder-layouts.
sections,product-bundles,sections/product-bundles.liquid,4 Product / Commerce,,,product-bundles.js,,YES,SOURCE REVIEWED; schema-backed controls and native data contracts; live matrix queued,ACTUAL LIQUID DEFAULT/PRESET FIXTURE; live insertion queued,SOURCE CSS/markup bounds reviewed; actual browser queued,SOURCE/Liquid/DOM review; native browser and assistive technology queued,Host-scoped identities/state reviewed in fixtures; global singleton explicitly retained where applicable,SOURCE/DOM lifecycle and editor attributes reviewed; actual Shopify editor queued,"CLI 4.8.0 exit 1, full baseline comparison retained; not clean certification",REQUIRES LIVE VERIFICATION,"Native metaobject/product/variant sources and replace/append precedence; exact fixed-variant rows, unavailable/required-plan guards, normalized quantity rules and aggregate duplicate-ID limits. One localized multi-item add, in-flight guard and separate refresh failure. Existing money formats, truthful savings, native product links without JS.","B4-FINAL, after Batch 9: Native multi-item Shopify carts and partial/server errors; actual optional/required subscriptions and customer quantity rules, metaobjects, presentment currencies/rounding, all layouts and editor lifecycle. Displayed savings do not create discounts.",Batch 4 individual source disposition. Evidence: validation/batch4-commerce-closure; product-bundles.cjs. Explicit platform adapters; no live certification.
sections,product-cross-sell,sections/product-cross-sell.liquid,4 Product / Commerce,snippets/contrast-text.liquid;snippets/product-card.liquid,,,templates/product.product-section-test.json,YES,SOURCE REVIEWED; schema-backed controls and native data contracts; live matrix queued,ACTUAL LIQUID DEFAULT/PRESET FIXTURE; live insertion queued,SOURCE CSS/markup bounds reviewed; actual browser queued,SOURCE/Liquid/DOM review; native browser and assistive technology queued,Host-scoped identities/state reviewed in fixtures; global singleton explicitly retained where applicable,SOURCE/DOM lifecycle and editor attributes reviewed; actual Shopify editor queued,"CLI 4.8.0 exit 1, full baseline comparison retained; not clean certification",REQUIRES LIVE VERIFICATION,"Direct product-picker/collection Drops avoid all_products lookup limits; dedupe/current-product exclusion, bounded counts, valid empty-state guard, escaped text and scoped carousel/column controls.","B4-FINAL, after Batch 9: Real manual and collection product choices, all card controls, sold-out/required-plan/quantity-limit destinations, responsive carousel and editor block selection.",Batch 4 individual source disposition. Evidence: validation/batch4-commerce-closure; merchandising-requests.cjs. Explicit platform adapters; no live certification.
sections,product-faq,sections/product-faq.liquid,4 Product / Commerce,snippets/product-faq-media.liquid,section-product-faq.css,section-product-faq.js,templates/product.product-section-test.json,YES,SOURCE REVIEWED; schema-backed controls and native data contracts; live matrix queued,ACTUAL LIQUID DEFAULT/PRESET FIXTURE; live insertion queued,SOURCE CSS/markup bounds reviewed; actual browser queued,SOURCE/Liquid/DOM review; native browser and assistive technology queued,Host-scoped identities/state reviewed in fixtures; global singleton explicitly retained where applicable,SOURCE/DOM lifecycle and editor attributes reviewed; actual Shopify editor queued,"CLI 4.8.0 exit 1, full baseline comparison retained; not clean certification",REQUIRES LIVE VERIFICATION,"Blank answers skipped with stable first item; no-JS answers remain visible. Native metafield/metaobject/model media, safe external video links and visible-only embeds, image full-size link, corrected media fit/aspect/line-height selectors. Scoped accordion focus/media/editor cleanup.","B4-FINAL, after Batch 9: Actual metafield/metaobject/JSON QA data, native model/provider playback, full-size images and media placement, all layouts/presets, screen readers, responsive/sticky and editor acceptance.",Batch 4 individual source disposition. Evidence: validation/batch4-commerce-closure; product-content-hosts.cjs. Explicit platform adapters; no live certification.
sections,product-meta-panels,sections/product-meta-panels.liquid,4 Product / Commerce,snippets/product-meta-panel-content.liquid,,product-content.js,,YES,SOURCE REVIEWED; schema-backed controls and native data contracts; live matrix queued,ACTUAL LIQUID DEFAULT/PRESET FIXTURE; live insertion queued,SOURCE CSS/markup bounds reviewed; actual browser queued,SOURCE/Liquid/DOM review; native browser and assistive technology queued,Host-scoped identities/state reviewed in fixtures; global singleton explicitly retained where applicable,SOURCE/DOM lifecycle and editor attributes reviewed; actual Shopify editor queued,"CLI 4.8.0 exit 1, full baseline comparison retained; not clean certification",REQUIRES LIVE VERIFICATION,"One existing-content resolver replaces four divergent copies. Native metafield_tag and explicit metaobject field keys, escaped JSON; unique radio/panel identities and editor block selection, visible keyboard focus.","B4-FINAL, after Batch 9: Real metafield types and configured comma-separated metaobject field keys; all layouts/presets, radio accessibility, responsive content and actual editor selection.",Batch 4 individual source disposition. Evidence: validation/batch4-commerce-closure; product-content-hosts.cjs. Explicit platform adapters; no live certification.
sections,product-recently-viewed,sections/product-recently-viewed.liquid,4 Product / Commerce,snippets/product-card.liquid,product-recently-viewed.css,product-recently-viewed.js,,YES,SOURCE REVIEWED; schema-backed controls and native data contracts; live matrix queued,ACTUAL LIQUID DEFAULT/PRESET FIXTURE; live insertion queued,SOURCE CSS/markup bounds reviewed; actual browser queued,SOURCE/Liquid/DOM review; native browser and assistive technology queued,Host-scoped identities/state reviewed in fixtures; global singleton explicitly retained where applicable,SOURCE/DOM lifecycle and editor attributes reviewed; actual Shopify editor queued,"CLI 4.8.0 exit 1, full baseline comparison retained; not clean certification",REQUIRES LIVE VERIFICATION,"Native section-instance card template replaces nonexistent renderer; localized requests preserve saved settings. Validated capped history with storage fallback; aborted stale/editor work, carousel bounds, explicit empty states.","B4-FINAL, after Batch 9: Real cross-page/session history and Shopify Section Rendering, all card settings, no-storage/empty products, responsive carousel, keyboard and editor lifecycle.",Batch 4 individual source disposition. Evidence: validation/batch4-commerce-closure; merchandising-requests.cjs. Explicit platform adapters; no live certification.
sections,product-recommend,sections/product-recommend.liquid,4 Product / Commerce,snippets/product-card.liquid,,product-recommend.js,,YES,SOURCE REVIEWED; schema-backed controls and native data contracts; live matrix queued,ACTUAL LIQUID DEFAULT/PRESET FIXTURE; live insertion queued,SOURCE CSS/markup bounds reviewed; actual browser queued,SOURCE/Liquid/DOM review; native browser and assistive technology queued,Host-scoped identities/state reviewed in fixtures; global singleton explicitly retained where applicable,SOURCE/DOM lifecycle and editor attributes reviewed; actual Shopify editor queued,"CLI 4.8.0 exit 1, full baseline comparison retained; not clean certification",REQUIRES LIVE VERIFICATION,"Native recommendations.performed? response and API limit 10; configured collection/manual fallbacks survive empty/failing requests. Scoped abortable requests, matching-instance replacement, manual editor identities and responsive columns.","B4-FINAL, after Batch 9: Actual Shopify recommendation availability/intent, all manual/collection/API settings, fallback and empty responses, multiple instances, responsive and editor acceptance.",Batch 4 individual source disposition. Evidence: validation/batch4-commerce-closure; merchandising-requests.cjs. Explicit platform adapters; no live certification.
sections,product-reviews,sections/product-reviews.liquid,4 Product / Commerce,,section-product-reviews.css,,templates/product.product-section-test.json,YES,SOURCE REVIEWED; schema-backed controls and native data contracts; live matrix queued,ACTUAL LIQUID DEFAULT/PRESET FIXTURE; live insertion queued,SOURCE CSS/markup bounds reviewed; actual browser queued,SOURCE/Liquid/DOM review; native browser and assistive technology queued,Host-scoped identities/state reviewed in fixtures; global singleton explicitly retained where applicable,SOURCE/DOM lifecycle and editor attributes reviewed; actual Shopify editor queued,"CLI 4.8.0 exit 1, full baseline comparison retained; not clean certification",REQUIRES LIVE VERIFICATION,"Product/empty guards, unique IDs and accessible heading fallback; native rating scale normalized and invalid ratings skipped, native RTE, escaped text/links, guarded CTA and responsive/focus styling.","B4-FINAL, after Batch 9: Actual metafield/metaobject ratings/rich text, all source/preset/style options, long text, keyboard/screen-reader and responsive/editor acceptance.",Batch 4 individual source disposition. Evidence: validation/batch4-commerce-closure; product-content-hosts.cjs. Explicit platform adapters; no live certification.
sections,product-story,sections/product-story.liquid,4 Product / Commerce,,,product-content.js,,YES,SOURCE REVIEWED; schema-backed controls and native data contracts; live matrix queued,ACTUAL LIQUID DEFAULT/PRESET FIXTURE; live insertion queued,SOURCE CSS/markup bounds reviewed; actual browser queued,SOURCE/Liquid/DOM review; native browser and assistive technology queued,Host-scoped identities/state reviewed in fixtures; global singleton explicitly retained where applicable,SOURCE/DOM lifecycle and editor attributes reviewed; actual Shopify editor queued,"CLI 4.8.0 exit 1, full baseline comparison retained; not clean certification",REQUIRES LIVE VERIFICATION,"Native metaobject fields/RTE/media and stack/split/manual precedence, media visibility/ratio/fit, text escaping and editor identities. Shared opt-in media pause/reduced-motion/unload and Meta Panels block selection. Inert expected-type input replaced with schema guidance; stored state untouched.","B4-FINAL, after Batch 9: Actual story metaobjects/files, timeline/manual/section media, settings/presets, native provider playback and autoplay policies, responsive and editor acceptance.",Batch 4 individual source disposition. Evidence: validation/batch4-commerce-closure; product-content-hosts.cjs. Explicit platform adapters; no live certification.
sections,product-wishlist-card-renderer,sections/product-wishlist-card-renderer.liquid,4 Product / Commerce,snippets/product-card.liquid,,,,YES,SOURCE + ACTUAL LIQUID/DOM FIXTURES; live pending,N/A; host fixtures reviewed,SOURCE CSS/layout/media review; live pending,SOURCE + DOM/focus/native-control fixtures; live pending,ACTUAL HOST/SCOPED DOM FIXTURE PASS,LOAD/UNLOAD/RELOAD FIXTURES; live pending,CLI 4.8.0: 655 diagnostics / 25 errors / 630 warnings; unsuppressed debt retained,REQUIRES LIVE VERIFICATION,Native selected-variant Product Card fragment; vendor available for host display setting; no quick purchase bypass.,B4-PRODUCT-HOSTS after Batch 9: real native/AJAX/accelerated carts; plans/currencies/quantity; actual media providers/model viewer; keyboard/screen reader/responsive/editor and persistence acceptance.,See batch4-product-hosts evidence. Source/fixture disposition only; each product host received its own settings/preset and commerce review. No Shopify/browser certification. Batch 4 closure regression: all seven Phase 3 and 46 Phase 4 suites pass; original individual host/live obligations retained.
sections,product-wishlist,sections/product-wishlist.liquid,4 Product / Commerce,,section-product-wishlist.css,product-wishlist.js;section-product-wishlist.js,,YES,SOURCE REVIEWED; schema-backed controls and native data contracts; live matrix queued,ACTUAL LIQUID DEFAULT/PRESET FIXTURE; live insertion queued,SOURCE CSS/markup bounds reviewed; actual browser queued,SOURCE/Liquid/DOM review; native browser and assistive technology queued,Host-scoped identities/state reviewed in fixtures; global singleton explicitly retained where applicable,SOURCE/DOM lifecycle and editor attributes reviewed; actual Shopify editor queued,"CLI 4.8.0 exit 1, full baseline comparison retained; not clean certification",REQUIRES LIVE VERIFICATION,"Closed B4-WISHLIST-OPEN: retired color_scheme input with no repository group/consumer, retaining inherited theme colors and saved merchant state. Primary/secondary button styles now consume existing theme tokens; existing saved-list/storage/render contract preserved.","B4-FINAL, after Batch 9: Actual saved list across pages/tabs and denied storage; all section/button/card settings, contrast/long text, native selected variants, responsive and editor acceptance.",Batch 4 individual source disposition. Evidence: validation/batch4-commerce-closure; wishlist-commerce.cjs. Explicit platform adapters; no live certification.
sections,slideshow-banner,sections/slideshow-banner.liquid,2 Hero / Banner / CTA,snippets/section-empty-state.liquid,,slideshow-banner.js,templates/page.playground.liquid,YES,SOURCE REVIEW; real editor mode matrix pending,Actual Liquid fixtures; empty/product compositions; visual acceptance pending,SOURCE BREAKPOINT REVIEW; viewport acceptance pending,DOM interaction fixtures; screen reader/contrast pending,Fixture duplicate initialization and two-instance preset render,Synthetic load/unload; real editor pending,Batch 2 report; existing diagnostics retained,REQUIRES LIVE VERIFICATION,Extract active inline initializer; guard duplicate execution; inert inactive slides; persistent rotation pause; unload timers; inactive/reduced-motion media suspension. B9-E: add actual selected-image intrinsic width/height in split and overlay branches; mobile-only fallback uses its own dimensions.,B2-BANNERS: 1440/1280/768/390/320px; all layouts and long content; real editor lifecycle; variant/selling-plan cart acceptance; video provider playback; screen reader/focus.,Engineering checkpoint only. Batch 2 family is not complete and this row is not release approval. See batch2 review notes for remaining checks. B9-E six actual native-image fixture renders and existing slideshow/banner suites PASS; no setting/preset/controller change.
sections,social-media-before-after,sections/social-media-before-after.liquid,7 Social / Third Party / Utilities,,,,,YES,Independent source + 253 actual social gallery settings/native media/link/provider/edge/lifecycle cases PASS,Neutral manual presets; blank/disabled/future-feed/editor cases PASS,"SOURCE scoped native tokens, bounded grids/rails/native dialog/embeds and zero controls; browser pending","Native links/images/alt/labels, inertness/focus and native dialog lifecycle/keyboard fallback PASS; AT pending","Actual opposing settings, scoped CSS, YouTube duplicate boot/unload/reload and player disposal PASS",Blank-block guidance and provider boundaries; disposable lifecycle; real editor pending,"Unmodified CLI 4.8.0 exit 1; batch7-social-galleries evidence; native parser PASS B7-FINAL full CLI 4.8.0 exits 1: 499 total (5 errors/494 warnings), 0 errors/18 retained warnings in Family 7; unsuppressed.",REQUIRES LIVE VERIFICATION,"Native manual gallery/link/image and configured embed hardening, neutral defaults, honest future-feed boundaries, scoped theme tokens/layout/ratio/empty/accessible states. Added strict recognized YouTube URL helper and native-dialog controller; preserved native watch links and exact merchant embed HTML.","B7-SOCIAL-GALLERIES after Batch 9: saved media/layout/alt/copy/source modes, native provider embeds/playback/titles/consent/restrictions and Facebook configuration; captions/focus/real modal trapping/close/no-JS, responsive/RTL/zoom/contrast/AT, mixed instances and real editor lifecycle. No feed authorization/synchronization is implemented.","253 actual Liquid/DOM/CSS/video/dialog adapter cases; not provider, Shopify, pixel or AT certification. Existing icon-social dependency remains live queued and unchanged. B7-FINAL engineering closure 2026-09-22: all 75 family entries reconciled; final evidence validation/batch7-engineering-closure. Existing live queues remain after Batch 9."
sections,social-media-facebook-feed,sections/social-media-facebook-feed.liquid,7 Social / Third Party / Utilities,,,,,YES,Independent source + 253 actual social gallery settings/native media/link/provider/edge/lifecycle cases PASS,Neutral manual presets; blank/disabled/future-feed/editor cases PASS,"SOURCE scoped native tokens, bounded grids/rails/native dialog/embeds and zero controls; browser pending","Native links/images/alt/labels, inertness/focus and native dialog lifecycle/keyboard fallback PASS; AT pending","Actual opposing settings, scoped CSS, YouTube duplicate boot/unload/reload and player disposal PASS",Blank-block guidance and provider boundaries; disposable lifecycle; real editor pending,"Unmodified CLI 4.8.0 exit 1; batch7-social-galleries evidence; native parser PASS B7-FINAL full CLI 4.8.0 exits 1: 499 total (5 errors/494 warnings), 0 errors/18 retained warnings in Family 7; unsuppressed.",REQUIRES LIVE VERIFICATION,"Native manual gallery/link/image and configured embed hardening, neutral defaults, honest future-feed boundaries, scoped theme tokens/layout/ratio/empty/accessible states. Added strict recognized YouTube URL helper and native-dialog controller; preserved native watch links and exact merchant embed HTML.","B7-SOCIAL-GALLERIES after Batch 9: saved media/layout/alt/copy/source modes, native provider embeds/playback/titles/consent/restrictions and Facebook configuration; captions/focus/real modal trapping/close/no-JS, responsive/RTL/zoom/contrast/AT, mixed instances and real editor lifecycle. No feed authorization/synchronization is implemented.","253 actual Liquid/DOM/CSS/video/dialog adapter cases; not provider, Shopify, pixel or AT certification. Existing icon-social dependency remains live queued and unchanged. B7-FINAL engineering closure 2026-09-22: all 75 family entries reconciled; final evidence validation/batch7-engineering-closure. Existing live queues remain after Batch 9."
sections,social-media-instagram-basic-feed,sections/social-media-instagram-basic-feed.liquid,7 Social / Third Party / Utilities,,,,,YES,Independent source + 253 actual social gallery settings/native media/link/provider/edge/lifecycle cases PASS,Neutral manual presets; blank/disabled/future-feed/editor cases PASS,"SOURCE scoped native tokens, bounded grids/rails/native dialog/embeds and zero controls; browser pending","Native links/images/alt/labels, inertness/focus and native dialog lifecycle/keyboard fallback PASS; AT pending","Actual opposing settings, scoped CSS, YouTube duplicate boot/unload/reload and player disposal PASS",Blank-block guidance and provider boundaries; disposable lifecycle; real editor pending,"Unmodified CLI 4.8.0 exit 1; batch7-social-galleries evidence; native parser PASS B7-FINAL full CLI 4.8.0 exits 1: 499 total (5 errors/494 warnings), 0 errors/18 retained warnings in Family 7; unsuppressed.",REQUIRES LIVE VERIFICATION,"Native manual gallery/link/image and configured embed hardening, neutral defaults, honest future-feed boundaries, scoped theme tokens/layout/ratio/empty/accessible states. Added strict recognized YouTube URL helper and native-dialog controller; preserved native watch links and exact merchant embed HTML.","B7-SOCIAL-GALLERIES after Batch 9: saved media/layout/alt/copy/source modes, native provider embeds/playback/titles/consent/restrictions and Facebook configuration; captions/focus/real modal trapping/close/no-JS, responsive/RTL/zoom/contrast/AT, mixed instances and real editor lifecycle. No feed authorization/synchronization is implemented.","253 actual Liquid/DOM/CSS/video/dialog adapter cases; not provider, Shopify, pixel or AT certification. Existing icon-social dependency remains live queued and unchanged. B7-FINAL engineering closure 2026-09-22: all 75 family entries reconciled; final evidence validation/batch7-engineering-closure. Existing live queues remain after Batch 9."
sections,social-media-linkedin-company-highlight,sections/social-media-linkedin-company-highlight.liquid,7 Social / Third Party / Utilities,,,,,YES,SOURCE/ACTUAL 222 combined host/helper/preset/settings/native-link/manual-state cases PASS,ACTUAL neutral insertion fixtures; existing merchant state unchanged,"SOURCE bounded cards, native scroll, column/wrap controls, long text/RTL logical alignment; pixels pending","SOURCE/DOM native links/list semantics, full names, decorative icons, manual metric reading, focus/reduced motion PASS; AT pending",ACTUAL independent roots and every stylesheet selector scoped per instance PASS,SOURCE/DOM empty/disabled/feed guidance and native block selection PASS; real editor pending,"Unmodified CLI 4.8.0 exits 1: 499 diagnostics (5 errors/494 warnings); 10 scoped-CSS warnings resolved, no suppressions. Native Liquid parsing PASS. B7-FINAL full CLI 4.8.0 exits 1: 499 total (5 errors/494 warnings), 0 errors/18 retained warnings in Family 7; unsuppressed.",REQUIRES LIVE VERIFICATION,Manual counts and real destination contract; neutral new counts/company copy; escape URL and avoid double-escaped image alt; omit vacant company/stats columns; native buttons and scoped layout/color/font/focus controls.,"B7-SOCIAL-LINKS-PROOF after Batch 9: actual saved manual profiles/posts/count claims and provider destinations/share dialogs/email client; responsive 1440/1280/768/390/320px, long labels/zoom/RTL/no-JS/theme/custom contrast/keyboard/AT and actual editor insertion/reorder/unload/reload.",tests/phase4/social-links-proof.cjs; validation/batch7-social-links-proof. Native manual content/navigation only; external provider authentication/publication and live data are not implemented or certified. Explicit Liquid/image/CSS/DOM adapters. Shared icon-social remains previously reviewed; consumer edge accounted for without reopening unrelated dependencies. B7-FINAL engineering closure 2026-09-22: all 75 family entries reconciled; final evidence validation/batch7-engineering-closure. Existing live queues remain after Batch 9.
sections,social-media-micro-post-strip,sections/social-media-micro-post-strip.liquid,7 Social / Third Party / Utilities,snippets/q-social-micro-post-card.liquid,,,,YES,SOURCE/ACTUAL 222 combined host/helper/preset/settings/native-link/manual-state cases PASS,ACTUAL neutral insertion fixtures; existing merchant state unchanged,"SOURCE bounded cards, native scroll, column/wrap controls, long text/RTL logical alignment; pixels pending","SOURCE/DOM native links/list semantics, full names, decorative icons, manual metric reading, focus/reduced motion PASS; AT pending",ACTUAL independent roots and every stylesheet selector scoped per instance PASS,SOURCE/DOM empty/disabled/feed guidance and native block selection PASS; real editor pending,"Unmodified CLI 4.8.0 exits 1: 499 diagnostics (5 errors/494 warnings); 10 scoped-CSS warnings resolved, no suppressions. Native Liquid parsing PASS. B7-FINAL full CLI 4.8.0 exits 1: 499 total (5 errors/494 warnings), 0 errors/18 retained warnings in Family 7; unsuppressed.",REQUIRES LIVE VERIFICATION,Manual source contract and metadata-only external timeline; native focused bounded strip/grid; desktop column control; no blank storefront cards; editor selection; one scoped stylesheet instead of repeated helper CSS; neutral insertion identity/timestamps.,"B7-SOCIAL-LINKS-PROOF after Batch 9: actual saved manual profiles/posts/count claims and provider destinations/share dialogs/email client; responsive 1440/1280/768/390/320px, long labels/zoom/RTL/no-JS/theme/custom contrast/keyboard/AT and actual editor insertion/reorder/unload/reload.",tests/phase4/social-links-proof.cjs; validation/batch7-social-links-proof. Native manual content/navigation only; external provider authentication/publication and live data are not implemented or certified. Explicit Liquid/image/CSS/DOM adapters. Shared icon-social remains previously reviewed; consumer edge accounted for without reopening unrelated dependencies. B7-FINAL engineering closure 2026-09-22: all 75 family entries reconciled; final evidence validation/batch7-engineering-closure. Existing live queues remain after Batch 9.
sections,social-media-pinterest-grid,sections/social-media-pinterest-grid.liquid,7 Social / Third Party / Utilities,snippets/q-social-pinterest-card.liquid,,,,YES,Independent source + 253 actual social gallery settings/native media/link/provider/edge/lifecycle cases PASS,Neutral manual presets; blank/disabled/future-feed/editor cases PASS,"SOURCE scoped native tokens, bounded grids/rails/native dialog/embeds and zero controls; browser pending","Native links/images/alt/labels, inertness/focus and native dialog lifecycle/keyboard fallback PASS; AT pending","Actual opposing settings, scoped CSS, YouTube duplicate boot/unload/reload and player disposal PASS",Blank-block guidance and provider boundaries; disposable lifecycle; real editor pending,"Unmodified CLI 4.8.0 exit 1; batch7-social-galleries evidence; native parser PASS B7-FINAL full CLI 4.8.0 exits 1: 499 total (5 errors/494 warnings), 0 errors/18 retained warnings in Family 7; unsuppressed.",REQUIRES LIVE VERIFICATION,"Native manual gallery/link/image and configured embed hardening, neutral defaults, honest future-feed boundaries, scoped theme tokens/layout/ratio/empty/accessible states. Added strict recognized YouTube URL helper and native-dialog controller; preserved native watch links and exact merchant embed HTML.","B7-SOCIAL-GALLERIES after Batch 9: saved media/layout/alt/copy/source modes, native provider embeds/playback/titles/consent/restrictions and Facebook configuration; captions/focus/real modal trapping/close/no-JS, responsive/RTL/zoom/contrast/AT, mixed instances and real editor lifecycle. No feed authorization/synchronization is implemented.","253 actual Liquid/DOM/CSS/video/dialog adapter cases; not provider, Shopify, pixel or AT certification. Existing icon-social dependency remains live queued and unchanged. B7-FINAL engineering closure 2026-09-22: all 75 family entries reconciled; final evidence validation/batch7-engineering-closure. Existing live queues remain after Batch 9."
sections,social-media-profile-card,sections/social-media-profile-card.liquid,7 Social / Third Party / Utilities,snippets/q-social-profile-icon.liquid,,,,YES,SOURCE/ACTUAL 222 combined host/helper/preset/settings/native-link/manual-state cases PASS,ACTUAL neutral insertion fixtures; existing merchant state unchanged,"SOURCE bounded cards, native scroll, column/wrap controls, long text/RTL logical alignment; pixels pending","SOURCE/DOM native links/list semantics, full names, decorative icons, manual metric reading, focus/reduced motion PASS; AT pending",ACTUAL independent roots and every stylesheet selector scoped per instance PASS,SOURCE/DOM empty/disabled/feed guidance and native block selection PASS; real editor pending,"Unmodified CLI 4.8.0 exits 1: 499 diagnostics (5 errors/494 warnings); 10 scoped-CSS warnings resolved, no suppressions. Native Liquid parsing PASS. B7-FINAL full CLI 4.8.0 exits 1: 499 total (5 errors/494 warnings), 0 errors/18 retained warnings in Family 7; unsuppressed.",REQUIRES LIVE VERIFICATION,"Real global/custom URL precedence and safe native destinations; native boolean loading, alt fallback, escaped identity and labels; configured button pairs; no vacant avatar column or empty default host; scoped bounded card/surface/typography.","B7-SOCIAL-LINKS-PROOF after Batch 9: actual saved manual profiles/posts/count claims and provider destinations/share dialogs/email client; responsive 1440/1280/768/390/320px, long labels/zoom/RTL/no-JS/theme/custom contrast/keyboard/AT and actual editor insertion/reorder/unload/reload.",tests/phase4/social-links-proof.cjs; validation/batch7-social-links-proof. Native manual content/navigation only; external provider authentication/publication and live data are not implemented or certified. Explicit Liquid/image/CSS/DOM adapters. Shared icon-social remains previously reviewed; consumer edge accounted for without reopening unrelated dependencies. B7-FINAL engineering closure 2026-09-22: all 75 family entries reconciled; final evidence validation/batch7-engineering-closure. Existing live queues remain after Batch 9.
sections,social-media-short-video-rail,sections/social-media-short-video-rail.liquid,7 Social / Third Party / Utilities,snippets/social-media-youtube-id.liquid,,,,YES,Independent source + 253 actual social gallery settings/native media/link/provider/edge/lifecycle cases PASS,Neutral manual presets; blank/disabled/future-feed/editor cases PASS,"SOURCE scoped native tokens, bounded grids/rails/native dialog/embeds and zero controls; browser pending","Native links/images/alt/labels, inertness/focus and native dialog lifecycle/keyboard fallback PASS; AT pending","Actual opposing settings, scoped CSS, YouTube duplicate boot/unload/reload and player disposal PASS",Blank-block guidance and provider boundaries; disposable lifecycle; real editor pending,"Unmodified CLI 4.8.0 exit 1; batch7-social-galleries evidence; native parser PASS B7-FINAL full CLI 4.8.0 exits 1: 499 total (5 errors/494 warnings), 0 errors/18 retained warnings in Family 7; unsuppressed.",REQUIRES LIVE VERIFICATION,"Native manual gallery/link/image and configured embed hardening, neutral defaults, honest future-feed boundaries, scoped theme tokens/layout/ratio/empty/accessible states. Added strict recognized YouTube URL helper and native-dialog controller; preserved native watch links and exact merchant embed HTML.","B7-SOCIAL-GALLERIES after Batch 9: saved media/layout/alt/copy/source modes, native provider embeds/playback/titles/consent/restrictions and Facebook configuration; captions/focus/real modal trapping/close/no-JS, responsive/RTL/zoom/contrast/AT, mixed instances and real editor lifecycle. No feed authorization/synchronization is implemented.","253 actual Liquid/DOM/CSS/video/dialog adapter cases; not provider, Shopify, pixel or AT certification. Existing icon-social dependency remains live queued and unchanged. B7-FINAL engineering closure 2026-09-22: all 75 family entries reconciled; final evidence validation/batch7-engineering-closure. Existing live queues remain after Batch 9."
sections,social-media-social-icons,sections/social-media-social-icons.liquid,7 Social / Third Party / Utilities,,,,,YES,SOURCE/ACTUAL 222 combined host/helper/preset/settings/native-link/manual-state cases PASS,ACTUAL neutral insertion fixtures; existing merchant state unchanged,"SOURCE bounded cards, native scroll, column/wrap controls, long text/RTL logical alignment; pixels pending","SOURCE/DOM native links/list semantics, full names, decorative icons, manual metric reading, focus/reduced motion PASS; AT pending",ACTUAL independent roots and every stylesheet selector scoped per instance PASS,SOURCE/DOM empty/disabled/feed guidance and native block selection PASS; real editor pending,"Unmodified CLI 4.8.0 exits 1: 499 diagnostics (5 errors/494 warnings); 10 scoped-CSS warnings resolved, no suppressions. Native Liquid parsing PASS. B7-FINAL full CLI 4.8.0 exits 1: 499 total (5 errors/494 warnings), 0 errors/18 retained warnings in Family 7; unsuppressed.",REQUIRES LIVE VERIFICATION,Correct native list/link semantics; actual URL/global fallback with none/invalid rejection; escaped text and accessible names; neutral profile presets; scoped native tokens and separate desktop/mobile wrapping with safe overflow alignment.,"B7-SOCIAL-LINKS-PROOF after Batch 9: actual saved manual profiles/posts/count claims and provider destinations/share dialogs/email client; responsive 1440/1280/768/390/320px, long labels/zoom/RTL/no-JS/theme/custom contrast/keyboard/AT and actual editor insertion/reorder/unload/reload.",tests/phase4/social-links-proof.cjs; validation/batch7-social-links-proof. Native manual content/navigation only; external provider authentication/publication and live data are not implemented or certified. Explicit Liquid/image/CSS/DOM adapters. Shared icon-social remains previously reviewed; consumer edge accounted for without reopening unrelated dependencies. B7-FINAL engineering closure 2026-09-22: all 75 family entries reconciled; final evidence validation/batch7-engineering-closure. Existing live queues remain after Batch 9.
sections,social-media-social-proof,sections/social-media-social-proof.liquid,7 Social / Third Party / Utilities,,,,,YES,SOURCE/ACTUAL 222 combined host/helper/preset/settings/native-link/manual-state cases PASS,ACTUAL neutral insertion fixtures; existing merchant state unchanged,"SOURCE bounded cards, native scroll, column/wrap controls, long text/RTL logical alignment; pixels pending","SOURCE/DOM native links/list semantics, full names, decorative icons, manual metric reading, focus/reduced motion PASS; AT pending",ACTUAL independent roots and every stylesheet selector scoped per instance PASS,SOURCE/DOM empty/disabled/feed guidance and native block selection PASS; real editor pending,"Unmodified CLI 4.8.0 exits 1: 499 diagnostics (5 errors/494 warnings); 10 scoped-CSS warnings resolved, no suppressions. Native Liquid parsing PASS. B7-FINAL full CLI 4.8.0 exits 1: 499 total (5 errors/494 warnings), 0 errors/18 retained warnings in Family 7; unsuppressed.",REQUIRES LIVE VERIFICATION,"Manual verified-claim guidance; neutral new counts/claims; omit empty storefront metrics; preserve editor selection; escape plain text and expose one full accessible metric reading; scoped bounded rows, mobile wrapping and contrast surfaces.","B7-SOCIAL-LINKS-PROOF after Batch 9: actual saved manual profiles/posts/count claims and provider destinations/share dialogs/email client; responsive 1440/1280/768/390/320px, long labels/zoom/RTL/no-JS/theme/custom contrast/keyboard/AT and actual editor insertion/reorder/unload/reload.",tests/phase4/social-links-proof.cjs; validation/batch7-social-links-proof. Native manual content/navigation only; external provider authentication/publication and live data are not implemented or certified. Explicit Liquid/image/CSS/DOM adapters. Shared icon-social remains previously reviewed; consumer edge accounted for without reopening unrelated dependencies. B7-FINAL engineering closure 2026-09-22: all 75 family entries reconciled; final evidence validation/batch7-engineering-closure. Existing live queues remain after Batch 9.
sections,social-media-social-share,sections/social-media-social-share.liquid,7 Social / Third Party / Utilities,,,,,YES,SOURCE/ACTUAL 222 combined host/helper/preset/settings/native-link/manual-state cases PASS,ACTUAL neutral insertion fixtures; existing merchant state unchanged,"SOURCE bounded cards, native scroll, column/wrap controls, long text/RTL logical alignment; pixels pending","SOURCE/DOM native links/list semantics, full names, decorative icons, manual metric reading, focus/reduced motion PASS; AT pending",ACTUAL independent roots and every stylesheet selector scoped per instance PASS,SOURCE/DOM empty/disabled/feed guidance and native block selection PASS; real editor pending,"Unmodified CLI 4.8.0 exits 1: 499 diagnostics (5 errors/494 warnings); 10 scoped-CSS warnings resolved, no suppressions. Native Liquid parsing PASS. B7-FINAL full CLI 4.8.0 exits 1: 499 total (5 errors/494 warnings), 0 errors/18 retained warnings in Family 7; unsuppressed.",REQUIRES LIVE VERIFICATION,Preserve native provider/email links with exact encoded URL/title/message precedence; absolute site-path overrides and mailto percent spaces; native list semantics and escaped labels; theme color fallbacks and visible bare-style icons; no JavaScript/API/posting claims.,"B7-SOCIAL-LINKS-PROOF after Batch 9: actual saved manual profiles/posts/count claims and provider destinations/share dialogs/email client; responsive 1440/1280/768/390/320px, long labels/zoom/RTL/no-JS/theme/custom contrast/keyboard/AT and actual editor insertion/reorder/unload/reload.",tests/phase4/social-links-proof.cjs; validation/batch7-social-links-proof. Native manual content/navigation only; external provider authentication/publication and live data are not implemented or certified. Explicit Liquid/image/CSS/DOM adapters. Shared icon-social remains previously reviewed; consumer edge accounted for without reopening unrelated dependencies. B7-FINAL engineering closure 2026-09-22: all 75 family entries reconciled; final evidence validation/batch7-engineering-closure. Existing live queues remain after Batch 9.
sections,social-media-ugc-hashtag-gallery,sections/social-media-ugc-hashtag-gallery.liquid,7 Social / Third Party / Utilities,snippets/icon-social.liquid,,,,YES,Independent source + 253 actual social gallery settings/native media/link/provider/edge/lifecycle cases PASS,Neutral manual presets; blank/disabled/future-feed/editor cases PASS,"SOURCE scoped native tokens, bounded grids/rails/native dialog/embeds and zero controls; browser pending","Native links/images/alt/labels, inertness/focus and native dialog lifecycle/keyboard fallback PASS; AT pending","Actual opposing settings, scoped CSS, YouTube duplicate boot/unload/reload and player disposal PASS",Blank-block guidance and provider boundaries; disposable lifecycle; real editor pending,"Unmodified CLI 4.8.0 exit 1; batch7-social-galleries evidence; native parser PASS B7-FINAL full CLI 4.8.0 exits 1: 499 total (5 errors/494 warnings), 0 errors/18 retained warnings in Family 7; unsuppressed.",REQUIRES LIVE VERIFICATION,"Native manual gallery/link/image and configured embed hardening, neutral defaults, honest future-feed boundaries, scoped theme tokens/layout/ratio/empty/accessible states. Added strict recognized YouTube URL helper and native-dialog controller; preserved native watch links and exact merchant embed HTML.","B7-SOCIAL-GALLERIES after Batch 9: saved media/layout/alt/copy/source modes, native provider embeds/playback/titles/consent/restrictions and Facebook configuration; captions/focus/real modal trapping/close/no-JS, responsive/RTL/zoom/contrast/AT, mixed instances and real editor lifecycle. No feed authorization/synchronization is implemented.","253 actual Liquid/DOM/CSS/video/dialog adapter cases; not provider, Shopify, pixel or AT certification. Existing icon-social dependency remains live queued and unchanged. B7-FINAL engineering closure 2026-09-22: all 75 family entries reconciled; final evidence validation/batch7-engineering-closure. Existing live queues remain after Batch 9."
sections,social-media-youtube-grid,sections/social-media-youtube-grid.liquid,7 Social / Third Party / Utilities,snippets/social-media-youtube-id.liquid,,social-media-youtube.js,,YES,Independent source + 253 actual social gallery settings/native media/link/provider/edge/lifecycle cases PASS,Neutral manual presets; blank/disabled/future-feed/editor cases PASS,"SOURCE scoped native tokens, bounded grids/rails/native dialog/embeds and zero controls; browser pending","Native links/images/alt/labels, inertness/focus and native dialog lifecycle/keyboard fallback PASS; AT pending","Actual opposing settings, scoped CSS, YouTube duplicate boot/unload/reload and player disposal PASS",Blank-block guidance and provider boundaries; disposable lifecycle; real editor pending,"Unmodified CLI 4.8.0 exit 1; batch7-social-galleries evidence; native parser PASS B7-FINAL full CLI 4.8.0 exits 1: 499 total (5 errors/494 warnings), 0 errors/18 retained warnings in Family 7; unsuppressed.",REQUIRES LIVE VERIFICATION,"Native manual gallery/link/image and configured embed hardening, neutral defaults, honest future-feed boundaries, scoped theme tokens/layout/ratio/empty/accessible states. Added strict recognized YouTube URL helper and native-dialog controller; preserved native watch links and exact merchant embed HTML.","B7-SOCIAL-GALLERIES after Batch 9: saved media/layout/alt/copy/source modes, native provider embeds/playback/titles/consent/restrictions and Facebook configuration; captions/focus/real modal trapping/close/no-JS, responsive/RTL/zoom/contrast/AT, mixed instances and real editor lifecycle. No feed authorization/synchronization is implemented.","253 actual Liquid/DOM/CSS/video/dialog adapter cases; not provider, Shopify, pixel or AT certification. Existing icon-social dependency remains live queued and unchanged. B7-FINAL engineering closure 2026-09-22: all 75 family entries reconciled; final evidence validation/batch7-engineering-closure. Existing live queues remain after Batch 9."
sections,special-offers-banner,sections/special-offers-banner.liquid,2 Hero / Banner / CTA,,,video-hero-banner.js,templates/page.dynamic-section-test.json;templates/page.playground.liquid,YES,SOURCE REVIEWED; live pending,ALL ACTUAL LIQUID PRESETS TESTED; live pending,SOURCE ONLY; live pending,SOURCE/DOM REVIEWED; live pending,LIQUID/DOM FIXTURE PASS,ATTRIBUTES/VIDEO LOAD/UNLOAD TESTED; live pending,REVIEWED; existing debt retained,REQUIRES LIVE VERIFICATION,"Shared disposable video controls with exact 768px boundary, fallback surface, anchor/editor attributes, accessible controls, flow-based grid offset and working composition presets.","B2-CONTEXT-OFFERS: responsive/context/settings, real editor, screen reader, real media and structured-data verification.",No live Shopify certification. Existing saved merchant content remains unchanged.
sections,split-banner,sections/split-banner.liquid,2 Hero / Banner / CTA,,,,templates/page.playground.liquid,YES,SOURCE REVIEWED; live pending,ACTUAL LIQUID DEFAULT/PRESET STRUCTURE REVIEWED; live pending,SOURCE ONLY; live pending,SOURCE/DOM REVIEWED; live pending,ACTUAL LIQUID/DOM FIXTURE PASS,LIFECYCLE FIXTURE PASS; live pending,REVIEWED; no new diagnostics; existing debt retained,REQUIRES LIVE VERIFICATION,Exact spacing tokens and responsive inheritance; contained width; stable scoped selectors/custom anchors; image and link guards; visibility and reduced motion.,B2-SPLIT-STANDOUT-TRANSPARENT: 1440/1280/768/390/320px; all layouts/settings; real editor/media; keyboard/screen reader; header overlap and touch scrolling.,Source and mock DOM verification only. See validation/split-standout-transparent. No Shopify runtime acceptance.
sections,split-content-dynamic,sections/split-content-dynamic.liquid,5 Content / Interactive,,,,,YES,REVIEWED; actual host and block setting matrix,REVIEWED; actual insertion preset,SOURCE BOUNDS/SETTING OUTPUT; live pending,SOURCE/DOM; focus/content/media/semantics,ACTUAL LIQUID TWO-INSTANCE PASS,EMPTY/VISIBILITY/BLOCK ID FIXTURES; native no-JS host,CLI 4.8.0 632 diagnostics; no added signatures; existing debt retained,REQUIRES LIVE VERIFICATION,"Exact separate mobile/desktop padding tokens and CSS; stable scope with literal custom anchors; native mobile-only/media alt/caption fallback; separate valid button/badge blocks and editor identities; bounded native full-section width, responsive visibility/editor access and reduced motion. Unreachable rating branch removed; neutral new badge defaults.","B5-BUILDERS after Batch 9: all individual host/preset/block settings, saved content, responsive geometry/column/padding extremes, native sprite/images/alt, anchors, long text/colors/contrast, keyboard/reduced motion and editor lifecycle.",Actual full host sources; explicit image/color/platform adapters. No browser/Shopify certification. Both Theme Block builders and row/column chains retained and still require their separate Batch 8 reviews. B5-FINAL engineering closure 2026-09-21; accumulated live acceptance remains queued after Batch 9.
sections,standout-hero-banner,sections/standout-hero-banner.liquid,2 Hero / Banner / CTA,snippets/standout-banner-panel.liquid,standout-hero-banner.css,video-hero-banner.js,,YES,SOURCE REVIEWED; live pending,ACTUAL LIQUID DEFAULT/PRESET STRUCTURE REVIEWED; live pending,SOURCE ONLY; live pending,SOURCE/DOM REVIEWED; live pending,ACTUAL LIQUID/DOM FIXTURE PASS,LIFECYCLE FIXTURE PASS; live pending,REVIEWED; no new diagnostics; existing debt retained,REQUIRES LIVE VERIFICATION,Honor false mobile stacking; stable custom-anchor scoping; theme button tokens; shared disposable media controls.,B2-SPLIT-STANDOUT-TRANSPARENT: 1440/1280/768/390/320px; all layouts/settings; real editor/media; keyboard/screen reader; header overlap and touch scrolling.,Source and mock DOM verification only. See validation/split-standout-transparent. No Shopify runtime acceptance.
sections,sub-banner-breadcrumb,sections/sub-banner-breadcrumb.liquid,2 Hero / Banner / CTA,,,,,YES,SOURCE REVIEWED; live pending,ALL ACTUAL LIQUID PRESETS TESTED; live pending,SOURCE ONLY; live pending,SOURCE/DOM REVIEWED; live pending,LIQUID/DOM FIXTURE PASS,ATTRIBUTES/VIDEO LOAD/UNLOAD TESTED; live pending,REVIEWED; existing debt retained,REQUIRES LIVE VERIFICATION,"Article/context breadcrumb and JSON-LD agreement, escaped titles/JSON, context heading defaults, anchor-independent CSS, overlap/alignment/long-content fixes.","B2-CONTEXT-OFFERS: responsive/context/settings, real editor, screen reader, real media and structured-data verification.",No live Shopify certification. Existing saved merchant content remains unchanged.
sections,sub-banner-classic,sections/sub-banner-classic.liquid,2 Hero / Banner / CTA,,,section-hero-classic.js,templates/collection.collection-list.json,YES,SOURCE + ACTUAL LIQUID FIXTURES,ACTUAL INSERTION FIXTURES; LIVE PENDING,SOURCE CONTRACTS; LIVE PENDING,SOURCE/DOM; LIVE PENDING,ACTUAL LIQUID/DOM FIXTURES,DOM LIFECYCLE WHERE APPLICABLE; LIVE PENDING,CLI 4.8.0; see validation/sub-banners-static-cta,REQUIRES LIVE VERIFICATION,Reuse Classic lifecycle; scoped CSS; responsive height/placement/mobile typography; literal anchors; pause/inactive media; mobile-only imagery and blank CTA guards.,B2-SUB-CTA: 1440/1280/768/390/320px; all settings/layouts; long content; actual media/provider/Shopify newsletter submission; editor add/remove/reorder; keyboard/screen reader; sprite rendering.,Evidence: validation/sub-banners-static-cta/. Fixture adapters do not certify live Shopify or browser layout. Shared sprite inventory remains independently unreviewed.
sections,sub-banner-modern,sections/sub-banner-modern.liquid,2 Hero / Banner / CTA,,,,,YES,SOURCE REVIEWED; live pending,ACTUAL PRESET/LIQUID FIXTURE PASS; live pending,SOURCE ONLY; live pending,SOURCE/DOM REVIEWED; live pending,ACTUAL LIQUID/DOM FIXTURE PASS,NO JS; live editor insertion pending,CLI 4.8.0 BASELINE COMPARISON PASS; existing debt retained,REQUIRES LIVE VERIFICATION,Stable scoped CSS and escaped anchors/labels; blank button guards; restored subheading-size control; long-content containment and reduced-motion/focus rules.,"B2-GRID-MODERN: all layouts/settings at 1440/1280/768/390/320px; real editor, long text, images/video, keyboard/screen reader, color contrast, CTA picker destinations and analytics consent integration.",Actual Liquid and mock DOM checks are not Shopify runtime or rendered browser acceptance.
sections,sub-banner-split,sections/sub-banner-split.liquid,2 Hero / Banner / CTA,,,,,YES,SOURCE + ACTUAL LIQUID FIXTURES,ACTUAL INSERTION FIXTURES; LIVE PENDING,SOURCE CONTRACTS; LIVE PENDING,SOURCE/DOM; LIVE PENDING,ACTUAL LIQUID/DOM FIXTURES,DOM LIFECYCLE WHERE APPLICABLE; LIVE PENDING,CLI 4.8.0; see validation/sub-banners-static-cta,REQUIRES LIVE VERIFICATION,Scoped selectors independent of anchor; restore mobile order/subheading size controls; desktop padding; long text/CTA guards and reduced motion.,B2-SUB-CTA: 1440/1280/768/390/320px; all settings/layouts; long content; actual media/provider/Shopify newsletter submission; editor add/remove/reorder; keyboard/screen reader; sprite rendering.,Evidence: validation/sub-banners-static-cta/. Fixture adapters do not certify live Shopify or browser layout. Shared sprite inventory remains independently unreviewed.
sections,sub-banner-transparent,sections/sub-banner-transparent.liquid,2 Hero / Banner / CTA,,,transparent-hero-banner.js,,YES,SOURCE + ACTUAL LIQUID FIXTURES,ACTUAL INSERTION FIXTURES; LIVE PENDING,SOURCE CONTRACTS; LIVE PENDING,SOURCE/DOM; LIVE PENDING,ACTUAL LIQUID/DOM FIXTURES,DOM LIFECYCLE WHERE APPLICABLE; LIVE PENDING,CLI 4.8.0; see validation/sub-banners-static-cta,REQUIRES LIVE VERIFICATION,Reuse Transparent lifecycle with measurement-only header mode; scope all CSS; placement; pause/inert media/editor cleanup; labels and heading control; empty storefront handling.,B2-SUB-CTA: 1440/1280/768/390/320px; all settings/layouts; long content; actual media/provider/Shopify newsletter submission; editor add/remove/reorder; keyboard/screen reader; sprite rendering.,Evidence: validation/sub-banners-static-cta/. Fixture adapters do not certify live Shopify or browser layout. Shared sprite inventory remains independently unreviewed.
sections,sub-banner-web3,sections/sub-banner-web3.liquid,2 Hero / Banner / CTA,,,section-hero-classic.js,,YES,SOURCE + ACTUAL LIQUID FIXTURES,ACTUAL INSERTION FIXTURES; LIVE PENDING,SOURCE CONTRACTS; LIVE PENDING,SOURCE/DOM; LIVE PENDING,ACTUAL LIQUID/DOM FIXTURES,DOM LIFECYCLE WHERE APPLICABLE; LIVE PENDING,CLI 4.8.0; see validation/sub-banners-static-cta,REQUIRES LIVE VERIFICATION,Reuse Classic controller for media/content slides; preserve false video settings; manual navigation/autoplay pause; scoped CSS; intrinsic images; long text and reduced motion.,B2-SUB-CTA: 1440/1280/768/390/320px; all settings/layouts; long content; actual media/provider/Shopify newsletter submission; editor add/remove/reorder; keyboard/screen reader; sprite rendering.,Evidence: validation/sub-banners-static-cta/. Fixture adapters do not certify live Shopify or browser layout. Shared sprite inventory remains independently unreviewed.
sections,transparent-hero-banner,sections/transparent-hero-banner.liquid,2 Hero / Banner / CTA,,,transparent-hero-banner.js,,YES,SOURCE REVIEWED; live pending,ACTUAL LIQUID DEFAULT/PRESET STRUCTURE REVIEWED; live pending,SOURCE ONLY; live pending,SOURCE/DOM REVIEWED; live pending,ACTUAL LIQUID/DOM FIXTURE PASS,LIFECYCLE FIXTURE PASS; live pending,REVIEWED; no new diagnostics; existing debt retained,REQUIRES LIVE VERIFICATION,"Scoped setting CSS; empty section handling; native button navigation; media/slide hooks; usable content placement, focus and motion controls.",B2-SPLIT-STANDOUT-TRANSPARENT: 1440/1280/768/390/320px; all layouts/settings; real editor/media; keyboard/screen reader; header overlap and touch scrolling.,Source and mock DOM verification only. See validation/split-standout-transparent. No Shopify runtime acceptance.
sections,video-hero-banner,sections/video-hero-banner.liquid,2 Hero / Banner / CTA,,,video-hero-banner.js,templates/page.playground.liquid,YES,SOURCE REVIEWED; live pending,DEFAULTS/LIQUID FIXTURE REVIEWED; live pending,SOURCE ONLY; live pending,SOURCE/DOM REVIEWED; live pending,DOM FIXTURE PASS,LOAD/UNLOAD FIXTURE PASS; live pending,REVIEWED; existing debt retained,REQUIRES LIVE VERIFICATION,"Removed demonstration media/links from defaults; deferred media, persistent pause, reduced-motion/visibility/editor lifecycle.","B2-HERO-MEDIA: responsive layouts, actual merchant data, media providers and real editor; product variants/selling plans/native and drawer cart.",Offline fixtures are not live Shopify certification.
sections,web3-hero-banner,sections/web3-hero-banner.liquid,2 Hero / Banner / CTA,snippets/section-empty-state.liquid,,web3-hero-banner.js,templates/page.playground.liquid,YES,SOURCE REVIEWED; actual Liquid fixtures PASS,Actual insertion fixtures PASS; live pending,SOURCE/DOM reviewed; browser widths pending,SOURCE/DOM controls PASS; real keyboard/screen reader pending,Two-instance source/DOM fixture PASS,Lifecycle/source fixture PASS; actual editor pending,CLI 4.8.0 checkpoint compared; existing debt retained,REQUIRES LIVE VERIFICATION,"Configured primary URL; repaired gradient/glow colors, outline/gradient button styles, zero values, shadow false, full-height alignment, background description, no-JS slides, wrapped dots and neutral insertion slides; existing disposable motion preserved.","B2-FINAL: 1440/1280/768/390/320px, configured and blank media/links, long content, keyboard/screen reader, multiple instances, real editor add/remove/reorder, reduced motion. Provider app blocks and uploaded icons require actual installed resources.",Source closure at batch2-closure checkpoint; fixture/DOM checks do not certify Shopify or browser behavior.
blocks,content-accordion,blocks/content-accordion.liquid,8 Theme Blocks,,,,,YES,SOURCE all 54 settings/defaults/options; direct/dynamic/helper consumers individually traced; control matrix PASS,All three actual presets and defaults plus select/checkbox/range endpoints PASS; preserved prior setting IDs and truthful insertion defaults,"SOURCE/DOM all select/checkbox/range endpoints, bounded panel/nav/table/media widths, long-content wrapping, mobile vertical-to-horizontal orientation and media ordering PASS; actual pixels/scroll/zoom queued","SOURCE/DOM native details and dialog markup, progressive visible content, tab roles/roving focus/arrows/Home/End/RTL/hash, named media/links/table regions, focus restoration and reduced motion PASS; native browser inert/focus trapping/AT queued","Actual two-instance tab/disclosure/dialog fixtures, isolated selection, media retirement/restoration, singleton duplicate execution and independent native IDs PASS","Native outer wrapper owns editor metadata; visibility/motion bypass and actual empty guidance, late insertion, load/unload/reload/reorder/select with controller disposal PASS; native Theme Editor queued",Unsuppressed CLI 4.8.0 evidence/comparison in batch8-panels; no scanner suppression; group errors checked explicitly,REQUIRES LIVE VERIFICATION,"Individually reviewed all controls and three presets. Native details/summary remains functional without JavaScript; single-open naming and shared fallback respect the first actual populated item and explicit initial-open settings. Escaped icons, safe fallback titles, neutral insertion defaults, editor-only empty guidance, one native editor wrapper and design visibility/motion bypass repaired. Shared controller restores paused embeds when reopened and disposes instance listeners.","B8-PANELS live queue after engineering batches: native Theme Editor insert/select/reorder/load/unload; browser details grouping, dialog top layer/inert/focus trapping/AT and scroll; actual YouTube/Vimeo/video playback and retirement; native metafield image/video/rich formatting, chart/table 320/390/768/1280/1440px, no-JS/RTL/zoom/reduced motion. All prior queues remain; no live Shopify QA performed.","Individual source/schema/default/preset/consumer review in batch8-panels; 468 actual render/control/state combinations plus interaction fixtures. LiquidJS/JSDOM and explicit native filter/dialog adapters are not live Shopify/browser certification. Saved setting IDs retained, all 150 sections and settings_data untouched. B8-FINAL: formally closed for engineering; individual disposition and live queue retained. Final full-suite/native-parse/hash/protected-state evidence: validation/batch8-engineering-closure."
blocks,content-alert,blocks/content-alert.liquid,8 Theme Blocks,snippets/qtm-content-block-wrapper-start.liquid,,,,YES,SOURCE all 47 controls/defaults/options + shared/dynamic consumers; actual option/range/false render cases PASS,All three actual built-in presets plus schema defaults PASS; truthful neutral insertion/actions; no brand-family rollout,"SOURCE bounded widths, shrink/wrap, breakpoint/zero controls and CSS/DOM selector checks PASS; actual pixels/RTL/zoom remain queued","SOURCE/DOM headings/labels/native links/focus-visible, decorative/media naming and progressive reduced-motion reviewed; actual keyboard/AT/contrast queued","Two actual instances per block, native outer IDs, shared singleton engine/independent observed targets PASS",Native wrapper metadata + insertion/selection/unload/reload/reorder/root/late/dynamic lifecycle fixtures PASS; actual editor queued,"CLI 4.8.0 exits 1: 500 findings (3 errors/497 warnings), two paired-wrapper errors repaired; zero errors in this 16-entry group; unsuppressed evidence batch8-primitives",REQUIRES LIVE VERIFICATION,"Stacked/compact layouts now consume their controls; URL-less action omitted/disabled by context; escaped links, native status semantics retained; shipping preset now requests merchant facts instead of promising delivery. Complete balanced wrapper; missing Custom width control repaired; static no-JS styles; retained native outer Theme Block editor metadata; redundant block script tags removed.","B8-PRIMITIVES after engineering batches: actual Shopify block default/preset insertion, real outer wrapper/editor load/unload/reorder/selection; 320/390/768/1280/1440px, long text, RTL/zoom/no-JS/reduced motion/keyboard/AT/theme contrast. Native image and custom Liquid evaluation; real merchant URLs/code/providers remain live responsibilities.","Individual source/full-schema/preset/consumer review in validation/batch8-primitives; 899 actual default/preset/control renders plus targeted regressions. Shopify wrapper/image fixtures and CSS/DOM/observer adapters are not live certification. No Batch 9, brand-preset or host approval inferred. B8-FINAL: formally closed for engineering; individual disposition and live queue retained. Final full-suite/native-parse/hash/protected-state evidence: validation/batch8-engineering-closure."
blocks,content-anchor-navigation,blocks/content-anchor-navigation.liquid,8 Theme Blocks,,,,,YES,SOURCE all 79 settings/defaults/options; direct/dynamic/helper consumers individually traced; control matrix PASS,All 3 actual presets and defaults plus select/checkbox/range endpoints PASS; preserved prior setting IDs and truthful insertion defaults,"SOURCE/DOM all controls/presets/endpoints, independent 750–989 tablet visibility, bounded nested grids/long text/media and desktop/mobile sticky rules PASS; real 320/390/768/1280/1440px/zoom/RTL pixels queued","SOURCE/DOM named native destinations and disclosures, precise current-page/location semantics, escaped plain contact text, manual schedule table headings/caption, reduced-motion focus/hash and no-JS fallbacks PASS; browser keyboard/AT/contrast queued","Actual two-root anchor/menu initialization, hash/native panel composition, independent disclosure state, duplicate execution and punctuation-safe IDs PASS",One native owner of editor metadata; sticky blocks use tag:null and contain scoped styles. Empty setup notes and visibility/animation bypass; insertion/reorder/removal/load/unload/reload and listener/focus-state cleanup PASS; actual native editor queued,Unsuppressed CLI 4.8.0 evidence/comparison in batch8-navigation-information; no scanner suppression; group errors checked explicitly,REQUIRES LIVE VERIFICATION,"Individually reviewed all 79 settings and three presets. Native anchor IDs retain internal punctuation and are encoded once, numbering/first-active follow actual rendered links, scoped deferred enhancement replaces inline listeners. Smooth navigation respects modifier clicks, missing targets, reduced motion, focus cleanup and fragment history/other panel consumers. tag:null places sticky behavior and editor attributes on the actual one root; desktop/tablet/mobile visibility and configured offsets are independent. New inserts require real target IDs rather than fictional anchors; existing settings preserved.","B8-NAVIGATION-INFORMATION live queue after engineering batches: real native menu/current-route and localized breadcrumbs, browser fragment/history/focus/keyboard/AT behavior, sticky behavior within actual builder containers, mobile disclosures, narrow/RTL/zoom/color contrast and actual Theme Editor selection/reload. Merchant contact/schedule/anchor destinations remain manual configuration; no open-now clock or fabricated default details are implied. No live Shopify QA performed; previous queues carry forward.",Individual schema/default/preset/consumer/source review in batch8-navigation-information. All existing setting IDs and saved merchant data preserved. LiquidJS/JSDOM/native menu/page/image/scroll adapters do not certify real Shopify/browser behavior. B8-FINAL: formally closed for engineering; individual disposition and live queue retained. Final full-suite/native-parse/hash/protected-state evidence: validation/batch8-engineering-closure.
blocks,content-badge,blocks/content-badge.liquid,8 Theme Blocks,snippets/qtm-content-block-wrapper-start.liquid,,,,YES,SOURCE all 39 controls/defaults/options + shared/dynamic consumers; actual option/range/false render cases PASS,All three actual built-in presets plus schema defaults PASS; truthful neutral insertion/actions; no brand-family rollout,"SOURCE bounded widths, shrink/wrap, breakpoint/zero controls and CSS/DOM selector checks PASS; actual pixels/RTL/zoom remain queued","SOURCE/DOM headings/labels/native links/focus-visible, decorative/media naming and progressive reduced-motion reviewed; actual keyboard/AT/contrast queued","Two actual instances per block, native outer IDs, shared singleton engine/independent observed targets PASS",Native wrapper metadata + insertion/selection/unload/reload/reorder/root/late/dynamic lifecycle fixtures PASS; actual editor queued,"CLI 4.8.0 exits 1: 500 findings (3 errors/497 warnings), two paired-wrapper errors repaired; zero errors in this 16-entry group; unsuppressed evidence batch8-primitives",REQUIRES LIVE VERIFICATION,"Blank labels no longer become invented New labels; escaped URLs, named soft style has a real consumer, bounded text; replaced Best seller and Limited time sale insertion claims with neutral labels. Complete balanced wrapper; missing Custom width control repaired; static no-JS styles; retained native outer Theme Block editor metadata; redundant block script tags removed.","B8-PRIMITIVES after engineering batches: actual Shopify block default/preset insertion, real outer wrapper/editor load/unload/reorder/selection; 320/390/768/1280/1440px, long text, RTL/zoom/no-JS/reduced motion/keyboard/AT/theme contrast. Native image and custom Liquid evaluation; real merchant URLs/code/providers remain live responsibilities.","Individual source/full-schema/preset/consumer review in validation/batch8-primitives; 899 actual default/preset/control renders plus targeted regressions. Shopify wrapper/image fixtures and CSS/DOM/observer adapters are not live certification. No Batch 9, brand-preset or host approval inferred. B8-FINAL: formally closed for engineering; individual disposition and live queue retained. Final full-suite/native-parse/hash/protected-state evidence: validation/batch8-engineering-closure."
blocks,content-before-after,blocks/content-before-after.liquid,8 Theme Blocks,,,,,YES,SOURCE all 33 settings/defaults/options; direct/dynamic/helper consumers individually traced; control matrix PASS,All 3 actual presets and defaults plus select/checkbox/range endpoints PASS; preserved prior setting IDs and truthful insertion defaults,"SOURCE/DOM all layouts/visibility/range endpoints, clipped full-size comparison media, container-bound points with in-flow callouts, zero-minimum feature tracks and sparse/narrow stack/lookbook composition PASS; real 320–1440px/zoom/RTL pixels queued","SOURCE/DOM native no-JS images/details/video and readable feature panels, valid range/disclosure names, native alt fallbacks, safe labels/links, keyboard/RTL map controls, focus restoration and reduced-motion/playback controls PASS; real keyboard/AT/contrast queued","Independent raw block IDs and native one-wrapper ownership PASS; shared actual controller two-instance range/disclosure/map state, singleton reexecution, inserted/reordered/removed roots and native video policy adapters PASS",Design-mode visibility and motion bypass; meaningful empty media guidance; section unload/load and mutation disposal restore native fallback and disconnect Resize/Intersection observers PASS; actual Theme Editor queued,Unsuppressed CLI 4.8.0 evidence/comparison in batch8-visual-media; no scanner suppression; group errors checked explicitly,REQUIRES LIVE VERIFICATION,"Individually reviewed all 33 original settings and three presets. Comparison enhancement now clips a full-size after image instead of resizing it into a shrinking crop, preserving alignment with the before image. Native range and decorative handle are hidden until the shared controller mounts; no-JS shows both full images and associated labels. Single native images survive without storefront setup placeholders, image alt falls back to native metadata, and labels/links are safely handled. Actual complete CTA/copy/media guards remove empty grid columns; partial images take the full comparison width. Unknown motion cannot leave opacity zero; independent device/editor ownership and bounded nested sizing preserved.","B8-VISUAL-MEDIA live queue after engineering batches: native responsive image geometry and exact crop/point alignment, real 320–1440px/zoom/RTL/nested builder layouts, image-stack overlap/caption readability and lookbook overlay contrast, real range/disclosure/feature-map keyboard/AT, native video controls/autoplay/rejection/visibility/reduced-motion behavior, actual product prices/media and Theme Editor lifecycle. DOM/media/geometry adapters are not acceptance. No live Shopify QA; prior queues carry forward.",Individual source/schema/default/preset/consumer review in batch8-visual-media. All prior IDs/options and merchant settings_data preserved. Three needed text/color controls added without changing existing saved values. LiquidJS/JSDOM/native image/video/geometry/observer adapters do not certify native Shopify/browser pixels or playback. B8-FINAL: formally closed for engineering; individual disposition and live queue retained. Final full-suite/native-parse/hash/protected-state evidence: validation/batch8-engineering-closure.
blocks,content-benefits-vs-drawbacks,blocks/content-benefits-vs-drawbacks.liquid,8 Theme Blocks,,,,,YES,SOURCE all 50 settings/defaults/options; direct/dynamic/helper consumers individually traced; control matrix PASS,All 3 actual presets and defaults plus select/checkbox/range endpoints PASS; preserved prior setting IDs and truthful insertion defaults,"SOURCE/DOM every layout/count/column/control endpoint, bounded card padding/flex/media, actual comparison column widths, wrapping mobile definitions and independent tablet visibility PASS; real 320/390/768/1280/1440px/zoom/RTL pixels queued","SOURCE/DOM named native links/focus, alt fallback, row/column scopes/caption/scroll region and decorative comparison symbols paired with readable translated labels PASS; real keyboard/AT/contrast queued","Actual independently rendered block IDs, native one-wrapper ownership, inline scoped styles and no per-instance script/listener state PASS","One native owner of editor metadata; meaningful empty setup notes, hidden storefront empties and design-mode visibility/motion bypass PASS; no controller lifecycle required for these static native blocks; actual Theme Editor queued",Unsuppressed CLI 4.8.0 evidence/comparison in batch8-content-cards; no scanner suppression; group errors checked explicitly,REQUIRES LIVE VERIFICATION,"Individually reviewed all 50 settings and three presets. Populated advantages/tradeoffs panels are counted independently, and the active column count avoids an empty half-width panel. Real authored explanation/CTA/footer survives; footer notes no longer disappear when a CTA is configured. Icons now use the explicit panel accent background instead of resolving both foreground/background to white; redundant first-letter overrides removed. Safe links, long labels, bounded layout/device/editor behavior preserved. New presets use neutral comparison headings and leave unverified advantage/competitor claims empty.","B8-CONTENT-CARDS live queue after engineering batches: real card image rendition/alt/overlay stacking and configured colors; native narrow builder grids/flex, zoom/RTL and 320–1440px layouts; comparison table/definition-list semantics and keyboard/AT/contrast; actual Theme Editor insert/select/reorder. Merchant prices, comparisons and guarantee terms remain manual authored claims and do not change Shopify policies/cart prices. No live Shopify QA; prior queues carry forward.",Individual source/schema/default/preset/consumer review in batch8-content-cards. All prior IDs/options and merchant settings_data preserved. Actual preset counts are one each for Feature Cards/Content Cards/Promo Card and three each for comparisons/guarantees. LiquidJS/JSDOM/native image adapters do not certify native Shopify/browser pixels. B8-FINAL: formally closed for engineering; individual disposition and live queue retained. Final full-suite/native-parse/hash/protected-state evidence: validation/batch8-engineering-closure.
blocks,content-breadcrumbs,blocks/content-breadcrumbs.liquid,8 Theme Blocks,,,,,YES,SOURCE all 33 settings/defaults/options; direct/dynamic/helper consumers individually traced; control matrix PASS,All 3 actual presets and defaults plus select/checkbox/range endpoints PASS; preserved prior setting IDs and truthful insertion defaults,"SOURCE/DOM all controls/presets/endpoints, independent 750–989 tablet visibility, bounded nested grids/long text/media and desktop/mobile sticky rules PASS; real 320/390/768/1280/1440px/zoom/RTL pixels queued","SOURCE/DOM named native destinations and disclosures, precise current-page/location semantics, escaped plain contact text, manual schedule table headings/caption, reduced-motion focus/hash and no-JS fallbacks PASS; browser keyboard/AT/contrast queued","Actual two-root anchor/menu initialization, hash/native panel composition, independent disclosure state, duplicate execution and punctuation-safe IDs PASS",One native owner of editor metadata; sticky blocks use tag:null and contain scoped styles. Empty setup notes and visibility/animation bypass; insertion/reorder/removal/load/unload/reload and listener/focus-state cleanup PASS; actual native editor queued,Unsuppressed CLI 4.8.0 evidence/comparison in batch8-navigation-information; no scanner suppression; group errors checked explicitly,REQUIRES LIVE VERIFICATION,"Individually reviewed all 33 settings and three presets. Derives the current title from the actual native page type with an optional native collection/blog parent; separators only separate real entries, no empty labels or fabricated parents. Home is a named current page on index and native locale-aware link elsewhere. Cleared navigation/home/cart/search/account wording has meaningful fallback. Escaped native URLs and long labels remain readable; previously unconsumed heading-color setting now explicitly controls focus outline with clarified label.","B8-NAVIGATION-INFORMATION live queue after engineering batches: real native menu/current-route and localized breadcrumbs, browser fragment/history/focus/keyboard/AT behavior, sticky behavior within actual builder containers, mobile disclosures, narrow/RTL/zoom/color contrast and actual Theme Editor selection/reload. Merchant contact/schedule/anchor destinations remain manual configuration; no open-now clock or fabricated default details are implied. No live Shopify QA performed; previous queues carry forward.",Individual schema/default/preset/consumer/source review in batch8-navigation-information. All existing setting IDs and saved merchant data preserved. LiquidJS/JSDOM/native menu/page/image/scroll adapters do not certify real Shopify/browser behavior. B8-FINAL: formally closed for engineering; individual disposition and live queue retained. Final full-suite/native-parse/hash/protected-state evidence: validation/batch8-engineering-closure.
blocks,content-button-group,blocks/content-button-group.liquid,8 Theme Blocks,snippets/qtm-content-block-wrapper-start.liquid,,,,YES,SOURCE all 57 controls/defaults/options + shared/dynamic consumers; actual option/range/false render cases PASS,All three actual built-in presets plus schema defaults PASS; truthful neutral insertion/actions; no brand-family rollout,"SOURCE bounded widths, shrink/wrap, breakpoint/zero controls and CSS/DOM selector checks PASS; actual pixels/RTL/zoom remain queued","SOURCE/DOM headings/labels/native links/focus-visible, decorative/media naming and progressive reduced-motion reviewed; actual keyboard/AT/contrast queued","Two actual instances per block, native outer IDs, shared singleton engine/independent observed targets PASS",Native wrapper metadata + insertion/selection/unload/reload/reorder/root/late/dynamic lifecycle fixtures PASS; actual editor queued,"CLI 4.8.0 exits 1: 500 findings (3 errors/497 warnings), two paired-wrapper errors repaired; zero errors in this 16-entry group; unsuppressed evidence batch8-primitives",REQUIRES LIVE VERIFICATION,"Removed fallback labels that prevented hiding a button; omit URL-less storefront actions, disabled editor previews; fixed actual primary/secondary color selectors, vertical/mobile layouts and alignment; neutral link-group presets with a usable catalog link. Complete balanced wrapper; missing Custom width control repaired; static no-JS styles; retained native outer Theme Block editor metadata; redundant block script tags removed.","B8-PRIMITIVES after engineering batches: actual Shopify block default/preset insertion, real outer wrapper/editor load/unload/reorder/selection; 320/390/768/1280/1440px, long text, RTL/zoom/no-JS/reduced motion/keyboard/AT/theme contrast. Native image and custom Liquid evaluation; real merchant URLs/code/providers remain live responsibilities.","Individual source/full-schema/preset/consumer review in validation/batch8-primitives; 899 actual default/preset/control renders plus targeted regressions. Shopify wrapper/image fixtures and CSS/DOM/observer adapters are not live certification. No Batch 9, brand-preset or host approval inferred. B8-FINAL: formally closed for engineering; individual disposition and live queue retained. Final full-suite/native-parse/hash/protected-state evidence: validation/batch8-engineering-closure."
blocks,content-button,blocks/content-button.liquid,8 Theme Blocks,snippets/qtm-content-block-wrapper-start.liquid,,,,YES,SOURCE all 40 controls/defaults/options + shared/dynamic consumers; actual option/range/false render cases PASS,All three actual built-in presets plus schema defaults PASS; truthful neutral insertion/actions; no brand-family rollout,"SOURCE bounded widths, shrink/wrap, breakpoint/zero controls and CSS/DOM selector checks PASS; actual pixels/RTL/zoom remain queued","SOURCE/DOM headings/labels/native links/focus-visible, decorative/media naming and progressive reduced-motion reviewed; actual keyboard/AT/contrast queued","Two actual instances per block, native outer IDs, shared singleton engine/independent observed targets PASS",Native wrapper metadata + insertion/selection/unload/reload/reorder/root/late/dynamic lifecycle fixtures PASS; actual editor queued,"CLI 4.8.0 exits 1: 500 findings (3 errors/497 warnings), two paired-wrapper errors repaired; zero errors in this 16-entry group; unsuppressed evidence batch8-primitives",REQUIRES LIVE VERIFICATION,Unconfigured links are omitted on storefront and disabled in editor; URLs escaped; default/presets use native catalog destination; removed fictitious Add to cart action and renamed full-width preset to match both breakpoints. Complete balanced wrapper; missing Custom width control repaired; static no-JS styles; retained native outer Theme Block editor metadata; redundant block script tags removed.,"B8-PRIMITIVES after engineering batches: actual Shopify block default/preset insertion, real outer wrapper/editor load/unload/reorder/selection; 320/390/768/1280/1440px, long text, RTL/zoom/no-JS/reduced motion/keyboard/AT/theme contrast. Native image and custom Liquid evaluation; real merchant URLs/code/providers remain live responsibilities.","Individual source/full-schema/preset/consumer review in validation/batch8-primitives; 899 actual default/preset/control renders plus targeted regressions. Shopify wrapper/image fixtures and CSS/DOM/observer adapters are not live certification. No Batch 9, brand-preset or host approval inferred. B8-FINAL: formally closed for engineering; individual disposition and live queue retained. Final full-suite/native-parse/hash/protected-state evidence: validation/batch8-engineering-closure."
blocks,content-code,blocks/content-code.liquid,8 Theme Blocks,snippets/qtm-content-block-wrapper-start.liquid,,,,YES,SOURCE all 33 controls/defaults/options + shared/dynamic consumers; actual option/range/false render cases PASS,All three actual built-in presets plus schema defaults PASS; truthful neutral insertion/actions; no brand-family rollout,"SOURCE bounded widths, shrink/wrap, breakpoint/zero controls and CSS/DOM selector checks PASS; actual pixels/RTL/zoom remain queued","SOURCE/DOM headings/labels/native links/focus-visible, decorative/media naming and progressive reduced-motion reviewed; actual keyboard/AT/contrast queued","Two actual instances per block, native outer IDs, shared singleton engine/independent observed targets PASS",Native wrapper metadata + insertion/selection/unload/reload/reorder/root/late/dynamic lifecycle fixtures PASS; actual editor queued,"CLI 4.8.0 exits 1: 500 findings (3 errors/497 warnings), two paired-wrapper errors repaired; zero errors in this 16-entry group; unsuppressed evidence batch8-primitives",REQUIRES LIVE VERIFICATION,Contain-overflow now conditional; warnings/guidance editor-only; removed identical processing branches; mode honestly describes the same native Liquid field plus editor guidance/embed sizing; no product-only or blank-provider sample required. Complete balanced wrapper; missing Custom width control repaired; static no-JS styles; retained native outer Theme Block editor metadata; redundant block script tags removed.,"B8-PRIMITIVES after engineering batches: actual Shopify block default/preset insertion, real outer wrapper/editor load/unload/reorder/selection; 320/390/768/1280/1440px, long text, RTL/zoom/no-JS/reduced motion/keyboard/AT/theme contrast. Native image and custom Liquid evaluation; real merchant URLs/code/providers remain live responsibilities.","Individual source/full-schema/preset/consumer review in validation/batch8-primitives; 899 actual default/preset/control renders plus targeted regressions. Shopify wrapper/image fixtures and CSS/DOM/observer adapters are not live certification. No Batch 9, brand-preset or host approval inferred. B8-FINAL: formally closed for engineering; individual disposition and live queue retained. Final full-suite/native-parse/hash/protected-state evidence: validation/batch8-engineering-closure."
blocks,content-collection-banner,blocks/content-collection-banner.liquid,8 Theme Blocks,,,,,YES,SOURCE all 56 settings/defaults/options; direct/dynamic/helper consumers individually traced; control matrix PASS,All 3 actual presets and defaults plus select/checkbox/range endpoints PASS; preserved prior setting IDs and truthful insertion defaults,"SOURCE/DOM every layout/control endpoint, bounded widths/padding, missing-image tracks, in-flow long carousel captions, narrow container composition and independent mobile/tablet/desktop ranges PASS; real 320–1440px/RTL/zoom/contrast pixels queued","SOURCE/DOM native linked collection cards/no-JS scroll region, nonempty action names, escaped text/URLs, native alt, focus indicators, measured page controls/RTL/Home/End, nested-key ownership and persistent rotation pause with reduced motion PASS; real keyboard/AT queued",Raw native block IDs preserve case/underscore with one editor wrapper; two actual carousel roots have independent measured navigation/pause/observer state; duplicate asset execution and reorder mount once PASS,"Editor visibility/motion bypass and meaningful missing-source guidance PASS; design mode never autoplays, mutation insert/remove/reorder and section unload/load dispose/reinitialize actual shared controller PASS; native Theme Editor queued",Unsuppressed CLI 4.8.0 evidence/comparison in batch8-collection-discovery; no scanner suppression; group errors checked explicitly,REQUIRES LIVE VERIFICATION,"Individually reviewed all 56 original controls and three presets. Native selected collection remains the primary title/image/link source with configured custom and fallback sources preserved. Complete label/destination guards remove empty anchors and empty action rows; meaningful media/copy/count state replaces unconditional custom-banner shells. Missing images no longer reserve a split column, and image-only banners omit empty copy. Descriptions, labels and URLs are safely rendered, including native zero product counts. New preset insertion omits setup copy, invented limited-time/seasonal claims and unconfigured secondary-only banners; saved merchant content remains untouched. Native wrapper ownership, editor visibility, bounded padding/widths, independent device ranges and narrow split layout repaired.","B8-COLLECTION-DISCOVERY live queue after engineering batches: actual native collection/product image and price rendering, 320–1440px/zoom/RTL/nested-builder layout and image/caption contrast, real scroll-snap and measured pagination/keyboard/AT, autoplay pause/visibility/reduced motion, native Theme Editor insertion/reorder/removal. DOM geometry/timer/native-drop adapters are not acceptance. No live Shopify QA; earlier queues carry forward.","Individual source/schema/default/preset/consumer review recorded in batch8-collection-discovery. Every prior ID/type/option and merchant settings_data preserved; six needed text/color controls added. Existing carousel engine revalidated contextually, preserving original ownership. LiquidJS/JSDOM/native-image/geometry/timer adapters are not live Shopify/browser acceptance. B8-FINAL: formally closed for engineering; individual disposition and live queue retained. Final full-suite/native-parse/hash/protected-state evidence: validation/batch8-engineering-closure."
blocks,content-collection-cards,blocks/content-collection-cards.liquid,8 Theme Blocks,snippets/qtm-block-collection-card.liquid,,,,YES,SOURCE all 55 settings/defaults/options; direct/dynamic/helper consumers individually traced; control matrix PASS,All 3 actual presets and defaults plus select/checkbox/range endpoints PASS; preserved prior setting IDs and truthful insertion defaults,"SOURCE/DOM every layout/control endpoint, bounded widths/padding, missing-image tracks, in-flow long carousel captions, narrow container composition and independent mobile/tablet/desktop ranges PASS; real 320–1440px/RTL/zoom/contrast pixels queued","SOURCE/DOM native linked collection cards/no-JS scroll region, nonempty action names, escaped text/URLs, native alt, focus indicators, measured page controls/RTL/Home/End, nested-key ownership and persistent rotation pause with reduced motion PASS; real keyboard/AT queued",Raw native block IDs preserve case/underscore with one editor wrapper; two actual carousel roots have independent measured navigation/pause/observer state; duplicate asset execution and reorder mount once PASS,"Editor visibility/motion bypass and meaningful missing-source guidance PASS; design mode never autoplays, mutation insert/remove/reorder and section unload/load dispose/reinitialize actual shared controller PASS; native Theme Editor queued",Unsuppressed CLI 4.8.0 evidence/comparison in batch8-collection-discovery; no scanner suppression; group errors checked explicitly,REQUIRES LIVE VERIFICATION,"Individually reviewed all 54 original controls plus one overlay text-color control and three presets. Shared native collection renderer replaces duplicated single/manual card paths while preserving featured-selection precedence, its existing manual-list fallback and configured limits. Only actual collection links render; absent images and empty descriptions/buttons no longer produce fake media or empty content. Compact tracks and images shrink inside nested builders; image-free overlay cards use normal readable text colors. Native titles/descriptions/URLs/counts and alt fallback are safely rendered, all image candidates load lazily, and overlay color is configurable. New insertion is neutral/editor-guided; all prior IDs/options and saved values retained.","B8-COLLECTION-DISCOVERY live queue after engineering batches: actual native collection/product image and price rendering, 320–1440px/zoom/RTL/nested-builder layout and image/caption contrast, real scroll-snap and measured pagination/keyboard/AT, autoplay pause/visibility/reduced motion, native Theme Editor insertion/reorder/removal. DOM geometry/timer/native-drop adapters are not acceptance. No live Shopify QA; earlier queues carry forward.","Individual source/schema/default/preset/consumer review recorded in batch8-collection-discovery. Every prior ID/type/option and merchant settings_data preserved; six needed text/color controls added. Existing carousel engine revalidated contextually, preserving original ownership. LiquidJS/JSDOM/native-image/geometry/timer adapters are not live Shopify/browser acceptance. B8-FINAL: formally closed for engineering; individual disposition and live queue retained. Final full-suite/native-parse/hash/protected-state evidence: validation/batch8-engineering-closure."
blocks,content-collection-carousel,blocks/content-collection-carousel.liquid,8 Theme Blocks,snippets/qtm-block-collection-card.liquid,,,,YES,SOURCE all 67 settings/defaults/options; direct/dynamic/helper consumers individually traced; control matrix PASS,All 3 actual presets and defaults plus select/checkbox/range endpoints PASS; preserved prior setting IDs and truthful insertion defaults,"SOURCE/DOM every layout/control endpoint, bounded widths/padding, missing-image tracks, in-flow long carousel captions, narrow container composition and independent mobile/tablet/desktop ranges PASS; real 320–1440px/RTL/zoom/contrast pixels queued","SOURCE/DOM native linked collection cards/no-JS scroll region, nonempty action names, escaped text/URLs, native alt, focus indicators, measured page controls/RTL/Home/End, nested-key ownership and persistent rotation pause with reduced motion PASS; real keyboard/AT queued",Raw native block IDs preserve case/underscore with one editor wrapper; two actual carousel roots have independent measured navigation/pause/observer state; duplicate asset execution and reorder mount once PASS,"Editor visibility/motion bypass and meaningful missing-source guidance PASS; design mode never autoplays, mutation insert/remove/reorder and section unload/load dispose/reinitialize actual shared controller PASS; native Theme Editor queued",Unsuppressed CLI 4.8.0 evidence/comparison in batch8-collection-discovery; no scanner suppression; group errors checked explicitly,REQUIRES LIVE VERIFICATION,"Individually reviewed all 63 original controls plus overlay text color and three translated rotation labels, and three presets. Actual list/single/manual fallback uses the same native card renderer as Collection Cards. Inline listeners/timers and offsetLeft navigation are replaced with the reviewed shared carousel engine, measured clamped pages and RTL-aware native scrolling; arrows work independently of header visibility. Native links and viewport remain usable without JavaScript, while dead controls stay hidden until enhancement. In-flow image/caption cells grow with long text instead of clipping; missing image color, bounded peek overflow, mobile columns, touch-size pagination, keyboard/focus and narrow sizing repaired. Real pause/resume, hover/focus/page/intersection/reduced-motion/design-mode policy and insert/reorder/remove teardown are exercised. Popular/high-traffic example claims removed from new insertion; saved content and all original choices retained.","B8-COLLECTION-DISCOVERY live queue after engineering batches: actual native collection/product image and price rendering, 320–1440px/zoom/RTL/nested-builder layout and image/caption contrast, real scroll-snap and measured pagination/keyboard/AT, autoplay pause/visibility/reduced motion, native Theme Editor insertion/reorder/removal. DOM geometry/timer/native-drop adapters are not acceptance. No live Shopify QA; earlier queues carry forward.","Individual source/schema/default/preset/consumer review recorded in batch8-collection-discovery. Every prior ID/type/option and merchant settings_data preserved; six needed text/color controls added. Existing carousel engine revalidated contextually, preserving original ownership. LiquidJS/JSDOM/native-image/geometry/timer adapters are not live Shopify/browser acceptance. B8-FINAL: formally closed for engineering; individual disposition and live queue retained. Final full-suite/native-parse/hash/protected-state evidence: validation/batch8-engineering-closure."
blocks,content-collection-grid,blocks/content-collection-grid.liquid,8 Theme Blocks,snippets/qtm-block-recently-viewed.liquid,,,,YES,SOURCE all 58 settings/defaults/options; direct/dynamic/helper consumers individually traced; control matrix PASS,All 3 actual presets and defaults plus select/checkbox/range endpoints PASS; preserved prior setting IDs and truthful insertion defaults,"SOURCE/DOM all layouts/columns/widths/range endpoints, native images, bounded nested padding and container columns, controlled native carousel overflow PASS; actual 320–1440px/RTL/zoom pixels queued","SOURCE/DOM complete escaped native links/image alt, guarded labels and correct aria-controls, truthful inert/no-JS/empty states, focus-preserving replacement, reduced-motion and nested-key scroll ownership PASS; real keyboard/AT queued","Separate actual aliases and custom storage keys, case/underscore IDs, one native editor wrapper, exact response root/section/handle/product ownership and independent LTR/RTL controls PASS","Editor guidance and visibility/motion bypass without shopper-history reads/writes/fetches PASS; singleton duplicate execution, section unload/load and mutation insertion/reorder/removal with request abort PASS; actual Theme Editor queued",Unsuppressed CLI 4.8.0 evidence/comparison in batch8-recently-viewed; no scanner suppression; group errors checked explicitly,REQUIRES LIVE VERIFICATION,"Individually compared and reviewed every original setting/default/preset: this historical file is byte-identical to Recently Viewed in the protected baseline and actually implements recently-viewed history. Preserved that behavior and all 57 original IDs/types/options rather than inventing collection-grid semantics. Shared renderer/controller applies the same native-history, price, scope, accessibility, responsive and lifecycle repairs; added the translated price prefix. Editor name/preset labels now identify the legacy alias. Both files have separate complete control/default/preset fixture and consumer records.","B8-RECENTLY-VIEWED live queue after engineering batches: actual Shopify section rendering for each owning builder/template and product context (missing/mismatched owner responses intentionally stay empty), current localized prices/images/product availability, real browser history/storage restrictions, 320–1440px/RTL/zoom/nested layouts, actual scroll/focus/keyboard/AT and Theme Editor lifecycle. Native-filter/response/DOM/geometry adapters are not acceptance. No live Shopify QA; prior queues carry forward.",Individual schema/default/preset/source/consumer review in batch8-recently-viewed. Historical collection-grid alias behavior preserved; all original saved setting IDs/types/options retained. Native section/filter/response and DOM/geometry adapters are not live acceptance. B8-FINAL: formally closed for engineering; individual disposition and live queue retained. Final full-suite/native-parse/hash/protected-state evidence: validation/batch8-engineering-closure.
blocks,content-comparison-matrix,blocks/content-comparison-matrix.liquid,8 Theme Blocks,snippets/qtm-block-comparison-value.liquid,,,,YES,SOURCE all 141 settings/defaults/options; direct/dynamic/helper consumers individually traced; control matrix PASS,All 3 actual presets and defaults plus select/checkbox/range endpoints PASS; preserved prior setting IDs and truthful insertion defaults,"SOURCE/DOM every layout/count/column/control endpoint, bounded card padding/flex/media, actual comparison column widths, wrapping mobile definitions and independent tablet visibility PASS; real 320/390/768/1280/1440px/zoom/RTL pixels queued","SOURCE/DOM named native links/focus, alt fallback, row/column scopes/caption/scroll region and decorative comparison symbols paired with readable translated labels PASS; real keyboard/AT/contrast queued","Actual independently rendered block IDs, native one-wrapper ownership, inline scoped styles and no per-instance script/listener state PASS","One native owner of editor metadata; meaningful empty setup notes, hidden storefront empties and design-mode visibility/motion bypass PASS; no controller lifecycle required for these static native blocks; actual Theme Editor queued",Unsuppressed CLI 4.8.0 evidence/comparison in batch8-content-cards; no scanner suppression; group errors checked explicitly,REQUIRES LIVE VERIFICATION,"Individually reviewed all 138 original settings and three needed translated value labels plus all three presets. Every table/card surface uses the same enabled-and-named column/row guards; empty headers cannot leave mismatched cells. Native table caption/scopes and keyboard-scroll region retained, mobile definition lists remain equivalent, and show_cta_row now also governs mobile links. One shared value renderer supplies escaped literal values/notes or decorative symbols plus actual readable labels. Narrow table width follows actual columns and mobile notes can shrink/wrap. New presets require explicit options/rows and omit invented prices/popularity/feature notes; manual price text is clearly distinguished from live product/cart data.","B8-CONTENT-CARDS live queue after engineering batches: real card image rendition/alt/overlay stacking and configured colors; native narrow builder grids/flex, zoom/RTL and 320–1440px layouts; comparison table/definition-list semantics and keyboard/AT/contrast; actual Theme Editor insert/select/reorder. Merchant prices, comparisons and guarantee terms remain manual authored claims and do not change Shopify policies/cart prices. No live Shopify QA; prior queues carry forward.",Individual source/schema/default/preset/consumer review in batch8-content-cards. All prior IDs/options and merchant settings_data preserved. Actual preset counts are one each for Feature Cards/Content Cards/Promo Card and three each for comparisons/guarantees. LiquidJS/JSDOM/native image adapters do not certify native Shopify/browser pixels. B8-FINAL: formally closed for engineering; individual disposition and live queue retained. Final full-suite/native-parse/hash/protected-state evidence: validation/batch8-engineering-closure.
blocks,content-contact-form,blocks/content-contact-form.liquid,8 Theme Blocks,,,,,YES,SOURCE all 49 settings/defaults/options; direct/dynamic/helper consumers individually traced; control matrix PASS,All 3 actual presets and defaults plus select/checkbox/range endpoints PASS; preserved prior setting IDs and truthful insertion defaults,"SOURCE/DOM all layouts/options/range endpoints, bounded card padding and native payment grid/icon tracks, long labels and container-aware nested form grids PASS; real 320–1440px/zoom/RTL pixels queued","SOURCE/DOM native field labels/required/consent, visible native errors with matched descriptions, safe values, real unique search listbox/status/keyboard controls, payment labels and named social links PASS; native keyboard/AT/contrast queued","Independent raw native IDs and one editor metadata owner per block PASS; real predictive controller two hosts, stale-request abort, duplicate initialization and matching panel/option IDs PASS","SOURCE/DOM design-mode visibility/motion, meaningful empty setup guidance, inserted/removed/reordered search hosts and section unload/reload lifecycle PASS; actual Theme Editor queued",Unsuppressed CLI 4.8.0 evidence/comparison in batch8-native-forms-information; no scanner suppression; group errors checked explicitly,REQUIRES LIVE VERIFICATION,"Individually reviewed all 49 settings and three presets. Retains native contact POST without AJAX interception, required name/email/message, optional required phone/subject and explicit unchecked consent. Unique native form ID prevents duplicate default form targets; returned form/customer values are escaped and real native default_errors are visible at the matching email description target. Cleared labels, submit/success/error/consent copy have meaningful fallbacks. Intro-free layouts use the full track; zero-minimum grids and container queries support narrow nested columns. Native wrapper ownership, independent tablet visibility, editor visibility/motion and bounded padding preserved. New defaults remove unsupported privacy/follow-up promises; saved values remain intact.","B8-NATIVE-FORMS live queue after engineering batches: real contact/customer POST, captcha/server errors/return values and newsletter consent/tag handling; native search source/display/filter behavior and keyboard/AT; native payment SVGs and actual device/location/checkout eligibility; real narrow-container form/card layouts and Theme Editor lifecycle. Legacy custom-custom-form remains location information. No live Shopify QA; prior queues carry forward.","Individual source/schema/default/preset/consumer review in batch8-native-forms-information. All prior IDs/options and merchant settings_data preserved. Custom-custom-form is a retained historical location alias, not an implemented custom form. LiquidJS/JSDOM/native-form/payment/provider adapters do not certify real Shopify endpoints or browser pixels. B8-FINAL: formally closed for engineering; individual disposition and live queue retained. Final full-suite/native-parse/hash/protected-state evidence: validation/batch8-engineering-closure."
blocks,content-contact-info,blocks/content-contact-info.liquid,8 Theme Blocks,,,,,YES,SOURCE all 42 settings/defaults/options; direct/dynamic/helper consumers individually traced; control matrix PASS,All 3 actual presets and defaults plus select/checkbox/range endpoints PASS; preserved prior setting IDs and truthful insertion defaults,"SOURCE/DOM all controls/presets/endpoints, independent 750–989 tablet visibility, bounded nested grids/long text/media and desktop/mobile sticky rules PASS; real 320/390/768/1280/1440px/zoom/RTL pixels queued","SOURCE/DOM named native destinations and disclosures, precise current-page/location semantics, escaped plain contact text, manual schedule table headings/caption, reduced-motion focus/hash and no-JS fallbacks PASS; browser keyboard/AT/contrast queued","Actual two-root anchor/menu initialization, hash/native panel composition, independent disclosure state, duplicate execution and punctuation-safe IDs PASS",One native owner of editor metadata; sticky blocks use tag:null and contain scoped styles. Empty setup notes and visibility/animation bypass; insertion/reorder/removal/load/unload/reload and listener/focus-state cleanup PASS; actual native editor queued,Unsuppressed CLI 4.8.0 evidence/comparison in batch8-navigation-information; no scanner suppression; group errors checked explicitly,REQUIRES LIVE VERIFICATION,"Individually reviewed all 42 settings and three presets. Escapes phone/mail/native URLs and plain multiline addresses/hours, preserves telephone plus prefix and line breaks. Optional icons no longer leave misplaced grid columns. New presets omit fictional phone/email/address/hours/response-time promises. Empty editor guidance and authored support/CTA-only fallback remain meaningful; explicit text, links and existing saved merchant data are preserved. Removed unused phone-clean assign.","B8-NAVIGATION-INFORMATION live queue after engineering batches: real native menu/current-route and localized breadcrumbs, browser fragment/history/focus/keyboard/AT behavior, sticky behavior within actual builder containers, mobile disclosures, narrow/RTL/zoom/color contrast and actual Theme Editor selection/reload. Merchant contact/schedule/anchor destinations remain manual configuration; no open-now clock or fabricated default details are implied. No live Shopify QA performed; previous queues carry forward.",Individual schema/default/preset/consumer/source review in batch8-navigation-information. All existing setting IDs and saved merchant data preserved. LiquidJS/JSDOM/native menu/page/image/scroll adapters do not certify real Shopify/browser behavior. B8-FINAL: formally closed for engineering; individual disposition and live queue retained. Final full-suite/native-parse/hash/protected-state evidence: validation/batch8-engineering-closure.
blocks,content-content-cards,blocks/content-content-cards.liquid,8 Theme Blocks,,,,,YES,SOURCE all 96 settings/defaults/options; direct/dynamic/helper consumers individually traced; control matrix PASS,All 1 actual presets and defaults plus select/checkbox/range endpoints PASS; preserved prior setting IDs and truthful insertion defaults,"SOURCE/DOM every layout/count/column/control endpoint, bounded card padding/flex/media, actual comparison column widths, wrapping mobile definitions and independent tablet visibility PASS; real 320/390/768/1280/1440px/zoom/RTL pixels queued","SOURCE/DOM named native links/focus, alt fallback, row/column scopes/caption/scroll region and decorative comparison symbols paired with readable translated labels PASS; real keyboard/AT/contrast queued","Actual independently rendered block IDs, native one-wrapper ownership, inline scoped styles and no per-instance script/listener state PASS","One native owner of editor metadata; meaningful empty setup notes, hidden storefront empties and design-mode visibility/motion bypass PASS; no controller lifecycle required for these static native blocks; actual Theme Editor queued",Unsuppressed CLI 4.8.0 evidence/comparison in batch8-content-cards; no scanner suppression; group errors checked explicitly,REQUIRES LIVE VERIFICATION,"Individually reviewed all 95 original settings, one needed overlay-color control and the one actual preset. Populated-slot capture preserves all eight item fields/layouts; blank slots omitted without discarding image/badge/eyebrow-only manual content. Native alt/URL handling repaired, responsive image candidates retained, horizontal flex body shrinks to remaining media space. Image-radius control works across layouts; overlay text/link color is explicitly configurable with original white default. Native wrapper/editor/motion/focus/nested padding fixed, and new Popular/conversion claims removed without rewriting merchant state.","B8-CONTENT-CARDS live queue after engineering batches: real card image rendition/alt/overlay stacking and configured colors; native narrow builder grids/flex, zoom/RTL and 320–1440px layouts; comparison table/definition-list semantics and keyboard/AT/contrast; actual Theme Editor insert/select/reorder. Merchant prices, comparisons and guarantee terms remain manual authored claims and do not change Shopify policies/cart prices. No live Shopify QA; prior queues carry forward.",Individual source/schema/default/preset/consumer review in batch8-content-cards. All prior IDs/options and merchant settings_data preserved. Actual preset counts are one each for Feature Cards/Content Cards/Promo Card and three each for comparisons/guarantees. LiquidJS/JSDOM/native image adapters do not certify native Shopify/browser pixels. B8-FINAL: formally closed for engineering; individual disposition and live queue retained. Final full-suite/native-parse/hash/protected-state evidence: validation/batch8-engineering-closure.
blocks,content-divider,blocks/content-divider.liquid,8 Theme Blocks,snippets/qtm-content-block-wrapper-start.liquid,,,,YES,SOURCE all 26 controls/defaults/options + shared/dynamic consumers; actual option/range/false render cases PASS,All three actual built-in presets plus schema defaults PASS; truthful neutral insertion/actions; no brand-family rollout,"SOURCE bounded widths, shrink/wrap, breakpoint/zero controls and CSS/DOM selector checks PASS; actual pixels/RTL/zoom remain queued","SOURCE/DOM headings/labels/native links/focus-visible, decorative/media naming and progressive reduced-motion reviewed; actual keyboard/AT/contrast queued","Two actual instances per block, native outer IDs, shared singleton engine/independent observed targets PASS",Native wrapper metadata + insertion/selection/unload/reload/reorder/root/late/dynamic lifecycle fixtures PASS; actual editor queued,"CLI 4.8.0 exits 1: 500 findings (3 errors/497 warnings), two paired-wrapper errors repaired; zero errors in this 16-entry group; unsuppressed evidence batch8-primitives",REQUIRES LIVE VERIFICATION,Percentage-width dividers follow alignment; gradient has a color fallback and its preset supplies an actual gradient; thickness/opacity and zero wrapper controls validated. Complete balanced wrapper; missing Custom width control repaired; static no-JS styles; retained native outer Theme Block editor metadata; redundant block script tags removed.,"B8-PRIMITIVES after engineering batches: actual Shopify block default/preset insertion, real outer wrapper/editor load/unload/reorder/selection; 320/390/768/1280/1440px, long text, RTL/zoom/no-JS/reduced motion/keyboard/AT/theme contrast. Native image and custom Liquid evaluation; real merchant URLs/code/providers remain live responsibilities.","Individual source/full-schema/preset/consumer review in validation/batch8-primitives; 899 actual default/preset/control renders plus targeted regressions. Shopify wrapper/image fixtures and CSS/DOM/observer adapters are not live certification. No Batch 9, brand-preset or host approval inferred. B8-FINAL: formally closed for engineering; individual disposition and live queue retained. Final full-suite/native-parse/hash/protected-state evidence: validation/batch8-engineering-closure."
blocks,content-feature-cards,blocks/content-feature-cards.liquid,8 Theme Blocks,,,,,YES,SOURCE all 84 settings/defaults/options; direct/dynamic/helper consumers individually traced; control matrix PASS,All 1 actual presets and defaults plus select/checkbox/range endpoints PASS; preserved prior setting IDs and truthful insertion defaults,"SOURCE/DOM every layout/count/column/control endpoint, bounded card padding/flex/media, actual comparison column widths, wrapping mobile definitions and independent tablet visibility PASS; real 320/390/768/1280/1440px/zoom/RTL pixels queued","SOURCE/DOM named native links/focus, alt fallback, row/column scopes/caption/scroll region and decorative comparison symbols paired with readable translated labels PASS; real keyboard/AT/contrast queued","Actual independently rendered block IDs, native one-wrapper ownership, inline scoped styles and no per-instance script/listener state PASS","One native owner of editor metadata; meaningful empty setup notes, hidden storefront empties and design-mode visibility/motion bypass PASS; no controller lifecycle required for these static native blocks; actual Theme Editor queued",Unsuppressed CLI 4.8.0 evidence/comparison in batch8-content-cards; no scanner suppression; group errors checked explicitly,REQUIRES LIVE VERIFICATION,"Individually reviewed all 84 original settings and the one actual preset. Captures actual populated slots once; configured empty cards are omitted, with editor-only guidance for an empty group. Preserves all eight slots/counts and desktop/mobile column controls. Escapes text icons and native destination attributes; native image alt falls back from optional override to image.alt with lazy responsive widths. Repairs border-box sizing, bounded nested padding, keyboard focus and editor visibility/motion; unknown motion values cannot leave the root opacity zero. New insertion copy omits invented product/performance claims.","B8-CONTENT-CARDS live queue after engineering batches: real card image rendition/alt/overlay stacking and configured colors; native narrow builder grids/flex, zoom/RTL and 320–1440px layouts; comparison table/definition-list semantics and keyboard/AT/contrast; actual Theme Editor insert/select/reorder. Merchant prices, comparisons and guarantee terms remain manual authored claims and do not change Shopify policies/cart prices. No live Shopify QA; prior queues carry forward.",Individual source/schema/default/preset/consumer review in batch8-content-cards. All prior IDs/options and merchant settings_data preserved. Actual preset counts are one each for Feature Cards/Content Cards/Promo Card and three each for comparisons/guarantees. LiquidJS/JSDOM/native image adapters do not certify native Shopify/browser pixels. B8-FINAL: formally closed for engineering; individual disposition and live queue retained. Final full-suite/native-parse/hash/protected-state evidence: validation/batch8-engineering-closure.
blocks,content-feature-showcase,blocks/content-feature-showcase.liquid,8 Theme Blocks,,,,,YES,SOURCE all 78 settings/defaults/options; direct/dynamic/helper consumers individually traced; control matrix PASS,All 3 actual presets and defaults plus select/checkbox/range endpoints PASS; preserved prior setting IDs and truthful insertion defaults,"SOURCE/DOM all layouts/visibility/range endpoints, clipped full-size comparison media, container-bound points with in-flow callouts, zero-minimum feature tracks and sparse/narrow stack/lookbook composition PASS; real 320–1440px/zoom/RTL pixels queued","SOURCE/DOM native no-JS images/details/video and readable feature panels, valid range/disclosure names, native alt fallbacks, safe labels/links, keyboard/RTL map controls, focus restoration and reduced-motion/playback controls PASS; real keyboard/AT/contrast queued","Independent raw block IDs and native one-wrapper ownership PASS; shared actual controller two-instance range/disclosure/map state, singleton reexecution, inserted/reordered/removed roots and native video policy adapters PASS",Design-mode visibility and motion bypass; meaningful empty media guidance; section unload/load and mutation disposal restore native fallback and disconnect Resize/Intersection observers PASS; actual Theme Editor queued,Unsuppressed CLI 4.8.0 evidence/comparison in batch8-visual-media; no scanner suppression; group errors checked explicitly,REQUIRES LIVE VERIFICATION,"Individually reviewed all 78 original settings and three presets. Only enabled populated features render; absent icons or media/copy no longer reserve empty columns, and cleared new feature claims remain editor setup data. Native image/video/external-link fallback is preserved. Native videos start paused with controls available without JavaScript; the scoped controller honors requested controls/autoplay while supplying a usable play/pause action, respecting reduced motion/editor/viewport/page visibility and handling rejected or detached playback. No external embed transport is invented. Progressive reveal has visible base styling, safe links and focus; sticky/stacked content yields in narrow builder containers.","B8-VISUAL-MEDIA live queue after engineering batches: native responsive image geometry and exact crop/point alignment, real 320–1440px/zoom/RTL/nested builder layouts, image-stack overlap/caption readability and lookbook overlay contrast, real range/disclosure/feature-map keyboard/AT, native video controls/autoplay/rejection/visibility/reduced-motion behavior, actual product prices/media and Theme Editor lifecycle. DOM/media/geometry adapters are not acceptance. No live Shopify QA; prior queues carry forward.",Individual source/schema/default/preset/consumer review in batch8-visual-media. All prior IDs/options and merchant settings_data preserved. Three needed text/color controls added without changing existing saved values. LiquidJS/JSDOM/native image/video/geometry/observer adapters do not certify native Shopify/browser pixels or playback. B8-FINAL: formally closed for engineering; individual disposition and live queue retained. Final full-suite/native-parse/hash/protected-state evidence: validation/batch8-engineering-closure.
blocks,content-featured-collection,blocks/content-featured-collection.liquid,8 Theme Blocks,,,,,YES,SOURCE all 60 settings/defaults/options; direct/dynamic/helper consumers individually traced; control matrix PASS,All 3 actual presets and defaults plus select/checkbox/range endpoints PASS; preserved prior setting IDs and truthful insertion defaults,"SOURCE/DOM every layout/control endpoint, bounded widths/padding, missing-image tracks, in-flow long carousel captions, narrow container composition and independent mobile/tablet/desktop ranges PASS; real 320–1440px/RTL/zoom/contrast pixels queued","SOURCE/DOM native linked collection cards/no-JS scroll region, nonempty action names, escaped text/URLs, native alt, focus indicators, measured page controls/RTL/Home/End, nested-key ownership and persistent rotation pause with reduced motion PASS; real keyboard/AT queued",Raw native block IDs preserve case/underscore with one editor wrapper; two actual carousel roots have independent measured navigation/pause/observer state; duplicate asset execution and reorder mount once PASS,"Editor visibility/motion bypass and meaningful missing-source guidance PASS; design mode never autoplays, mutation insert/remove/reorder and section unload/load dispose/reinitialize actual shared controller PASS; native Theme Editor queued",Unsuppressed CLI 4.8.0 evidence/comparison in batch8-collection-discovery; no scanner suppression; group errors checked explicitly,REQUIRES LIVE VERIFICATION,"Individually reviewed all 59 original controls plus a translated native price-range prefix and three presets. Native collection title, description, media, URL, product count and actual preview list remain authoritative. Missing hero/preview images collapse their tracks, badges and actions require real labels, and blank descriptions/actions omit empty wrappers. Product previews show the native product minimum price with an explicit range prefix when price varies, including zero price; links/labels/descriptions are escaped and native alt is retained. New insertion omits campaign claims and setup marketing copy. Native one-wrapper editor ownership, visible progressive motion, bounded padding/nested grids and independent device rules repaired.","B8-COLLECTION-DISCOVERY live queue after engineering batches: actual native collection/product image and price rendering, 320–1440px/zoom/RTL/nested-builder layout and image/caption contrast, real scroll-snap and measured pagination/keyboard/AT, autoplay pause/visibility/reduced motion, native Theme Editor insertion/reorder/removal. DOM geometry/timer/native-drop adapters are not acceptance. No live Shopify QA; earlier queues carry forward.","Individual source/schema/default/preset/consumer review recorded in batch8-collection-discovery. Every prior ID/type/option and merchant settings_data preserved; six needed text/color controls added. Existing carousel engine revalidated contextually, preserving original ownership. LiquidJS/JSDOM/native-image/geometry/timer adapters are not live Shopify/browser acceptance. B8-FINAL: formally closed for engineering; individual disposition and live queue retained. Final full-suite/native-parse/hash/protected-state evidence: validation/batch8-engineering-closure."
blocks,content-featured-product,blocks/content-featured-product.liquid,8 Theme Blocks,snippets/product-selling-plans.liquid;snippets/qtm-block-featured-product-gallery.liquid;snippets/qtm-product-block-data.liquid,,,,YES,SOURCE all 68 settings/defaults/options; direct/dynamic/helper consumers individually traced; control matrix PASS,All 3 actual presets and defaults plus select/checkbox/range endpoints PASS; preserved prior setting IDs and truthful insertion defaults,"SOURCE/DOM every layout/media/width/spacing control and range endpoints, bounded padding and nested columns, native responsive image/video/model and missing-media column PASS; actual 320–1440px/RTL/zoom/player geometry queued","SOURCE/DOM unique native IDs and one editor wrapper, complete native form/media/control labels, native no-JS variant/selling-plan/quantity/media fallback, focus and player pause/disposal PASS; browser keyboard/AT/native errors queued","Two same-product manual roots stay independent from each other and actual product builder SKU/gallery/bundle; explicit Current product shares builder canonically. Foreign/document events ignored; duplicate scripts, reorder/removal and exact one-POST payload PASS","Missing source guidance and visibility/motion bypass PASS; shared singleton section load/unload, mutation insertion/reorder/removal and dynamic media disposal PASS; native Theme Editor queued",Unsuppressed CLI 4.8.0 evidence/comparison in batch8-featured-product; no scanner suppression; group errors checked explicitly,REQUIRES LIVE VERIFICATION,"Individually reviewed all 64 original controls plus four translated purchase labels and all three presets. Preserved explicit current/manual/context-fallback source precedence. Replaced unsafe global variant listeners with the existing canonical purchase controller: manually selected products have independent scope, explicit Current product shares its actual builder. Unique native forms retain selected variants even outside enumeration, native selling plans/allocations, truthful current price/compare/availability, quantity min/increment/max including hidden quantities, exact cart payload and native error fallback. Missing products hide storefront output with editor guidance. Removed duplicate editor attributes, fabricated new-preset promotional claims and sale-as-Featured badge; guarded all labels. Shared native media supports all types, initial selected media outside configured limit, dynamically needed native media, no-JS content, click-loaded embeds and disposal. Bounded nested layout/padding, no-image column, responsive/focus/editor motion repaired.","B8-FEATURED-PRODUCT live queue after engineering batches: actual native product forms/variant enumeration/selling plans/quantity rules/presentment prices/cart drawer and server errors, product-builder sharing, Shopify media/model players, 320–1440px/RTL/zoom/nested layouts, real keyboard/AT and Theme Editor lifecycle. LiquidJS/DOM/native-filter/player adapters are not acceptance. No live Shopify QA; prior queues carry forward.",Individual schema/default/preset/source/consumer review in batch8-featured-product. All original IDs/types/options and saved merchant settings preserved; four needed translated labels added. Native form/filter/player and JSDOM adapters are not live Shopify/browser acceptance. B8-FINAL: formally closed for engineering; individual disposition and live queue retained. Final full-suite/native-parse/hash/protected-state evidence: validation/batch8-engineering-closure.
blocks,content-guarantee-box,blocks/content-guarantee-box.liquid,8 Theme Blocks,,,,,YES,SOURCE all 38 settings/defaults/options; direct/dynamic/helper consumers individually traced; control matrix PASS,All 3 actual presets and defaults plus select/checkbox/range endpoints PASS; preserved prior setting IDs and truthful insertion defaults,"SOURCE/DOM every layout/count/column/control endpoint, bounded card padding/flex/media, actual comparison column widths, wrapping mobile definitions and independent tablet visibility PASS; real 320/390/768/1280/1440px/zoom/RTL pixels queued","SOURCE/DOM named native links/focus, alt fallback, row/column scopes/caption/scroll region and decorative comparison symbols paired with readable translated labels PASS; real keyboard/AT/contrast queued","Actual independently rendered block IDs, native one-wrapper ownership, inline scoped styles and no per-instance script/listener state PASS","One native owner of editor metadata; meaningful empty setup notes, hidden storefront empties and design-mode visibility/motion bypass PASS; no controller lifecycle required for these static native blocks; actual Theme Editor queued",Unsuppressed CLI 4.8.0 evidence/comparison in batch8-content-cards; no scanner suppression; group errors checked explicitly,REQUIRES LIVE VERIFICATION,"Individually reviewed all 38 original settings and three presets. Explicit merchant terms/policy links and all support-point IDs retained. Hidden/blank icons no longer leave an empty grid column, including mobile banner mode; blank point lists are omitted, oversized icon width is bounded, and native wrapper/visibility/reduced-motion/focus rules remain usable in nested builders. New insertion presets leave return/payment/satisfaction promises unset and clarify that authored text does not create a store policy.","B8-CONTENT-CARDS live queue after engineering batches: real card image rendition/alt/overlay stacking and configured colors; native narrow builder grids/flex, zoom/RTL and 320–1440px layouts; comparison table/definition-list semantics and keyboard/AT/contrast; actual Theme Editor insert/select/reorder. Merchant prices, comparisons and guarantee terms remain manual authored claims and do not change Shopify policies/cart prices. No live Shopify QA; prior queues carry forward.",Individual source/schema/default/preset/consumer review in batch8-content-cards. All prior IDs/options and merchant settings_data preserved. Actual preset counts are one each for Feature Cards/Content Cards/Promo Card and three each for comparisons/guarantees. LiquidJS/JSDOM/native image adapters do not certify native Shopify/browser pixels. B8-FINAL: formally closed for engineering; individual disposition and live queue retained. Final full-suite/native-parse/hash/protected-state evidence: validation/batch8-engineering-closure.
blocks,content-heading,blocks/content-heading.liquid,8 Theme Blocks,snippets/qtm-content-block-wrapper-start.liquid,,,,YES,SOURCE all 38 controls/defaults/options + shared/dynamic consumers; actual option/range/false render cases PASS,All three actual built-in presets plus schema defaults PASS; truthful neutral insertion/actions; no brand-family rollout,"SOURCE bounded widths, shrink/wrap, breakpoint/zero controls and CSS/DOM selector checks PASS; actual pixels/RTL/zoom remain queued","SOURCE/DOM headings/labels/native links/focus-visible, decorative/media naming and progressive reduced-motion reviewed; actual keyboard/AT/contrast queued","Two actual instances per block, native outer IDs, shared singleton engine/independent observed targets PASS",Native wrapper metadata + insertion/selection/unload/reload/reorder/root/late/dynamic lifecycle fixtures PASS; actual editor queued,"CLI 4.8.0 exits 1: 500 findings (3 errors/497 warnings), two paired-wrapper errors repaired; zero errors in this 16-entry group; unsuppressed evidence batch8-primitives",REQUIRES LIVE VERIFICATION,Escaped text highlighting preserves entities and repeated suffixes; unset gradient cannot make text transparent; blank headings are editor-only; neutral headings and static responsive typography. Complete balanced wrapper; missing Custom width control repaired; static no-JS styles; retained native outer Theme Block editor metadata; redundant block script tags removed.,"B8-PRIMITIVES after engineering batches: actual Shopify block default/preset insertion, real outer wrapper/editor load/unload/reorder/selection; 320/390/768/1280/1440px, long text, RTL/zoom/no-JS/reduced motion/keyboard/AT/theme contrast. Native image and custom Liquid evaluation; real merchant URLs/code/providers remain live responsibilities.","Individual source/full-schema/preset/consumer review in validation/batch8-primitives; 899 actual default/preset/control renders plus targeted regressions. Shopify wrapper/image fixtures and CSS/DOM/observer adapters are not live certification. No Batch 9, brand-preset or host approval inferred. B8-FINAL: formally closed for engineering; individual disposition and live queue retained. Final full-suite/native-parse/hash/protected-state evidence: validation/batch8-engineering-closure."
blocks,content-icon-list,blocks/content-icon-list.liquid,8 Theme Blocks,snippets/qtm-content-block-wrapper-start.liquid,,,,YES,SOURCE all 59 controls/defaults/options + shared/dynamic consumers; actual option/range/false render cases PASS,All three actual built-in presets plus schema defaults PASS; truthful neutral insertion/actions; no brand-family rollout,"SOURCE bounded widths, shrink/wrap, breakpoint/zero controls and CSS/DOM selector checks PASS; actual pixels/RTL/zoom remain queued","SOURCE/DOM headings/labels/native links/focus-visible, decorative/media naming and progressive reduced-motion reviewed; actual keyboard/AT/contrast queued","Two actual instances per block, native outer IDs, shared singleton engine/independent observed targets PASS",Native wrapper metadata + insertion/selection/unload/reload/reorder/root/late/dynamic lifecycle fixtures PASS; actual editor queued,"CLI 4.8.0 exits 1: 500 findings (3 errors/497 warnings), two paired-wrapper errors repaired; zero errors in this 16-entry group; unsuppressed evidence batch8-primitives",REQUIRES LIVE VERIFICATION,Vertical/horizontal/grid and top-icon controls now work independently; linked heading color and text-only/icon-only accessible names fixed; removed unused counting; bounded flex/grid and neutral features replace invented shipping/return/service claims. Complete balanced wrapper; missing Custom width control repaired; static no-JS styles; retained native outer Theme Block editor metadata; redundant block script tags removed.,"B8-PRIMITIVES after engineering batches: actual Shopify block default/preset insertion, real outer wrapper/editor load/unload/reorder/selection; 320/390/768/1280/1440px, long text, RTL/zoom/no-JS/reduced motion/keyboard/AT/theme contrast. Native image and custom Liquid evaluation; real merchant URLs/code/providers remain live responsibilities.","Individual source/full-schema/preset/consumer review in validation/batch8-primitives; 899 actual default/preset/control renders plus targeted regressions. Shopify wrapper/image fixtures and CSS/DOM/observer adapters are not live certification. No Batch 9, brand-preset or host approval inferred. B8-FINAL: formally closed for engineering; individual disposition and live queue retained. Final full-suite/native-parse/hash/protected-state evidence: validation/batch8-engineering-closure."
blocks,content-icon,blocks/content-icon.liquid,8 Theme Blocks,snippets/qtm-content-block-wrapper-start.liquid,,,,YES,SOURCE all 36 controls/defaults/options + shared/dynamic consumers; actual option/range/false render cases PASS,All three actual built-in presets plus schema defaults PASS; truthful neutral insertion/actions; no brand-family rollout,"SOURCE bounded widths, shrink/wrap, breakpoint/zero controls and CSS/DOM selector checks PASS; actual pixels/RTL/zoom remain queued","SOURCE/DOM headings/labels/native links/focus-visible, decorative/media naming and progressive reduced-motion reviewed; actual keyboard/AT/contrast queued","Two actual instances per block, native outer IDs, shared singleton engine/independent observed targets PASS",Native wrapper metadata + insertion/selection/unload/reload/reorder/root/late/dynamic lifecycle fixtures PASS; actual editor queued,"CLI 4.8.0 exits 1: 500 findings (3 errors/497 warnings), two paired-wrapper errors repaired; zero errors in this 16-entry group; unsuppressed evidence batch8-primitives",REQUIRES LIVE VERIFICATION,Linked decorative icons retain link semantics and an accessible name; meaningful image alternative comes from root label without duplicate alt; actual show-background consumer; linked preset has a real catalog destination. Complete balanced wrapper; missing Custom width control repaired; static no-JS styles; retained native outer Theme Block editor metadata; redundant block script tags removed.,"B8-PRIMITIVES after engineering batches: actual Shopify block default/preset insertion, real outer wrapper/editor load/unload/reorder/selection; 320/390/768/1280/1440px, long text, RTL/zoom/no-JS/reduced motion/keyboard/AT/theme contrast. Native image and custom Liquid evaluation; real merchant URLs/code/providers remain live responsibilities.","Individual source/full-schema/preset/consumer review in validation/batch8-primitives; 899 actual default/preset/control renders plus targeted regressions. Shopify wrapper/image fixtures and CSS/DOM/observer adapters are not live certification. No Batch 9, brand-preset or host approval inferred. B8-FINAL: formally closed for engineering; individual disposition and live queue retained. Final full-suite/native-parse/hash/protected-state evidence: validation/batch8-engineering-closure."
blocks,content-image-hotspots,blocks/content-image-hotspots.liquid,8 Theme Blocks,,,,,YES,SOURCE all 90 settings/defaults/options; direct/dynamic/helper consumers individually traced; control matrix PASS,All 3 actual presets and defaults plus select/checkbox/range endpoints PASS; preserved prior setting IDs and truthful insertion defaults,"SOURCE/DOM all layouts/visibility/range endpoints, clipped full-size comparison media, container-bound points with in-flow callouts, zero-minimum feature tracks and sparse/narrow stack/lookbook composition PASS; real 320–1440px/zoom/RTL pixels queued","SOURCE/DOM native no-JS images/details/video and readable feature panels, valid range/disclosure names, native alt fallbacks, safe labels/links, keyboard/RTL map controls, focus restoration and reduced-motion/playback controls PASS; real keyboard/AT/contrast queued","Independent raw block IDs and native one-wrapper ownership PASS; shared actual controller two-instance range/disclosure/map state, singleton reexecution, inserted/reordered/removed roots and native video policy adapters PASS",Design-mode visibility and motion bypass; meaningful empty media guidance; section unload/load and mutation disposal restore native fallback and disconnect Resize/Intersection observers PASS; actual Theme Editor queued,Unsuppressed CLI 4.8.0 evidence/comparison in batch8-visual-media; no scanner suppression; group errors checked explicitly,REQUIRES LIVE VERIFICATION,"Individually reviewed all 89 original settings plus one translated price-range prefix and three presets. Native image/details fallback retained; enabled points require actual content/destination, numbered labels and URLs are escaped, and explicit custom destination then product then collection precedence is preserved. Product preview remains the actual native product; missing preview images collapse the grid and variable prices are labeled From. Container-relative pin coordinates stay tied to the image while callouts flow below it, eliminating transformed fixed-position tooltips and edge overflow; without container units native disclosures remain usable. Pulse is bounded to two cycles with editor/reduced-motion bypass. Shared controller limits close/Escape/focus/listeners to actual owners.","B8-VISUAL-MEDIA live queue after engineering batches: native responsive image geometry and exact crop/point alignment, real 320–1440px/zoom/RTL/nested builder layouts, image-stack overlap/caption readability and lookbook overlay contrast, real range/disclosure/feature-map keyboard/AT, native video controls/autoplay/rejection/visibility/reduced-motion behavior, actual product prices/media and Theme Editor lifecycle. DOM/media/geometry adapters are not acceptance. No live Shopify QA; prior queues carry forward.",Individual source/schema/default/preset/consumer review in batch8-visual-media. All prior IDs/options and merchant settings_data preserved. Three needed text/color controls added without changing existing saved values. LiquidJS/JSDOM/native image/video/geometry/observer adapters do not certify native Shopify/browser pixels or playback. B8-FINAL: formally closed for engineering; individual disposition and live queue retained. Final full-suite/native-parse/hash/protected-state evidence: validation/batch8-engineering-closure.
blocks,content-image-stack,blocks/content-image-stack.liquid,8 Theme Blocks,,,,,YES,SOURCE all 47 settings/defaults/options; direct/dynamic/helper consumers individually traced; control matrix PASS,All 3 actual presets and defaults plus select/checkbox/range endpoints PASS; preserved prior setting IDs and truthful insertion defaults,"SOURCE/DOM all layouts/visibility/range endpoints, clipped full-size comparison media, container-bound points with in-flow callouts, zero-minimum feature tracks and sparse/narrow stack/lookbook composition PASS; real 320–1440px/zoom/RTL pixels queued","SOURCE/DOM native no-JS images/details/video and readable feature panels, valid range/disclosure names, native alt fallbacks, safe labels/links, keyboard/RTL map controls, focus restoration and reduced-motion/playback controls PASS; real keyboard/AT/contrast queued","Independent raw block IDs and native one-wrapper ownership PASS; shared actual controller two-instance range/disclosure/map state, singleton reexecution, inserted/reordered/removed roots and native video policy adapters PASS",Design-mode visibility and motion bypass; meaningful empty media guidance; section unload/load and mutation disposal restore native fallback and disconnect Resize/Intersection observers PASS; actual Theme Editor queued,Unsuppressed CLI 4.8.0 evidence/comparison in batch8-visual-media; no scanner suppression; group errors checked explicitly,REQUIRES LIVE VERIFICATION,"Individually reviewed all 47 original settings and three presets. Only enabled native images or explicit captions render; fake storefront placeholder imagery is removed. Sparse selections use in-flow cards instead of reserving missing absolute slots; absent intro/media uses a single column, and narrow builder containers provide a readable stacked composition. Actual card-background control now colors media, and tablet visual height propagates to dependent image minimum heights. Native alt/responsive image candidates, safe captions/CTA, shadow/color controls and saved four-image overlap layout preserved. New defaults omit invented material/quality claims; reduced-motion disables hover zoom.","B8-VISUAL-MEDIA live queue after engineering batches: native responsive image geometry and exact crop/point alignment, real 320–1440px/zoom/RTL/nested builder layouts, image-stack overlap/caption readability and lookbook overlay contrast, real range/disclosure/feature-map keyboard/AT, native video controls/autoplay/rejection/visibility/reduced-motion behavior, actual product prices/media and Theme Editor lifecycle. DOM/media/geometry adapters are not acceptance. No live Shopify QA; prior queues carry forward.",Individual source/schema/default/preset/consumer review in batch8-visual-media. All prior IDs/options and merchant settings_data preserved. Three needed text/color controls added without changing existing saved values. LiquidJS/JSDOM/native image/video/geometry/observer adapters do not certify native Shopify/browser pixels or playback. B8-FINAL: formally closed for engineering; individual disposition and live queue retained. Final full-suite/native-parse/hash/protected-state evidence: validation/batch8-engineering-closure.
blocks,content-interactive-feature-map,blocks/content-interactive-feature-map.liquid,8 Theme Blocks,,,,,YES,SOURCE all 85 settings/defaults/options; direct/dynamic/helper consumers individually traced; control matrix PASS,All 3 actual presets and defaults plus select/checkbox/range endpoints PASS; preserved prior setting IDs and truthful insertion defaults,"SOURCE/DOM all layouts/visibility/range endpoints, clipped full-size comparison media, container-bound points with in-flow callouts, zero-minimum feature tracks and sparse/narrow stack/lookbook composition PASS; real 320–1440px/zoom/RTL pixels queued","SOURCE/DOM native no-JS images/details/video and readable feature panels, valid range/disclosure names, native alt fallbacks, safe labels/links, keyboard/RTL map controls, focus restoration and reduced-motion/playback controls PASS; real keyboard/AT/contrast queued","Independent raw block IDs and native one-wrapper ownership PASS; shared actual controller two-instance range/disclosure/map state, singleton reexecution, inserted/reordered/removed roots and native video policy adapters PASS",Design-mode visibility and motion bypass; meaningful empty media guidance; section unload/load and mutation disposal restore native fallback and disconnect Resize/Intersection observers PASS; actual Theme Editor queued,Unsuppressed CLI 4.8.0 evidence/comparison in batch8-visual-media; no scanner suppression; group errors checked explicitly,REQUIRES LIVE VERIFICATION,"Individually reviewed all 85 original settings and three presets. Both pin and panel loops use identical enabled/populated rules; every actual panel is readable and dead pin buttons hidden without JavaScript. Enhancement selects the first actual enabled pin, so disabled slot one cannot hide all content. Keyboard arrows/Home/End respect RTL; mobile/narrow views expose all panels with truthful expanded state, and focused content is protected during a collapse. Native image and authored panel-only states stay useful; coordinates are bounded away from clipped edges, long labels escaped, zero-minimum tracks and independent device/editor rules repaired. Pulses finish after two cycles and scoped resize/observer state is disposed on removal.","B8-VISUAL-MEDIA live queue after engineering batches: native responsive image geometry and exact crop/point alignment, real 320–1440px/zoom/RTL/nested builder layouts, image-stack overlap/caption readability and lookbook overlay contrast, real range/disclosure/feature-map keyboard/AT, native video controls/autoplay/rejection/visibility/reduced-motion behavior, actual product prices/media and Theme Editor lifecycle. DOM/media/geometry adapters are not acceptance. No live Shopify QA; prior queues carry forward.",Individual source/schema/default/preset/consumer review in batch8-visual-media. All prior IDs/options and merchant settings_data preserved. Three needed text/color controls added without changing existing saved values. LiquidJS/JSDOM/native image/video/geometry/observer adapters do not certify native Shopify/browser pixels or playback. B8-FINAL: formally closed for engineering; individual disposition and live queue retained. Final full-suite/native-parse/hash/protected-state evidence: validation/batch8-engineering-closure.
blocks,content-link-list,blocks/content-link-list.liquid,8 Theme Blocks,,,,,YES,SOURCE all 94 settings/defaults/options; direct/dynamic/helper consumers individually traced; control matrix PASS,All 3 actual presets and defaults plus select/checkbox/range endpoints PASS; preserved prior setting IDs and truthful insertion defaults,"SOURCE/DOM all controls/presets/endpoints, independent 750–989 tablet visibility, bounded nested grids/long text/media and desktop/mobile sticky rules PASS; real 320/390/768/1280/1440px/zoom/RTL pixels queued","SOURCE/DOM named native destinations and disclosures, precise current-page/location semantics, escaped plain contact text, manual schedule table headings/caption, reduced-motion focus/hash and no-JS fallbacks PASS; browser keyboard/AT/contrast queued","Actual two-root anchor/menu initialization, hash/native panel composition, independent disclosure state, duplicate execution and punctuation-safe IDs PASS",One native owner of editor metadata; sticky blocks use tag:null and contain scoped styles. Empty setup notes and visibility/animation bypass; insertion/reorder/removal/load/unload/reload and listener/focus-state cleanup PASS; actual native editor queued,Unsuppressed CLI 4.8.0 evidence/comparison in batch8-navigation-information; no scanner suppression; group errors checked explicitly,REQUIRES LIVE VERIFICATION,"Individually reviewed all 94 settings and three presets. One captured copy serves linked and deliberately unlinked manual items instead of duplicate markup; native URL escaping/new-tab rel retained. Conditional icon/arrow grid tracks, pills/buttons wrapping, bounded widths and configured one-column tablet behavior repaired. New enabled links/claims are unset and neutral rather than fake best-seller destinations; empty editor guidance and store visibility repaired. All eight item slots and prior IDs preserved.","B8-NAVIGATION-INFORMATION live queue after engineering batches: real native menu/current-route and localized breadcrumbs, browser fragment/history/focus/keyboard/AT behavior, sticky behavior within actual builder containers, mobile disclosures, narrow/RTL/zoom/color contrast and actual Theme Editor selection/reload. Merchant contact/schedule/anchor destinations remain manual configuration; no open-now clock or fabricated default details are implied. No live Shopify QA performed; previous queues carry forward.",Individual schema/default/preset/consumer/source review in batch8-navigation-information. All existing setting IDs and saved merchant data preserved. LiquidJS/JSDOM/native menu/page/image/scroll adapters do not certify real Shopify/browser behavior. B8-FINAL: formally closed for engineering; individual disposition and live queue retained. Final full-suite/native-parse/hash/protected-state evidence: validation/batch8-engineering-closure.
blocks,content-location-info,blocks/content-location-info.liquid,8 Theme Blocks,snippets/qtm-block-location-info.liquid,,,,YES,SOURCE all 58 settings/defaults/options; direct/dynamic/helper consumers individually traced; control matrix PASS,All 3 actual presets and defaults plus select/checkbox/range endpoints PASS; preserved prior setting IDs and truthful insertion defaults,"SOURCE/DOM all controls/presets/endpoints, independent 750–989 tablet visibility, bounded nested grids/long text/media and desktop/mobile sticky rules PASS; real 320/390/768/1280/1440px/zoom/RTL pixels queued","SOURCE/DOM named native destinations and disclosures, precise current-page/location semantics, escaped plain contact text, manual schedule table headings/caption, reduced-motion focus/hash and no-JS fallbacks PASS; browser keyboard/AT/contrast queued","Actual two-root anchor/menu initialization, hash/native panel composition, independent disclosure state, duplicate execution and punctuation-safe IDs PASS",One native owner of editor metadata; sticky blocks use tag:null and contain scoped styles. Empty setup notes and visibility/animation bypass; insertion/reorder/removal/load/unload/reload and listener/focus-state cleanup PASS; actual native editor queued,Unsuppressed CLI 4.8.0 evidence/comparison in batch8-navigation-information; no scanner suppression; group errors checked explicitly,REQUIRES LIVE VERIFICATION,"Individually reviewed all 58 settings and three presets. Escapes native contact/directions/action URLs and plain multiline address/pickup text; image alt falls back to actual native image alt. Independent button guards fix right-to-left Liquid boolean evaluation hiding a primary-only action. Split layout handles missing image without empty column; nested tracks shrink and detail columns retain a configured one-column choice on tablet. New inserts omit fictional contact/pickup/showroom facts; manual authored note/action-only content remains available. Contextually revalidated after extracting its existing hardened renderer into qtm-block-location-info; schema and behavior unchanged, original 629-case suite passes.","B8-NAVIGATION-INFORMATION live queue after engineering batches: real native menu/current-route and localized breadcrumbs, browser fragment/history/focus/keyboard/AT behavior, sticky behavior within actual builder containers, mobile disclosures, narrow/RTL/zoom/color contrast and actual Theme Editor selection/reload. Merchant contact/schedule/anchor destinations remain manual configuration; no open-now clock or fabricated default details are implied. No live Shopify QA performed; previous queues carry forward.",Individual schema/default/preset/consumer/source review in batch8-navigation-information. All existing setting IDs and saved merchant data preserved. LiquidJS/JSDOM/native menu/page/image/scroll adapters do not certify real Shopify/browser behavior. Revalidation: batch8-native-forms-information. B8-FINAL: formally closed for engineering; individual disposition and live queue retained. Final full-suite/native-parse/hash/protected-state evidence: validation/batch8-engineering-closure.
blocks,content-logo-cloud,blocks/content-logo-cloud.liquid,8 Theme Blocks,,,,,YES,SOURCE all 79 settings/defaults/options; direct/dynamic/helper consumers individually traced; control matrix PASS,All 1 actual presets and defaults plus select/checkbox/range endpoints PASS; preserved prior setting IDs and truthful insertion defaults,"SOURCE/DOM all original layout/columns/width/spacing endpoints with populated and sparse data, bounded nested padding/columns, native image proportions and independently sized badge art, logical/narrow timeline geometry PASS; 320–1440px/RTL/zoom pixels queued","SOURCE/DOM complete native safe link names/URLs, image alt fallback, escaped icons/plain text with saved richtext intact, visible focus, ordered timeline source order and useful empty states PASS; actual keyboard/AT/contrast acceptance queued",Actual raw case/underscore IDs remain distinct across duplicate instances; exactly one native editor wrapper each; no script/global listener or mutable shared-state dependency introduced PASS,Empty-content guidance and visibility/entry-motion bypass PASS; native static rerender has no controller/listener state; actual Theme Editor selection/reorder acceptance queued,Unsuppressed CLI 4.8.0 evidence/comparison in batch8-proof-timeline; no scanner suppression; group errors checked explicitly,REQUIRES LIVE VERIFICATION,"Individually reviewed all 79 controls/defaults and the actual preset, including all sixteen native image/alt/link slots. Original IDs/types/options and saved logo/header content retained. New insertion no longer claims trust or displays merchant setup prose. Empty logo grids omitted; header-only saved content remains valid and editor supplies missing-logo guidance. Native alt fallback honors merchant override then image metadata; complete links escape native URL attributes. One editor wrapper and raw ID, bounded width/horizontal/logo padding, native image proportions, nested mobile columns, focus and editor visibility/motion repaired.","B8-PROOF-TIMELINE live queue after engineering batches: merchant-supplied logo/press/trust/testimonial claims remain owner content; actual native image/alt and destination behavior, 320–1440px/RTL/zoom/nested grids and timeline markers, contrast/keyboard/AT and Theme Editor lifecycle. LiquidJS/native-image/DOM adapters are not browser acceptance. No live Shopify QA; prior queues carry forward.",Individual schema/default/preset/source/consumer review in batch8-proof-timeline. Every original setting ID/type/option retained and saved merchant content rendered in fixtures. New defaults/presets omit unsupported sample claims and setup copy. No new dependency ownership; DOM/native-image adapters are not live acceptance. B8-FINAL: formally closed for engineering; individual disposition and live queue retained. Final full-suite/native-parse/hash/protected-state evidence: validation/batch8-engineering-closure.
blocks,content-lookbook,blocks/content-lookbook.liquid,8 Theme Blocks,,,,,YES,SOURCE all 63 settings/defaults/options; direct/dynamic/helper consumers individually traced; control matrix PASS,All 3 actual presets and defaults plus select/checkbox/range endpoints PASS; preserved prior setting IDs and truthful insertion defaults,"SOURCE/DOM all layouts/visibility/range endpoints, clipped full-size comparison media, container-bound points with in-flow callouts, zero-minimum feature tracks and sparse/narrow stack/lookbook composition PASS; real 320–1440px/zoom/RTL pixels queued","SOURCE/DOM native no-JS images/details/video and readable feature panels, valid range/disclosure names, native alt fallbacks, safe labels/links, keyboard/RTL map controls, focus restoration and reduced-motion/playback controls PASS; real keyboard/AT/contrast queued","Independent raw block IDs and native one-wrapper ownership PASS; shared actual controller two-instance range/disclosure/map state, singleton reexecution, inserted/reordered/removed roots and native video policy adapters PASS",Design-mode visibility and motion bypass; meaningful empty media guidance; section unload/load and mutation disposal restore native fallback and disconnect Resize/Intersection observers PASS; actual Theme Editor queued,Unsuppressed CLI 4.8.0 evidence/comparison in batch8-visual-media; no scanner suppression; group errors checked explicitly,REQUIRES LIVE VERIFICATION,"Individually reviewed all 61 original settings plus explicit caption color and translated price-range prefix controls, and three presets. Enabled items render only actual media/copy/actions or an allowed native product card; product-only content does not reserve a fake hero image, and disabling product cards removes otherwise empty slots. Native product URLs/titles/images/prices and explicit caption links remain distinct and safely rendered; variable native prices are labeled From and missing card imagery collapses its track. Image/overlay/caption share an in-flow grid cell, so long captions grow the media area instead of being clipped. Sparse grids avoid missing named areas and nested/mobile minimum heights actually win. All saved layout choices and merchant content preserved; new editorial claims removed.","B8-VISUAL-MEDIA live queue after engineering batches: native responsive image geometry and exact crop/point alignment, real 320–1440px/zoom/RTL/nested builder layouts, image-stack overlap/caption readability and lookbook overlay contrast, real range/disclosure/feature-map keyboard/AT, native video controls/autoplay/rejection/visibility/reduced-motion behavior, actual product prices/media and Theme Editor lifecycle. DOM/media/geometry adapters are not acceptance. No live Shopify QA; prior queues carry forward.",Individual source/schema/default/preset/consumer review in batch8-visual-media. All prior IDs/options and merchant settings_data preserved. Three needed text/color controls added without changing existing saved values. LiquidJS/JSDOM/native image/video/geometry/observer adapters do not certify native Shopify/browser pixels or playback. B8-FINAL: formally closed for engineering; individual disposition and live queue retained. Final full-suite/native-parse/hash/protected-state evidence: validation/batch8-engineering-closure.
blocks,content-marquee,blocks/content-marquee.liquid,8 Theme Blocks,,,3rd-party-partner-logos.js,,YES,SOURCE all 75 settings/defaults/options; direct/dynamic/helper consumers individually traced; control matrix PASS,All 3 actual presets and defaults plus select/checkbox/range endpoints PASS; preserved prior setting IDs and truthful insertion defaults,"SOURCE/DOM every original layout/width/spacing/text-size endpoint, nested bounded sizing and independent tablet/mobile visibility PASS; measured RTL motion and native scroll fixtures PASS; actual browser pixels/zoom queued","SOURCE/DOM inert nonfocusable duplicate groups, single accessible text/value, named escaped links/images, persistent motion stop and unconditional focus stop, native no-JS/reduced-motion fallback PASS; AT/contrast live queued","Actual independent raw-ID hosts, controller/observer/timer isolation and duplicate script evaluation PASS","Actual DOM insert/remove/reorder, section unload/reload, editor motion gating and useful empty guidance PASS; native Shopify editor acceptance queued",Unsuppressed CLI 4.8.0 evidence/comparison in batch8-motion-counters; no scanner suppression; group errors checked explicitly,REQUIRES LIVE VERIFICATION,"Reviewed all 75 settings and three presets. Removed invented service/trust claims from new defaults while rendering saved copy unchanged. Empty and disabled slots omit; image visibility is respected and native image alt has a named fallback. Original links are escaped; visual duplicate groups contain no links and are inert. Raw IDs and one Shopify wrapper preserve instance identity. Reuses the existing partner-logo controller with persistent stop, unconditional focus stop, configured hover behavior, offscreen/visibility/reduced-motion/editor gating, measured RTL motion and natural scrolling without JS. Responsive padding/width and independent tablet/mobile visibility repaired.",B8-MOTION-COUNTERS live queue: actual native horizontal motion/scroll/RTL/keyboard/AT/focus/zoom/nested layouts; browser reduced-motion/offscreen/visibility transitions and Theme Editor insert/reorder/unload; merchant-supplied claim correctness. Counters are display animation only. DOM/geometry/RAF/native-image adapters are not live acceptance. No Shopify live QA; all previous queues carry forward.,Individual source/settings/presets reviewed; 253 actual renders. Reuses existing Family 7/5 controllers with targeted consumer regressions; no ownership transfer or new dependency. Native platform/browser certification remains queued. B8-FINAL: formally closed for engineering; individual disposition and live queue retained. Final full-suite/native-parse/hash/protected-state evidence: validation/batch8-engineering-closure.
blocks,content-menu-list,blocks/content-menu-list.liquid,8 Theme Blocks,,,,,YES,SOURCE all 34 settings/defaults/options; direct/dynamic/helper consumers individually traced; control matrix PASS,All 3 actual presets and defaults plus select/checkbox/range endpoints PASS; preserved prior setting IDs and truthful insertion defaults,"SOURCE/DOM all controls/presets/endpoints, independent 750–989 tablet visibility, bounded nested grids/long text/media and desktop/mobile sticky rules PASS; real 320/390/768/1280/1440px/zoom/RTL pixels queued","SOURCE/DOM named native destinations and disclosures, precise current-page/location semantics, escaped plain contact text, manual schedule table headings/caption, reduced-motion focus/hash and no-JS fallbacks PASS; browser keyboard/AT/contrast queued","Actual two-root anchor/menu initialization, hash/native panel composition, independent disclosure state, duplicate execution and punctuation-safe IDs PASS",One native owner of editor metadata; sticky blocks use tag:null and contain scoped styles. Empty setup notes and visibility/animation bypass; insertion/reorder/removal/load/unload/reload and listener/focus-state cleanup PASS; actual native editor queued,Unsuppressed CLI 4.8.0 evidence/comparison in batch8-navigation-information; no scanner suppression; group errors checked explicitly,REQUIRES LIVE VERIFICATION,"Individually reviewed all 34 settings and three presets. Restores the native parent destination inside each nested disclosure, preserves all three native menu levels and active styling, uses exact native link.current for aria-current rather than ancestor URL matching. Native details work without JS; disabling mobile accordion now expands the links on mobile and restores the previous desktop disclosure state with focus/listener cleanup. Blank menu guidance is editor-only, and merchant controls for defaults/grandchildren/columns remain operative. Preserves the actual native data-sharing opt-out icon when Shopify supplies it.","B8-NAVIGATION-INFORMATION live queue after engineering batches: real native menu/current-route and localized breadcrumbs, browser fragment/history/focus/keyboard/AT behavior, sticky behavior within actual builder containers, mobile disclosures, narrow/RTL/zoom/color contrast and actual Theme Editor selection/reload. Merchant contact/schedule/anchor destinations remain manual configuration; no open-now clock or fabricated default details are implied. No live Shopify QA performed; previous queues carry forward.",Individual schema/default/preset/consumer/source review in batch8-navigation-information. All existing setting IDs and saved merchant data preserved. LiquidJS/JSDOM/native menu/page/image/scroll adapters do not certify real Shopify/browser behavior. B8-FINAL: formally closed for engineering; individual disposition and live queue retained. Final full-suite/native-parse/hash/protected-state evidence: validation/batch8-engineering-closure.
blocks,content-newsletter,blocks/content-newsletter.liquid,8 Theme Blocks,,,,,YES,SOURCE all 38 settings/defaults/options; direct/dynamic/helper consumers individually traced; control matrix PASS,All 3 actual presets and defaults plus select/checkbox/range endpoints PASS; preserved prior setting IDs and truthful insertion defaults,"SOURCE/DOM all layouts/options/range endpoints, bounded card padding and native payment grid/icon tracks, long labels and container-aware nested form grids PASS; real 320–1440px/zoom/RTL pixels queued","SOURCE/DOM native field labels/required/consent, visible native errors with matched descriptions, safe values, real unique search listbox/status/keyboard controls, payment labels and named social links PASS; native keyboard/AT/contrast queued","Independent raw native IDs and one editor metadata owner per block PASS; real predictive controller two hosts, stale-request abort, duplicate initialization and matching panel/option IDs PASS","SOURCE/DOM design-mode visibility/motion, meaningful empty setup guidance, inserted/removed/reordered search hosts and section unload/reload lifecycle PASS; actual Theme Editor queued",Unsuppressed CLI 4.8.0 evidence/comparison in batch8-native-forms-information; no scanner suppression; group errors checked explicitly,REQUIRES LIVE VERIFICATION,"Individually reviewed all 38 settings and three presets. Keeps native customer newsletter POST, supplied tags, hidden marketing flag or explicit required unchecked consent. Unique native form ID, escaped returned email before customer fallback, visible native errors and meaningful blank-label/feedback fallbacks. Container-aware email/button and card layouts avoid overflow and missing-intro gaps. Editor/native wrapper/device/motion behavior repaired. New presets no longer imply an automatic discount, VIP enrollment benefit or email delivery integration; configured customer tags remain merchant data.","B8-NATIVE-FORMS live queue after engineering batches: real contact/customer POST, captcha/server errors/return values and newsletter consent/tag handling; native search source/display/filter behavior and keyboard/AT; native payment SVGs and actual device/location/checkout eligibility; real narrow-container form/card layouts and Theme Editor lifecycle. Legacy custom-custom-form remains location information. No live Shopify QA; prior queues carry forward.","Individual source/schema/default/preset/consumer review in batch8-native-forms-information. All prior IDs/options and merchant settings_data preserved. Custom-custom-form is a retained historical location alias, not an implemented custom form. LiquidJS/JSDOM/native-form/payment/provider adapters do not certify real Shopify endpoints or browser pixels. B8-FINAL: formally closed for engineering; individual disposition and live queue retained. Final full-suite/native-parse/hash/protected-state evidence: validation/batch8-engineering-closure."
blocks,content-payment-icons,blocks/content-payment-icons.liquid,8 Theme Blocks,,,,,YES,SOURCE all 51 settings/defaults/options; direct/dynamic/helper consumers individually traced; control matrix PASS,All 3 actual presets and defaults plus select/checkbox/range endpoints PASS; preserved prior setting IDs and truthful insertion defaults,"SOURCE/DOM all layouts/options/range endpoints, bounded card padding and native payment grid/icon tracks, long labels and container-aware nested form grids PASS; real 320–1440px/zoom/RTL pixels queued","SOURCE/DOM native field labels/required/consent, visible native errors with matched descriptions, safe values, real unique search listbox/status/keyboard controls, payment labels and named social links PASS; native keyboard/AT/contrast queued","Independent raw native IDs and one editor metadata owner per block PASS; real predictive controller two hosts, stale-request abort, duplicate initialization and matching panel/option IDs PASS","SOURCE/DOM design-mode visibility/motion, meaningful empty setup guidance, inserted/removed/reordered search hosts and section unload/reload lifecycle PASS; actual Theme Editor queued",Unsuppressed CLI 4.8.0 evidence/comparison in batch8-native-forms-information; no scanner suppression; group errors checked explicitly,REQUIRES LIVE VERIFICATION,"Individually reviewed all 51 settings and three presets. Native shop.enabled_payment_types is the source of truth; all 13 original toggles filter corresponding native types and known native aliases. Native payment_type_svg_tag replaces fake text brand marks, with persistent readable labels whether visible or visually hidden. Two explicit merchant custom-method slots remain manual, escaped and labeled, without being treated as native availability. Empty groups hide on storefront and guide editor; bounded auto-fit/icon tracks and wrapped custom labels support narrow builders. Existing icon text/accent controls operate on custom marks. New copy avoids unsupported availability/trust claims; customer/device/country eligibility remains native checkout/live validation.","B8-NATIVE-FORMS live queue after engineering batches: real contact/customer POST, captcha/server errors/return values and newsletter consent/tag handling; native search source/display/filter behavior and keyboard/AT; native payment SVGs and actual device/location/checkout eligibility; real narrow-container form/card layouts and Theme Editor lifecycle. Legacy custom-custom-form remains location information. No live Shopify QA; prior queues carry forward.","Individual source/schema/default/preset/consumer review in batch8-native-forms-information. All prior IDs/options and merchant settings_data preserved. Custom-custom-form is a retained historical location alias, not an implemented custom form. LiquidJS/JSDOM/native-form/payment/provider adapters do not certify real Shopify endpoints or browser pixels. B8-FINAL: formally closed for engineering; individual disposition and live queue retained. Final full-suite/native-parse/hash/protected-state evidence: validation/batch8-engineering-closure."
blocks,content-press-mentions,blocks/content-press-mentions.liquid,8 Theme Blocks,,,,,YES,SOURCE all 74 settings/defaults/options; direct/dynamic/helper consumers individually traced; control matrix PASS,All 3 actual presets and defaults plus select/checkbox/range endpoints PASS; preserved prior setting IDs and truthful insertion defaults,"SOURCE/DOM all original layout/columns/width/spacing endpoints with populated and sparse data, bounded nested padding/columns, native image proportions and independently sized badge art, logical/narrow timeline geometry PASS; 320–1440px/RTL/zoom pixels queued","SOURCE/DOM complete native safe link names/URLs, image alt fallback, escaped icons/plain text with saved richtext intact, visible focus, ordered timeline source order and useful empty states PASS; actual keyboard/AT/contrast acceptance queued",Actual raw case/underscore IDs remain distinct across duplicate instances; exactly one native editor wrapper each; no script/global listener or mutable shared-state dependency introduced PASS,Empty-content guidance and visibility/entry-motion bypass PASS; native static rerender has no controller/listener state; actual Theme Editor selection/reorder acceptance queued,Unsuppressed CLI 4.8.0 evidence/comparison in batch8-proof-timeline; no scanner suppression; group errors checked explicitly,REQUIRES LIVE VERIFICATION,"Individually reviewed all 74 controls and three actual presets across eight logo/quote/source/badge/link slots. Removed fabricated publications, quotes, awards and certifications from new defaults/presets while saved configured claims render unchanged. Captured complete item wrappers prevent conditional link boundary ambiguity. Image-only, quote-only, source-only and badge-only links all have meaningful native/merchant names; URLs and plain copy are escaped. Native image alt follows explicit metadata/source fallback; source-only cards no longer repeat the same attribution. Empty storefront output hides with editor guidance. Bounded nested columns/padding, focus, native wrapper and progressive/editor motion preserved.","B8-PROOF-TIMELINE live queue after engineering batches: merchant-supplied logo/press/trust/testimonial claims remain owner content; actual native image/alt and destination behavior, 320–1440px/RTL/zoom/nested grids and timeline markers, contrast/keyboard/AT and Theme Editor lifecycle. LiquidJS/native-image/DOM adapters are not browser acceptance. No live Shopify QA; prior queues carry forward.",Individual schema/default/preset/source/consumer review in batch8-proof-timeline. Every original setting ID/type/option retained and saved merchant content rendered in fixtures. New defaults/presets omit unsupported sample claims and setup copy. No new dependency ownership; DOM/native-image adapters are not live acceptance. B8-FINAL: formally closed for engineering; individual disposition and live queue retained. Final full-suite/native-parse/hash/protected-state evidence: validation/batch8-engineering-closure.
blocks,content-product-carousel,blocks/content-product-carousel.liquid,8 Theme Blocks,snippets/qtm-block-product-card.liquid,,,,YES,SOURCE all 67 settings/defaults/options; direct/dynamic/helper consumers individually traced; control matrix PASS,All 3 actual presets and defaults plus select/checkbox/range endpoints PASS; preserved prior setting IDs and truthful insertion defaults,"SOURCE/DOM all layouts/columns/range endpoints, bounded padding/widths and nested grids, controlled native scroll/peek overflow, responsive native media and long card labels PASS; 320–1440px/RTL/zoom pixels queued","SOURCE/DOM complete native links and guarded action names, escaped text/URLs, native alt, focus indicators, native no-JS scroll region, measured RTL page controls/nested-key ownership and persistent motion-aware rotation pause PASS; real keyboard/AT queued","Raw case/underscore native IDs and exactly one editor wrapper PASS; actual related/complementary request/root/intent/product matching, independent two-root RTL carousel movement, duplicate execution and abort/detached response behavior PASS","Visibility/motion bypass and missing-source guidance PASS; shared singleton controllers retain mutation insertion/reorder/removal and section unload/load disposal, with existing lifecycle regressions; native Theme Editor queued",Unsuppressed CLI 4.8.0 evidence/comparison in batch8-product-discovery; no scanner suppression; group errors checked explicitly,REQUIRES LIVE VERIFICATION,"Individually reviewed all 63 original controls plus translated price prefix and three rotation labels, and three presets. Native manual/collection limits and real product cards reuse the shared renderer with explicit product-price policy; all links remain native product destinations. Inline global listeners/timers and incorrect offset calculations are replaced by the existing shared carousel engine. Progressive scroll viewport, measured RTL/clamped pages, persistent pause, reduced-motion/intersection/visibility/editor policy and dynamic lifecycle compose with actual product cards. Header visibility no longer removes enabled arrows; mobile peek columns honor their control, nested cards/labels shrink, pagination has useful targets and plain labels are safe. New preset names/content no longer imply unsupported bestseller/newness logic or sale-as-New badges.","B8-PRODUCT-DISCOVERY live queue after engineering batches: actual Shopify related/complementary recommendations and section rendering/settings context, native tracking URLs and presentment prices, native image geometry, 320–1440px/RTL/zoom/nested layouts, real scroll-snap/pagination/keyboard/AT/reduced-motion policy and Theme Editor lifecycle. Response/DOM/geometry adapters are not acceptance. No live Shopify QA; prior queues carry forward.","Individual schema/default/preset/source/consumer review in batch8-product-discovery. All original IDs/types/options and saved merchant settings preserved; six needed translated labels added. Existing B8 card/controller helpers contextually revalidated, no new dependency ownership. LiquidJS/JSDOM/native-response/geometry adapters are not Shopify/browser acceptance. B8-FINAL: formally closed for engineering; individual disposition and live queue retained. Final full-suite/native-parse/hash/protected-state evidence: validation/batch8-engineering-closure."
blocks,content-product-grid,blocks/content-product-grid.liquid,8 Theme Blocks,snippets/qtm-block-product-card.liquid,,,,YES,SOURCE all 50 settings/defaults/options; direct/dynamic/helper consumers individually traced; control matrix PASS,All 3 actual presets and defaults plus select/checkbox/range endpoints PASS; preserved prior setting IDs and truthful insertion defaults,"SOURCE/DOM all layouts/columns/range endpoints, bounded padding/widths and nested grids, controlled native scroll/peek overflow, responsive native media and long card labels PASS; 320–1440px/RTL/zoom pixels queued","SOURCE/DOM complete native links and guarded action names, escaped text/URLs, native alt, focus indicators, native no-JS scroll region, measured RTL page controls/nested-key ownership and persistent motion-aware rotation pause PASS; real keyboard/AT queued","Raw case/underscore native IDs and exactly one editor wrapper PASS; actual related/complementary request/root/intent/product matching, independent two-root RTL carousel movement, duplicate execution and abort/detached response behavior PASS","Visibility/motion bypass and missing-source guidance PASS; shared singleton controllers retain mutation insertion/reorder/removal and section unload/load disposal, with existing lifecycle regressions; native Theme Editor queued",Unsuppressed CLI 4.8.0 evidence/comparison in batch8-product-discovery; no scanner suppression; group errors checked explicitly,REQUIRES LIVE VERIFICATION,"Individually reviewed all 49 original controls plus one translated price-range prefix and three presets. Native collection/manual source selection and full configured limits are preserved through the existing shared product-card renderer, removing duplicated markup. Product minimum prices now have an explicit From prefix for ranges; unrelated selected-variant discounts cannot be attached to a lower product price, and range compare prices are omitted. Actual zero prices, native tracking URLs/titles/vendors and native image alt are preserved. Missing images omit fake image links while actual sale badges remain readable in content; blank labels omit actions. Neutral new presets no longer invent bestseller/new-arrival ranking or label sale products as New. Native wrapper ownership, editor visibility, progressive animation, bounded padding, nested columns and focus repaired.","B8-PRODUCT-DISCOVERY live queue after engineering batches: actual Shopify related/complementary recommendations and section rendering/settings context, native tracking URLs and presentment prices, native image geometry, 320–1440px/RTL/zoom/nested layouts, real scroll-snap/pagination/keyboard/AT/reduced-motion policy and Theme Editor lifecycle. Response/DOM/geometry adapters are not acceptance. No live Shopify QA; prior queues carry forward.","Individual schema/default/preset/source/consumer review in batch8-product-discovery. All original IDs/types/options and saved merchant settings preserved; six needed translated labels added. Existing B8 card/controller helpers contextually revalidated, no new dependency ownership. LiquidJS/JSDOM/native-response/geometry adapters are not Shopify/browser acceptance. B8-FINAL: formally closed for engineering; individual disposition and live queue retained. Final full-suite/native-parse/hash/protected-state evidence: validation/batch8-engineering-closure."
blocks,content-product-recommendations,blocks/content-product-recommendations.liquid,8 Theme Blocks,snippets/qtm-block-product-card.liquid,,,,YES,SOURCE all 57 settings/defaults/options; direct/dynamic/helper consumers individually traced; control matrix PASS,All 3 actual presets and defaults plus select/checkbox/range endpoints PASS; preserved prior setting IDs and truthful insertion defaults,"SOURCE/DOM all layouts/columns/range endpoints, bounded padding/widths and nested grids, controlled native scroll/peek overflow, responsive native media and long card labels PASS; 320–1440px/RTL/zoom pixels queued","SOURCE/DOM complete native links and guarded action names, escaped text/URLs, native alt, focus indicators, native no-JS scroll region, measured RTL page controls/nested-key ownership and persistent motion-aware rotation pause PASS; real keyboard/AT queued","Raw case/underscore native IDs and exactly one editor wrapper PASS; actual related/complementary request/root/intent/product matching, independent two-root RTL carousel movement, duplicate execution and abort/detached response behavior PASS","Visibility/motion bypass and missing-source guidance PASS; shared singleton controllers retain mutation insertion/reorder/removal and section unload/load disposal, with existing lifecycle regressions; native Theme Editor queued",Unsuppressed CLI 4.8.0 evidence/comparison in batch8-product-discovery; no scanner suppression; group errors checked explicitly,REQUIRES LIVE VERIFICATION,"Individually reviewed all 56 original controls plus one translated price prefix and three presets. Source selection is exact: native related recommendations, configured collection or manual products; no unrelated fallback is invented. Native related intent/performed state is checked, locale-aware section/product URL is escaped and native requests are capped at ten while manual/collection limits remain up to 24. Existing product-card controller now validates the caller's related or complementary intent, exact response root/product/performed/intent and native card content; abort/removal cannot revive detached output, failures retain the existing native state. Carousel controls work independently of header, use actual geometry/RTL/nested-key guards, and remain hidden without enhancement. Shared renderer supplies safe native card URLs/images/price ranges and guarded labels; empty storefront blocks disappear with useful editor guidance. All saved source/layout choices retained.","B8-PRODUCT-DISCOVERY live queue after engineering batches: actual Shopify related/complementary recommendations and section rendering/settings context, native tracking URLs and presentment prices, native image geometry, 320–1440px/RTL/zoom/nested layouts, real scroll-snap/pagination/keyboard/AT/reduced-motion policy and Theme Editor lifecycle. Response/DOM/geometry adapters are not acceptance. No live Shopify QA; prior queues carry forward.","Individual schema/default/preset/source/consumer review in batch8-product-discovery. All original IDs/types/options and saved merchant settings preserved; six needed translated labels added. Existing B8 card/controller helpers contextually revalidated, no new dependency ownership. LiquidJS/JSDOM/native-response/geometry adapters are not Shopify/browser acceptance. B8-FINAL: formally closed for engineering; individual disposition and live queue retained. Final full-suite/native-parse/hash/protected-state evidence: validation/batch8-engineering-closure."
blocks,content-promo-card,blocks/content-promo-card.liquid,8 Theme Blocks,,,,,YES,SOURCE all 44 settings/defaults/options; direct/dynamic/helper consumers individually traced; control matrix PASS,All 1 actual presets and defaults plus select/checkbox/range endpoints PASS; preserved prior setting IDs and truthful insertion defaults,"SOURCE/DOM every layout/count/column/control endpoint, bounded card padding/flex/media, actual comparison column widths, wrapping mobile definitions and independent tablet visibility PASS; real 320/390/768/1280/1440px/zoom/RTL pixels queued","SOURCE/DOM named native links/focus, alt fallback, row/column scopes/caption/scroll region and decorative comparison symbols paired with readable translated labels PASS; real keyboard/AT/contrast queued","Actual independently rendered block IDs, native one-wrapper ownership, inline scoped styles and no per-instance script/listener state PASS","One native owner of editor metadata; meaningful empty setup notes, hidden storefront empties and design-mode visibility/motion bypass PASS; no controller lifecycle required for these static native blocks; actual Theme Editor queued",Unsuppressed CLI 4.8.0 evidence/comparison in batch8-content-cards; no scanner suppression; group errors checked explicitly,REQUIRES LIVE VERIFICATION,"Individually reviewed all 43 original settings, one overlay text-color control and the one actual preset. One native chosen image preserves primary-image-over-background precedence and actual image alt fallback. Real complete action guards omit empty action containers; escaped links and visible keyboard focus make the previously unused link color operative. Horizontal content flexes within remaining media space; explicit nonnegative media/overlay/content stacking preserves the image above card background, and image-radius control is no longer overridden in every mode. New defaults omit invented urgency and theme-development copy; empty editor guidance/native wrapper visibility/motion repaired.","B8-CONTENT-CARDS live queue after engineering batches: real card image rendition/alt/overlay stacking and configured colors; native narrow builder grids/flex, zoom/RTL and 320–1440px layouts; comparison table/definition-list semantics and keyboard/AT/contrast; actual Theme Editor insert/select/reorder. Merchant prices, comparisons and guarantee terms remain manual authored claims and do not change Shopify policies/cart prices. No live Shopify QA; prior queues carry forward.",Individual source/schema/default/preset/consumer review in batch8-content-cards. All prior IDs/options and merchant settings_data preserved. Actual preset counts are one each for Feature Cards/Content Cards/Promo Card and three each for comparisons/guarantees. LiquidJS/JSDOM/native image adapters do not certify native Shopify/browser pixels. B8-FINAL: formally closed for engineering; individual disposition and live queue retained. Final full-suite/native-parse/hash/protected-state evidence: validation/batch8-engineering-closure.
blocks,content-quote,blocks/content-quote.liquid,8 Theme Blocks,snippets/qtm-content-block-wrapper-start.liquid,,,,YES,SOURCE all 41 controls/defaults/options + shared/dynamic consumers; actual option/range/false render cases PASS,All three actual built-in presets plus schema defaults PASS; truthful neutral insertion/actions; no brand-family rollout,"SOURCE bounded widths, shrink/wrap, breakpoint/zero controls and CSS/DOM selector checks PASS; actual pixels/RTL/zoom remain queued","SOURCE/DOM headings/labels/native links/focus-visible, decorative/media naming and progressive reduced-motion reviewed; actual keyboard/AT/contrast queued","Two actual instances per block, native outer IDs, shared singleton engine/independent observed targets PASS",Native wrapper metadata + insertion/selection/unload/reload/reorder/root/late/dynamic lifecycle fixtures PASS; actual editor queued,"CLI 4.8.0 exits 1: 500 findings (3 errors/497 warnings), two paired-wrapper errors repaired; zero errors in this 16-entry group; unsuppressed evidence batch8-primitives",REQUIRES LIVE VERIFICATION,"Removed invented testimonial and Verified customer insertion claims; blank quote guidance is editor-only; real saved quotes/attribution preserved; avatar avoids duplicate announcements, centered/minimal/card layouts have consumers. Complete balanced wrapper; missing Custom width control repaired; static no-JS styles; retained native outer Theme Block editor metadata; redundant block script tags removed.","B8-PRIMITIVES after engineering batches: actual Shopify block default/preset insertion, real outer wrapper/editor load/unload/reorder/selection; 320/390/768/1280/1440px, long text, RTL/zoom/no-JS/reduced motion/keyboard/AT/theme contrast. Native image and custom Liquid evaluation; real merchant URLs/code/providers remain live responsibilities.","Individual source/full-schema/preset/consumer review in validation/batch8-primitives; 899 actual default/preset/control renders plus targeted regressions. Shopify wrapper/image fixtures and CSS/DOM/observer adapters are not live certification. No Batch 9, brand-preset or host approval inferred. B8-FINAL: formally closed for engineering; individual disposition and live queue retained. Final full-suite/native-parse/hash/protected-state evidence: validation/batch8-engineering-closure."
blocks,content-recently-viewed-products,blocks/content-recently-viewed-products.liquid,8 Theme Blocks,snippets/qtm-block-recently-viewed.liquid,,,,YES,SOURCE all 58 settings/defaults/options; direct/dynamic/helper consumers individually traced; control matrix PASS,All 3 actual presets and defaults plus select/checkbox/range endpoints PASS; preserved prior setting IDs and truthful insertion defaults,"SOURCE/DOM all layouts/columns/widths/range endpoints, native images, bounded nested padding and container columns, controlled native carousel overflow PASS; actual 320–1440px/RTL/zoom pixels queued","SOURCE/DOM complete escaped native links/image alt, guarded labels and correct aria-controls, truthful inert/no-JS/empty states, focus-preserving replacement, reduced-motion and nested-key scroll ownership PASS; real keyboard/AT queued","Separate actual aliases and custom storage keys, case/underscore IDs, one native editor wrapper, exact response root/section/handle/product ownership and independent LTR/RTL controls PASS","Editor guidance and visibility/motion bypass without shopper-history reads/writes/fetches PASS; singleton duplicate execution, section unload/load and mutation insertion/reorder/removal with request abort PASS; actual Theme Editor queued",Unsuppressed CLI 4.8.0 evidence/comparison in batch8-recently-viewed; no scanner suppression; group errors checked explicitly,REQUIRES LIVE VERIFICATION,"Individually reviewed all 57 original controls and three presets; added one translated price-range prefix. Reuses a traced shared renderer and native product-card helper. Legacy product snapshots migrate to validated native handles; stale stored prices, URLs, images and titles are never rendered. Current native section cards retain presentment money/ranges, images/alt and truthful discounts; native responses must match owner root, section, handle and product. Preserve configured key/count/current exclusion/grid/cards/carousel and empty-state controls, including no-JS behavior. Header visibility no longer removes carousel controls; shared engine supplies actual-spacing RTL scroll. Removed setup copy in new insertions; native wrapper, safe labels, bounded nested layouts, editor guidance and no-JS state repaired.","B8-RECENTLY-VIEWED live queue after engineering batches: actual Shopify section rendering for each owning builder/template and product context (missing/mismatched owner responses intentionally stay empty), current localized prices/images/product availability, real browser history/storage restrictions, 320–1440px/RTL/zoom/nested layouts, actual scroll/focus/keyboard/AT and Theme Editor lifecycle. Native-filter/response/DOM/geometry adapters are not acceptance. No live Shopify QA; prior queues carry forward.",Individual schema/default/preset/source/consumer review in batch8-recently-viewed. Historical collection-grid alias behavior preserved; all original saved setting IDs/types/options retained. Native section/filter/response and DOM/geometry adapters are not live acceptance. B8-FINAL: formally closed for engineering; individual disposition and live queue retained. Final full-suite/native-parse/hash/protected-state evidence: validation/batch8-engineering-closure.
blocks,content-review-wall,blocks/content-review-wall.liquid,8 Theme Blocks,,,,,YES,SOURCE all 111 settings/defaults/options; direct/dynamic/helper consumers individually traced; control matrix PASS,All 3 actual presets and defaults plus select/checkbox/range endpoints PASS; preserved prior setting IDs and truthful insertion defaults,"SOURCE/DOM all layouts/count/width/spacing/native-media endpoints, featured single-column correction, matching nested/mobile selector specificity, native scroll rows/carousel and wrapped long text PASS; native 320–1440px/RTL/zoom pixels queued","SOURCE/DOM named ratings with decorative stars, native alt/complete safe links, useful empty states, one editor wrapper, visible focus, native no-JS media/scroll and persistent pause PASS; real AT/contrast/browser/provider acceptance queued","Actual raw-ID duplicate hosts, measured independent LTR/RTL carousel controllers and independent UGC media controls PASS",Actual insert/remove/reorder/unload/reload and source design-mode visibility/motion/player gating PASS; native Theme Editor behavior queued,Unsuppressed CLI 4.8.0 evidence/comparison in batch8-reviews-ugc; no scanner suppression; group errors checked explicitly,REQUIRES LIVE VERIFICATION,"Individually reviewed all 111 settings and three presets. Removed fabricated names, quotes, stars, sources and verification claims from new insertion; saved merchant review content is retained. Sparse/source/image/rating-only manual cards render intentionally without empty author wrappers. Native alt fallback, escaped plain text and a single named rating replace anonymous decorative stars. The previously unused link_color setting ID is retained and honestly relabeled Source accent color with a visible source-label consumer. Bounded padding/cards and wrapped attribution, independent grid/masonry mobile columns, one native wrapper and editor guidance repaired.","B8-REVIEWS-UGC live queue: actual native settings drops and hosted/uploaded player behavior, real YouTube/Vimeo availability/privacy/controls, genuine merchant review/rating/verification/UGC rights and accuracy, 320–1440px/RTL/zoom/nested layouts, keyboard/AT/focus/contrast/native scrolling, and actual Theme Editor insertion/reorder/reload. Fixtures/DOM/geometry/media stubs are not Shopify/browser certification. No live QA; earlier queues and 605 historical candidates remain separate.",Individual setting/default/preset/source/consumer review with all original IDs/types/options retained. 507 actual renders plus actual shared carousel/media runtime fixtures. No new dependency; existing cross-family ownership preserved. Native platform/DOM/provider adapters are not live acceptance. B8-FINAL: formally closed for engineering; individual disposition and live queue retained. Final full-suite/native-parse/hash/protected-state evidence: validation/batch8-engineering-closure.
blocks,content-rich-text,blocks/content-rich-text.liquid,8 Theme Blocks,snippets/qtm-content-block-wrapper-start.liquid,,,,YES,SOURCE all 33 controls/defaults/options + shared/dynamic consumers; actual option/range/false render cases PASS,All three actual built-in presets plus schema defaults PASS; truthful neutral insertion/actions; no brand-family rollout,"SOURCE bounded widths, shrink/wrap, breakpoint/zero controls and CSS/DOM selector checks PASS; actual pixels/RTL/zoom remain queued","SOURCE/DOM headings/labels/native links/focus-visible, decorative/media naming and progressive reduced-motion reviewed; actual keyboard/AT/contrast queued","Two actual instances per block, native outer IDs, shared singleton engine/independent observed targets PASS",Native wrapper metadata + insertion/selection/unload/reload/reorder/root/late/dynamic lifecycle fixtures PASS; actual editor queued,"CLI 4.8.0 exits 1: 500 findings (3 errors/497 warnings), two paired-wrapper errors repaired; zero errors in this 16-entry group; unsuppressed evidence batch8-primitives",REQUIRES LIVE VERIFICATION,"Static typography, paragraph/list spacing and list markers work without JavaScript; inner content follows alignment at bounded widths; blank content no longer publishes editor instructions. Complete balanced wrapper; missing Custom width control repaired; static no-JS styles; retained native outer Theme Block editor metadata; redundant block script tags removed.","B8-PRIMITIVES after engineering batches: actual Shopify block default/preset insertion, real outer wrapper/editor load/unload/reorder/selection; 320/390/768/1280/1440px, long text, RTL/zoom/no-JS/reduced motion/keyboard/AT/theme contrast. Native image and custom Liquid evaluation; real merchant URLs/code/providers remain live responsibilities.","Individual source/full-schema/preset/consumer review in validation/batch8-primitives; 899 actual default/preset/control renders plus targeted regressions. Shopify wrapper/image fixtures and CSS/DOM/observer adapters are not live certification. No Batch 9, brand-preset or host approval inferred. B8-FINAL: formally closed for engineering; individual disposition and live queue retained. Final full-suite/native-parse/hash/protected-state evidence: validation/batch8-engineering-closure."
blocks,content-scrolling-text,blocks/content-scrolling-text.liquid,8 Theme Blocks,,,3rd-party-partner-logos.js,,YES,SOURCE all 41 settings/defaults/options; direct/dynamic/helper consumers individually traced; control matrix PASS,All 3 actual presets and defaults plus select/checkbox/range endpoints PASS; preserved prior setting IDs and truthful insertion defaults,"SOURCE/DOM every original layout/width/spacing/text-size endpoint, nested bounded sizing and independent tablet/mobile visibility PASS; measured RTL motion and native scroll fixtures PASS; actual browser pixels/zoom queued","SOURCE/DOM inert nonfocusable duplicate groups, single accessible text/value, named escaped links/images, persistent motion stop and unconditional focus stop, native no-JS/reduced-motion fallback PASS; AT/contrast live queued","Actual independent raw-ID hosts, controller/observer/timer isolation and duplicate script evaluation PASS","Actual DOM insert/remove/reorder, section unload/reload, editor motion gating and useful empty guidance PASS; native Shopify editor acceptance queued",Unsuppressed CLI 4.8.0 evidence/comparison in batch8-motion-counters; no scanner suppression; group errors checked explicitly,REQUIRES LIVE VERIFICATION,"Reviewed all 41 settings and three presets. Removed campaign sample copy from new insertion and retained every saved setting ID/type/option. Only one text occurrence is exposed to assistive technology; repeated visual text and duplicate groups hide when static/paused/no-JS. Mixed outline styling now alternates independently of separators. Complete escaped CTA and useful editor empty state. Reuses shared measured motion, pause/focus/hover/policy/lifecycle controller; raw ID, bounded nested typography/layout and independent device visibility repaired.",B8-MOTION-COUNTERS live queue: actual native horizontal motion/scroll/RTL/keyboard/AT/focus/zoom/nested layouts; browser reduced-motion/offscreen/visibility transitions and Theme Editor insert/reorder/unload; merchant-supplied claim correctness. Counters are display animation only. DOM/geometry/RAF/native-image adapters are not live acceptance. No Shopify live QA; all previous queues carry forward.,Individual source/settings/presets reviewed; 253 actual renders. Reuses existing Family 7/5 controllers with targeted consumer regressions; no ownership transfer or new dependency. Native platform/browser certification remains queued. B8-FINAL: formally closed for engineering; individual disposition and live queue retained. Final full-suite/native-parse/hash/protected-state evidence: validation/batch8-engineering-closure.
blocks,content-search-form,blocks/content-search-form.liquid,8 Theme Blocks,,,,,YES,SOURCE all 54 settings/defaults/options; direct/dynamic/helper consumers individually traced; control matrix PASS,All 3 actual presets and defaults plus select/checkbox/range endpoints PASS; preserved prior setting IDs and truthful insertion defaults,"SOURCE/DOM all layouts/options/range endpoints, bounded card padding and native payment grid/icon tracks, long labels and container-aware nested form grids PASS; real 320–1440px/zoom/RTL pixels queued","SOURCE/DOM native field labels/required/consent, visible native errors with matched descriptions, safe values, real unique search listbox/status/keyboard controls, payment labels and named social links PASS; native keyboard/AT/contrast queued","Independent raw native IDs and one editor metadata owner per block PASS; real predictive controller two hosts, stale-request abort, duplicate initialization and matching panel/option IDs PASS","SOURCE/DOM design-mode visibility/motion, meaningful empty setup guidance, inserted/removed/reordered search hosts and section unload/reload lifecycle PASS; actual Theme Editor queued",Unsuppressed CLI 4.8.0 evidence/comparison in batch8-native-forms-information; no scanner suppression; group errors checked explicitly,REQUIRES LIVE VERIFICATION,"Individually reviewed all 54 settings and three presets. Replaces disconnected predictive hooks and nonexistent global flag with the existing predictive controller, unique real listbox/status targets and complete global source/display/style contracts. Block result type intersects global sources; native localized GET, provider groups and view-all match; all full sources off prevents an accidental unfiltered query, with a collection-only progressive mode when permitted. Native unavailable/prefix controls propagate to full-page links, while only the supported availability parameter reaches the predictive API. Safe names/queries/URLs, complete explicit suggested terms and blank-list guards retained. Narrow container/grid/editor/motion/wrapper behavior fixed; new suggested searches are merchant configured.","B8-NATIVE-FORMS live queue after engineering batches: real contact/customer POST, captcha/server errors/return values and newsletter consent/tag handling; native search source/display/filter behavior and keyboard/AT; native payment SVGs and actual device/location/checkout eligibility; real narrow-container form/card layouts and Theme Editor lifecycle. Legacy custom-custom-form remains location information. No live Shopify QA; prior queues carry forward.","Individual source/schema/default/preset/consumer review in batch8-native-forms-information. All prior IDs/options and merchant settings_data preserved. Custom-custom-form is a retained historical location alias, not an implemented custom form. LiquidJS/JSDOM/native-form/payment/provider adapters do not certify real Shopify endpoints or browser pixels. B8-FINAL: formally closed for engineering; individual disposition and live queue retained. Final full-suite/native-parse/hash/protected-state evidence: validation/batch8-engineering-closure."
blocks,content-social-links,blocks/content-social-links.liquid,8 Theme Blocks,,,,,YES,SOURCE all 43 settings/defaults/options; direct/dynamic/helper consumers individually traced; control matrix PASS,All 3 actual presets and defaults plus select/checkbox/range endpoints PASS; preserved prior setting IDs and truthful insertion defaults,"SOURCE/DOM all layouts/options/range endpoints, bounded card padding and native payment grid/icon tracks, long labels and container-aware nested form grids PASS; real 320–1440px/zoom/RTL pixels queued","SOURCE/DOM native field labels/required/consent, visible native errors with matched descriptions, safe values, real unique search listbox/status/keyboard controls, payment labels and named social links PASS; native keyboard/AT/contrast queued","Independent raw native IDs and one editor metadata owner per block PASS; real predictive controller two hosts, stale-request abort, duplicate initialization and matching panel/option IDs PASS","SOURCE/DOM design-mode visibility/motion, meaningful empty setup guidance, inserted/removed/reordered search hosts and section unload/reload lifecycle PASS; actual Theme Editor queued",Unsuppressed CLI 4.8.0 evidence/comparison in batch8-native-forms-information; no scanner suppression; group errors checked explicitly,REQUIRES LIVE VERIFICATION,"Individually reviewed all 43 settings and three presets. Each of seven real platform URL overrides falls back to its actual global setting; visibility toggles still gate the result. Captures actual links once and hides an empty storefront group with setup guidance in editor. Every destination is escaped; custom and navigation labels have accessible fallbacks, native new-tab noopener behavior and keyboard focus retained. Long labels and nested layouts wrap, independent device visibility/editor motion/native wrapper ownership repaired. No profiles or community claims are invented.","B8-NATIVE-FORMS live queue after engineering batches: real contact/customer POST, captcha/server errors/return values and newsletter consent/tag handling; native search source/display/filter behavior and keyboard/AT; native payment SVGs and actual device/location/checkout eligibility; real narrow-container form/card layouts and Theme Editor lifecycle. Legacy custom-custom-form remains location information. No live Shopify QA; prior queues carry forward.","Individual source/schema/default/preset/consumer review in batch8-native-forms-information. All prior IDs/options and merchant settings_data preserved. Custom-custom-form is a retained historical location alias, not an implemented custom form. LiquidJS/JSDOM/native-form/payment/provider adapters do not certify real Shopify endpoints or browser pixels. B8-FINAL: formally closed for engineering; individual disposition and live queue retained. Final full-suite/native-parse/hash/protected-state evidence: validation/batch8-engineering-closure."
blocks,content-spacer,blocks/content-spacer.liquid,8 Theme Blocks,snippets/qtm-content-block-wrapper-start.liquid,,,,YES,SOURCE all 23 controls/defaults/options + shared/dynamic consumers; actual option/range/false render cases PASS,All three actual built-in presets plus schema defaults PASS; truthful neutral insertion/actions; no brand-family rollout,"SOURCE bounded widths, shrink/wrap, breakpoint/zero controls and CSS/DOM selector checks PASS; actual pixels/RTL/zoom remain queued","SOURCE/DOM headings/labels/native links/focus-visible, decorative/media naming and progressive reduced-motion reviewed; actual keyboard/AT/contrast queued","Two actual instances per block, native outer IDs, shared singleton engine/independent observed targets PASS",Native wrapper metadata + insertion/selection/unload/reload/reorder/root/late/dynamic lifecycle fixtures PASS; actual editor queued,"CLI 4.8.0 exits 1: 500 findings (3 errors/497 warnings), two paired-wrapper errors repaired; zero errors in this 16-entry group; unsuppressed evidence batch8-primitives",REQUIRES LIVE VERIFICATION,Independent desktop/tablet/mobile and zero heights preserved; static shared sizing/visibility/width controls work before JS and with JS disabled. Complete balanced wrapper; missing Custom width control repaired; static no-JS styles; retained native outer Theme Block editor metadata; redundant block script tags removed.,"B8-PRIMITIVES after engineering batches: actual Shopify block default/preset insertion, real outer wrapper/editor load/unload/reorder/selection; 320/390/768/1280/1440px, long text, RTL/zoom/no-JS/reduced motion/keyboard/AT/theme contrast. Native image and custom Liquid evaluation; real merchant URLs/code/providers remain live responsibilities.","Individual source/full-schema/preset/consumer review in validation/batch8-primitives; 899 actual default/preset/control renders plus targeted regressions. Shopify wrapper/image fixtures and CSS/DOM/observer adapters are not live certification. No Batch 9, brand-preset or host approval inferred. B8-FINAL: formally closed for engineering; individual disposition and live queue retained. Final full-suite/native-parse/hash/protected-state evidence: validation/batch8-engineering-closure."
blocks,content-stats-counter,blocks/content-stats-counter.liquid,8 Theme Blocks,,,interactive-content-stats.js,,YES,SOURCE all 79 settings/defaults/options; direct/dynamic/helper consumers individually traced; control matrix PASS,All 1 actual presets and defaults plus select/checkbox/range endpoints PASS; preserved prior setting IDs and truthful insertion defaults,"SOURCE/DOM every original layout/width/spacing/text-size endpoint, nested bounded sizing and independent tablet/mobile visibility PASS; measured RTL motion and native scroll fixtures PASS; actual browser pixels/zoom queued","SOURCE/DOM inert nonfocusable duplicate groups, single accessible text/value, named escaped links/images, persistent motion stop and unconditional focus stop, native no-JS/reduced-motion fallback PASS; AT/contrast live queued","Actual independent raw-ID hosts, controller/observer/timer isolation and duplicate script evaluation PASS","Actual DOM insert/remove/reorder, section unload/reload, editor motion gating and useful empty guidance PASS; native Shopify editor acceptance queued",Unsuppressed CLI 4.8.0 evidence/comparison in batch8-motion-counters; no scanner suppression; group errors checked explicitly,REQUIRES LIVE VERIFICATION,"Reviewed all 79 settings and its actual preset. Removed invented statistics, names and setup copy from new insertion; saved merchant text remains authoritative. Sparse empty rows omit, plain icons escape, rich descriptions remain intact. Shared single-play stats controller animates only unambiguous numbers, restores exact authored text and maintains an immutable accessible value. No-JS and reduced motion/editor preserve native values. Cancellation, detached completion and mutation lifecycle reuse the existing controller; bounded nested grid/number/padding and native wrapper repaired. Follow-up Batch 8 source correction: nested-container mobile grid selectors now match desktop-selector specificity so mobile_columns wins inside a narrow column on a wide screen. All 253 motion/counter renders and shared controller regressions retained.",B8-MOTION-COUNTERS live queue: actual native horizontal motion/scroll/RTL/keyboard/AT/focus/zoom/nested layouts; browser reduced-motion/offscreen/visibility transitions and Theme Editor insert/reorder/unload; merchant-supplied claim correctness. Counters are display animation only. DOM/geometry/RAF/native-image adapters are not live acceptance. No Shopify live QA; all previous queues carry forward.,Individual source/settings/presets reviewed; 253 actual renders. Reuses existing Family 7/5 controllers with targeted consumer regressions; no ownership transfer or new dependency. Native platform/browser certification remains queued. Revalidation: batch8-reviews-ugc. B8-FINAL: formally closed for engineering; individual disposition and live queue retained. Final full-suite/native-parse/hash/protected-state evidence: validation/batch8-engineering-closure.
blocks,content-store-hours,blocks/content-store-hours.liquid,8 Theme Blocks,,,,,YES,SOURCE all 67 settings/defaults/options; direct/dynamic/helper consumers individually traced; control matrix PASS,All 3 actual presets and defaults plus select/checkbox/range endpoints PASS; preserved prior setting IDs and truthful insertion defaults,"SOURCE/DOM all controls/presets/endpoints, independent 750–989 tablet visibility, bounded nested grids/long text/media and desktop/mobile sticky rules PASS; real 320/390/768/1280/1440px/zoom/RTL pixels queued","SOURCE/DOM named native destinations and disclosures, precise current-page/location semantics, escaped plain contact text, manual schedule table headings/caption, reduced-motion focus/hash and no-JS fallbacks PASS; browser keyboard/AT/contrast queued","Actual two-root anchor/menu initialization, hash/native panel composition, independent disclosure state, duplicate execution and punctuation-safe IDs PASS",One native owner of editor metadata; sticky blocks use tag:null and contain scoped styles. Empty setup notes and visibility/animation bypass; insertion/reorder/removal/load/unload/reload and listener/focus-state cleanup PASS; actual native editor queued,Unsuppressed CLI 4.8.0 evidence/comparison in batch8-navigation-information; no scanner suppression; group errors checked explicitly,REQUIRES LIVE VERIFICATION,"Individually reviewed all 67 settings and three presets. Renders only named days with explicit hours or a selected closed state; retains manual highlights and truthful closed labels, native table caption/row headings or list semantics. Status badge is explicitly manual rather than a clock calculation. New presets no longer assert unconfigured hours/open/support status. Bounded fixed table/wrapping and configured tablet columns preserve narrow builder behavior; badge color now also supplies configurable button text color.","B8-NAVIGATION-INFORMATION live queue after engineering batches: real native menu/current-route and localized breadcrumbs, browser fragment/history/focus/keyboard/AT behavior, sticky behavior within actual builder containers, mobile disclosures, narrow/RTL/zoom/color contrast and actual Theme Editor selection/reload. Merchant contact/schedule/anchor destinations remain manual configuration; no open-now clock or fabricated default details are implied. No live Shopify QA performed; previous queues carry forward.",Individual schema/default/preset/consumer/source review in batch8-navigation-information. All existing setting IDs and saved merchant data preserved. LiquidJS/JSDOM/native menu/page/image/scroll adapters do not certify real Shopify/browser behavior. B8-FINAL: formally closed for engineering; individual disposition and live queue retained. Final full-suite/native-parse/hash/protected-state evidence: validation/batch8-engineering-closure.
blocks,content-table-of-contents,blocks/content-table-of-contents.liquid,8 Theme Blocks,,,,,YES,SOURCE all 77 settings/defaults/options; direct/dynamic/helper consumers individually traced; control matrix PASS,All 3 actual presets and defaults plus select/checkbox/range endpoints PASS; preserved prior setting IDs and truthful insertion defaults,"SOURCE/DOM all controls/presets/endpoints, independent 750–989 tablet visibility, bounded nested grids/long text/media and desktop/mobile sticky rules PASS; real 320/390/768/1280/1440px/zoom/RTL pixels queued","SOURCE/DOM named native destinations and disclosures, precise current-page/location semantics, escaped plain contact text, manual schedule table headings/caption, reduced-motion focus/hash and no-JS fallbacks PASS; browser keyboard/AT/contrast queued","Actual two-root anchor/menu initialization, hash/native panel composition, independent disclosure state, duplicate execution and punctuation-safe IDs PASS",One native owner of editor metadata; sticky blocks use tag:null and contain scoped styles. Empty setup notes and visibility/animation bypass; insertion/reorder/removal/load/unload/reload and listener/focus-state cleanup PASS; actual native editor queued,Unsuppressed CLI 4.8.0 evidence/comparison in batch8-navigation-information; no scanner suppression; group errors checked explicitly,REQUIRES LIVE VERIFICATION,"Individually reviewed all 77 settings and three presets. Native encoded links retain exact target IDs, sequential visible numbering and named navigation. Conditional number/arrow tracks avoid orphan columns, long content shrinks/wraps, native single-root ownership makes desktop sticky relative to its real builder container. New insertion target IDs are empty with editor-only setup guidance; saved IDs/layouts retained. No JS dependency added.","B8-NAVIGATION-INFORMATION live queue after engineering batches: real native menu/current-route and localized breadcrumbs, browser fragment/history/focus/keyboard/AT behavior, sticky behavior within actual builder containers, mobile disclosures, narrow/RTL/zoom/color contrast and actual Theme Editor selection/reload. Merchant contact/schedule/anchor destinations remain manual configuration; no open-now clock or fabricated default details are implied. No live Shopify QA performed; previous queues carry forward.",Individual schema/default/preset/consumer/source review in batch8-navigation-information. All existing setting IDs and saved merchant data preserved. LiquidJS/JSDOM/native menu/page/image/scroll adapters do not certify real Shopify/browser behavior. B8-FINAL: formally closed for engineering; individual disposition and live queue retained. Final full-suite/native-parse/hash/protected-state evidence: validation/batch8-engineering-closure.
blocks,content-tabs-media,blocks/content-tabs-media.liquid,8 Theme Blocks,,,,,YES,SOURCE all 73 settings/defaults/options; direct/dynamic/helper consumers individually traced; control matrix PASS,All three actual presets and defaults plus select/checkbox/range endpoints PASS; preserved prior setting IDs and truthful insertion defaults,"SOURCE/DOM all select/checkbox/range endpoints, bounded panel/nav/table/media widths, long-content wrapping, mobile vertical-to-horizontal orientation and media ordering PASS; actual pixels/scroll/zoom queued","SOURCE/DOM native details and dialog markup, progressive visible content, tab roles/roving focus/arrows/Home/End/RTL/hash, named media/links/table regions, focus restoration and reduced motion PASS; native browser inert/focus trapping/AT queued","Actual two-instance tab/disclosure/dialog fixtures, isolated selection, media retirement/restoration, singleton duplicate execution and independent native IDs PASS","Native outer wrapper owns editor metadata; visibility/motion bypass and actual empty guidance, late insertion, load/unload/reload/reorder/select with controller disposal PASS; native Theme Editor queued",Unsuppressed CLI 4.8.0 evidence/comparison in batch8-panels; no scanner suppression; group errors checked explicitly,REQUIRES LIVE VERIFICATION,"Individually reviewed all tab/media settings and presets. Progressive all-content fallback and scoped accessible tab enhancement; only active explicit YouTube-nocookie/Vimeo media is mounted from inert templates, with named frames and encoded native IDs. Inactive embeds are retired and videos paused. Actual image alt and media-left/top responsive order repaired, unsupported providers emit no invented iframe; placeholders editor only. No autoplay or provider success simulation.","B8-PANELS live queue after engineering batches: native Theme Editor insert/select/reorder/load/unload; browser details grouping, dialog top layer/inert/focus trapping/AT and scroll; actual YouTube/Vimeo/video playback and retirement; native metafield image/video/rich formatting, chart/table 320/390/768/1280/1440px, no-JS/RTL/zoom/reduced motion. All prior queues remain; no live Shopify QA performed.","Individual source/schema/default/preset/consumer review in batch8-panels; 468 actual render/control/state combinations plus interaction fixtures. LiquidJS/JSDOM and explicit native filter/dialog adapters are not live Shopify/browser certification. Saved setting IDs retained, all 150 sections and settings_data untouched. B8-FINAL: formally closed for engineering; individual disposition and live queue retained. Final full-suite/native-parse/hash/protected-state evidence: validation/batch8-engineering-closure."
blocks,content-tabs,blocks/content-tabs.liquid,8 Theme Blocks,,,,,YES,SOURCE all 54 settings/defaults/options; direct/dynamic/helper consumers individually traced; control matrix PASS,All three actual presets and defaults plus select/checkbox/range endpoints PASS; preserved prior setting IDs and truthful insertion defaults,"SOURCE/DOM all select/checkbox/range endpoints, bounded panel/nav/table/media widths, long-content wrapping, mobile vertical-to-horizontal orientation and media ordering PASS; actual pixels/scroll/zoom queued","SOURCE/DOM native details and dialog markup, progressive visible content, tab roles/roving focus/arrows/Home/End/RTL/hash, named media/links/table regions, focus restoration and reduced motion PASS; native browser inert/focus trapping/AT queued","Actual two-instance tab/disclosure/dialog fixtures, isolated selection, media retirement/restoration, singleton duplicate execution and independent native IDs PASS","Native outer wrapper owns editor metadata; visibility/motion bypass and actual empty guidance, late insertion, load/unload/reload/reorder/select with controller disposal PASS; native Theme Editor queued",Unsuppressed CLI 4.8.0 evidence/comparison in batch8-panels; no scanner suppression; group errors checked explicitly,REQUIRES LIVE VERIFICATION,"Individually reviewed every dynamic tab and layout control and all presets. All populated panels remain visible before enhancement; navigation activates only after scoped controller initialization. Blank first slots select the first existing pair. Roving tabs, orientation-aware keyboard arrows/Home/End/RTL, hash targets, resize and editor lifecycle are shared and scoped. Safe CTA attributes, bounded content/focus styles, neutral insertion text and actual empty/editor states repaired.","B8-PANELS live queue after engineering batches: native Theme Editor insert/select/reorder/load/unload; browser details grouping, dialog top layer/inert/focus trapping/AT and scroll; actual YouTube/Vimeo/video playback and retirement; native metafield image/video/rich formatting, chart/table 320/390/768/1280/1440px, no-JS/RTL/zoom/reduced motion. All prior queues remain; no live Shopify QA performed.","Individual source/schema/default/preset/consumer review in batch8-panels; 468 actual render/control/state combinations plus interaction fixtures. LiquidJS/JSDOM and explicit native filter/dialog adapters are not live Shopify/browser certification. Saved setting IDs retained, all 150 sections and settings_data untouched. B8-FINAL: formally closed for engineering; individual disposition and live queue retained. Final full-suite/native-parse/hash/protected-state evidence: validation/batch8-engineering-closure."
blocks,content-testimonials-slider,blocks/content-testimonials-slider.liquid,8 Theme Blocks,,,interactive-content-carousel-media.js,,YES,SOURCE all 110 settings/defaults/options; direct/dynamic/helper consumers individually traced; control matrix PASS,All 3 actual presets and defaults plus select/checkbox/range endpoints PASS; preserved prior setting IDs and truthful insertion defaults,"SOURCE/DOM all layouts/count/width/spacing/native-media endpoints, featured single-column correction, matching nested/mobile selector specificity, native scroll rows/carousel and wrapped long text PASS; native 320–1440px/RTL/zoom pixels queued","SOURCE/DOM named ratings with decorative stars, native alt/complete safe links, useful empty states, one editor wrapper, visible focus, native no-JS media/scroll and persistent pause PASS; real AT/contrast/browser/provider acceptance queued","Actual raw-ID duplicate hosts, measured independent LTR/RTL carousel controllers and independent UGC media controls PASS",Actual insert/remove/reorder/unload/reload and source design-mode visibility/motion/player gating PASS; native Theme Editor behavior queued,Unsuppressed CLI 4.8.0 evidence/comparison in batch8-reviews-ugc; no scanner suppression; group errors checked explicitly,REQUIRES LIVE VERIFICATION,"Individually reviewed all 110 settings and three presets. New insertion is neutral; saved merchant settings/types/options preserved. Replaced local inline timers/listeners/slide counting with the established shared carousel engine: native no-JS scrolling, measured reachable pages, persistent pause, focus/hover/reduced-motion/intersection/visibility behavior, RTL keys, sparse slides and mutation/editor cleanup. Hosted video settings use native provider type/id to create safe named YouTube/Vimeo templates with a native provider link; actual player loads only on interaction and disposes when hidden/unloaded. Native alt/ratings/complete actions, nested mobile/tablet CSS specificity and accessible controls repaired.","B8-REVIEWS-UGC live queue: actual native settings drops and hosted/uploaded player behavior, real YouTube/Vimeo availability/privacy/controls, genuine merchant review/rating/verification/UGC rights and accuracy, 320–1440px/RTL/zoom/nested layouts, keyboard/AT/focus/contrast/native scrolling, and actual Theme Editor insertion/reorder/reload. Fixtures/DOM/geometry/media stubs are not Shopify/browser certification. No live QA; earlier queues and 605 historical candidates remain separate.",Individual setting/default/preset/source/consumer review with all original IDs/types/options retained. 507 actual renders plus actual shared carousel/media runtime fixtures. No new dependency; existing cross-family ownership preserved. Native platform/DOM/provider adapters are not live acceptance. B8-FINAL: formally closed for engineering; individual disposition and live queue retained. Final full-suite/native-parse/hash/protected-state evidence: validation/batch8-engineering-closure.
blocks,content-testimonials,blocks/content-testimonials.liquid,8 Theme Blocks,,,,,YES,SOURCE all 97 settings/defaults/options; direct/dynamic/helper consumers individually traced; control matrix PASS,All 3 actual presets and defaults plus select/checkbox/range endpoints PASS; preserved prior setting IDs and truthful insertion defaults,"SOURCE/DOM all layouts/count/width/spacing/native-media endpoints, featured single-column correction, matching nested/mobile selector specificity, native scroll rows/carousel and wrapped long text PASS; native 320–1440px/RTL/zoom pixels queued","SOURCE/DOM named ratings with decorative stars, native alt/complete safe links, useful empty states, one editor wrapper, visible focus, native no-JS media/scroll and persistent pause PASS; real AT/contrast/browser/provider acceptance queued","Actual raw-ID duplicate hosts, measured independent LTR/RTL carousel controllers and independent UGC media controls PASS",Actual insert/remove/reorder/unload/reload and source design-mode visibility/motion/player gating PASS; native Theme Editor behavior queued,Unsuppressed CLI 4.8.0 evidence/comparison in batch8-reviews-ugc; no scanner suppression; group errors checked explicitly,REQUIRES LIVE VERIFICATION,"Individually reviewed all 97 settings and three presets. New defaults omit invented testimonials and ratings; saved content remains unchanged. Complete action-only and image/role/company-only content is supported, while incomplete empty links/cards omit. URLs/plain copy escape, image alt falls back to native metadata/name, ratings have one accessible label and empty author wrappers omit. Featured first-card span respects a single desktop column; nested mobile columns and long author/link content are bounded. Native wrapper/editor visibility/motion/empty guidance repaired.","B8-REVIEWS-UGC live queue: actual native settings drops and hosted/uploaded player behavior, real YouTube/Vimeo availability/privacy/controls, genuine merchant review/rating/verification/UGC rights and accuracy, 320–1440px/RTL/zoom/nested layouts, keyboard/AT/focus/contrast/native scrolling, and actual Theme Editor insertion/reorder/reload. Fixtures/DOM/geometry/media stubs are not Shopify/browser certification. No live QA; earlier queues and 605 historical candidates remain separate.",Individual setting/default/preset/source/consumer review with all original IDs/types/options retained. 507 actual renders plus actual shared carousel/media runtime fixtures. No new dependency; existing cross-family ownership preserved. Native platform/DOM/provider adapters are not live acceptance. B8-FINAL: formally closed for engineering; individual disposition and live queue retained. Final full-suite/native-parse/hash/protected-state evidence: validation/batch8-engineering-closure.
blocks,content-timeline,blocks/content-timeline.liquid,8 Theme Blocks,,,,,YES,SOURCE all 97 settings/defaults/options; direct/dynamic/helper consumers individually traced; control matrix PASS,All 1 actual presets and defaults plus select/checkbox/range endpoints PASS; preserved prior setting IDs and truthful insertion defaults,"SOURCE/DOM all original layout/columns/width/spacing endpoints with populated and sparse data, bounded nested padding/columns, native image proportions and independently sized badge art, logical/narrow timeline geometry PASS; 320–1440px/RTL/zoom pixels queued","SOURCE/DOM complete native safe link names/URLs, image alt fallback, escaped icons/plain text with saved richtext intact, visible focus, ordered timeline source order and useful empty states PASS; actual keyboard/AT/contrast acceptance queued",Actual raw case/underscore IDs remain distinct across duplicate instances; exactly one native editor wrapper each; no script/global listener or mutable shared-state dependency introduced PASS,Empty-content guidance and visibility/entry-motion bypass PASS; native static rerender has no controller/listener state; actual Theme Editor selection/reorder acceptance queued,Unsuppressed CLI 4.8.0 evidence/comparison in batch8-proof-timeline; no scanner suppression; group errors checked explicitly,REQUIRES LIVE VERIFICATION,"Individually reviewed all 97 controls and the actual preset, including all eight native date/icon/image/richtext/action slots. Removed timeline setup/example story from new insertion; existing merchant steps remain preserved. Blank configured slots no longer create phantom cards or markers; complete action-only entries work. Native ordered-list semantics retain actual chronological source order, sparse entries and native image alt. Escaped plain icons and URL attributes, complete actions and intact rich text. Logical inline geometry supports RTL; narrow containers become vertical with bounded marker offsets, and minimal markers are in flow rather than overlapping cards. Bounded widths/padding, one native wrapper and useful editor empty/visibility/motion behavior repaired.","B8-PROOF-TIMELINE live queue after engineering batches: merchant-supplied logo/press/trust/testimonial claims remain owner content; actual native image/alt and destination behavior, 320–1440px/RTL/zoom/nested grids and timeline markers, contrast/keyboard/AT and Theme Editor lifecycle. LiquidJS/native-image/DOM adapters are not browser acceptance. No live Shopify QA; prior queues carry forward.",Individual schema/default/preset/source/consumer review in batch8-proof-timeline. Every original setting ID/type/option retained and saved merchant content rendered in fixtures. New defaults/presets omit unsupported sample claims and setup copy. No new dependency ownership; DOM/native-image adapters are not live acceptance. B8-FINAL: formally closed for engineering; individual disposition and live queue retained. Final full-suite/native-parse/hash/protected-state evidence: validation/batch8-engineering-closure.
blocks,content-trust-badges,blocks/content-trust-badges.liquid,8 Theme Blocks,,,,,YES,SOURCE all 83 settings/defaults/options; direct/dynamic/helper consumers individually traced; control matrix PASS,All 3 actual presets and defaults plus select/checkbox/range endpoints PASS; preserved prior setting IDs and truthful insertion defaults,"SOURCE/DOM all original layout/columns/width/spacing endpoints with populated and sparse data, bounded nested padding/columns, native image proportions and independently sized badge art, logical/narrow timeline geometry PASS; 320–1440px/RTL/zoom pixels queued","SOURCE/DOM complete native safe link names/URLs, image alt fallback, escaped icons/plain text with saved richtext intact, visible focus, ordered timeline source order and useful empty states PASS; actual keyboard/AT/contrast acceptance queued",Actual raw case/underscore IDs remain distinct across duplicate instances; exactly one native editor wrapper each; no script/global listener or mutable shared-state dependency introduced PASS,Empty-content guidance and visibility/entry-motion bypass PASS; native static rerender has no controller/listener state; actual Theme Editor selection/reorder acceptance queued,Unsuppressed CLI 4.8.0 evidence/comparison in batch8-proof-timeline; no scanner suppression; group errors checked explicitly,REQUIRES LIVE VERIFICATION,"Individually reviewed all 83 controls and three presets across eight icon/image/heading/richtext/action slots. New presets become neutral grid/inline/card layouts without invented shipping, payment verification, privacy or guarantee claims; saved merchant messaging remains intact. Plain icon text is escaped, native images have useful alt fallback and use image_size independently of icon_size so oversized badge art is not clipped into an icon circle. Complete action-only badges render; incomplete actions and blank content wrappers omit. Bounded padding/width, wrapped narrow content, focus, one native wrapper, editor empty guidance and visibility/motion repaired.","B8-PROOF-TIMELINE live queue after engineering batches: merchant-supplied logo/press/trust/testimonial claims remain owner content; actual native image/alt and destination behavior, 320–1440px/RTL/zoom/nested grids and timeline markers, contrast/keyboard/AT and Theme Editor lifecycle. LiquidJS/native-image/DOM adapters are not browser acceptance. No live Shopify QA; prior queues carry forward.",Individual schema/default/preset/source/consumer review in batch8-proof-timeline. Every original setting ID/type/option retained and saved merchant content rendered in fixtures. New defaults/presets omit unsupported sample claims and setup copy. No new dependency ownership; DOM/native-image adapters are not live acceptance. B8-FINAL: formally closed for engineering; individual disposition and live queue retained. Final full-suite/native-parse/hash/protected-state evidence: validation/batch8-engineering-closure.
blocks,content-ugc-showcase,blocks/content-ugc-showcase.liquid,8 Theme Blocks,,,qtm-block-visual-media.js,,YES,SOURCE all 110 settings/defaults/options; direct/dynamic/helper consumers individually traced; control matrix PASS,All 3 actual presets and defaults plus select/checkbox/range endpoints PASS; preserved prior setting IDs and truthful insertion defaults,"SOURCE/DOM all layouts/count/width/spacing/native-media endpoints, featured single-column correction, matching nested/mobile selector specificity, native scroll rows/carousel and wrapped long text PASS; native 320–1440px/RTL/zoom pixels queued","SOURCE/DOM named ratings with decorative stars, native alt/complete safe links, useful empty states, one editor wrapper, visible focus, native no-JS media/scroll and persistent pause PASS; real AT/contrast/browser/provider acceptance queued","Actual raw-ID duplicate hosts, measured independent LTR/RTL carousel controllers and independent UGC media controls PASS",Actual insert/remove/reorder/unload/reload and source design-mode visibility/motion/player gating PASS; native Theme Editor behavior queued,Unsuppressed CLI 4.8.0 evidence/comparison in batch8-reviews-ugc; no scanner suppression; group errors checked explicitly,REQUIRES LIVE VERIFICATION,"Individually reviewed all 110 settings and three presets. New insertion omits fabricated reviews, people, handles and stars; saved authored rich content remains intact. Empty enabled items no longer generate lifestyle placeholders. Copy-only, native image, selected product and complete link cards honor their visibility controls; missing product images no longer leave an empty column. Native escaped destinations/image alt and named ratings preserved. Each uploaded video reuses the existing visual-media controller with native no-JS controls, explicit play/pause when controls are hidden, gated autoplay and independent reduced-motion/visibility/editor/disposal behavior. External videos remain native safe links. Raw IDs/native wrapper, native focusable horizontal row and nested responsive layouts repaired.","B8-REVIEWS-UGC live queue: actual native settings drops and hosted/uploaded player behavior, real YouTube/Vimeo availability/privacy/controls, genuine merchant review/rating/verification/UGC rights and accuracy, 320–1440px/RTL/zoom/nested layouts, keyboard/AT/focus/contrast/native scrolling, and actual Theme Editor insertion/reorder/reload. Fixtures/DOM/geometry/media stubs are not Shopify/browser certification. No live QA; earlier queues and 605 historical candidates remain separate.",Individual setting/default/preset/source/consumer review with all original IDs/types/options retained. 507 actual renders plus actual shared carousel/media runtime fixtures. No new dependency; existing cross-family ownership preserved. Native platform/DOM/provider adapters are not live acceptance. B8-FINAL: formally closed for engineering; individual disposition and live queue retained. Final full-suite/native-parse/hash/protected-state evidence: validation/batch8-engineering-closure.
blocks,custom-custom-form,blocks/custom-custom-form.liquid,8 Theme Blocks,snippets/qtm-block-location-info.liquid,,,,YES,SOURCE all 58 settings/defaults/options; direct/dynamic/helper consumers individually traced; control matrix PASS,All 3 actual presets and defaults plus select/checkbox/range endpoints PASS; preserved prior setting IDs and truthful insertion defaults,"SOURCE/DOM all layouts/options/range endpoints, bounded card padding and native payment grid/icon tracks, long labels and container-aware nested form grids PASS; real 320–1440px/zoom/RTL pixels queued","SOURCE/DOM native field labels/required/consent, visible native errors with matched descriptions, safe values, real unique search listbox/status/keyboard controls, payment labels and named social links PASS; native keyboard/AT/contrast queued","Independent raw native IDs and one editor metadata owner per block PASS; real predictive controller two hosts, stale-request abort, duplicate initialization and matching panel/option IDs PASS","SOURCE/DOM design-mode visibility/motion, meaningful empty setup guidance, inserted/removed/reordered search hosts and section unload/reload lifecycle PASS; actual Theme Editor queued",Unsuppressed CLI 4.8.0 evidence/comparison in batch8-native-forms-information; no scanner suppression; group errors checked explicitly,REQUIRES LIVE VERIFICATION,"Individually reviewed all 58 settings and three presets. Baseline bytes prove this file was an exact copy of content-location-info, including its schema; it has never supplied a form transport. Preserves all saved IDs, types, options and its location role, while clarifying the editor name as Legacy location info. Delegates to the already hardened location renderer with all actual image/alt, escaped contact/address, valid action, empty/editor/device/motion and narrow-layout behavior. New insertion defaults mirror the neutral reviewed location presets; no custom form transport is invented.","B8-NATIVE-FORMS live queue after engineering batches: real contact/customer POST, captcha/server errors/return values and newsletter consent/tag handling; native search source/display/filter behavior and keyboard/AT; native payment SVGs and actual device/location/checkout eligibility; real narrow-container form/card layouts and Theme Editor lifecycle. Legacy custom-custom-form remains location information. No live Shopify QA; prior queues carry forward.","Individual source/schema/default/preset/consumer review in batch8-native-forms-information. All prior IDs/options and merchant settings_data preserved. Custom-custom-form is a retained historical location alias, not an implemented custom form. LiquidJS/JSDOM/native-form/payment/provider adapters do not certify real Shopify endpoints or browser pixels. B8-FINAL: formally closed for engineering; individual disposition and live queue retained. Final full-suite/native-parse/hash/protected-state evidence: validation/batch8-engineering-closure."
blocks,layout-column,blocks/layout-column.liquid,8 Theme Blocks,,,,,YES,SOURCE all 20 settings/defaults/options; direct/dynamic/helper consumers individually traced; control matrix PASS,All three actual presets and defaults plus select/checkbox/range endpoints PASS; preserved prior setting IDs and truthful insertion defaults,"SOURCE/DOM actual host CSS cascade at mobile/tablet/desktop widths, one-to-six columns, inherited/explicit scroll-stack-grid, spacing extremes, min-height/full-height/flex, order/sticky and shrink constraints PASS; actual pixels/scroll/sticky ancestors queued LIVE-QA WIDTH: actual local Chromium pixel geometry PASS across 320/390/768/1440px, both builders and all requested column presets/alignments; native Shopify pending.","SOURCE/DOM single native editor root, tag/role allowlists, named scroll regions with keyboard focus outlines, named region/group columns and retained semantic tags PASS; visual versus reading order and real keyboard/AT/editor queued","Actual content and product host chains with nested reviewed content/purchase leaves, independent IDs, exact child admissions/preset trees and instance-scoped CSS PASS; no JS state/controller introduced","Supported tag:null with exactly one explicit root shopify_attributes; all visibility false remains selectable in design mode, actual empty projection guidance and existing populated child projection PASS; native editor drag/drop/insertion/reorder queued","Unsuppressed CLI 4.8.0 evidence/comparison in batch8-builder-layouts; no scanner suppression; group errors checked explicitly LIVE-QA WIDTH: fresh CLI 4.8.0, 0 errors/509 unchanged warnings, exit 0.",REQUIRES LIVE VERIFICATION,"Individually reviewed all 20 controls and three presets, retaining all 62 child admissions. Native tag:null makes columns actual row grid items, fixes hidden-column gaps and duplicate metadata. Flex root/inner repairs min-height vertical alignment; actual child flex growth replaces invalid justify-content:stretch, and native leaf wrappers receive shrinking/stretch constraints. Tag/role allowlists and named region/group semantics, editor visibility and actual captured child-projection empty guidance repaired. Saved settings and child content preserved. LIVE-QA WIDTH: give direct Shopify Theme Block wrappers width:100% for every horizontal alignment; keep leaf width/max-width, native wrapper boxes and scoped builder contracts.","B8-BUILDER-LAYOUTS live queue after engineering batches: native Theme Editor insertion/select/drag/reorder/nesting and saved configurations; actual tag:null markup, layout fill/min-height/sticky containing ancestors/scroll snapping, media visual order versus keyboard/AT reading order; independent row overrides and section inheritance, padding/gap extrema, 320/390/768/1280/1440px, long text/RTL/zoom/no-JS/reduced motion. All previous queues carry forward; no live Shopify QA performed.","Individual schema/source/consumer review and 367 actual render/control/preset/host combinations in batch8-builder-layouts. CSS-cascade adapter tests actual DOM selectors/specificity/source order/width media, not pixel geometry or native editor execution. Source blocks retain all nested admissions and preset child trees; both section sources unchanged. Shared test wrapper adapter now respects native tag:null instead of inventing an extra wrapper. B8-FINAL: formally closed for engineering; individual disposition and live queue retained. Final full-suite/native-parse/hash/protected-state evidence: validation/batch8-engineering-closure. Owner-reported post-closure width collapse reproduced locally against 23994e3 and repaired; validation/live-qa-block-width contains 1164 passing browser scenarios and 115/115 full regressions. Owner exclusively performs live Shopify testing. No new batch or live acceptance claim."
blocks,layout-row,blocks/layout-row.liquid,8 Theme Blocks,,,,,YES,SOURCE all 23 settings/defaults/options; direct/dynamic/helper consumers individually traced; control matrix PASS,All three actual presets and defaults plus select/checkbox/range endpoints PASS; preserved prior setting IDs and truthful insertion defaults,"SOURCE/DOM actual host CSS cascade at mobile/tablet/desktop widths, one-to-six columns, inherited/explicit scroll-stack-grid, spacing extremes, min-height/full-height/flex, order/sticky and shrink constraints PASS; actual pixels/scroll/sticky ancestors queued","SOURCE/DOM single native editor root, tag/role allowlists, named scroll regions with keyboard focus outlines, named region/group columns and retained semantic tags PASS; visual versus reading order and real keyboard/AT/editor queued","Actual content and product host chains with nested reviewed content/purchase leaves, independent IDs, exact child admissions/preset trees and instance-scoped CSS PASS; no JS state/controller introduced","Supported tag:null with exactly one explicit root shopify_attributes; all visibility false remains selectable in design mode, actual empty projection guidance and existing populated child projection PASS; native editor drag/drop/insertion/reorder queued",Unsuppressed CLI 4.8.0 evidence/comparison in batch8-builder-layouts; no scanner suppression; group errors checked explicitly,REQUIRES LIVE VERIFICATION,"Individually reviewed all row controls and three complete column presets. Native tag:null plus one explicit root editor attribute makes the actual row a direct builder child. Saved mobile classes remain while a resolved mobile attribute handles inherited versus explicit stack/scroll/grid; scoped selector specificity and resets preserve row ownership against host styles. Scrollable rows are named keyboard regions; tag allowlist, box sizing and long-content bounds added. All three insertion presets explicitly use their configured spacing; merchant inheritance control remains functional. Child admission and all preset child trees preserved exactly.","B8-BUILDER-LAYOUTS live queue after engineering batches: native Theme Editor insertion/select/drag/reorder/nesting and saved configurations; actual tag:null markup, layout fill/min-height/sticky containing ancestors/scroll snapping, media visual order versus keyboard/AT reading order; independent row overrides and section inheritance, padding/gap extrema, 320/390/768/1280/1440px, long text/RTL/zoom/no-JS/reduced motion. All previous queues carry forward; no live Shopify QA performed.","Individual schema/source/consumer review and 367 actual render/control/preset/host combinations in batch8-builder-layouts. CSS-cascade adapter tests actual DOM selectors/specificity/source order/width media, not pixel geometry or native editor execution. Source blocks retain all nested admissions and preset child trees; both section sources unchanged. Shared test wrapper adapter now respects native tag:null instead of inventing an extra wrapper. B8-FINAL: formally closed for engineering; individual disposition and live queue retained. Final full-suite/native-parse/hash/protected-state evidence: validation/batch8-engineering-closure."
blocks,product-accordion,blocks/product-accordion.liquid,8 Theme Blocks,snippets/qtm-block-metafield.liquid,,,,YES,SOURCE all 65 settings/defaults/options; direct/dynamic/helper consumers individually traced; control matrix PASS,All three actual presets and defaults plus select/checkbox/range endpoints PASS; preserved prior setting IDs and truthful insertion defaults,"SOURCE/DOM all select/checkbox/range endpoints, bounded panel/nav/table/media widths, long-content wrapping, mobile vertical-to-horizontal orientation and media ordering PASS; actual pixels/scroll/zoom queued","SOURCE/DOM native details and dialog markup, progressive visible content, tab roles/roving focus/arrows/Home/End/RTL/hash, named media/links/table regions, focus restoration and reduced motion PASS; native browser inert/focus trapping/AT queued","Actual two-instance tab/disclosure/dialog fixtures, isolated selection, media retirement/restoration, singleton duplicate execution and independent native IDs PASS","Native outer wrapper owns editor metadata; visibility/motion bypass and actual empty guidance, late insertion, load/unload/reload/reorder/select with controller disposal PASS; native Theme Editor queued",Unsuppressed CLI 4.8.0 evidence/comparison in batch8-panels; no scanner suppression; group errors checked explicitly,REQUIRES LIVE VERIFICATION,"Individually reviewed controls and presets. Converted custom button/grid disclosure to native details/summary so actual description, manual content and typed metafields work without JavaScript. First actual populated item opens; single-open lifecycle helper, native merchant shipping/refund policy fallback, empty custom/care omission, safe fallback headings and truthful empty insertion states. Preserved saved settings, selected product identity and manual content.","B8-PANELS live queue after engineering batches: native Theme Editor insert/select/reorder/load/unload; browser details grouping, dialog top layer/inert/focus trapping/AT and scroll; actual YouTube/Vimeo/video playback and retirement; native metafield image/video/rich formatting, chart/table 320/390/768/1280/1440px, no-JS/RTL/zoom/reduced motion. All prior queues remain; no live Shopify QA performed.","Individual source/schema/default/preset/consumer review in batch8-panels; 468 actual render/control/state combinations plus interaction fixtures. LiquidJS/JSDOM and explicit native filter/dialog adapters are not live Shopify/browser certification. Saved setting IDs retained, all 150 sections and settings_data untouched. B8-FINAL: formally closed for engineering; individual disposition and live queue retained. Final full-suite/native-parse/hash/protected-state evidence: validation/batch8-engineering-closure."
blocks,product-add-to-cart,blocks/product-add-to-cart.liquid,8 Theme Blocks,snippets/product-selling-plans.liquid;snippets/qtm-product-block-data.liquid,,,,YES,"SOURCE all 35 settings/defaults/options, direct consumers and shared controller contracts; actual state matrix PASS",All three actual presets and defaults plus select/checkbox/range endpoints PASS; native actions and truthful labels retained,"SOURCE shrinking grids, long labels, bounded controls, native sticky wrapper/offset, breakpoint visibility and range extremes PASS; actual pixels/sticky ancestry/native wallet geometry queued","SOURCE/DOM native labeled forms, direct fieldset legends/toggle semantics, visible errors/focus, progressive variants, disabled invalid payments/quantity and reduced motion reviewed; real keyboard/AT/Shopify checkout queued","Actual eight-block product composition in two same-product hosts, one authoritative ID/quantity/plan per form, no cross-host state/cart status or duplicate requests PASS","Native outer metadata/visibility; guarded duplicate/initial/dynamic boot, host unload/reload/reorder/removal and source selection state fixtures PASS; actual editor insertion and native wallets queued",Unsuppressed CLI 4.8.0 evidence/comparison in batch8-product-purchase; zero group errors; new helper orphan diagnostics retained with explicit active consumers,REQUIRES LIVE VERIFICATION,"Repaired copied Quantity Selector identity into a real native Add to Cart form, retaining all prior quantity controls/style IDs and three presets. Added genuine purchase/status labels, product/variant/quantity/required-plan payload, sold-out/invalid guards and truthful shared cart integration; no fake action label remains.","B8-PRODUCT-PURCHASE after engineering batches: native form/accelerated checkout/cart routes, selling-plan eligibility/allocations, market/currency/unit/tax presentation, native option/swatch drops and high-variant catalogs; out-of-list explicit selection preserved, full native enumeration/platform navigation needs live coverage. Actual stock/quantity/plan transitions, duplicate builder hosts, sticky ancestors/editor lifecycle, 320/390/768/1280/1440px, long labels/RTL/zoom/keyboard/AT/no-JS/reduced motion. Real mutation/checkout/provider behavior remains untested live.",Individual schemas/presets/consumers and actual composition evidence in batch8-product-purchase; 375 control/default/preset renders plus targeted purchase/request/lifecycle assertions. Platform/form/payment/money/media adapters do not certify Shopify checkout. Inventory Status copy defect is identified but remains NOT REVIEWED for its separate stock/trust review. B8-FINAL: formally closed for engineering; individual disposition and live queue retained. Final full-suite/native-parse/hash/protected-state evidence: validation/batch8-engineering-closure.
blocks,product-bundle-builder,blocks/product-bundle-builder.liquid,8 Theme Blocks,snippets/qtm-block-bundle-item.liquid;snippets/qtm-product-block-data.liquid,,,,YES,SOURCE all 39 settings/defaults/options; direct/dynamic/helper consumers individually traced; control matrix PASS,All three actual presets and defaults plus select/checkbox/range endpoints PASS; preserved prior setting IDs and truthful insertion defaults,"SOURCE/DOM all controls/presets/endpoints, cards/inline/grid/compact and mobile/desktop column/image/padding rules, bounded nested widths/labels/prices and native media PASS; real 320/390/768/1280/1440px/zoom/RTL pixels queued","SOURCE/DOM named native product links, actual variant/plan/quantity labels, disabled unavailable payloads, progressive selection, native submit/status and reduced motion PASS; browser keyboard/AT/focus/editor queued","Actual two product-host/form/commerce/controller compositions, native plan/quantity/variant/restoration, unrelated and ambiguous events, independent optional selection, duplicate initialization and cart submit suppression PASS",Native wrapper owns editor metadata; empty/selectable guidance and visibility/motion bypass; late insertion/reorder/removal/load/unload/reload and listener cleanup PASS. Pending shared cart mutations finish authoritatively but detached form results cannot update storefront UI; native editor queued,Unsuppressed CLI 4.8.0 evidence/comparison in batch8-product-bundles; no scanner suppression; group errors checked explicitly,REQUIRES LIVE VERIFICATION,"Individually reviewed 36 existing controls, all three presets and three required wording controls. Preserves four configured product pickers/current-product inclusion and cards/inline/grid layouts. One shared item calculation/render path replaces copied current/companion markup; duplicate native products are removed, only actual available variants with valid native minimum quantities and required selected selling plans enter the subtotal/payload. Locale native POST and contiguous indexed items fields use the existing cart handler instead of copied fetch/fake global cart events. Actual owning product form drives included current variant/quantity/plan. No automatic enrollment of a companion requiring unselected purchase options; its named native product link and explicit message remain. Native image/alt, empty/editor ownership, wrapping/shrinking and neutral new offer copy repaired; saved merchant offers retained with honest schema explanation.","B8-PRODUCT-BUNDLES live queue after engineering batches: actual locale-aware native multi-item form and AJAX cart transactions, inventory/quantity-rule rejection and selling-plan eligibility/prices/names, native current variant outside enumeration and browser restoration; real automatic/app discounts versus advertised offer text, market/presentment money formats and cart totals; no-JS/keyboard/AT/focus/RTL/zoom/responsive layouts and native Theme Editor lifecycle. Companion subscription/options choices remain on their native product pages unless an actual selected allocation exists. No live Shopify QA performed; all prior queues carry forward.",Individual source/schema/default/preset/consumer review in batch8-product-bundles. Existing saved IDs and commercial/native contracts preserved. LiquidJS/JSDOM/native-data and cart response fixtures do not certify actual Shopify transactions or browser/editor pixels. B8-FINAL: formally closed for engineering; individual disposition and live queue retained. Final full-suite/native-parse/hash/protected-state evidence: validation/batch8-engineering-closure.
blocks,product-comparison-table,blocks/product-comparison-table.liquid,8 Theme Blocks,,,,,YES,SOURCE all 78 settings/defaults/options; direct/dynamic/helper consumers individually traced; control matrix PASS,All three actual presets and defaults plus select/checkbox/range endpoints PASS; preserved prior setting IDs and truthful insertion defaults,"SOURCE min-width/box sizing, independent image/icon sizes, grid counts, long text, bounded payments, table scrolling/responsive highlights and outer-wrapper breakpoint visibility PASS; real pixels/RTL/zoom queued","SOURCE/DOM escaped plain text, actual rich text, native details/definition lists/table row headers, named scroll region and icon-only payment badges, status updates, native editor metadata and reduced motion PASS; actual keyboard/AT queued","Actual stock/specifications/form/picker compositions in two same-product hosts plus mixed-product native controls, null selection, scoped/ambiguous legacy events and selected out-of-list records PASS","Native outer metadata only; design-mode visibility, duplicate/dynamic boot, unload/reload/reorder and late insertion through existing metadata/commerce controllers PASS; actual editor behavior queued",Unsuppressed CLI 4.8.0 evidence/comparison in batch8-product-information; no scanner suppression; group errors checked explicitly,REQUIRES LIVE VERIFICATION,"All four columns/eight row settings, highlight choices and layouts traced. Real table row headers, caption and keyboard-focusable named scroll region; accessible included/not-included text. Cards layout retains horizontal containment and highlight text/background propagates through nested text and responsive cards. Removed invented warranty/support/popularity/value comparison rows from insertion defaults, preserving saved custom comparisons and yes/no semantics.","B8-PRODUCT-INFORMATION live queue after engineering batches: real native inventory across tracked/untracked/backorder/sold-out and high-variant products; market/currency payment-provider exposure and checkout eligibility; actual configured policy URLs, native weight/options/image alt; saved/default/preset extremes, 320/390/768/1280/1440px, long copy, RTL/zoom/keyboard/AT/no-JS/reduced motion, duplicate product builders and actual editor insertion/reload. All earlier queues carry forward; offline fixtures do not certify Shopify execution.",Individual source/settings/preset/consumer review in batch8-product-information; 553 actual default/preset/control/state renders plus real composed purchase/lifecycle assertions. Five static blocks have no inline JS or simulated commerce actions; only inventory and variant specifications use reviewed metadata events. Shopify/native inventory/provider/media/weight and rendered geometry remain live gates. B8-FINAL: formally closed for engineering; individual disposition and live queue retained. Final full-suite/native-parse/hash/protected-state evidence: validation/batch8-engineering-closure.
blocks,product-complimentary-products,blocks/product-complimentary-products.liquid,8 Theme Blocks,snippets/qtm-block-product-card.liquid,,,,YES,SOURCE all 56 settings/defaults/options; direct/dynamic/helper consumers individually traced; control matrix PASS,All three actual presets and defaults plus select/checkbox/range endpoints PASS; preserved prior setting IDs and truthful insertion defaults,"SOURCE/DOM all control endpoints, native grid/cards/minimal/compact/split/carousel modes, three breakpoint controls, bounded labels and actual configured-gap/RTL geometry arithmetic PASS; native pixels/zoom/scroll-snap remain queued","SOURCE/DOM useful no-JS links/native scroll, named regions/controls/targets, blank-label suppression, viewport-only keyboard handling, focus-preserving replacement and reduced motion PASS; native browser/AT/zoom/focus queued","Two-carousel RTL/native geometry and two actual product-form/metadata/commerce host compositions, exact fetched root/product, independent variant deltas, duplicate execution and dynamic insertion/removal/reorder PASS","Native wrapper owns editor metadata; honest selectable empty state and visibility/motion bypass; load/unload/reload, aborted/stale requests and observer/listener/RAF cleanup PASS; actual native editor queued",Unsuppressed CLI 4.8.0 evidence/comparison in batch8-product-merchandising; no scanner suppression; group errors checked explicitly,REQUIRES LIVE VERIFICATION,"Individually reviewed all 56 settings and three presets; historical filename retained. Correct-intent native complementary recommendations supersede manual fallback even when fallback cards exist. Locale-aware native section/product route is escaped and capped at Shopify's 10-result maximum while manual limits up to 12 remain. Wrong-intent/empty/current-only results retain actual manual candidates; no-JS fallback, exact fetched block/product matching and deferred keyboard-focus-safe replacement. Preserves cards/grid/carousel modes and saved IDs; neutral insertion copy, honest empty/editor guidance and independently available carousel arrows repaired.","B8-PRODUCT-MERCHANDISING live queue after engineering batches: native complementary Search & Discovery/section/block/market context, locale tracking URLs, cap-10/manual/empty fallback; native variant/money/compare/image drops; browser no-JS/RTL scroll-snap, 320/390/768/1280/1440px grid/compact/split/long copy, keyboard/AT/reduced-motion/zoom; native editor insertion/select/reorder/load/unload and multiple product hosts/restoration. Upsell difference compares base unit prices before selling plans, quantity and cart discounts. All prior queues carry forward; no live Shopify QA performed.",Individual source/schema/default/preset/consumer review in batch8-product-merchandising. LiquidJS/JSDOM/native-filter/provider-response/geometry adapters are not Shopify/browser certification. All saved setting IDs and protected hosts/state preserved. B8-FINAL: formally closed for engineering; individual disposition and live queue retained. Final full-suite/native-parse/hash/protected-state evidence: validation/batch8-engineering-closure.
blocks,product-countdown,blocks/product-countdown.liquid,8 Theme Blocks,snippets/qtm-block-deadline.liquid,,,,YES,SOURCE all 34 settings/defaults/options; direct/dynamic/helper consumers individually traced; control matrix PASS,All three actual presets and defaults plus select/checkbox/range endpoints PASS; preserved prior setting IDs and truthful insertion defaults,"SOURCE/DOM all select/checkbox/range endpoints, shrinking timer columns/banner layout, bounded buttons/inputs/message content and icon-free grid, responsive visibility PASS; actual 320/390/768/1280/1440px pixels/RTL/zoom queued","SOURCE/DOM named native progress/time, timer aria-live off, real native links/manual copy field, capability-gated buttons, fallback labels/group/status/focus, finite pulse and reduced motion PASS; actual screen reader/native clipboard/share UI queued","Actual two-instance clocks/share roots and independent messages, exact expiry/visibility pause, no duplicated singleton work, scoped unload/reload/removal/reorder/late insertion and pending async disposal PASS","Native outer wrapper owns metadata; design visibility/motion bypass and honest empty configuration guidance, inserted/removed/reloaded/reordered roots and cleared timers/listeners PASS; native Theme Editor queued",Unsuppressed CLI 4.8.0 evidence/comparison in batch8-product-utilities; no scanner suppression; group errors checked explicitly,REQUIRES LIVE VERIFICATION,"Individually reviewed every setting and preset. Actual calendar/leap-year, time and fixed-offset validation now gates real deadlines; invalid/empty configuration is editor guidance only. Visible native time fallback replaces no-JS zeroes, timer is aria-live off, responsive cells shrink, native wrapper owns editor metadata. Existing scoped Countdown controller replaces inline interval/global unload listeners. Fixed fake future promotion/tutorial defaults and neutral expired fallback; no discounts created or ended.","B8-PRODUCT-UTILITIES live queue after engineering batches: native Liquid epoch parsing/caching and configured fixed UTC offsets versus daylight-saving intent; native progress/timer/no-JS/AT and responsive long content, true Web Share/clipboard permissions/provider/email behavior; merchant-supplied messages must reflect actual configured claims and have no connected live feed; Theme Editor insertion/select/reorder/load/unload and actual focus/motion. All prior queues carry forward. No live Shopify QA.",Individual source/schema/default/preset/consumer review in batch8-product-utilities. 341 actual render/control/state combinations plus meaningful runtime fixtures. LiquidJS/JSDOM/native date and clipboard/share adapters do not certify Shopify/browser behavior. All previous setting IDs and protected sections/merchant state remain. B8-FINAL: formally closed for engineering; individual disposition and live queue retained. Final full-suite/native-parse/hash/protected-state evidence: validation/batch8-engineering-closure.
blocks,product-cross-sell-products,blocks/product-cross-sell-products.liquid,8 Theme Blocks,snippets/qtm-block-product-card.liquid,,,,YES,SOURCE all 55 settings/defaults/options; direct/dynamic/helper consumers individually traced; control matrix PASS,All three actual presets and defaults plus select/checkbox/range endpoints PASS; preserved prior setting IDs and truthful insertion defaults,"SOURCE/DOM all control endpoints, native grid/cards/minimal/compact/split/carousel modes, three breakpoint controls, bounded labels and actual configured-gap/RTL geometry arithmetic PASS; native pixels/zoom/scroll-snap remain queued","SOURCE/DOM useful no-JS links/native scroll, named regions/controls/targets, blank-label suppression, viewport-only keyboard handling, focus-preserving replacement and reduced motion PASS; native browser/AT/zoom/focus queued","Two-carousel RTL/native geometry and two actual product-form/metadata/commerce host compositions, exact fetched root/product, independent variant deltas, duplicate execution and dynamic insertion/removal/reorder PASS","Native wrapper owns editor metadata; honest selectable empty state and visibility/motion bypass; load/unload/reload, aborted/stale requests and observer/listener/RAF cleanup PASS; actual native editor queued",Unsuppressed CLI 4.8.0 evidence/comparison in batch8-product-merchandising; no scanner suppression; group errors checked explicitly,REQUIRES LIVE VERIFICATION,"Individually reviewed all 55 settings and three presets. Manual/selected-collection candidates use actual native product data; current product exclusion precedes limit. Shared safe native cards retain grid/cards/compact layouts and all styling controls, named links/lazy native images/alt/real selected-variant prices and compare-at values. Missing variants no longer yield a fabricated price. New curated collection preset replaces invented purchase-history copy; saved merchant state remains. Empty/editor visibility, native editor wrapper ownership, bounded copy/focus and layout sizing repaired.","B8-PRODUCT-MERCHANDISING live queue after engineering batches: native complementary Search & Discovery/section/block/market context, locale tracking URLs, cap-10/manual/empty fallback; native variant/money/compare/image drops; browser no-JS/RTL scroll-snap, 320/390/768/1280/1440px grid/compact/split/long copy, keyboard/AT/reduced-motion/zoom; native editor insertion/select/reorder/load/unload and multiple product hosts/restoration. Upsell difference compares base unit prices before selling plans, quantity and cart discounts. All prior queues carry forward; no live Shopify QA performed.",Individual source/schema/default/preset/consumer review in batch8-product-merchandising. LiquidJS/JSDOM/native-filter/provider-response/geometry adapters are not Shopify/browser certification. All saved setting IDs and protected hosts/state preserved. B8-FINAL: formally closed for engineering; individual disposition and live queue retained. Final full-suite/native-parse/hash/protected-state evidence: validation/batch8-engineering-closure.
blocks,product-description,blocks/product-description.liquid,8 Theme Blocks,,,,,YES,SOURCE all 26 controls/defaults/options + consumers; actual render matrix PASS,All three actual presets plus defaults and option/range/checkbox states PASS,"SOURCE bounded/shrinking/wrapping native block, static CSS and breakpoint/extreme/zero controls reviewed; actual geometry queued","SOURCE/DOM escaped plain text, native links and focus, valid rich-text/heading semantics, progressive description controls/no-JS/keyboard reveal; real AT/contrast queued",Two actual block instances/unique IDs; same-product host variant isolation with actual producer bodies; independent description controls PASS,"Native outer wrapper owns editor metadata; hidden/empty blocks remain editable; singleton late/dynamic boot, unload/reload/reorder/disposal and stale callbacks PASS; actual editor queued",Unsuppressed Shopify CLI 4.8.0 full output/comparison in batch8-product-identity; three existing out-of-group errors remain; no group errors,REQUIRES LIVE VERIFICATION,"Complete content is readable without JS; only successfully enhanced overflowing descriptions collapse. Stable content IDs, initially hidden toggle, guaranteed labels, keyboard reveal, short/long remeasurement, editor visibility and abortable unload/reload lifecycle; removed white-only fade. Native wrapper metadata, editor visibility and bounded source presentation reconciled.","B8-PRODUCT-IDENTITY after engineering batches: native vendor/subtitle/metafield drops and type/tag locales, file/image/video URLs; saved defaults/presets/editor insertion/selection/unload/reorder; repeated same-product sections, variant/SKU null/empty/stock transitions; description image/font reflow and keyboard/AT/no-JS; 320/390/768/1280/1440px, RTL/zoom/motion/theme contrast.",Full per-control/preset evidence in batch8-product-identity. 444 actual renders plus targeted fixtures; metafield/media/native-wrapper/geometry adapters are not live certification. Form/picker have only a scoped event-emission repair and remain NOT REVIEWED for their full Batch 8 review. B8-FINAL: formally closed for engineering; individual disposition and live queue retained. Final full-suite/native-parse/hash/protected-state evidence: validation/batch8-engineering-closure.
blocks,product-dynamic-checkout,blocks/product-dynamic-checkout.liquid,8 Theme Blocks,snippets/product-selling-plans.liquid;snippets/qtm-product-block-data.liquid,,,,YES,"SOURCE all 24 settings/defaults/options, direct consumers and shared controller contracts; actual state matrix PASS",All three actual presets and defaults plus select/checkbox/range endpoints PASS; native actions and truthful labels retained,"SOURCE shrinking grids, long labels, bounded controls, native sticky wrapper/offset, breakpoint visibility and range extremes PASS; actual pixels/sticky ancestry/native wallet geometry queued","SOURCE/DOM native labeled forms, direct fieldset legends/toggle semantics, visible errors/focus, progressive variants, disabled invalid payments/quantity and reduced motion reviewed; real keyboard/AT/Shopify checkout queued","Actual eight-block product composition in two same-product hosts, one authoritative ID/quantity/plan per form, no cross-host state/cart status or duplicate requests PASS","Native outer metadata/visibility; guarded duplicate/initial/dynamic boot, host unload/reload/reorder/removal and source selection state fixtures PASS; actual editor insertion and native wallets queued",Unsuppressed CLI 4.8.0 evidence/comparison in batch8-product-purchase; zero group errors; new helper orphan diagnostics retained with explicit active consumers,REQUIRES LIVE VERIFICATION,"Native uniquely identified payment form now receives scoped variant/quantity/selling-plan state and requires a valid available purchase. Native variant fallback, real plan control, hidden/inert invalid payment, independent no-product/editor state. Current Shopify accelerated-checkout CSS variables consume height/radius; wallet size caps at documented 55px while larger configured area heights add spacing.","B8-PRODUCT-PURCHASE after engineering batches: native form/accelerated checkout/cart routes, selling-plan eligibility/allocations, market/currency/unit/tax presentation, native option/swatch drops and high-variant catalogs; out-of-list explicit selection preserved, full native enumeration/platform navigation needs live coverage. Actual stock/quantity/plan transitions, duplicate builder hosts, sticky ancestors/editor lifecycle, 320/390/768/1280/1440px, long labels/RTL/zoom/keyboard/AT/no-JS/reduced motion. Real mutation/checkout/provider behavior remains untested live.",Individual schemas/presets/consumers and actual composition evidence in batch8-product-purchase; 375 control/default/preset renders plus targeted purchase/request/lifecycle assertions. Platform/form/payment/money/media adapters do not certify Shopify checkout. Inventory Status copy defect is identified but remains NOT REVIEWED for its separate stock/trust review. B8-FINAL: formally closed for engineering; individual disposition and live queue retained. Final full-suite/native-parse/hash/protected-state evidence: validation/batch8-engineering-closure.
blocks,product-feature-grid,blocks/product-feature-grid.liquid,8 Theme Blocks,,,,,YES,SOURCE all 85 settings/defaults/options; direct/dynamic/helper consumers individually traced; control matrix PASS,All three actual presets and defaults plus select/checkbox/range endpoints PASS; preserved prior setting IDs and truthful insertion defaults,"SOURCE min-width/box sizing, independent image/icon sizes, grid counts, long text, bounded payments, table scrolling/responsive highlights and outer-wrapper breakpoint visibility PASS; real pixels/RTL/zoom queued","SOURCE/DOM escaped plain text, actual rich text, native details/definition lists/table row headers, named scroll region and icon-only payment badges, status updates, native editor metadata and reduced motion PASS; actual keyboard/AT queued","Actual stock/specifications/form/picker compositions in two same-product hosts plus mixed-product native controls, null selection, scoped/ambiguous legacy events and selected out-of-list records PASS","Native outer metadata only; design-mode visibility, duplicate/dynamic boot, unload/reload/reorder and late insertion through existing metadata/commerce controllers PASS; actual editor behavior queued",Unsuppressed CLI 4.8.0 evidence/comparison in batch8-product-information; no scanner suppression; group errors checked explicitly,REQUIRES LIVE VERIFICATION,"All eight feature groups, layouts/columns, image/icon branches and optional links traced. Escaped icon/URL text, native image-alt fallback, box sizing, long-text containment, rich-link colors/focus and editor visibility repaired. New presets retain their layout/style choices but require actual merchant-authored feature facts instead of invented quality/support/value claims; editor-only guidance remains.","B8-PRODUCT-INFORMATION live queue after engineering batches: real native inventory across tracked/untracked/backorder/sold-out and high-variant products; market/currency payment-provider exposure and checkout eligibility; actual configured policy URLs, native weight/options/image alt; saved/default/preset extremes, 320/390/768/1280/1440px, long copy, RTL/zoom/keyboard/AT/no-JS/reduced motion, duplicate product builders and actual editor insertion/reload. All earlier queues carry forward; offline fixtures do not certify Shopify execution.",Individual source/settings/preset/consumer review in batch8-product-information; 553 actual default/preset/control/state renders plus real composed purchase/lifecycle assertions. Five static blocks have no inline JS or simulated commerce actions; only inventory and variant specifications use reviewed metadata events. Shopify/native inventory/provider/media/weight and rendered geometry remain live gates. B8-FINAL: formally closed for engineering; individual disposition and live queue retained. Final full-suite/native-parse/hash/protected-state evidence: validation/batch8-engineering-closure.
blocks,product-form,blocks/product-form.liquid,8 Theme Blocks,snippets/product-selling-plans.liquid;snippets/qtm-product-block-data.liquid,,,,YES,"SOURCE all 41 settings/defaults/options, direct consumers and shared controller contracts; actual state matrix PASS",All three actual presets and defaults plus select/checkbox/range endpoints PASS; native actions and truthful labels retained,"SOURCE shrinking grids, long labels, bounded controls, native sticky wrapper/offset, breakpoint visibility and range extremes PASS; actual pixels/sticky ancestry/native wallet geometry queued","SOURCE/DOM native labeled forms, direct fieldset legends/toggle semantics, visible errors/focus, progressive variants, disabled invalid payments/quantity and reduced motion reviewed; real keyboard/AT/Shopify checkout queued","Actual eight-block product composition in two same-product hosts, one authoritative ID/quantity/plan per form, no cross-host state/cart status or duplicate requests PASS","Native outer metadata/visibility; guarded duplicate/initial/dynamic boot, host unload/reload/reorder/removal and source selection state fixtures PASS; actual editor insertion and native wallets queued",Unsuppressed CLI 4.8.0 evidence/comparison in batch8-product-purchase; zero group errors; new helper orphan diagnostics retained with explicit active consumers,REQUIRES LIVE VERIFICATION,"Native uniquely identified product form with real cart-drawer hook, one ID/quantity/plan payload, visible native variant fallback before enhancement, contextual required/optional plans and quantity rules. Scoped shared controller handles invalid/sold-out variants and form-specific truthful cart messages; compact status remains visible. Outer-background control and accelerated-checkout custom properties repaired.","B8-PRODUCT-PURCHASE after engineering batches: native form/accelerated checkout/cart routes, selling-plan eligibility/allocations, market/currency/unit/tax presentation, native option/swatch drops and high-variant catalogs; out-of-list explicit selection preserved, full native enumeration/platform navigation needs live coverage. Actual stock/quantity/plan transitions, duplicate builder hosts, sticky ancestors/editor lifecycle, 320/390/768/1280/1440px, long labels/RTL/zoom/keyboard/AT/no-JS/reduced motion. Real mutation/checkout/provider behavior remains untested live.",Individual schemas/presets/consumers and actual composition evidence in batch8-product-purchase; 375 control/default/preset renders plus targeted purchase/request/lifecycle assertions. Platform/form/payment/money/media adapters do not certify Shopify checkout. Inventory Status copy defect is identified but remains NOT REVIEWED for its separate stock/trust review. B8-FINAL: formally closed for engineering; individual disposition and live queue retained. Final full-suite/native-parse/hash/protected-state evidence: validation/batch8-engineering-closure.
blocks,product-frequently-bought-together,blocks/product-frequently-bought-together.liquid,8 Theme Blocks,snippets/qtm-block-bundle-item.liquid;snippets/qtm-product-block-data.liquid,,,,YES,SOURCE all 80 settings/defaults/options; direct/dynamic/helper consumers individually traced; control matrix PASS,All three actual presets and defaults plus select/checkbox/range endpoints PASS; preserved prior setting IDs and truthful insertion defaults,"SOURCE/DOM all controls/presets/endpoints, cards/inline/grid/compact and mobile/desktop column/image/padding rules, bounded nested widths/labels/prices and native media PASS; real 320/390/768/1280/1440px/zoom/RTL pixels queued","SOURCE/DOM named native product links, actual variant/plan/quantity labels, disabled unavailable payloads, progressive selection, native submit/status and reduced motion PASS; browser keyboard/AT/focus/editor queued","Actual two product-host/form/commerce/controller compositions, native plan/quantity/variant/restoration, unrelated and ambiguous events, independent optional selection, duplicate initialization and cart submit suppression PASS",Native wrapper owns editor metadata; empty/selectable guidance and visibility/motion bypass; late insertion/reorder/removal/load/unload/reload and listener cleanup PASS. Pending shared cart mutations finish authoritatively but detached form results cannot update storefront UI; native editor queued,Unsuppressed CLI 4.8.0 evidence/comparison in batch8-product-bundles; no scanner suppression; group errors checked explicitly,REQUIRES LIVE VERIFICATION,"Individually reviewed 76 existing controls, all three presets and four required wording controls. Native form works before enhancement; selection checkboxes appear only when their controller can keep disabled payload fields and subtotal synchronized. Current-product exclusion/deduplication precedes manual limit. Totals contain only actual eligible selected quantities/native prices and allocations; unavailable items no longer inflate the initial total. Display discount percentage is retained as an explicitly potential offer without subtracting unapplied discounts from subtotal. Native compare-at savings and show-price/show-compare/show-savings gates remain faithful after updates. Shared cart handling replaces copied JSON add/global fake events. Preserves cards/inline/compact, all IDs and responsive/color/typography controls, fixes named group/controls, native wrapper ownership and truthful empty/editor/new preset copy.","B8-PRODUCT-BUNDLES live queue after engineering batches: actual locale-aware native multi-item form and AJAX cart transactions, inventory/quantity-rule rejection and selling-plan eligibility/prices/names, native current variant outside enumeration and browser restoration; real automatic/app discounts versus advertised offer text, market/presentment money formats and cart totals; no-JS/keyboard/AT/focus/RTL/zoom/responsive layouts and native Theme Editor lifecycle. Companion subscription/options choices remain on their native product pages unless an actual selected allocation exists. No live Shopify QA performed; all prior queues carry forward.",Individual source/schema/default/preset/consumer review in batch8-product-bundles. Existing saved IDs and commercial/native contracts preserved. LiquidJS/JSDOM/native-data and cart response fixtures do not certify actual Shopify transactions or browser/editor pixels. B8-FINAL: formally closed for engineering; individual disposition and live queue retained. Final full-suite/native-parse/hash/protected-state evidence: validation/batch8-engineering-closure.
blocks,product-gallery,blocks/product-gallery.liquid,8 Theme Blocks,snippets/qtm-block-product-media.liquid,,,,YES,SOURCE all 44 settings/defaults/options; direct/dynamic/helper consumers individually traced; control matrix PASS,All three actual presets and defaults plus select/checkbox/range endpoints PASS; preserved prior setting IDs and truthful insertion defaults,"SOURCE/DOM all mode/select/checkbox/range endpoints, native scroll/snap and shrinking grid/slider cells, left/right/bottom/mobile thumbnail layout rules, masonry model/video frames, bounded long labels and dimensions PASS; declared horizontal geometry adapter tests scroll arithmetic only, actual pixels/scroll/snap/RTL/zoom queued","SOURCE/DOM native no-JS media/navigation fallbacks, named region/groups/controls/targets and decorative thumbnails, roving active media/inert state, focus before pane hiding, keyboard/RTL, manual-only status announcements, pause/resume and motion handling PASS; browser inert/native media/AT/focus/scroll behavior queued","Actual two-gallery compositions for all four modes and native product form/controller integration, selected/out-of-list records, different/ambiguous product events, independent media/timers, duplicate execution, dynamic insertion/removal/reorder PASS","Native outer wrapper owns metadata; empty/selectable guidance and visibility/motion bypass, selection stops autoplay, load/unload/reload/reorder and observer/timer/listener/media disposal PASS; native Theme Editor and actual model/provider initialization queued",Unsuppressed CLI 4.8.0 evidence/comparison in batch8-product-gallery; no scanner suppression; group errors checked explicitly,REQUIRES LIVE VERIFICATION,"Individually reviewed all settings and three complete presets. Preserves Slider/Gallery/Masonry/Horizontal thumbnails and native image/video/external/model media while replacing hidden-before-JS slides with native horizontal scrolling and visible static pane fallback. Shared media rendering removes four copied Liquid branches. Selected actual variant/media is authoritative even outside enumerated variant/media lists; compact escaped ID/media data replaces full raw product variants JSON. Thumbnails left/right/bottom and visibility now apply to both relevant layouts, Buttons/Dots retain real controls with named targets/larger dot hit areas, masonry video/model frames remain bounded, native wrapper owns editor attrs, design visibility/motion bypass and honest empty guidance repaired. Autoplay includes configurable pause/resume labels.","B8-PRODUCT-GALLERY live queue after engineering batches: actual native Shopify image/video/model filters and model-viewer runtime/preview fallback; YouTube/Vimeo activation/player retirement, native controls/audio/model interaction; browser scroll-snap/RTL/inert/focus and selected variant media, 320/390/768/1280/1440px thumbnail/order/masonry sizing and long labels, no-JS/AT/zoom/reduced motion; native Theme Editor insertion/select/reorder/load/unload and multi-product instances. All prior queues carry forward; no live Shopify QA performed.",Individual source/schema/default/preset/consumer review in batch8-product-gallery; 80 render/control/selected/empty/media combinations plus complete interaction/composition fixtures. LiquidJS/JSDOM/explicit media filters and horizontal geometry adapters are not Shopify/browser certification. Existing IDs/presets/media types and all protected hosts/settings_data preserved. B8-FINAL: formally closed for engineering; individual disposition and live queue retained. Final full-suite/native-parse/hash/protected-state evidence: validation/batch8-engineering-closure.
blocks,product-inventory-status,blocks/product-inventory-status.liquid,8 Theme Blocks,snippets/qtm-product-information-value.liquid,,,,YES,SOURCE all 75 settings/defaults/options; direct/dynamic/helper consumers individually traced; control matrix PASS,All three actual presets and defaults plus select/checkbox/range endpoints PASS; preserved prior setting IDs and truthful insertion defaults,"SOURCE min-width/box sizing, independent image/icon sizes, grid counts, long text, bounded payments, table scrolling/responsive highlights and outer-wrapper breakpoint visibility PASS; real pixels/RTL/zoom queued","SOURCE/DOM escaped plain text, actual rich text, native details/definition lists/table row headers, named scroll region and icon-only payment badges, status updates, native editor metadata and reduced motion PASS; actual keyboard/AT queued","Actual stock/specifications/form/picker compositions in two same-product hosts plus mixed-product native controls, null selection, scoped/ambiguous legacy events and selected out-of-list records PASS","Native outer metadata only; design-mode visibility, duplicate/dynamic boot, unload/reload/reorder and late insertion through existing metadata/commerce controllers PASS; actual editor behavior queued",Unsuppressed CLI 4.8.0 evidence/comparison in batch8-product-information; no scanner suppression; group errors checked explicitly,REQUIRES LIVE VERIFICATION,"Replaced copied Trust Badges identity with actual selected-variant inventory status, preserving all 67 legacy badge controls and adding eight stock controls. Native availability/tracking/count/policy distinguish sold out, available, tracked low stock and backorders; quantities are opt-in and never invented. Selected variants outside enumeration are retained, invalid combinations clear status, scoped events follow actual purchase controls; missing products get editor-only guidance. Legacy optional badge content and styles remain editable, with no invented claims in new presets.","B8-PRODUCT-INFORMATION live queue after engineering batches: real native inventory across tracked/untracked/backorder/sold-out and high-variant products; market/currency payment-provider exposure and checkout eligibility; actual configured policy URLs, native weight/options/image alt; saved/default/preset extremes, 320/390/768/1280/1440px, long copy, RTL/zoom/keyboard/AT/no-JS/reduced motion, duplicate product builders and actual editor insertion/reload. All earlier queues carry forward; offline fixtures do not certify Shopify execution.",Individual source/settings/preset/consumer review in batch8-product-information; 553 actual default/preset/control/state renders plus real composed purchase/lifecycle assertions. Five static blocks have no inline JS or simulated commerce actions; only inventory and variant specifications use reviewed metadata events. Shopify/native inventory/provider/media/weight and rendered geometry remain live gates. B8-FINAL: formally closed for engineering; individual disposition and live queue retained. Final full-suite/native-parse/hash/protected-state evidence: validation/batch8-engineering-closure.
blocks,product-layout-column,blocks/product-layout-column.liquid,8 Theme Blocks,,,,,YES,SOURCE all 22 settings/defaults/options; direct/dynamic/helper consumers individually traced; control matrix PASS,All three actual presets and defaults plus select/checkbox/range endpoints PASS; preserved prior setting IDs and truthful insertion defaults,"SOURCE/DOM actual host CSS cascade at mobile/tablet/desktop widths, one-to-six columns, inherited/explicit scroll-stack-grid, spacing extremes, min-height/full-height/flex, order/sticky and shrink constraints PASS; actual pixels/scroll/sticky ancestors queued LIVE-QA WIDTH: actual local Chromium pixel geometry PASS across 320/390/768/1440px, both builders and all requested column presets/alignments; native Shopify pending.","SOURCE/DOM single native editor root, tag/role allowlists, named scroll regions with keyboard focus outlines, named region/group columns and retained semantic tags PASS; visual versus reading order and real keyboard/AT/editor queued","Actual content and product host chains with nested reviewed content/purchase leaves, independent IDs, exact child admissions/preset trees and instance-scoped CSS PASS; no JS state/controller introduced","Supported tag:null with exactly one explicit root shopify_attributes; all visibility false remains selectable in design mode, actual empty projection guidance and existing populated child projection PASS; native editor drag/drop/insertion/reorder queued","Unsuppressed CLI 4.8.0 evidence/comparison in batch8-builder-layouts; no scanner suppression; group errors checked explicitly LIVE-QA WIDTH: fresh CLI 4.8.0, 0 errors/509 unchanged warnings, exit 0.",REQUIRES LIVE VERIFICATION,"Individually reviewed 22 controls/three presets and all 99 content/product child admissions. Native tag:null restores host media/content ordering and sticky positioning to the actual grid item. Sticky enabled columns use natural height and start alignment so full-height defaults cannot defeat stickiness; mobile remains static per host contract. Flex min-height/vertical stretch/native leaf sizing, safe tags/roles/named regions, design visibility and captured projection empty guidance repaired. All saved controls and admissions retained. LIVE-QA WIDTH: give direct Shopify Theme Block wrappers width:100% for every horizontal alignment; keep leaf width/max-width, native wrapper boxes and scoped builder contracts.","B8-BUILDER-LAYOUTS live queue after engineering batches: native Theme Editor insertion/select/drag/reorder/nesting and saved configurations; actual tag:null markup, layout fill/min-height/sticky containing ancestors/scroll snapping, media visual order versus keyboard/AT reading order; independent row overrides and section inheritance, padding/gap extrema, 320/390/768/1280/1440px, long text/RTL/zoom/no-JS/reduced motion. All previous queues carry forward; no live Shopify QA performed.","Individual schema/source/consumer review and 367 actual render/control/preset/host combinations in batch8-builder-layouts. CSS-cascade adapter tests actual DOM selectors/specificity/source order/width media, not pixel geometry or native editor execution. Source blocks retain all nested admissions and preset child trees; both section sources unchanged. Shared test wrapper adapter now respects native tag:null instead of inventing an extra wrapper. B8-FINAL: formally closed for engineering; individual disposition and live queue retained. Final full-suite/native-parse/hash/protected-state evidence: validation/batch8-engineering-closure. Owner-reported post-closure width collapse reproduced locally against 23994e3 and repaired; validation/live-qa-block-width contains 1164 passing browser scenarios and 115/115 full regressions. Owner exclusively performs live Shopify testing. No new batch or live acceptance claim."
blocks,product-layout-row,blocks/product-layout-row.liquid,8 Theme Blocks,,,,,YES,SOURCE all 23 settings/defaults/options; direct/dynamic/helper consumers individually traced; control matrix PASS,All three actual presets and defaults plus select/checkbox/range endpoints PASS; preserved prior setting IDs and truthful insertion defaults,"SOURCE/DOM actual host CSS cascade at mobile/tablet/desktop widths, one-to-six columns, inherited/explicit scroll-stack-grid, spacing extremes, min-height/full-height/flex, order/sticky and shrink constraints PASS; actual pixels/scroll/sticky ancestors queued","SOURCE/DOM single native editor root, tag/role allowlists, named scroll regions with keyboard focus outlines, named region/group columns and retained semantic tags PASS; visual versus reading order and real keyboard/AT/editor queued","Actual content and product host chains with nested reviewed content/purchase leaves, independent IDs, exact child admissions/preset trees and instance-scoped CSS PASS; no JS state/controller introduced","Supported tag:null with exactly one explicit root shopify_attributes; all visibility false remains selectable in design mode, actual empty projection guidance and existing populated child projection PASS; native editor drag/drop/insertion/reorder queued",Unsuppressed CLI 4.8.0 evidence/comparison in batch8-builder-layouts; no scanner suppression; group errors checked explicitly,REQUIRES LIVE VERIFICATION,"Retained existing native tag:null and single root metadata, all controls and three actual nested presets. Added named keyboard access for explicit/inherited scrolling, safe HTML tags, resolved mobile mode and scoped CSS that overrides broad product-host mobile rules including resetting inherited grid-auto-flow/overflow. Row gaps now win against host defaults; primary-row isolation, columns and vertical alignment retain consumers. One admitted Product Column chain and all child preset trees unchanged.","B8-BUILDER-LAYOUTS live queue after engineering batches: native Theme Editor insertion/select/drag/reorder/nesting and saved configurations; actual tag:null markup, layout fill/min-height/sticky containing ancestors/scroll snapping, media visual order versus keyboard/AT reading order; independent row overrides and section inheritance, padding/gap extrema, 320/390/768/1280/1440px, long text/RTL/zoom/no-JS/reduced motion. All previous queues carry forward; no live Shopify QA performed.","Individual schema/source/consumer review and 367 actual render/control/preset/host combinations in batch8-builder-layouts. CSS-cascade adapter tests actual DOM selectors/specificity/source order/width media, not pixel geometry or native editor execution. Source blocks retain all nested admissions and preset child trees; both section sources unchanged. Shared test wrapper adapter now respects native tag:null instead of inventing an extra wrapper. B8-FINAL: formally closed for engineering; individual disposition and live queue retained. Final full-suite/native-parse/hash/protected-state evidence: validation/batch8-engineering-closure."
blocks,product-metafield,blocks/product-metafield.liquid,8 Theme Blocks,,,,,YES,SOURCE all 46 controls/defaults/options + consumers; actual render matrix PASS,All three actual presets plus defaults and option/range/checkbox states PASS,"SOURCE bounded/shrinking/wrapping native block, static CSS and breakpoint/extreme/zero controls reviewed; actual geometry queued","SOURCE/DOM escaped plain text, native links and focus, valid rich-text/heading semantics, progressive description controls/no-JS/keyboard reveal; real AT/contrast queued",Two actual block instances/unique IDs; same-product host variant isolation with actual producer bodies; independent description controls PASS,"Native outer wrapper owns editor metadata; hidden/empty blocks remain editable; singleton late/dynamic boot, unload/reload/reorder/disposal and stale callbacks PASS; actual editor queued",Unsuppressed Shopify CLI 4.8.0 full output/comparison in batch8-product-identity; three existing out-of-group errors remain; no group errors,REQUIRES LIVE VERIFICATION,"Trimmed keys; escaped scalar and list content while preserving false/zero; lists use explicit value/reference mapping instead of unsupported list filters; rich native rendering and image adapter retained; real image/video/generic-file URLs with named escaped links; blank storefront suppression/fallback/editor guidance. Native wrapper metadata, editor visibility and bounded source presentation reconciled.","B8-PRODUCT-IDENTITY after engineering batches: native vendor/subtitle/metafield drops and type/tag locales, file/image/video URLs; saved defaults/presets/editor insertion/selection/unload/reorder; repeated same-product sections, variant/SKU null/empty/stock transitions; description image/font reflow and keyboard/AT/no-JS; 320/390/768/1280/1440px, RTL/zoom/motion/theme contrast.",Full per-control/preset evidence in batch8-product-identity. 444 actual renders plus targeted fixtures; metafield/media/native-wrapper/geometry adapters are not live certification. Form/picker have only a scoped event-emission repair and remain NOT REVIEWED for their full Batch 8 review. B8-FINAL: formally closed for engineering; individual disposition and live queue retained. Final full-suite/native-parse/hash/protected-state evidence: validation/batch8-engineering-closure.
blocks,product-payment-methods,blocks/product-payment-methods.liquid,8 Theme Blocks,,,,,YES,SOURCE all 84 settings/defaults/options; direct/dynamic/helper consumers individually traced; control matrix PASS,All three actual presets and defaults plus select/checkbox/range endpoints PASS; preserved prior setting IDs and truthful insertion defaults,"SOURCE min-width/box sizing, independent image/icon sizes, grid counts, long text, bounded payments, table scrolling/responsive highlights and outer-wrapper breakpoint visibility PASS; real pixels/RTL/zoom queued","SOURCE/DOM escaped plain text, actual rich text, native details/definition lists/table row headers, named scroll region and icon-only payment badges, status updates, native editor metadata and reduced motion PASS; actual keyboard/AT queued","Actual stock/specifications/form/picker compositions in two same-product hosts plus mixed-product native controls, null selection, scoped/ambiguous legacy events and selected out-of-list records PASS","Native outer metadata only; design-mode visibility, duplicate/dynamic boot, unload/reload/reorder and late insertion through existing metadata/commerce controllers PASS; actual editor behavior queued",Unsuppressed CLI 4.8.0 evidence/comparison in batch8-product-information; no scanner suppression; group errors checked explicitly,REQUIRES LIVE VERIFICATION,"Named payment/financing/custom groups and icon-only accessible labels; no empty provider headings/badges when disabled. Built-in badges require both merchant checkbox and Shopify enabled_payment_types for current region/currency, including Afterpay alias. Manual methods remain explicit merchant configuration. Neutral new header/note defaults avoid unsupported provider/financing claims. Long text/grid/min-width containment fixed; legacy focus color applies only to programmatic block focus without adding a tab stop.","B8-PRODUCT-INFORMATION live queue after engineering batches: real native inventory across tracked/untracked/backorder/sold-out and high-variant products; market/currency payment-provider exposure and checkout eligibility; actual configured policy URLs, native weight/options/image alt; saved/default/preset extremes, 320/390/768/1280/1440px, long copy, RTL/zoom/keyboard/AT/no-JS/reduced motion, duplicate product builders and actual editor insertion/reload. All earlier queues carry forward; offline fixtures do not certify Shopify execution.",Individual source/settings/preset/consumer review in batch8-product-information; 553 actual default/preset/control/state renders plus real composed purchase/lifecycle assertions. Five static blocks have no inline JS or simulated commerce actions; only inventory and variant specifications use reviewed metadata events. Shopify/native inventory/provider/media/weight and rendered geometry remain live gates. B8-FINAL: formally closed for engineering; individual disposition and live queue retained. Final full-suite/native-parse/hash/protected-state evidence: validation/batch8-engineering-closure.
blocks,product-price,blocks/product-price.liquid,8 Theme Blocks,snippets/qtm-product-block-data.liquid,,,,YES,"SOURCE all 30 settings/defaults/options, direct consumers and shared controller contracts; actual state matrix PASS",All three actual presets and defaults plus select/checkbox/range endpoints PASS; native actions and truthful labels retained,"SOURCE shrinking grids, long labels, bounded controls, native sticky wrapper/offset, breakpoint visibility and range extremes PASS; actual pixels/sticky ancestry/native wallet geometry queued","SOURCE/DOM native labeled forms, direct fieldset legends/toggle semantics, visible errors/focus, progressive variants, disabled invalid payments/quantity and reduced motion reviewed; real keyboard/AT/Shopify checkout queued","Actual eight-block product composition in two same-product hosts, one authoritative ID/quantity/plan per form, no cross-host state/cart status or duplicate requests PASS","Native outer metadata/visibility; guarded duplicate/initial/dynamic boot, host unload/reload/reorder/removal and source selection state fixtures PASS; actual editor insertion and native wallets queued",Unsuppressed CLI 4.8.0 evidence/comparison in batch8-product-purchase; zero group errors; new helper orphan diagnostics retained with explicit active consumers,REQUIRES LIVE VERIFICATION,"Preserves native presentment-currency money strings, compare/savings/unit prices and selected selling-plan allocations through variant changes. Null selection is unavailable instead of stale purchasable data; removed unsubstantiated Including Tax insertion default, saved tax text untouched. Amount/percentage/text badges retain controls and native initial/runtime math agrees.","B8-PRODUCT-PURCHASE after engineering batches: native form/accelerated checkout/cart routes, selling-plan eligibility/allocations, market/currency/unit/tax presentation, native option/swatch drops and high-variant catalogs; out-of-list explicit selection preserved, full native enumeration/platform navigation needs live coverage. Actual stock/quantity/plan transitions, duplicate builder hosts, sticky ancestors/editor lifecycle, 320/390/768/1280/1440px, long labels/RTL/zoom/keyboard/AT/no-JS/reduced motion. Real mutation/checkout/provider behavior remains untested live.",Individual schemas/presets/consumers and actual composition evidence in batch8-product-purchase; 375 control/default/preset renders plus targeted purchase/request/lifecycle assertions. Platform/form/payment/money/media adapters do not certify Shopify checkout. Inventory Status copy defect is identified but remains NOT REVIEWED for its separate stock/trust review. B8-FINAL: formally closed for engineering; individual disposition and live queue retained. Final full-suite/native-parse/hash/protected-state evidence: validation/batch8-engineering-closure.
blocks,product-progress-bar,blocks/product-progress-bar.liquid,8 Theme Blocks,snippets/qtm-block-deadline.liquid,,,,YES,SOURCE all 38 settings/defaults/options; direct/dynamic/helper consumers individually traced; control matrix PASS,All three actual presets and defaults plus select/checkbox/range endpoints PASS; preserved prior setting IDs and truthful insertion defaults,"SOURCE/DOM all select/checkbox/range endpoints, shrinking timer columns/banner layout, bounded buttons/inputs/message content and icon-free grid, responsive visibility PASS; actual 320/390/768/1280/1440px pixels/RTL/zoom queued","SOURCE/DOM named native progress/time, timer aria-live off, real native links/manual copy field, capability-gated buttons, fallback labels/group/status/focus, finite pulse and reduced motion PASS; actual screen reader/native clipboard/share UI queued","Actual two-instance clocks/share roots and independent messages, exact expiry/visibility pause, no duplicated singleton work, scoped unload/reload/removal/reorder/late insertion and pending async disposal PASS","Native outer wrapper owns metadata; design visibility/motion bypass and honest empty configuration guidance, inserted/removed/reloaded/reordered roots and cleared timers/listeners PASS; native Theme Editor queued",Unsuppressed CLI 4.8.0 evidence/comparison in batch8-product-utilities; no scanner suppression; group errors checked explicitly,REQUIRES LIVE VERIFICATION,"Individually reviewed the exact Countdown copy and all legacy controls/presets. Corrected unique block identity/schema/name and added an optional explicit start date/time, native elapsed-time progress and its label/height controls. A valid start earlier than the end enables bounded zero-to-100 time progress using the existing Countdown clock; original saved end-date countdown remains available without a start. No inventory/sales progress inferred. Preserved all old setting IDs, replaced invented dates/claims with neutral setup states and accurate time-progress preset names.","B8-PRODUCT-UTILITIES live queue after engineering batches: native Liquid epoch parsing/caching and configured fixed UTC offsets versus daylight-saving intent; native progress/timer/no-JS/AT and responsive long content, true Web Share/clipboard permissions/provider/email behavior; merchant-supplied messages must reflect actual configured claims and have no connected live feed; Theme Editor insertion/select/reorder/load/unload and actual focus/motion. All prior queues carry forward. No live Shopify QA.",Individual source/schema/default/preset/consumer review in batch8-product-utilities. 341 actual render/control/state combinations plus meaningful runtime fixtures. LiquidJS/JSDOM/native date and clipboard/share adapters do not certify Shopify/browser behavior. All previous setting IDs and protected sections/merchant state remain. B8-FINAL: formally closed for engineering; individual disposition and live queue retained. Final full-suite/native-parse/hash/protected-state evidence: validation/batch8-engineering-closure.
blocks,product-quantity-selector,blocks/product-quantity-selector.liquid,8 Theme Blocks,snippets/qtm-product-block-data.liquid,,,,YES,"SOURCE all 30 settings/defaults/options, direct consumers and shared controller contracts; actual state matrix PASS",All three actual presets and defaults plus select/checkbox/range endpoints PASS; native actions and truthful labels retained,"SOURCE shrinking grids, long labels, bounded controls, native sticky wrapper/offset, breakpoint visibility and range extremes PASS; actual pixels/sticky ancestry/native wallet geometry queued","SOURCE/DOM native labeled forms, direct fieldset legends/toggle semantics, visible errors/focus, progressive variants, disabled invalid payments/quantity and reduced motion reviewed; real keyboard/AT/Shopify checkout queued","Actual eight-block product composition in two same-product hosts, one authoritative ID/quantity/plan per form, no cross-host state/cart status or duplicate requests PASS","Native outer metadata/visibility; guarded duplicate/initial/dynamic boot, host unload/reload/reorder/removal and source selection state fixtures PASS; actual editor insertion and native wallets queued",Unsuppressed CLI 4.8.0 evidence/comparison in batch8-product-purchase; zero group errors; new helper orphan diagnostics retained with explicit active consumers,REQUIRES LIVE VERIFICATION,"Merchant min/max/default intersect native variant min/max/increment; invalid intersections disable purchase instead of violating limits. All same-host forms synchronize one quantity, helpers outside forms begin disabled until ready, native purchase forms retain working inputs. Clamped defaults, integer/step validation, extrema, compact height, bounded columns and button labels fixed.","B8-PRODUCT-PURCHASE after engineering batches: native form/accelerated checkout/cart routes, selling-plan eligibility/allocations, market/currency/unit/tax presentation, native option/swatch drops and high-variant catalogs; out-of-list explicit selection preserved, full native enumeration/platform navigation needs live coverage. Actual stock/quantity/plan transitions, duplicate builder hosts, sticky ancestors/editor lifecycle, 320/390/768/1280/1440px, long labels/RTL/zoom/keyboard/AT/no-JS/reduced motion. Real mutation/checkout/provider behavior remains untested live.",Individual schemas/presets/consumers and actual composition evidence in batch8-product-purchase; 375 control/default/preset renders plus targeted purchase/request/lifecycle assertions. Platform/form/payment/money/media adapters do not certify Shopify checkout. Inventory Status copy defect is identified but remains NOT REVIEWED for its separate stock/trust review. B8-FINAL: formally closed for engineering; individual disposition and live queue retained. Final full-suite/native-parse/hash/protected-state evidence: validation/batch8-engineering-closure.
blocks,product-recently-purchased,blocks/product-recently-purchased.liquid,8 Theme Blocks,,,,,YES,SOURCE all 43 settings/defaults/options; direct/dynamic/helper consumers individually traced; control matrix PASS,All three actual presets and defaults plus select/checkbox/range endpoints PASS; preserved prior setting IDs and truthful insertion defaults,"SOURCE/DOM all select/checkbox/range endpoints, shrinking timer columns/banner layout, bounded buttons/inputs/message content and icon-free grid, responsive visibility PASS; actual 320/390/768/1280/1440px pixels/RTL/zoom queued","SOURCE/DOM named native progress/time, timer aria-live off, real native links/manual copy field, capability-gated buttons, fallback labels/group/status/focus, finite pulse and reduced motion PASS; actual screen reader/native clipboard/share UI queued","Actual two-instance clocks/share roots and independent messages, exact expiry/visibility pause, no duplicated singleton work, scoped unload/reload/removal/reorder/late insertion and pending async disposal PASS","Native outer wrapper owns metadata; design visibility/motion bypass and honest empty configuration guidance, inserted/removed/reloaded/reordered roots and cleared timers/listeners PASS; native Theme Editor queued",Unsuppressed CLI 4.8.0 evidence/comparison in batch8-product-utilities; no scanner suppression; group errors checked explicitly,REQUIRES LIVE VERIFICATION,"Individually reviewed static/product-composed/random message controls and all three presets. Removed fabricated purchase/viewer/location/popularity defaults and encoded Unicode literals from new insertion state; schema clearly describes merchant text without any live feed. Saved configured messages and random selection remain. Escaped JSON data attribute replaces executable inline script injection risk; real initial message survives no-JS/parse failure and blank entries are filtered. Empty editor guidance, icon-disabled single-column layout, bounded content and finite pulse animation repaired.","B8-PRODUCT-UTILITIES live queue after engineering batches: native Liquid epoch parsing/caching and configured fixed UTC offsets versus daylight-saving intent; native progress/timer/no-JS/AT and responsive long content, true Web Share/clipboard permissions/provider/email behavior; merchant-supplied messages must reflect actual configured claims and have no connected live feed; Theme Editor insertion/select/reorder/load/unload and actual focus/motion. All prior queues carry forward. No live Shopify QA.",Individual source/schema/default/preset/consumer review in batch8-product-utilities. 341 actual render/control/state combinations plus meaningful runtime fixtures. LiquidJS/JSDOM/native date and clipboard/share adapters do not certify Shopify/browser behavior. All previous setting IDs and protected sections/merchant state remain. B8-FINAL: formally closed for engineering; individual disposition and live queue retained. Final full-suite/native-parse/hash/protected-state evidence: validation/batch8-engineering-closure.
blocks,product-related-products,blocks/product-related-products.liquid,8 Theme Blocks,snippets/qtm-block-product-card.liquid,,,,YES,SOURCE all 60 settings/defaults/options; direct/dynamic/helper consumers individually traced; control matrix PASS,All three actual presets and defaults plus select/checkbox/range endpoints PASS; preserved prior setting IDs and truthful insertion defaults,"SOURCE/DOM all control endpoints, native grid/cards/minimal/compact/split/carousel modes, three breakpoint controls, bounded labels and actual configured-gap/RTL geometry arithmetic PASS; native pixels/zoom/scroll-snap remain queued","SOURCE/DOM useful no-JS links/native scroll, named regions/controls/targets, blank-label suppression, viewport-only keyboard handling, focus-preserving replacement and reduced motion PASS; native browser/AT/zoom/focus queued","Two-carousel RTL/native geometry and two actual product-form/metadata/commerce host compositions, exact fetched root/product, independent variant deltas, duplicate execution and dynamic insertion/removal/reorder PASS","Native wrapper owns editor metadata; honest selectable empty state and visibility/motion bypass; load/unload/reload, aborted/stale requests and observer/listener/RAF cleanup PASS; actual native editor queued",Unsuppressed CLI 4.8.0 evidence/comparison in batch8-product-merchandising; no scanner suppression; group errors checked explicitly,REQUIRES LIVE VERIFICATION,"Individually reviewed all 60 settings and three presets. Same-collection mode uses only the selected/current collection, without silently substituting the entire catalog. Vendor/type filtering requires actual nonblank current metadata and keeps the bounded collection/catalog candidate contract. Manual/automatic limits apply after current-product exclusion. Shared native cards remove duplicated branches. Preserves grid/carousel/minimal modes, all saved IDs, responsive controls and actual metadata; native scrolling and named controls work independently of heading visibility. Native wrapper metadata, editor visibility/motion bypass, empty state, long copy/focus/box sizing and neutral insertion descriptions repaired.","B8-PRODUCT-MERCHANDISING live queue after engineering batches: native complementary Search & Discovery/section/block/market context, locale tracking URLs, cap-10/manual/empty fallback; native variant/money/compare/image drops; browser no-JS/RTL scroll-snap, 320/390/768/1280/1440px grid/compact/split/long copy, keyboard/AT/reduced-motion/zoom; native editor insertion/select/reorder/load/unload and multiple product hosts/restoration. Upsell difference compares base unit prices before selling plans, quantity and cart discounts. All prior queues carry forward; no live Shopify QA performed.",Individual source/schema/default/preset/consumer review in batch8-product-merchandising. LiquidJS/JSDOM/native-filter/provider-response/geometry adapters are not Shopify/browser certification. All saved setting IDs and protected hosts/state preserved. B8-FINAL: formally closed for engineering; individual disposition and live queue retained. Final full-suite/native-parse/hash/protected-state evidence: validation/batch8-engineering-closure.
blocks,product-share,blocks/product-share.liquid,8 Theme Blocks,,,,,YES,SOURCE all 42 settings/defaults/options; direct/dynamic/helper consumers individually traced; control matrix PASS,All three actual presets and defaults plus select/checkbox/range endpoints PASS; preserved prior setting IDs and truthful insertion defaults,"SOURCE/DOM all select/checkbox/range endpoints, shrinking timer columns/banner layout, bounded buttons/inputs/message content and icon-free grid, responsive visibility PASS; actual 320/390/768/1280/1440px pixels/RTL/zoom queued","SOURCE/DOM named native progress/time, timer aria-live off, real native links/manual copy field, capability-gated buttons, fallback labels/group/status/focus, finite pulse and reduced motion PASS; actual screen reader/native clipboard/share UI queued","Actual two-instance clocks/share roots and independent messages, exact expiry/visibility pause, no duplicated singleton work, scoped unload/reload/removal/reorder/late insertion and pending async disposal PASS","Native outer wrapper owns metadata; design visibility/motion bypass and honest empty configuration guidance, inserted/removed/reloaded/reordered roots and cleared timers/listeners PASS; native Theme Editor queued",Unsuppressed CLI 4.8.0 evidence/comparison in batch8-product-utilities; no scanner suppression; group errors checked explicitly,REQUIRES LIVE VERIFICATION,"Individually reviewed all providers/native/copy/status/style controls and presets. Uses actual native product URL plus request origin for locale/market paths, escaped attributes and meaningful native share text. Progressive buttons require capability; native provider/email links and a labeled readonly copy field work without JS. Clipboard promise or positive legacy copy result alone yields success; errors/cancel/pending async disposal are honest and scoped. Focus restoration, named groups/default labels, accessible status when visually disabled, visible Buttons versus Icons style and bounded wrapping repaired.","B8-PRODUCT-UTILITIES live queue after engineering batches: native Liquid epoch parsing/caching and configured fixed UTC offsets versus daylight-saving intent; native progress/timer/no-JS/AT and responsive long content, true Web Share/clipboard permissions/provider/email behavior; merchant-supplied messages must reflect actual configured claims and have no connected live feed; Theme Editor insertion/select/reorder/load/unload and actual focus/motion. All prior queues carry forward. No live Shopify QA.",Individual source/schema/default/preset/consumer review in batch8-product-utilities. 341 actual render/control/state combinations plus meaningful runtime fixtures. LiquidJS/JSDOM/native date and clipboard/share adapters do not certify Shopify/browser behavior. All previous setting IDs and protected sections/merchant state remain. B8-FINAL: formally closed for engineering; individual disposition and live queue retained. Final full-suite/native-parse/hash/protected-state evidence: validation/batch8-engineering-closure.
blocks,product-shipping-returns,blocks/product-shipping-returns.liquid,8 Theme Blocks,,,,,YES,SOURCE all 63 settings/defaults/options; direct/dynamic/helper consumers individually traced; control matrix PASS,All three actual presets and defaults plus select/checkbox/range endpoints PASS; preserved prior setting IDs and truthful insertion defaults,"SOURCE min-width/box sizing, independent image/icon sizes, grid counts, long text, bounded payments, table scrolling/responsive highlights and outer-wrapper breakpoint visibility PASS; real pixels/RTL/zoom queued","SOURCE/DOM escaped plain text, actual rich text, native details/definition lists/table row headers, named scroll region and icon-only payment badges, status updates, native editor metadata and reduced motion PASS; actual keyboard/AT queued","Actual stock/specifications/form/picker compositions in two same-product hosts plus mixed-product native controls, null selection, scoped/ambiguous legacy events and selected out-of-list records PASS","Native outer metadata only; design-mode visibility, duplicate/dynamic boot, unload/reload/reorder and late insertion through existing metadata/commerce controllers PASS; actual editor behavior queued",Unsuppressed CLI 4.8.0 evidence/comparison in batch8-product-information; no scanner suppression; group errors checked explicitly,REQUIRES LIVE VERIFICATION,"All six item setting groups and native details open state traced. Escaped icons/URLs, named summaries even with blank headings, visible no-JS policy content and correctly scoped native wrappers. Configured shop shipping/refund policy links provide initial content only when corresponding manual URL/body are empty; empty unsupported cards and tutorial delivery promises removed. Existing merchant policy body/links retain precedence.","B8-PRODUCT-INFORMATION live queue after engineering batches: real native inventory across tracked/untracked/backorder/sold-out and high-variant products; market/currency payment-provider exposure and checkout eligibility; actual configured policy URLs, native weight/options/image alt; saved/default/preset extremes, 320/390/768/1280/1440px, long copy, RTL/zoom/keyboard/AT/no-JS/reduced motion, duplicate product builders and actual editor insertion/reload. All earlier queues carry forward; offline fixtures do not certify Shopify execution.",Individual source/settings/preset/consumer review in batch8-product-information; 553 actual default/preset/control/state renders plus real composed purchase/lifecycle assertions. Five static blocks have no inline JS or simulated commerce actions; only inventory and variant specifications use reviewed metadata events. Shopify/native inventory/provider/media/weight and rendered geometry remain live gates. B8-FINAL: formally closed for engineering; individual disposition and live queue retained. Final full-suite/native-parse/hash/protected-state evidence: validation/batch8-engineering-closure.
blocks,product-size-chart,blocks/product-size-chart.liquid,8 Theme Blocks,snippets/qtm-block-metafield.liquid,,,,YES,SOURCE all 59 settings/defaults/options; direct/dynamic/helper consumers individually traced; control matrix PASS,All three actual presets and defaults plus select/checkbox/range endpoints PASS; preserved prior setting IDs and truthful insertion defaults,"SOURCE/DOM all select/checkbox/range endpoints, bounded panel/nav/table/media widths, long-content wrapping, mobile vertical-to-horizontal orientation and media ordering PASS; actual pixels/scroll/zoom queued","SOURCE/DOM native details and dialog markup, progressive visible content, tab roles/roving focus/arrows/Home/End/RTL/hash, named media/links/table regions, focus restoration and reduced motion PASS; native browser inert/focus trapping/AT queued","Actual two-instance tab/disclosure/dialog fixtures, isolated selection, media retirement/restoration, singleton duplicate execution and independent native IDs PASS","Native outer wrapper owns editor metadata; visibility/motion bypass and actual empty guidance, late insertion, load/unload/reload/reorder/select with controller disposal PASS; native Theme Editor queued",Unsuppressed CLI 4.8.0 evidence/comparison in batch8-panels; no scanner suppression; group errors checked explicitly,REQUIRES LIVE VERIFICATION,"Individually reviewed all source/layout/style controls and three presets. Native dialog enhancement moves real inline chart content only when supported, preserves no-JS/failed-dialog fallback, restores focus and disposes on unload without global overflow mutation. Native accordion layout, real native image alt, typed metafields, named scrollable table/caption and matching sparse header/cell indices repaired. All-blank headers get four accessible labels; fake chart rows/tutorial defaults removed while saved merchant data remains intact.","B8-PANELS live queue after engineering batches: native Theme Editor insert/select/reorder/load/unload; browser details grouping, dialog top layer/inert/focus trapping/AT and scroll; actual YouTube/Vimeo/video playback and retirement; native metafield image/video/rich formatting, chart/table 320/390/768/1280/1440px, no-JS/RTL/zoom/reduced motion. All prior queues remain; no live Shopify QA performed.","Individual source/schema/default/preset/consumer review in batch8-panels; 468 actual render/control/state combinations plus interaction fixtures. LiquidJS/JSDOM and explicit native filter/dialog adapters are not live Shopify/browser certification. Saved setting IDs retained, all 150 sections and settings_data untouched. B8-FINAL: formally closed for engineering; individual disposition and live queue retained. Final full-suite/native-parse/hash/protected-state evidence: validation/batch8-engineering-closure."
blocks,product-sku,blocks/product-sku.liquid,8 Theme Blocks,,,,,YES,SOURCE all 22 controls/defaults/options + consumers; actual render matrix PASS,All three actual presets plus defaults and option/range/checkbox states PASS,"SOURCE bounded/shrinking/wrapping native block, static CSS and breakpoint/extreme/zero controls reviewed; actual geometry queued","SOURCE/DOM escaped plain text, native links and focus, valid rich-text/heading semantics, progressive description controls/no-JS/keyboard reveal; real AT/contrast queued",Two actual block instances/unique IDs; same-product host variant isolation with actual producer bodies; independent description controls PASS,"Native outer wrapper owns editor metadata; hidden/empty blocks remain editable; singleton late/dynamic boot, unload/reload/reorder/disposal and stale callbacks PASS; actual editor queued",Unsuppressed Shopify CLI 4.8.0 full output/comparison in batch8-product-identity; three existing out-of-group errors remain; no group errors,REQUIRES LIVE VERIFICATION,"Escaped compact variant data stored in a data attribute, avoiding raw script closing injection; deferred scoped controller supports originating section, native controls, explicit section identity and unambiguous legacy events; no cross-instance writes or stale listeners. Native wrapper metadata, editor visibility and bounded source presentation reconciled. B8 purchase integration: include the explicitly selected native variant in SKU data even outside the enumerated list; actual shared commerce/SKU composition covers a transition away and back.","B8-PRODUCT-IDENTITY after engineering batches: native vendor/subtitle/metafield drops and type/tag locales, file/image/video URLs; saved defaults/presets/editor insertion/selection/unload/reorder; repeated same-product sections, variant/SKU null/empty/stock transitions; description image/font reflow and keyboard/AT/no-JS; 320/390/768/1280/1440px, RTL/zoom/motion/theme contrast.",Full per-control/preset evidence in batch8-product-identity. 444 actual renders plus targeted fixtures; metafield/media/native-wrapper/geometry adapters are not live certification. Form/picker have only a scoped event-emission repair and remain NOT REVIEWED for their full Batch 8 review. Revalidation: batch8-product-purchase (21 affected suites). Existing family ownership and live queues retained. B8-FINAL: formally closed for engineering; individual disposition and live queue retained. Final full-suite/native-parse/hash/protected-state evidence: validation/batch8-engineering-closure.
blocks,product-specifications,blocks/product-specifications.liquid,8 Theme Blocks,snippets/qtm-product-information-value.liquid,,,,YES,SOURCE all 65 settings/defaults/options; direct/dynamic/helper consumers individually traced; control matrix PASS,All three actual presets and defaults plus select/checkbox/range endpoints PASS; preserved prior setting IDs and truthful insertion defaults,"SOURCE min-width/box sizing, independent image/icon sizes, grid counts, long text, bounded payments, table scrolling/responsive highlights and outer-wrapper breakpoint visibility PASS; real pixels/RTL/zoom queued","SOURCE/DOM escaped plain text, actual rich text, native details/definition lists/table row headers, named scroll region and icon-only payment badges, status updates, native editor metadata and reduced motion PASS; actual keyboard/AT queued","Actual stock/specifications/form/picker compositions in two same-product hosts plus mixed-product native controls, null selection, scoped/ambiguous legacy events and selected out-of-list records PASS","Native outer metadata only; design-mode visibility, duplicate/dynamic boot, unload/reload/reorder and late insertion through existing metadata/commerce controllers PASS; actual editor behavior queued",Unsuppressed CLI 4.8.0 evidence/comparison in batch8-product-information; no scanner suppression; group errors checked explicitly,REQUIRES LIVE VERIFICATION,"Native definition-list semantics, escaped manual/scalar/icon values and modern variant.options indexing. Shared native weight/availability/SKU/option formatting and escaped data now update on real scoped variant controls; initial missing initialization hook was caught and repaired by composed purchase tests. Empty manual rows no longer insert tutorial values; all ten dynamic setting groups retain consumers and count bounds.","B8-PRODUCT-INFORMATION live queue after engineering batches: real native inventory across tracked/untracked/backorder/sold-out and high-variant products; market/currency payment-provider exposure and checkout eligibility; actual configured policy URLs, native weight/options/image alt; saved/default/preset extremes, 320/390/768/1280/1440px, long copy, RTL/zoom/keyboard/AT/no-JS/reduced motion, duplicate product builders and actual editor insertion/reload. All earlier queues carry forward; offline fixtures do not certify Shopify execution.",Individual source/settings/preset/consumer review in batch8-product-information; 553 actual default/preset/control/state renders plus real composed purchase/lifecycle assertions. Five static blocks have no inline JS or simulated commerce actions; only inventory and variant specifications use reviewed metadata events. Shopify/native inventory/provider/media/weight and rendered geometry remain live gates. B8-FINAL: formally closed for engineering; individual disposition and live queue retained. Final full-suite/native-parse/hash/protected-state evidence: validation/batch8-engineering-closure.
blocks,product-sticky-add-to-cart,blocks/product-sticky-add-to-cart.liquid,8 Theme Blocks,snippets/product-selling-plans.liquid;snippets/qtm-product-block-data.liquid,,,,YES,"SOURCE all 35 settings/defaults/options, direct consumers and shared controller contracts; actual state matrix PASS",All three actual presets and defaults plus select/checkbox/range endpoints PASS; native actions and truthful labels retained,"SOURCE shrinking grids, long labels, bounded controls, native sticky wrapper/offset, breakpoint visibility and range extremes PASS; actual pixels/sticky ancestry/native wallet geometry queued","SOURCE/DOM native labeled forms, direct fieldset legends/toggle semantics, visible errors/focus, progressive variants, disabled invalid payments/quantity and reduced motion reviewed; real keyboard/AT/Shopify checkout queued","Actual eight-block product composition in two same-product hosts, one authoritative ID/quantity/plan per form, no cross-host state/cart status or duplicate requests PASS","Native outer metadata/visibility; guarded duplicate/initial/dynamic boot, host unload/reload/reorder/removal and source selection state fixtures PASS; actual editor insertion and native wallets queued",Unsuppressed CLI 4.8.0 evidence/comparison in batch8-product-purchase; zero group errors; new helper orphan diagnostics retained with explicit active consumers,REQUIRES LIVE VERIFICATION,"Native named form integrates scoped selected variant, quantity rules, required/optional plans, price/compare/image/SKU state and real cart results. Sticky positioning moved to the native outer wrapper so its own wrapper cannot prevent sticking; offset/mobile selector, long-label containment and visible error/status output repaired. Removed misleading Buy now insertion label for an Add to Cart action.","B8-PRODUCT-PURCHASE after engineering batches: native form/accelerated checkout/cart routes, selling-plan eligibility/allocations, market/currency/unit/tax presentation, native option/swatch drops and high-variant catalogs; out-of-list explicit selection preserved, full native enumeration/platform navigation needs live coverage. Actual stock/quantity/plan transitions, duplicate builder hosts, sticky ancestors/editor lifecycle, 320/390/768/1280/1440px, long labels/RTL/zoom/keyboard/AT/no-JS/reduced motion. Real mutation/checkout/provider behavior remains untested live.",Individual schemas/presets/consumers and actual composition evidence in batch8-product-purchase; 375 control/default/preset renders plus targeted purchase/request/lifecycle assertions. Platform/form/payment/money/media adapters do not certify Shopify checkout. Inventory Status copy defect is identified but remains NOT REVIEWED for its separate stock/trust review. B8-FINAL: formally closed for engineering; individual disposition and live queue retained. Final full-suite/native-parse/hash/protected-state evidence: validation/batch8-engineering-closure.
blocks,product-subtitle,blocks/product-subtitle.liquid,8 Theme Blocks,,,,,YES,SOURCE all 24 controls/defaults/options + consumers; actual render matrix PASS,All three actual presets plus defaults and option/range/checkbox states PASS,"SOURCE bounded/shrinking/wrapping native block, static CSS and breakpoint/extreme/zero controls reviewed; actual geometry queued","SOURCE/DOM escaped plain text, native links and focus, valid rich-text/heading semantics, progressive description controls/no-JS/keyboard reveal; real AT/contrast queued",Two actual block instances/unique IDs; same-product host variant isolation with actual producer bodies; independent description controls PASS,"Native outer wrapper owns editor metadata; hidden/empty blocks remain editable; singleton late/dynamic boot, unload/reload/reorder/disposal and stale callbacks PASS; actual editor queued",Unsuppressed Shopify CLI 4.8.0 full output/comparison in batch8-product-identity; three existing out-of-group errors remain; no group errors,REQUIRES LIVE VERIFICATION,"Preserved custom rich text in valid containers instead of nesting paragraphs; escaped native metafield/tagline text and retained fallback sources; paragraph toggle applies to plain text; bounded badge/card and mobile typography. Native wrapper metadata, editor visibility and bounded source presentation reconciled.","B8-PRODUCT-IDENTITY after engineering batches: native vendor/subtitle/metafield drops and type/tag locales, file/image/video URLs; saved defaults/presets/editor insertion/selection/unload/reorder; repeated same-product sections, variant/SKU null/empty/stock transitions; description image/font reflow and keyboard/AT/no-JS; 320/390/768/1280/1440px, RTL/zoom/motion/theme contrast.",Full per-control/preset evidence in batch8-product-identity. 444 actual renders plus targeted fixtures; metafield/media/native-wrapper/geometry adapters are not live certification. Form/picker have only a scoped event-emission repair and remain NOT REVIEWED for their full Batch 8 review. B8-FINAL: formally closed for engineering; individual disposition and live queue retained. Final full-suite/native-parse/hash/protected-state evidence: validation/batch8-engineering-closure.
blocks,product-tabs,blocks/product-tabs.liquid,8 Theme Blocks,snippets/qtm-block-metafield.liquid,,,,YES,SOURCE all 74 settings/defaults/options; direct/dynamic/helper consumers individually traced; control matrix PASS,All three actual presets and defaults plus select/checkbox/range endpoints PASS; preserved prior setting IDs and truthful insertion defaults,"SOURCE/DOM all select/checkbox/range endpoints, bounded panel/nav/table/media widths, long-content wrapping, mobile vertical-to-horizontal orientation and media ordering PASS; actual pixels/scroll/zoom queued","SOURCE/DOM native details and dialog markup, progressive visible content, tab roles/roving focus/arrows/Home/End/RTL/hash, named media/links/table regions, focus restoration and reduced motion PASS; native browser inert/focus trapping/AT queued","Actual two-instance tab/disclosure/dialog fixtures, isolated selection, media retirement/restoration, singleton duplicate execution and independent native IDs PASS","Native outer wrapper owns editor metadata; visibility/motion bypass and actual empty guidance, late insertion, load/unload/reload/reorder/select with controller disposal PASS; native Theme Editor queued",Unsuppressed CLI 4.8.0 evidence/comparison in batch8-panels; no scanner suppression; group errors checked explicitly,REQUIRES LIVE VERIFICATION,"Individually reviewed all controls/presets. Progressive content and controller-driven semantics/keyboard/lifecycle replace hidden-before-JS panels and inline scripts. Actual blank tabs omitted, native shop policy links fill only unconfigured manual policy bodies, typed fields preserve false/zero/list/rich/file values. Bounded vertical navigation, root scope and native editor ownership, saved control preservation and truthful defaults repaired.","B8-PANELS live queue after engineering batches: native Theme Editor insert/select/reorder/load/unload; browser details grouping, dialog top layer/inert/focus trapping/AT and scroll; actual YouTube/Vimeo/video playback and retirement; native metafield image/video/rich formatting, chart/table 320/390/768/1280/1440px, no-JS/RTL/zoom/reduced motion. All prior queues remain; no live Shopify QA performed.","Individual source/schema/default/preset/consumer review in batch8-panels; 468 actual render/control/state combinations plus interaction fixtures. LiquidJS/JSDOM and explicit native filter/dialog adapters are not live Shopify/browser certification. Saved setting IDs retained, all 150 sections and settings_data untouched. B8-FINAL: formally closed for engineering; individual disposition and live queue retained. Final full-suite/native-parse/hash/protected-state evidence: validation/batch8-engineering-closure."
blocks,product-tags,blocks/product-tags.liquid,8 Theme Blocks,,,,,YES,SOURCE all 28 controls/defaults/options + consumers; actual render matrix PASS,All three actual presets plus defaults and option/range/checkbox states PASS,"SOURCE bounded/shrinking/wrapping native block, static CSS and breakpoint/extreme/zero controls reviewed; actual geometry queued","SOURCE/DOM escaped plain text, native links and focus, valid rich-text/heading semantics, progressive description controls/no-JS/keyboard reveal; real AT/contrast queued",Two actual block instances/unique IDs; same-product host variant isolation with actual producer bodies; independent description controls PASS,"Native outer wrapper owns editor metadata; hidden/empty blocks remain editable; singleton late/dynamic boot, unload/reload/reorder/disposal and stale callbacks PASS; actual editor queued",Unsuppressed Shopify CLI 4.8.0 full output/comparison in batch8-product-identity; three existing out-of-group errors remain; no group errors,REQUIRES LIVE VERIFICATION,"Handleize only the tag, then append it to the localized catalog route; filter internal tags before applying visible count; suppress genuinely empty storefront output and empty lists; escaped links/names and a named list; zero badge radius honored. Native wrapper metadata, editor visibility and bounded source presentation reconciled.","B8-PRODUCT-IDENTITY after engineering batches: native vendor/subtitle/metafield drops and type/tag locales, file/image/video URLs; saved defaults/presets/editor insertion/selection/unload/reorder; repeated same-product sections, variant/SKU null/empty/stock transitions; description image/font reflow and keyboard/AT/no-JS; 320/390/768/1280/1440px, RTL/zoom/motion/theme contrast.",Full per-control/preset evidence in batch8-product-identity. 444 actual renders plus targeted fixtures; metafield/media/native-wrapper/geometry adapters are not live certification. Form/picker have only a scoped event-emission repair and remain NOT REVIEWED for their full Batch 8 review. B8-FINAL: formally closed for engineering; individual disposition and live queue retained. Final full-suite/native-parse/hash/protected-state evidence: validation/batch8-engineering-closure.
blocks,product-title,blocks/product-title.liquid,8 Theme Blocks,,,,,YES,SOURCE all 15 controls/defaults/options + consumers; actual render matrix PASS,All three actual presets plus defaults and option/range/checkbox states PASS,"SOURCE bounded/shrinking/wrapping native block, static CSS and breakpoint/extreme/zero controls reviewed; actual geometry queued","SOURCE/DOM escaped plain text, native links and focus, valid rich-text/heading semantics, progressive description controls/no-JS/keyboard reveal; real AT/contrast queued",Two actual block instances/unique IDs; same-product host variant isolation with actual producer bodies; independent description controls PASS,"Native outer wrapper owns editor metadata; hidden/empty blocks remain editable; singleton late/dynamic boot, unload/reload/reorder/disposal and stale callbacks PASS; actual editor queued",Unsuppressed Shopify CLI 4.8.0 full output/comparison in batch8-product-identity; three existing out-of-group errors remain; no group errors,REQUIRES LIVE VERIFICATION,"Escaped native product title and configured heading; omit missing storefront title with editor-only guidance; independently honor mobile/desktop sizes, including inverted saved ranges. Native wrapper metadata, editor visibility and bounded source presentation reconciled.","B8-PRODUCT-IDENTITY after engineering batches: native vendor/subtitle/metafield drops and type/tag locales, file/image/video URLs; saved defaults/presets/editor insertion/selection/unload/reorder; repeated same-product sections, variant/SKU null/empty/stock transitions; description image/font reflow and keyboard/AT/no-JS; 320/390/768/1280/1440px, RTL/zoom/motion/theme contrast.",Full per-control/preset evidence in batch8-product-identity. 444 actual renders plus targeted fixtures; metafield/media/native-wrapper/geometry adapters are not live certification. Form/picker have only a scoped event-emission repair and remain NOT REVIEWED for their full Batch 8 review. B8-FINAL: formally closed for engineering; individual disposition and live queue retained. Final full-suite/native-parse/hash/protected-state evidence: validation/batch8-engineering-closure.
blocks,product-trust-badges,blocks/product-trust-badges.liquid,8 Theme Blocks,,,,,YES,SOURCE all 67 settings/defaults/options; direct/dynamic/helper consumers individually traced; control matrix PASS,All three actual presets and defaults plus select/checkbox/range endpoints PASS; preserved prior setting IDs and truthful insertion defaults,"SOURCE min-width/box sizing, independent image/icon sizes, grid counts, long text, bounded payments, table scrolling/responsive highlights and outer-wrapper breakpoint visibility PASS; real pixels/RTL/zoom queued","SOURCE/DOM escaped plain text, actual rich text, native details/definition lists/table row headers, named scroll region and icon-only payment badges, status updates, native editor metadata and reduced motion PASS; actual keyboard/AT queued","Actual stock/specifications/form/picker compositions in two same-product hosts plus mixed-product native controls, null selection, scoped/ambiguous legacy events and selected out-of-list records PASS","Native outer metadata only; design-mode visibility, duplicate/dynamic boot, unload/reload/reorder and late insertion through existing metadata/commerce controllers PASS; actual editor behavior queued",Unsuppressed CLI 4.8.0 evidence/comparison in batch8-product-information; no scanner suppression; group errors checked explicitly,REQUIRES LIVE VERIFICATION,"All eight independent badge setting groups traced. Escaped text icons, native image alt fallback and independently sized image wrapper repair clipped image-size controls. Inline padding now consumes configured padding; rich links inherit configured link color/focus. Unsupported secure/verified/guarantee/shipping assertions removed from insertion defaults/presets while saved merchant copy remains.","B8-PRODUCT-INFORMATION live queue after engineering batches: real native inventory across tracked/untracked/backorder/sold-out and high-variant products; market/currency payment-provider exposure and checkout eligibility; actual configured policy URLs, native weight/options/image alt; saved/default/preset extremes, 320/390/768/1280/1440px, long copy, RTL/zoom/keyboard/AT/no-JS/reduced motion, duplicate product builders and actual editor insertion/reload. All earlier queues carry forward; offline fixtures do not certify Shopify execution.",Individual source/settings/preset/consumer review in batch8-product-information; 553 actual default/preset/control/state renders plus real composed purchase/lifecycle assertions. Five static blocks have no inline JS or simulated commerce actions; only inventory and variant specifications use reviewed metadata events. Shopify/native inventory/provider/media/weight and rendered geometry remain live gates. B8-FINAL: formally closed for engineering; individual disposition and live queue retained. Final full-suite/native-parse/hash/protected-state evidence: validation/batch8-engineering-closure.
blocks,product-type,blocks/product-type.liquid,8 Theme Blocks,,,,,YES,SOURCE all 24 controls/defaults/options + consumers; actual render matrix PASS,All three actual presets plus defaults and option/range/checkbox states PASS,"SOURCE bounded/shrinking/wrapping native block, static CSS and breakpoint/extreme/zero controls reviewed; actual geometry queued","SOURCE/DOM escaped plain text, native links and focus, valid rich-text/heading semantics, progressive description controls/no-JS/keyboard reveal; real AT/contrast queued",Two actual block instances/unique IDs; same-product host variant isolation with actual producer bodies; independent description controls PASS,"Native outer wrapper owns editor metadata; hidden/empty blocks remain editable; singleton late/dynamic boot, unload/reload/reorder/disposal and stale callbacks PASS; actual editor queued",Unsuppressed Shopify CLI 4.8.0 full output/comparison in batch8-product-identity; three existing out-of-group errors remain; no group errors,REQUIRES LIVE VERIFICATION,"Preserved native url_for_type link and escaped URL; repaired Fade right schema value while normalizing existing saved legacy value; long labels and badge rows wrap; empty/editor and independent controls validated. Native wrapper metadata, editor visibility and bounded source presentation reconciled.","B8-PRODUCT-IDENTITY after engineering batches: native vendor/subtitle/metafield drops and type/tag locales, file/image/video URLs; saved defaults/presets/editor insertion/selection/unload/reorder; repeated same-product sections, variant/SKU null/empty/stock transitions; description image/font reflow and keyboard/AT/no-JS; 320/390/768/1280/1440px, RTL/zoom/motion/theme contrast.",Full per-control/preset evidence in batch8-product-identity. 444 actual renders plus targeted fixtures; metafield/media/native-wrapper/geometry adapters are not live certification. Form/picker have only a scoped event-emission repair and remain NOT REVIEWED for their full Batch 8 review. B8-FINAL: formally closed for engineering; individual disposition and live queue retained. Final full-suite/native-parse/hash/protected-state evidence: validation/batch8-engineering-closure.
blocks,product-upsell-products,blocks/product-upsell-products.liquid,8 Theme Blocks,,,,,YES,SOURCE all 59 settings/defaults/options; direct/dynamic/helper consumers individually traced; control matrix PASS,All three actual presets and defaults plus select/checkbox/range endpoints PASS; preserved prior setting IDs and truthful insertion defaults,"SOURCE/DOM all control endpoints, native grid/cards/minimal/compact/split/carousel modes, three breakpoint controls, bounded labels and actual configured-gap/RTL geometry arithmetic PASS; native pixels/zoom/scroll-snap remain queued","SOURCE/DOM useful no-JS links/native scroll, named regions/controls/targets, blank-label suppression, viewport-only keyboard handling, focus-preserving replacement and reduced motion PASS; native browser/AT/zoom/focus queued","Two-carousel RTL/native geometry and two actual product-form/metadata/commerce host compositions, exact fetched root/product, independent variant deltas, duplicate execution and dynamic insertion/removal/reorder PASS","Native wrapper owns editor metadata; honest selectable empty state and visibility/motion bypass; load/unload/reload, aborted/stale requests and observer/listener/RAF cleanup PASS; actual native editor queued",Unsuppressed CLI 4.8.0 evidence/comparison in batch8-product-merchandising; no scanner suppression; group errors checked explicitly,REQUIRES LIVE VERIFICATION,"Individually reviewed all 59 settings and three presets. Exact selected alternative supplies native variant price, compare and escaped links; current-product selection remains empty. No invented zero-priced base product. Positive native base-unit price differences include the selected variant outside enumeration and update/hide through the existing scoped metadata lifecycle on native form change, invalid combination and restoration. Preserves feature/split/compact and all saved IDs. New insertion defaults use real product title, optional merchant comparison and explicit base-price difference; no invented superiority/best-value claims or fake comparison destination. Lazy media, blank-label suppression, editor visibility and bounded focus/labels repaired.","B8-PRODUCT-MERCHANDISING live queue after engineering batches: native complementary Search & Discovery/section/block/market context, locale tracking URLs, cap-10/manual/empty fallback; native variant/money/compare/image drops; browser no-JS/RTL scroll-snap, 320/390/768/1280/1440px grid/compact/split/long copy, keyboard/AT/reduced-motion/zoom; native editor insertion/select/reorder/load/unload and multiple product hosts/restoration. Upsell difference compares base unit prices before selling plans, quantity and cart discounts. All prior queues carry forward; no live Shopify QA performed.",Individual source/schema/default/preset/consumer review in batch8-product-merchandising. LiquidJS/JSDOM/native-filter/provider-response/geometry adapters are not Shopify/browser certification. All saved setting IDs and protected hosts/state preserved. B8-FINAL: formally closed for engineering; individual disposition and live queue retained. Final full-suite/native-parse/hash/protected-state evidence: validation/batch8-engineering-closure.
blocks,product-variant-picker,blocks/product-variant-picker.liquid,8 Theme Blocks,snippets/qtm-product-block-data.liquid,,,,YES,"SOURCE all 29 settings/defaults/options, direct consumers and shared controller contracts; actual state matrix PASS",All three actual presets and defaults plus select/checkbox/range endpoints PASS; native actions and truthful labels retained,"SOURCE shrinking grids, long labels, bounded controls, native sticky wrapper/offset, breakpoint visibility and range extremes PASS; actual pixels/sticky ancestry/native wallet geometry queued","SOURCE/DOM native labeled forms, direct fieldset legends/toggle semantics, visible errors/focus, progressive variants, disabled invalid payments/quantity and reduced motion reviewed; real keyboard/AT/Shopify checkout queued","Actual eight-block product composition in two same-product hosts, one authoritative ID/quantity/plan per form, no cross-host state/cart status or duplicate requests PASS","Native outer metadata/visibility; guarded duplicate/initial/dynamic boot, host unload/reload/reorder/removal and source selection state fixtures PASS; actual editor insertion and native wallets queued",Unsuppressed CLI 4.8.0 evidence/comparison in batch8-product-purchase; zero group errors; new helper orphan diagnostics retained with explicit active consumers,REQUIRES LIVE VERIFICATION,"Dropdown/buttons/pills/swatches share exact option resolution and scoped state; nonexistent combinations clear all form IDs and disable checkout without trapping navigation. Fieldset legend is a direct child; toggle-button group semantics match actual controls. Native swatch drops replace guessed name-as-color values, unknown swatches keep text; nonenhanced variant links remain usable. Saved availability labels, selection, radius, false/zero and editor controls validated.","B8-PRODUCT-PURCHASE after engineering batches: native form/accelerated checkout/cart routes, selling-plan eligibility/allocations, market/currency/unit/tax presentation, native option/swatch drops and high-variant catalogs; out-of-list explicit selection preserved, full native enumeration/platform navigation needs live coverage. Actual stock/quantity/plan transitions, duplicate builder hosts, sticky ancestors/editor lifecycle, 320/390/768/1280/1440px, long labels/RTL/zoom/keyboard/AT/no-JS/reduced motion. Real mutation/checkout/provider behavior remains untested live.",Individual schemas/presets/consumers and actual composition evidence in batch8-product-purchase; 375 control/default/preset renders plus targeted purchase/request/lifecycle assertions. Platform/form/payment/money/media adapters do not certify Shopify checkout. Inventory Status copy defect is identified but remains NOT REVIEWED for its separate stock/trust review. B8-FINAL: formally closed for engineering; individual disposition and live queue retained. Final full-suite/native-parse/hash/protected-state evidence: validation/batch8-engineering-closure.
blocks,product-vendor,blocks/product-vendor.liquid,8 Theme Blocks,,,,,YES,SOURCE all 24 controls/defaults/options + consumers; actual render matrix PASS,All three actual presets plus defaults and option/range/checkbox states PASS,"SOURCE bounded/shrinking/wrapping native block, static CSS and breakpoint/extreme/zero controls reviewed; actual geometry queued","SOURCE/DOM escaped plain text, native links and focus, valid rich-text/heading semantics, progressive description controls/no-JS/keyboard reveal; real AT/contrast queued",Two actual block instances/unique IDs; same-product host variant isolation with actual producer bodies; independent description controls PASS,"Native outer wrapper owns editor metadata; hidden/empty blocks remain editable; singleton late/dynamic boot, unload/reload/reorder/disposal and stale callbacks PASS; actual editor queued",Unsuppressed Shopify CLI 4.8.0 full output/comparison in batch8-product-identity; three existing out-of-group errors remain; no group errors,REQUIRES LIVE VERIFICATION,"Corrected copied subtitle identity/schema/presets/CSS to Product Vendor; new defaults/presets use actual product.vendor. Retained all legacy setting IDs and custom/metafield/tagline selections, with safe rich/plain text handling. Native wrapper metadata, editor visibility and bounded source presentation reconciled.","B8-PRODUCT-IDENTITY after engineering batches: native vendor/subtitle/metafield drops and type/tag locales, file/image/video URLs; saved defaults/presets/editor insertion/selection/unload/reorder; repeated same-product sections, variant/SKU null/empty/stock transitions; description image/font reflow and keyboard/AT/no-JS; 320/390/768/1280/1440px, RTL/zoom/motion/theme contrast.",Full per-control/preset evidence in batch8-product-identity. 444 actual renders plus targeted fixtures; metafield/media/native-wrapper/geometry adapters are not live certification. Form/picker have only a scoped event-emission repair and remain NOT REVIEWED for their full Batch 8 review. B8-FINAL: formally closed for engineering; individual disposition and live queue retained. Final full-suite/native-parse/hash/protected-state evidence: validation/batch8-engineering-closure.
snippets,account-main-account-login-recover-form-placeholder,snippets/account-main-account-login-recover-form-placeholder.liquid,7 Social / Third Party / Utilities,,,,sections/account-main-account-login.liquid,N/A,SOURCE + 173 native auth settings/edge/runtime cases PASS,ACTUAL settings defaults and control bounds PASS,"SOURCE bounded controls/text, native tokens and reduced motion; browser pending","NATIVE forms/required fields/labels, disposable password toggles, panel focus/errors PASS; AT pending","ACTUAL two instances, duplicate boot and load/unload/reload PASS",Guarded lifecycle and legacy-account boundary guidance; actual editor pending,"Unmodified CLI 4.8.0 exit 1; batch7-account-auth evidence; native parser PASS B7-FINAL full CLI 4.8.0 exits 1: 499 total (5 errors/494 warnings), 0 errors/18 retained warnings in Family 7; unsuppressed.",REQUIRES LIVE VERIFICATION,"Preserved native legacy authentication forms and settings; restored native validation, unique scoped form/error IDs, escaped merchant/customer text, non-cloned recovery, no-JS completeness, scoped disposable password/panel controls, real button/surface contrast and theme tokens. Activation decline bypasses password validation.","B7-ACCOUNT-AUTH after Batch 9: real legacy account activation/decline/login/recovery/reset/registration and server errors/confirmation/session behavior, saved settings and native captcha, responsive/RTL/zoom/theme contrast/no-JS/keyboard/AT and editor reload. Current customer accounts are Shopify-managed outside these theme templates.","173 native-form adapter/Liquid/DOM/CSS cases; fixtures do not certify Shopify services, browser pixels or AT. Native accounts configuration and any migration remain owner/platform responsibilities. B7-FINAL engineering closure 2026-09-22: all 75 family entries reconciled; final evidence validation/batch7-engineering-closure. Existing live queues remain after Batch 9."
snippets,account-main-account-nav,snippets/account-main-account-nav.liquid,7 Social / Third Party / Utilities,,account-main-account-nav.css,,sections/account-main-account-addresses.liquid;sections/account-main-account-dashboard.liquid;sections/account-main-account-order-tracking.liquid;sections/account-main-account-order.liquid;sections/account-main-account-orders.liquid,N/A,Independent actual account settings/defaults/data edge fixtures PASS,"Native defaults, control bounds and guest/empty/configured states PASS","SOURCE native tokens/card contrast, bounded layouts/controls/table scroll, reduced motion; browser pending","SOURCE/DOM native forms/labels/errors, region scroll focus, exact statuses, native links and panel focus PASS; AT pending",Independent address/order/tracking roots; duplicate boot and load/unload/reload PASS,SOURCE/DOM lifecycle and truthful provider/legacy account guidance; real editor pending,"Unmodified CLI 4.8.0 exit 1; batch7-account-pages evidence; native parse PASS B7-FINAL full CLI 4.8.0 exits 1: 499 total (5 errors/494 warnings), 0 errors/18 retained warnings in Family 7; unsuppressed.",REQUIRES LIVE VERIFICATION,"Hardened native account data/form/link contracts, escaped values, explicit navigation labels and destinations. Repaired Liquid content in nav CSS, native-status filtering and disposal, address no-JS/IDs/country-province/default/delete/pagination, scoped tokens/contrast, and configured tracking redirects without fabricated shipment state.","B7-ACCOUNT-PAGES after Batch 9: native account pagination/order totals/status/fulfillment URLs and customer privacy, create/edit/default/delete/country/province errors, merchant provider query contract and real navigation, saved settings, no-JS/responsive/RTL/zoom/contrast/keyboard/AT and editor lifecycle.","Dedicated actual host/native data/DOM/CSS fixtures; native form processing, pagination, browser navigation and provider behavior use explicit adapters and remain queued. No private API, simulated status, account migration or production action. B7-FINAL engineering closure 2026-09-22: all 75 family entries reconciled; final evidence validation/batch7-engineering-closure. Existing live queues remain after Batch 9."
snippets,blog-card,snippets/blog-card.liquid,3 Collection / Discovery,,,,sections/featured-content-blog-spotlight.liquid;sections/main-blog-collection.liquid;sections/main-blog-single.liquid;snippets/blog-feed-items.liquid,N/A,SOURCE/ACTUAL LIQUID CONTRACT REVIEWED; live pending,N/A — reviewed through consumer,SOURCE CSS/bounds/reduced-motion reviewed; live pending,SOURCE/DOM native links/forms/focus reviewed; live pending,ACTUAL LIQUID/DOM fixture pass; live pending,Controller unload/reload and source attributes reviewed; actual editor pending,CLI 4.8.0 compared in batch3-closure-batch4-card; existing debt retained,REQUIRES LIVE VERIFICATION,"Native blog/article/pagination contracts, safe shared cards, tagged preview/archive routing, settings/CTA/auxiliary-content controls, scoped bounds and disposable load-more; social SVG output source reviewed without changes.","B3-BLOG: after Batches 4–9; all settings/presets, five viewports, real data/currency/cart, keyboard/screen reader, no JS/reduced motion, multiple instances and actual editor lifecycle.",Source/fixture acceptance only. Live Shopify/browser acceptance remains queued. Other consumers retain individual host review in their assigned batches. Family reconciled by actual consumer/type at B5-BUILDERS; this assignment does not grant review approval.
snippets,blog-feed-items,snippets/blog-feed-items.liquid,3 Collection / Discovery,snippets/blog-card.liquid,,,sections/feeds-blogs.liquid,N/A,SOURCE/ACTUAL LIQUID CONTRACT REVIEWED; live pending,N/A — reviewed through consumer,SOURCE CSS/bounds/reduced-motion reviewed; live pending,SOURCE/DOM native links/forms/focus reviewed; live pending,ACTUAL LIQUID/DOM fixture pass; live pending,Controller unload/reload and source attributes reviewed; actual editor pending,CLI 4.8.0 compared in batch3-closure-batch4-card; existing debt retained,REQUIRES LIVE VERIFICATION,"Native blog/article/pagination contracts, safe shared cards, tagged preview/archive routing, settings/CTA/auxiliary-content controls, scoped bounds and disposable load-more; social SVG output source reviewed without changes.","B3-BLOG: after Batches 4–9; all settings/presets, five viewports, real data/currency/cart, keyboard/screen reader, no JS/reduced motion, multiple instances and actual editor lifecycle.",Source/fixture acceptance only. Live Shopify/browser acceptance remains queued. Other consumers retain individual host review in their assigned batches.
snippets,boxed-content-media,snippets/boxed-content-media.liquid,9 Snippet / Asset Closure,,,,,N/A,SOURCE REVIEWED; inputs/settings/consumer contracts individually documented in B9-C,N/A — no own schema; active settings default/min/max and consumer expressions rendered,DORMANT — actual consumer absence and preactivation constraints recorded,SOURCE REVIEWED; token/label/motion/ID constraints individually recorded; no native AT certification,DORMANT — trusted numeric inputs or unique-ID preactivation contract recorded,DORMANT — no active lifecycle; no controller invented,Strict native parser PASS; existing unsuppressed baseline retained; final full comparison required,DELETION CANDIDATE — OWNER REVIEW,"No source change; unused legacy/placeholder helper retained for owner deletion review, with explicit preactivation liabilities.",No separate live test while dormant; owner review and source/contract repair before any activation.,B9-C: docs/phase4/validation/batch9-c-shared-helpers/. All direct/transitive consumers and build/dynamic references recorded; no automatic deletions. Liquid/CSS/color adapters are not live certification. B9-FINAL: formally dispositioned for engineering; retained/live/owner-review limitations unchanged. Closure evidence: validation/batch9-engineering-closure/.
snippets,card-product,snippets/card-product.liquid,7 Social / Third Party / Utilities,,,,sections/3rd-party-metaobject-supplier.liquid;sections/3rd-party-warehouse-merch.liquid,N/A,SOURCE + ACTUAL independent settings/source/field/card fixtures PASS,N/A; BOTH actual consumers exercised,"SOURCE bounded grid/carousel/hero, long text and logical chip positions; pixels/RTL pending","SOURCE/DOM native links/lists/headings, escaped copy, visible focus and reduced motion; AT pending",ACTUAL two-instance identities and scoped CSS PASS,"SOURCE native mapping metadata, empty/no-context guidance; live insert/reorder/select pending","CLI 4.8.0 exits 1: 508 diagnostics (7 errors/501 warnings), unchanged; all changed Liquid parses natively B7-FINAL full CLI 4.8.0 exits 1: 499 total (5 errors/494 warnings), 0 errors/18 retained warnings in Family 7; unsuppressed.",REQUIRES LIVE VERIFICATION,"Guard missing product/URL; preserve show_price=false; escape text/URLs, image fallback, positive numeric aspect and chip enum guards; native product price range without unrelated compare prices, paired uniform-price compare; styling owned by one asset loaded by both hosts.","B7-WAREHOUSE-SUPPLIER after Batch 9: native published metaobject fields/access/webpage capability, collection picks/legacy handles, warehouse mapping precedence and block selection, curated group labels versus actual fulfillment, products/variants/presentment currency, all saved controls and theme/custom contrast, 1440/1280/768/390/320px/zoom/long text/RTL/keyboard/AT/no-JS, editor insertion/reorder/unload/reload.",128 independent actual host/card fixture cases. Evidence: validation/batch7-warehouse-supplier. Native Liquid/field/image/money/color/DOM adapters do not certify Shopify or layout. Warehouse legacy global mapping keys have no schema; new section mapping blocks supply real configuration without touching merchant state. Supplier accepts custom definition types by documented field contract. B7-FINAL engineering closure 2026-09-22: all 75 family entries reconciled; final evidence validation/batch7-engineering-closure. Existing live queues remain after Batch 9.
snippets,cart-addons,snippets/cart-addons.liquid,4 Product / Commerce,,,,sections/main-cart.liquid;snippets/cart-drawer.liquid,N/A,SOURCE REVIEWED; schema-backed controls and native data contracts; live matrix queued,N/A — dependency; host configurations reviewed,SOURCE CSS/markup bounds reviewed; actual browser queued,SOURCE/Liquid/DOM review; native browser and assistive technology queued,Host-scoped identities/state reviewed in fixtures; global singleton explicitly retained where applicable,SOURCE/DOM lifecycle and editor attributes reviewed; actual Shopify editor queued,"CLI 4.8.0 exit 1, full baseline comparison retained; not clean certification",REQUIRES LIVE VERIFICATION,"Native removal links replace nested forms; line keys, subscription labels, escaped public properties/discounts and native quantity instructions. Subtotal/discount/total and tax notice use Shopify cart state; checkout submits cart edits. Add-ons require single variant and no required plan, with native minimum quantity; other choices link to PDP. Scoped wrap/focus/no-JS styling.","B4-FINAL, after Batch 9: Native line discounts/properties/subscription names, quantity rules/instructions and localized checkout/update/remove/add flows; add-on eligibility/settings, tax/currency display, no-JS responsive/accessibility acceptance.",Batch 4 individual source disposition. Evidence: validation/batch4-commerce-closure; cart-commerce.cjs. Explicit platform adapters; no live certification.
snippets,cart-drawer,snippets/cart-drawer.liquid,4 Product / Commerce,snippets/cart-addons.liquid;snippets/cart-line-item.liquid;snippets/cart-progress-bar.liquid;snippets/cart-progress-rewards.liquid;snippets/cart-summary.liquid,cart-shared.css,,layout/theme.liquid,N/A,SOURCE REVIEWED; schema-backed controls and native data contracts; live matrix queued,N/A — dependency; host configurations reviewed,SOURCE CSS/markup bounds reviewed; actual browser queued,SOURCE/Liquid/DOM review; native browser and assistive technology queued,Host-scoped identities/state reviewed in fixtures; global singleton explicitly retained where applicable,SOURCE/DOM lifecycle and editor attributes reviewed; actual Shopify editor queued,"CLI 4.8.0 exit 1, full baseline comparison retained; not clean certification",REQUIRES LIVE VERIFICATION,"Reviewed existing global singleton and shared snippet contract. Strict quantity validation and in-flight guards, current-content refresh/focus preservation, stale GET cancellation and modal handoff; successful mutations distinguished from refresh errors. Native checkout retained, short-viewport overflow and long-content focus styles.","B4-FINAL, after Batch 9: Actual global drawer/native cart coexistence, repeated/failed cart requests, focus/scroll/modal transitions, localized native/AJAX carts and subscriptions, short/mobile viewports and editor lifecycle. Drawer has no own configurable reward/add-on blocks; none invented.",Batch 4 individual source disposition. Evidence: validation/batch4-commerce-closure; cart-commerce.cjs; global-quick-view.cjs; Phase 3 shared-ui-tests.cjs. Explicit platform adapters; no live certification.
snippets,cart-line-item,snippets/cart-line-item.liquid,4 Product / Commerce,,,,sections/main-cart.liquid;snippets/cart-drawer.liquid,N/A,SOURCE REVIEWED; schema-backed controls and native data contracts; live matrix queued,N/A — dependency; host configurations reviewed,SOURCE CSS/markup bounds reviewed; actual browser queued,SOURCE/Liquid/DOM review; native browser and assistive technology queued,Host-scoped identities/state reviewed in fixtures; global singleton explicitly retained where applicable,SOURCE/DOM lifecycle and editor attributes reviewed; actual Shopify editor queued,"CLI 4.8.0 exit 1, full baseline comparison retained; not clean certification",REQUIRES LIVE VERIFICATION,"Native removal links replace nested forms; line keys, subscription labels, escaped public properties/discounts and native quantity instructions. Subtotal/discount/total and tax notice use Shopify cart state; checkout submits cart edits. Add-ons require single variant and no required plan, with native minimum quantity; other choices link to PDP. Scoped wrap/focus/no-JS styling.","B4-FINAL, after Batch 9: Native line discounts/properties/subscription names, quantity rules/instructions and localized checkout/update/remove/add flows; add-on eligibility/settings, tax/currency display, no-JS responsive/accessibility acceptance.",Batch 4 individual source disposition. Evidence: validation/batch4-commerce-closure; cart-commerce.cjs. Explicit platform adapters; no live certification.
snippets,cart-progress-bar,snippets/cart-progress-bar.liquid,4 Product / Commerce,,,,snippets/cart-drawer.liquid,N/A,SOURCE REVIEWED; schema-backed controls and native data contracts; live matrix queued,N/A — dependency; host configurations reviewed,SOURCE CSS/markup bounds reviewed; actual browser queued,SOURCE/Liquid/DOM review; native browser and assistive technology queued,Host-scoped identities/state reviewed in fixtures; global singleton explicitly retained where applicable,SOURCE/DOM lifecycle and editor attributes reviewed; actual Shopify editor queued,"CLI 4.8.0 exit 1, full baseline comparison retained; not clean certification",REQUIRES LIVE VERIFICATION,"Existing reward helpers retained and reviewed independently. Positive thresholds, bounded progress, escaped labels and closest higher target. Schema explicitly states that display thresholds do not create Shopify rewards/discounts.","B4-FINAL, after Batch 9: Actual active-cart currency thresholds and configured shipping/discount/gift behavior, all positions/styles, long labels, screen reader/contrast and editor acceptance.",Batch 4 individual source disposition. Evidence: validation/batch4-commerce-closure; cart-commerce.cjs. Explicit platform adapters; no live certification.
snippets,cart-progress-rewards,snippets/cart-progress-rewards.liquid,4 Product / Commerce,,,,sections/main-cart.liquid;snippets/cart-drawer.liquid,N/A,SOURCE REVIEWED; schema-backed controls and native data contracts; live matrix queued,N/A — dependency; host configurations reviewed,SOURCE CSS/markup bounds reviewed; actual browser queued,SOURCE/Liquid/DOM review; native browser and assistive technology queued,Host-scoped identities/state reviewed in fixtures; global singleton explicitly retained where applicable,SOURCE/DOM lifecycle and editor attributes reviewed; actual Shopify editor queued,"CLI 4.8.0 exit 1, full baseline comparison retained; not clean certification",REQUIRES LIVE VERIFICATION,"Existing reward helpers retained and reviewed independently. Positive thresholds, bounded progress, escaped labels and closest higher target. Schema explicitly states that display thresholds do not create Shopify rewards/discounts.","B4-FINAL, after Batch 9: Actual active-cart currency thresholds and configured shipping/discount/gift behavior, all positions/styles, long labels, screen reader/contrast and editor acceptance.",Batch 4 individual source disposition. Evidence: validation/batch4-commerce-closure; cart-commerce.cjs. Explicit platform adapters; no live certification.
snippets,cart-rewards-progress-bar,snippets/cart-rewards-progress-bar.liquid,4 Product / Commerce,,,,sections/main-cart.liquid,N/A,SOURCE REVIEWED; schema-backed controls and native data contracts; live matrix queued,N/A — dependency; host configurations reviewed,SOURCE CSS/markup bounds reviewed; actual browser queued,SOURCE/Liquid/DOM review; native browser and assistive technology queued,Host-scoped identities/state reviewed in fixtures; global singleton explicitly retained where applicable,SOURCE/DOM lifecycle and editor attributes reviewed; actual Shopify editor queued,"CLI 4.8.0 exit 1, full baseline comparison retained; not clean certification",REQUIRES LIVE VERIFICATION,"Existing reward helpers retained and reviewed independently. Positive thresholds, bounded progress, escaped labels and closest higher target. Schema explicitly states that display thresholds do not create Shopify rewards/discounts.","B4-FINAL, after Batch 9: Actual active-cart currency thresholds and configured shipping/discount/gift behavior, all positions/styles, long labels, screen reader/contrast and editor acceptance.",Batch 4 individual source disposition. Evidence: validation/batch4-commerce-closure; cart-commerce.cjs. Explicit platform adapters; no live certification.
snippets,cart-summary,snippets/cart-summary.liquid,4 Product / Commerce,,,,sections/main-cart.liquid;snippets/cart-drawer.liquid,N/A,SOURCE REVIEWED; schema-backed controls and native data contracts; live matrix queued,N/A — dependency; host configurations reviewed,SOURCE CSS/markup bounds reviewed; actual browser queued,SOURCE/Liquid/DOM review; native browser and assistive technology queued,Host-scoped identities/state reviewed in fixtures; global singleton explicitly retained where applicable,SOURCE/DOM lifecycle and editor attributes reviewed; actual Shopify editor queued,"CLI 4.8.0 exit 1, full baseline comparison retained; not clean certification",REQUIRES LIVE VERIFICATION,"Native removal links replace nested forms; line keys, subscription labels, escaped public properties/discounts and native quantity instructions. Subtotal/discount/total and tax notice use Shopify cart state; checkout submits cart edits. Add-ons require single variant and no required plan, with native minimum quantity; other choices link to PDP. Scoped wrap/focus/no-JS styling.","B4-FINAL, after Batch 9: Native line discounts/properties/subscription names, quantity rules/instructions and localized checkout/update/remove/add flows; add-on eligibility/settings, tax/currency display, no-JS responsive/accessibility acceptance.",Batch 4 individual source disposition. Evidence: validation/batch4-commerce-closure; cart-commerce.cjs. Explicit platform adapters; no live certification.
snippets,collection-card,snippets/collection-card.liquid,3 Collection / Discovery,,,,sections/featured-content-collection-spotlight.liquid;sections/feeds-collection-grid.liquid,N/A,SOURCE REVIEWED; live acceptance pending,SOURCE/LIQUID REVIEWED; visual acceptance pending,SOURCE/CSS REVIEWED; live pending,SOURCE/DOM REVIEWED; live pending,TWO-HOST LIQUID/CSS fixture pass; live pending,EDITOR ATTRIBUTES; insertion/selection live pending,CLI 4.8.0 baseline comparison; see batch3-spotlight evidence,REQUIRES LIVE VERIFICATION,"Restored existing card/CTA styles, host typography/media/colors/shadow controls, valid collection counting and complete split output, scoped CSS and editor identities; prior filter/output repairs retained.","B3-GRID and B3-SPOT: all presets/settings, five viewports, long text/media, two hosts, keyboard/screen reader, reduced motion, native carousel and real editor lifecycle.",Source findings from partial checkpoint resolved. No live Shopify/browser certification. Shared card retained in both feed and Spotlight hosts.
snippets,collection-list-card,snippets/collection-list-card.liquid,3 Collection / Discovery,,,,sections/main-collection-list.liquid,N/A,SOURCE REVIEWED; manual/all and grid/carousel fixtures PASS,Actual insertion fixture PASS; blank selections intentional,Bounded columns/peek/adapt image reviewed; browser widths pending,"Named native scroller, single link, visible focus, reduced-motion fixture PASS",Two-instance/duplicate-init fixture PASS,Selection/unload/reload fixture PASS; actual editor pending,CLI 4.8.0 checkpoint comparison; existing debt retained,REQUIRES LIVE VERIFICATION,"Correct Shopify collections iteration; scoped disposable native carousel with resize/RTL/reduced-motion/editor handling; container-aligned page heading; guarded/escaped card output; bounded mobile columns, visible focus and real peek width.","B3-LIST: manual/all modes on list-collections and other hosts; empty/populated collections; grid/carousel at 1440/1280/991/990/750/749/390/320px; 1-3 mobile columns, image ratios/overrides, long content, LTR/RTL native scroll, keyboard/screen reader, real editor add/remove/reorder/select.",Actual Liquid and DOM fixtures do not certify Shopify collection drops or browser layout. Max items remains auto-only by schema contract. Other Batch 3 entries remain NOT REVIEWED.
snippets,collection-modern-active-filters,snippets/collection-modern-active-filters.liquid,3 Collection / Discovery,snippets/section-collection-modern-utils.liquid,,,snippets/collection-modern-toolbar.liquid;snippets/collection-simple-toolbar.liquid,N/A,SOURCE/ACTUAL LIQUID CONTRACT REVIEWED; live pending,N/A — reviewed through consumer,SOURCE CSS/bounds/reduced-motion reviewed; live pending,SOURCE/DOM native links/forms/focus reviewed; live pending,ACTUAL LIQUID/DOM fixture pass; live pending,Controller unload/reload and source attributes reviewed; actual editor pending,CLI 4.8.0 compared in batch3-closure-batch4-card; existing debt retained,REQUIRES LIVE VERIFICATION,Native localized filter/sort/cart contracts; correct price units and result counts; scoped IDs/form ownership; source settings and card media/variant/subscription behavior; disposable pagination/drawer/quick-view controls.,"B3-COLLECTION/B3-SEARCH/B4-CARD: after Batches 4–9; all settings/presets, five viewports, real data/currency/cart, keyboard/screen reader, no JS/reduced motion, multiple instances and actual editor lifecycle.",Source/fixture acceptance only. Live Shopify/browser acceptance remains queued. Other consumers retain individual host review in their assigned batches.
snippets,collection-modern-compare-tray,snippets/collection-modern-compare-tray.liquid,3 Collection / Discovery,,,,,N/A,RETAINED CONTRACT SOURCE REVIEWED; no active host,N/A — dormant compatibility source,SCOPED SOURCE CSS reviewed; future host acceptance required,NATIVE CONTRACT/DOM fixture reviewed; future host acceptance required,Scoped IDs/native forms/disposable controller contract reviewed; no active host,Dormant controller unload/reload fixture; no activation approval,CLI 4.8.0 compared in batch3-closure-batch4-card; existing debt retained,RETAINED — DORMANT SOURCE REVIEWED,Retained selection tray now lists every selected product; removed misleading action that claimed comparison while navigating only to the first product. No comparison provider invented.,No active root loader found. Future host activation requires full settings/visual/editor/commerce acceptance; retained architecture is not runtime certification.,"Literal and dynamic dependency trace: legacy JS can request protected Quick View and load the shared controller, but has no active repository loader. Simple host is excluded from legacy JS/CSS. Compatibility sources retained. No deletion or activation authorized."
snippets,collection-modern-empty-state,snippets/collection-modern-empty-state.liquid,3 Collection / Discovery,,,,,N/A,RETAINED CONTRACT SOURCE REVIEWED; no active host,N/A — dormant compatibility source,SCOPED SOURCE CSS reviewed; future host acceptance required,NATIVE CONTRACT/DOM fixture reviewed; future host acceptance required,Scoped IDs/native forms/disposable controller contract reviewed; no active host,Dormant controller unload/reload fixture; no activation approval,CLI 4.8.0 compared in batch3-closure-batch4-card; existing debt retained,RETAINED — DORMANT SOURCE REVIEWED,Native localized filter/sort/cart contracts; correct price units and result counts; scoped IDs/form ownership; source settings and card media/variant/subscription behavior; disposable pagination/drawer/quick-view controls.,No active root loader found. Future host activation requires full settings/visual/editor/commerce acceptance; retained architecture is not runtime certification.,"Literal and dynamic dependency trace: legacy JS can request protected Quick View and load the shared controller, but has no active repository loader. Simple host is excluded from legacy JS/CSS. Compatibility sources retained. No deletion or activation authorized."
snippets,collection-modern-facets,snippets/collection-modern-facets.liquid,3 Collection / Discovery,snippets/collection-modern-facets.liquid;snippets/collection-query-fields.liquid,,,snippets/collection-modern-facets.liquid;snippets/collection-simple-facets.liquid;snippets/section-collection-modern-facets.liquid,N/A,SOURCE/ACTUAL LIQUID CONTRACT REVIEWED; live pending,N/A — reviewed through consumer,SOURCE CSS/bounds/reduced-motion reviewed; live pending,SOURCE/DOM native links/forms/focus reviewed; live pending,ACTUAL LIQUID/DOM fixture pass; live pending,Controller unload/reload and source attributes reviewed; actual editor pending,CLI 4.8.0 compared in batch3-closure-batch4-card; existing debt retained,REQUIRES LIVE VERIFICATION,Native localized filter/sort/cart contracts; correct price units and result counts; scoped IDs/form ownership; source settings and card media/variant/subscription behavior; disposable pagination/drawer/quick-view controls.,"B3-COLLECTION/B3-SEARCH/B4-CARD: after Batches 4–9; all settings/presets, five viewports, real data/currency/cart, keyboard/screen reader, no JS/reduced motion, multiple instances and actual editor lifecycle.",Source/fixture acceptance only. Live Shopify/browser acceptance remains queued. Other consumers retain individual host review in their assigned batches.
snippets,collection-modern-pagination,snippets/collection-modern-pagination.liquid,3 Collection / Discovery,,,,,N/A,RETAINED CONTRACT SOURCE REVIEWED; no active host,N/A — dormant compatibility source,SCOPED SOURCE CSS reviewed; future host acceptance required,NATIVE CONTRACT/DOM fixture reviewed; future host acceptance required,Scoped IDs/native forms/disposable controller contract reviewed; no active host,Dormant controller unload/reload fixture; no activation approval,CLI 4.8.0 compared in batch3-closure-batch4-card; existing debt retained,RETAINED — DORMANT SOURCE REVIEWED,Native localized filter/sort/cart contracts; correct price units and result counts; scoped IDs/form ownership; source settings and card media/variant/subscription behavior; disposable pagination/drawer/quick-view controls.,No active root loader found. Future host activation requires full settings/visual/editor/commerce acceptance; retained architecture is not runtime certification.,"Literal and dynamic dependency trace: legacy JS can request protected Quick View and load the shared controller, but has no active repository loader. Simple host is excluded from legacy JS/CSS. Compatibility sources retained. No deletion or activation authorized."
snippets,collection-modern-product-card,snippets/collection-modern-product-card.liquid,3 Collection / Discovery,,,,,N/A,RETAINED CONTRACT SOURCE REVIEWED; no active host,N/A — dormant compatibility source,SCOPED SOURCE CSS reviewed; future host acceptance required,NATIVE CONTRACT/DOM fixture reviewed; future host acceptance required,Scoped IDs/native forms/disposable controller contract reviewed; no active host,Dormant controller unload/reload fixture; no activation approval,CLI 4.8.0 compared in batch3-closure-batch4-card; existing debt retained,RETAINED — DORMANT SOURCE REVIEWED,Native localized filter/sort/cart contracts; correct price units and result counts; scoped IDs/form ownership; source settings and card media/variant/subscription behavior; disposable pagination/drawer/quick-view controls. Batch 4 follow-up: quantity-rule minimum above one and required subscriptions route simple quick-add to product options; protected Collection Modern fragment retains its existing contract and adds an inert global native purchase template.,No active root loader found. Future host activation requires full settings/visual/editor/commerce acceptance; retained architecture is not runtime certification.,"Literal and dynamic dependency trace: legacy JS can request protected Quick View and load the shared controller, but has no active repository loader. Simple host is excluded from legacy JS/CSS. Compatibility sources retained. No deletion or activation authorized."
snippets,collection-modern-quick-filters,snippets/collection-modern-quick-filters.liquid,3 Collection / Discovery,,,,snippets/collection-modern-toolbar.liquid,N/A,RETAINED CONTRACT SOURCE REVIEWED; no active host,N/A — dormant compatibility source,SCOPED SOURCE CSS reviewed; future host acceptance required,NATIVE CONTRACT/DOM fixture reviewed; future host acceptance required,Scoped IDs/native forms/disposable controller contract reviewed; no active host,Dormant controller unload/reload fixture; no activation approval,CLI 4.8.0 compared in batch3-closure-batch4-card; existing debt retained,RETAINED — DORMANT SOURCE REVIEWED,Native localized filter/sort/cart contracts; correct price units and result counts; scoped IDs/form ownership; source settings and card media/variant/subscription behavior; disposable pagination/drawer/quick-view controls.,No active root loader found. Future host activation requires full settings/visual/editor/commerce acceptance; retained architecture is not runtime certification.,"Literal and dynamic dependency trace: legacy JS can request protected Quick View and load the shared controller, but has no active repository loader. Simple host is excluded from legacy JS/CSS. Compatibility sources retained. No deletion or activation authorized."
snippets,collection-modern-sort,snippets/collection-modern-sort.liquid,3 Collection / Discovery,snippets/collection-query-fields.liquid,,,snippets/collection-modern-toolbar.liquid;snippets/section-collection-modern-sort.liquid,N/A,RETAINED CONTRACT SOURCE REVIEWED; no active host,N/A — dormant compatibility source,SCOPED SOURCE CSS reviewed; future host acceptance required,NATIVE CONTRACT/DOM fixture reviewed; future host acceptance required,Scoped IDs/native forms/disposable controller contract reviewed; no active host,Dormant controller unload/reload fixture; no activation approval,CLI 4.8.0 compared in batch3-closure-batch4-card; existing debt retained,RETAINED — DORMANT SOURCE REVIEWED,Native localized filter/sort/cart contracts; correct price units and result counts; scoped IDs/form ownership; source settings and card media/variant/subscription behavior; disposable pagination/drawer/quick-view controls.,No active root loader found. Future host activation requires full settings/visual/editor/commerce acceptance; retained architecture is not runtime certification.,"Literal and dynamic dependency trace: legacy JS can request protected Quick View and load the shared controller, but has no active repository loader. Simple host is excluded from legacy JS/CSS. Compatibility sources retained. No deletion or activation authorized."
snippets,collection-modern-toolbar,snippets/collection-modern-toolbar.liquid,3 Collection / Discovery,snippets/collection-modern-active-filters.liquid;snippets/collection-modern-quick-filters.liquid;snippets/collection-modern-sort.liquid,,,,N/A,RETAINED CONTRACT SOURCE REVIEWED; no active host,N/A — dormant compatibility source,SCOPED SOURCE CSS reviewed; future host acceptance required,NATIVE CONTRACT/DOM fixture reviewed; future host acceptance required,Scoped IDs/native forms/disposable controller contract reviewed; no active host,Dormant controller unload/reload fixture; no activation approval,CLI 4.8.0 compared in batch3-closure-batch4-card; existing debt retained,RETAINED — DORMANT SOURCE REVIEWED,Native localized filter/sort/cart contracts; correct price units and result counts; scoped IDs/form ownership; source settings and card media/variant/subscription behavior; disposable pagination/drawer/quick-view controls.,No active root loader found. Future host activation requires full settings/visual/editor/commerce acceptance; retained architecture is not runtime certification.,"Literal and dynamic dependency trace: legacy JS can request protected Quick View and load the shared controller, but has no active repository loader. Simple host is excluded from legacy JS/CSS. Compatibility sources retained. No deletion or activation authorized."
snippets,collection-query-fields,snippets/collection-query-fields.liquid,3 Collection / Discovery,,,,sections/main-collection-classic.liquid;snippets/collection-modern-facets.liquid;snippets/collection-modern-sort.liquid;snippets/collection-simple-toolbar.liquid,N/A,SOURCE/ACTUAL LIQUID CONTRACT REVIEWED; live pending,N/A — reviewed through consumer,SOURCE CSS/bounds/reduced-motion reviewed; live pending,SOURCE/DOM native links/forms/focus reviewed; live pending,ACTUAL LIQUID/DOM fixture pass; live pending,Controller unload/reload and source attributes reviewed; actual editor pending,CLI 4.8.0 compared in batch3-closure-batch4-card; existing debt retained,REQUIRES LIVE VERIFICATION,Native localized filter/sort/cart contracts; correct price units and result counts; scoped IDs/form ownership; source settings and card media/variant/subscription behavior; disposable pagination/drawer/quick-view controls.,"B3-COLLECTION/B3-SEARCH/B4-CARD: after Batches 4–9; all settings/presets, five viewports, real data/currency/cart, keyboard/screen reader, no JS/reduced motion, multiple instances and actual editor lifecycle.",Source/fixture acceptance only. Live Shopify/browser acceptance remains queued. Other consumers retain individual host review in their assigned batches.
snippets,collection-simple-facets,snippets/collection-simple-facets.liquid,3 Collection / Discovery,snippets/collection-modern-facets.liquid,,,sections/main-collection-simple.liquid;snippets/collection-simple-toolbar.liquid,N/A,SOURCE/ACTUAL LIQUID CONTRACT REVIEWED; live pending,N/A — reviewed through consumer,SOURCE CSS/bounds/reduced-motion reviewed; live pending,SOURCE/DOM native links/forms/focus reviewed; live pending,ACTUAL LIQUID/DOM fixture pass; live pending,Controller unload/reload and source attributes reviewed; actual editor pending,CLI 4.8.0 compared in batch3-closure-batch4-card; existing debt retained,REQUIRES LIVE VERIFICATION,Native localized filter/sort/cart contracts; correct price units and result counts; scoped IDs/form ownership; source settings and card media/variant/subscription behavior; disposable pagination/drawer/quick-view controls.,"B3-COLLECTION/B3-SEARCH/B4-CARD: after Batches 4–9; all settings/presets, five viewports, real data/currency/cart, keyboard/screen reader, no JS/reduced motion, multiple instances and actual editor lifecycle.",Source/fixture acceptance only. Live Shopify/browser acceptance remains queued. Other consumers retain individual host review in their assigned batches.
snippets,collection-simple-grid,snippets/collection-simple-grid.liquid,3 Collection / Discovery,snippets/product-card.liquid,,,,N/A,RETAINED CONTRACT SOURCE REVIEWED; no active host,N/A — dormant compatibility source,SCOPED SOURCE CSS reviewed; future host acceptance required,NATIVE CONTRACT/DOM fixture reviewed; future host acceptance required,Scoped IDs/native forms/disposable controller contract reviewed; no active host,Dormant controller unload/reload fixture; no activation approval,CLI 4.8.0 compared in batch3-closure-batch4-card; existing debt retained,RETAINED — DORMANT SOURCE REVIEWED,Native localized filter/sort/cart contracts; correct price units and result counts; scoped IDs/form ownership; source settings and card media/variant/subscription behavior; disposable pagination/drawer/quick-view controls.,No active root loader found. Future host activation requires full settings/visual/editor/commerce acceptance; retained architecture is not runtime certification.,"Literal and dynamic dependency trace: legacy JS can request protected Quick View and load the shared controller, but has no active repository loader. Simple host is excluded from legacy JS/CSS. Compatibility sources retained. No deletion or activation authorized."
snippets,collection-simple-pagination,snippets/collection-simple-pagination.liquid,3 Collection / Discovery,,,,sections/main-collection-simple.liquid,N/A,SOURCE/ACTUAL LIQUID CONTRACT REVIEWED; live pending,N/A — reviewed through consumer,SOURCE CSS/bounds/reduced-motion reviewed; live pending,SOURCE/DOM native links/forms/focus reviewed; live pending,ACTUAL LIQUID/DOM fixture pass; live pending,Controller unload/reload and source attributes reviewed; actual editor pending,CLI 4.8.0 compared in batch3-closure-batch4-card; existing debt retained,REQUIRES LIVE VERIFICATION,Native localized filter/sort/cart contracts; correct price units and result counts; scoped IDs/form ownership; source settings and card media/variant/subscription behavior; disposable pagination/drawer/quick-view controls.,"B3-COLLECTION/B3-SEARCH/B4-CARD: after Batches 4–9; all settings/presets, five viewports, real data/currency/cart, keyboard/screen reader, no JS/reduced motion, multiple instances and actual editor lifecycle.",Source/fixture acceptance only. Live Shopify/browser acceptance remains queued. Other consumers retain individual host review in their assigned batches.
snippets,collection-simple-product-card,snippets/collection-simple-product-card.liquid,3 Collection / Discovery,,,,sections/main-collection-simple.liquid,N/A,SOURCE/ACTUAL LIQUID CONTRACT REVIEWED; live pending,N/A — reviewed through consumer,SOURCE CSS/bounds/reduced-motion reviewed; live pending,SOURCE/DOM native links/forms/focus reviewed; live pending,ACTUAL LIQUID/DOM fixture pass; live pending,Controller unload/reload and source attributes reviewed; actual editor pending,CLI 4.8.0 compared in batch3-closure-batch4-card; existing debt retained,REQUIRES LIVE VERIFICATION,Native localized filter/sort/cart contracts; correct price units and result counts; scoped IDs/form ownership; source settings and card media/variant/subscription behavior; disposable pagination/drawer/quick-view controls. Batch 4 follow-up: quantity-rule minimum above one and required subscriptions route simple quick-add to product options; protected Collection Modern fragment retains its existing contract and adds an inert global native purchase template.,"B3-COLLECTION/B3-SEARCH/B4-CARD: after Batches 4–9; all settings/presets, five viewports, real data/currency/cart, keyboard/screen reader, no JS/reduced motion, multiple instances and actual editor lifecycle.",Source/fixture acceptance only. Live Shopify/browser acceptance remains queued. Other consumers retain individual host review in their assigned batches.
snippets,collection-simple-toolbar,snippets/collection-simple-toolbar.liquid,3 Collection / Discovery,snippets/collection-modern-active-filters.liquid;snippets/collection-query-fields.liquid;snippets/collection-simple-facets.liquid,,,sections/main-collection-simple.liquid,N/A,SOURCE/ACTUAL LIQUID CONTRACT REVIEWED; live pending,N/A — reviewed through consumer,SOURCE CSS/bounds/reduced-motion reviewed; live pending,SOURCE/DOM native links/forms/focus reviewed; live pending,ACTUAL LIQUID/DOM fixture pass; live pending,Controller unload/reload and source attributes reviewed; actual editor pending,CLI 4.8.0 compared in batch3-closure-batch4-card; existing debt retained,REQUIRES LIVE VERIFICATION,Native localized filter/sort/cart contracts; correct price units and result counts; scoped IDs/form ownership; source settings and card media/variant/subscription behavior; disposable pagination/drawer/quick-view controls.,"B3-COLLECTION/B3-SEARCH/B4-CARD: after Batches 4–9; all settings/presets, five viewports, real data/currency/cart, keyboard/screen reader, no JS/reduced motion, multiple instances and actual editor lifecycle.",Source/fixture acceptance only. Live Shopify/browser acceptance remains queued. Other consumers retain individual host review in their assigned batches.
snippets,contrast-text,snippets/contrast-text.liquid,9 Snippet / Asset Closure,,,,sections/3rd-party-metaobject-supplier.liquid;sections/3rd-party-powered-by.liquid;sections/3rd-party-rewards-program-cta.liquid;sections/3rd-party-warehouse-merch.liquid;sections/account-main-account-activate.liquid;sections/account-main-account-addresses.liquid;sections/account-main-account-dashboard.liquid;sections/account-main-account-login.liquid;sections/account-main-account-order-tracking.liquid;sections/account-main-account-order.liquid;sections/account-main-account-orders.liquid;sections/account-main-account-register.liquid;sections/account-main-account-reset-password.liquid;sections/call-to-action-newsletter-form.liquid;sections/call-to-action-quote-form.liquid;sections/form-compact.liquid;sections/form-newsletter.liquid;sections/form-quote-full.liquid;sections/form-search.liquid;sections/form-support-request.liquid;sections/form-waitlist.liquid;sections/hero-banner.liquid;sections/maps-basic-google-map.liquid;sections/maps-location-contact.liquid;sections/maps-service-area-map-banner.liquid;sections/maps-store-locator.liquid;sections/product-cross-sell.liquid,N/A,SOURCE REVIEWED; inputs/settings/consumer contracts individually documented in B9-C,N/A — no own schema; active settings default/min/max and consumer expressions rendered,SOURCE REVIEWED; head token sizing/container order and dormant media contracts recorded; actual geometry queued,SOURCE REVIEWED; actual-surface contrast alias corrected; composed/native-color contrast remains live,Stateless isolated Liquid rendering; shared global tokens intentionally one head owner,No JS/listeners; current layout/render consumers own editor refresh; native acceptance queued,Strict native parser PASS; existing unsuppressed baseline retained; final full comparison required,REQUIRES LIVE VERIFICATION,Honor existing bg alias after canonical background; preserve preferred 4.5 threshold and black/white fallback.,"B9-SHARED: native Shopify colors/fonts, chosen merchant values, default/min/max/zero and dark attribute, main/password layout cascade, long content/320–1440px/RTL/zoom and final foreground-background contrast; all existing consumer queues retained.",B9-C: docs/phase4/validation/batch9-c-shared-helpers/. All direct/transitive consumers and build/dynamic references recorded; no automatic deletions. Liquid/CSS/color adapters are not live certification. B9-FINAL: formally dispositioned for engineering; retained/live/owner-review limitations unchanged. Closure evidence: validation/batch9-engineering-closure/.
snippets,cta-icon,snippets/cta-icon.liquid,2 Hero / Banner / CTA,,,,sections/call-to-action-audience-source.liquid;sections/call-to-action-card-stack.liquid;sections/call-to-action-social-proof.liquid;sections/call-to-action-web3.liquid;sections/interactive-content-helper-services-list-grid.liquid,N/A,SOURCE + ACTUAL LIQUID FIXTURES,HOST FIXTURES; LIVE PENDING,SOURCE CONTRACTS; LIVE PENDING,SOURCE/DOM; LIVE PENDING,ACTUAL LIQUID/DOM FIXTURES,DOM LIFECYCLE WHERE APPLICABLE; LIVE PENDING,CLI 4.8.0; see validation/sub-banners-static-cta,REQUIRES LIVE VERIFICATION,Reuse deployed icons.svg symbols for bundled CTA icon paths; preserve flat custom asset filenames; decorative accessible SVG sizing; host presets verified against actual symbols.,B2-SUB-CTA: 1440/1280/768/390/320px; all settings/layouts; long content; actual media/provider/Shopify newsletter submission; editor add/remove/reorder; keyboard/screen reader; sprite rendering.,Evidence: validation/sub-banners-static-cta/. Fixture adapters do not certify live Shopify or browser layout. Shared sprite inventory remains independently unreviewed.
snippets,cta-review-card,snippets/cta-review-card.liquid,2 Hero / Banner / CTA,,,,sections/call-to-action-reviews.liquid,N/A,SOURCE REVIEWED; actual Liquid fixtures PASS,Actual insertion fixtures PASS; live pending,SOURCE/DOM reviewed; browser widths pending,SOURCE/DOM controls PASS; real keyboard/screen reader pending,Two-instance source/DOM fixture PASS,Lifecycle/source fixture PASS; actual editor pending,CLI 4.8.0 checkpoint compared; existing debt retained,REQUIRES LIVE VERIFICATION,Unified four-layout review content/media controls; disposable motion; scoped styling; valid JSON and guarded CTA. Legacy empty provider mounts replaced with native @app rendering; manual review arrays exclude app blocks. Legacy selector kept with editor migration guidance.,"B2-FINAL: 1440/1280/768/390/320px, configured and blank media/links, long content, keyboard/screen reader, multiple instances, real editor add/remove/reorder, reduced motion. Provider app blocks and uploaded icons require actual installed resources.",Source closure at batch2-closure checkpoint; fixture/DOM checks do not certify Shopify or browser behavior.
snippets,cta-sale-link,snippets/cta-sale-link.liquid,2 Hero / Banner / CTA,,,,sections/call-to-action-current-sale.liquid,N/A,Parameters traced to four Current Sale slots,Actual Current Sale presets,Uses existing button style; live pending,Escaped label/link; unconfigured destination is noninteractive,Stateless render; two-instance fixtures,No independent JS,Batch 2,REQUIRES LIVE VERIFICATION,Shared destination construction; encoded discounts preserve query and fragment.,B2-BANNERS: actual discount redemption,Liquid URL fixture verifies discount/query/fragment. No merchant state rewritten.
snippets,form-background,snippets/form-background.liquid,6 Forms / Conversion,,,video-hero-banner.js,sections/call-to-action-newsletter-form.liquid;sections/call-to-action-quote-form.liquid;sections/form-compact.liquid;sections/form-newsletter.liquid;sections/form-quote-full.liquid;sections/form-support-request.liquid,N/A,SOURCE/ACTUAL native fields/routes and 185 four-host preset/setting endpoints; independent controls and false/zero cases PASS,N/A; actual host presets exercised,"SOURCE/fixture split/card/steps/frameless, padding and long fields bounded; actual widths/RTL pending","SOURCE/DOM native validity, labels/descriptions, no-JS complete steps, signup consent, file link, plain escaping, native select/focus/media controls; AT pending","ACTUAL scoped roots/IDs, duplicate asset boot, independent form/media lifecycle PASS","SOURCE/actual DOM empty/error guidance, viewport reachability, paused media and unload/reload fixtures PASS",CLI 4.8.0 exits 1; 579 diagnostics (7 errors/572 warnings). Native quote capture syntax errors repaired; new referenced helper inherits unsuppressed orphan graph debt.,REQUIRES LIVE VERIFICATION,"Native decorative image/color fallback; strict provider/ID parsing and canonical HTTPS embeds (including legacy HTTP provider input), native MP4, Vimeo private hash, safe zero/gradient overlays, no-JS poster and shared paused/reduced-motion/visibility/editor/unload playback controls.","B6-QUOTE-SUPPORT after Batch 9: each actual saved host/preset/control and native Contact/Customer result; customer marketing confirmation and intended routing/copy; custom POST/multipart/server captcha/integration processing; real media/alt/colors/contrast, responsive/RTL/keyboard/AT/no-JS, custom anchors, actual editor insert/reorder/unload/reload.","tests/phase4/forms-quotes.cjs, forms-native.cjs, forms-controller.cjs and existing video-hero.cjs; validation/batch6-quote-support. Explicit Liquid/DOM/form/image/color/provider adapters; no endpoint, Shopify or pixel certification. Each remaining form host, both CSS assets and Batch 7 consumers remain independent."
snippets,form-core,snippets/form-core.liquid,6 Forms / Conversion,snippets/form-field.liquid,,,snippets/form-dispatch.liquid,N/A,SOURCE/ACTUAL native fields/routes and 185 four-host preset/setting endpoints; independent controls and false/zero cases PASS,N/A; actual host presets exercised,"SOURCE/fixture split/card/steps/frameless, padding and long fields bounded; actual widths/RTL pending","SOURCE/DOM native validity, labels/descriptions, no-JS complete steps, signup consent, file link, plain escaping, native select/focus/media controls; AT pending","ACTUAL scoped roots/IDs, duplicate asset boot, independent form/media lifecycle PASS","SOURCE/actual DOM empty/error guidance, viewport reachability, paused media and unload/reload fixtures PASS",CLI 4.8.0 exits 1; 579 diagnostics (7 errors/572 warnings). Native quote capture syntax errors repaired; new referenced helper inherits unsuppressed orphan graph debt.,REQUIRES LIVE VERIFICATION,"Balanced native complete step groups with first-email selection and stable field identity; shared field renderer, native select styling, explicit required unchecked marketing confirmation for Shopify Customer routing; native no-JS fields and final submit remain complete. B6-NEWSLETTER consumer repair: explicit required unconditional named marketing confirmation avoids duplication; required subscription email/default custom fallback; native reserved email names normalized before de-duplication; semantic primary field hook for inline layout.","B6-QUOTE-SUPPORT after Batch 9: each actual saved host/preset/control and native Contact/Customer result; customer marketing confirmation and intended routing/copy; custom POST/multipart/server captcha/integration processing; real media/alt/colors/contrast, responsive/RTL/keyboard/AT/no-JS, custom anchors, actual editor insert/reorder/unload/reload.","tests/phase4/forms-quotes.cjs, forms-native.cjs, forms-controller.cjs and existing video-hero.cjs; validation/batch6-quote-support. Explicit Liquid/DOM/form/image/color/provider adapters; no endpoint, Shopify or pixel certification. Each remaining form host, both CSS assets and Batch 7 consumers remain independent. B6-NEWSLETTER 117 actual host/preset/settings/field-route cases plus affected native/controller/quote suites; validation/batch6-newsletter. Existing queues retained."
snippets,form-dispatch,snippets/form-dispatch.liquid,6 Forms / Conversion,snippets/form-core.liquid;snippets/form-waitlist-fields.liquid,,,sections/call-to-action-newsletter-form.liquid;sections/call-to-action-quote-form.liquid;sections/form-compact.liquid;sections/form-newsletter.liquid;sections/form-quote-full.liquid;sections/form-support-request.liquid;sections/form-waitlist.liquid,N/A,SOURCE/ACTUAL native fields/routes and 185 four-host preset/setting endpoints; independent controls and false/zero cases PASS,N/A; actual host presets exercised,"SOURCE/fixture split/card/steps/frameless, padding and long fields bounded; actual widths/RTL pending","SOURCE/DOM native validity, labels/descriptions, no-JS complete steps, signup consent, file link, plain escaping, native select/focus/media controls; AT pending","ACTUAL scoped roots/IDs, duplicate asset boot, independent form/media lifecycle PASS","SOURCE/actual DOM empty/error guidance, viewport reachability, paused media and unload/reload fixtures PASS",CLI 4.8.0 exits 1; 579 diagnostics (7 errors/572 warnings). Native quote capture syntax errors repaired; new referenced helper inherits unsuppressed orphan graph debt.,REQUIRES LIVE VERIFICATION,"Native Contact/Customer selection and platform validation/error/captcha contract; configured HTTPS/store-relative custom POST with multipart encoding and explicit destination identity; missing/malformed endpoint unavailable state; native/custom metadata/source, false booleans, inherited buttons and actual server feedback preserved. B6-NEWSLETTER consumer repair: explicit required unconditional named marketing confirmation avoids duplication; required subscription email/default custom fallback; native reserved email names normalized before de-duplication; semantic primary field hook for inline layout. B6-WAITLIST routes the dedicated static waitlist field helper through the same native/customer/custom transport and server feedback.","B6-QUOTE-SUPPORT after Batch 9: each actual saved host/preset/control and native Contact/Customer result; customer marketing confirmation and intended routing/copy; custom POST/multipart/server captcha/integration processing; real media/alt/colors/contrast, responsive/RTL/keyboard/AT/no-JS, custom anchors, actual editor insert/reorder/unload/reload.","tests/phase4/forms-quotes.cjs, forms-native.cjs, forms-controller.cjs and existing video-hero.cjs; validation/batch6-quote-support. Explicit Liquid/DOM/form/image/color/provider adapters; no endpoint, Shopify or pixel certification. Each remaining form host, both CSS assets and Batch 7 consumers remain independent. B6-NEWSLETTER 117 actual host/preset/settings/field-route cases plus affected native/controller/quote suites; validation/batch6-newsletter. Existing queues retained. B6-WAITLIST host/native/controller regressions; independent field/variant queue retained."
snippets,form-field,snippets/form-field.liquid,6 Forms / Conversion,,,,snippets/form-core.liquid,N/A,SOURCE/ACTUAL native fields/routes and 185 four-host preset/setting endpoints; independent controls and false/zero cases PASS,N/A; actual host presets exercised,"SOURCE/fixture split/card/steps/frameless, padding and long fields bounded; actual widths/RTL pending","SOURCE/DOM native validity, labels/descriptions, no-JS complete steps, signup consent, file link, plain escaping, native select/focus/media controls; AT pending","ACTUAL scoped roots/IDs, duplicate asset boot, independent form/media lifecycle PASS","SOURCE/actual DOM empty/error guidance, viewport reachability, paused media and unload/reload fixtures PASS",CLI 4.8.0 exits 1; 579 diagnostics (7 errors/572 warnings). Native quote capture syntax errors repaired; new referenced helper inherits unsuppressed orphan graph debt.,REQUIRES LIVE VERIFICATION,"All field types independently exercised: stable unique default names, one canonical native email, required sender, defaults/real-line options, safe plain copy/RTE separation, radio groups/descriptions/errors, native file-link fallback, password omission for Shopify routes, custom upload/password controls, native/select-arrow settings and conditional identities. B6-NEWSLETTER consumer repair: explicit required unconditional named marketing confirmation avoids duplication; required subscription email/default custom fallback; native reserved email names normalized before de-duplication; semantic primary field hook for inline layout.","B6-QUOTE-SUPPORT after Batch 9: each actual saved host/preset/control and native Contact/Customer result; customer marketing confirmation and intended routing/copy; custom POST/multipart/server captcha/integration processing; real media/alt/colors/contrast, responsive/RTL/keyboard/AT/no-JS, custom anchors, actual editor insert/reorder/unload/reload.","tests/phase4/forms-quotes.cjs, forms-native.cjs, forms-controller.cjs and existing video-hero.cjs; validation/batch6-quote-support. Explicit Liquid/DOM/form/image/color/provider adapters; no endpoint, Shopify or pixel certification. Each remaining form host, both CSS assets and Batch 7 consumers remain independent. B6-NEWSLETTER 117 actual host/preset/settings/field-route cases plus affected native/controller/quote suites; validation/batch6-newsletter. Existing queues retained."
snippets,form-search-results,snippets/form-search-results.liquid,6 Forms / Conversion,,,,sections/form-search.liquid,N/A,SOURCE/ACTUAL 91 Search/Finder preset/setting/scope cases plus filter/render/lifecycle matrix PASS,N/A; actual host presets exercised,"SOURCE bounded controls and suggestion grid/panel, zero spacing and sparse media, reduced motion; actual widths/RTL pending","SOURCE/DOM native GET/no-JS filters/labels, predictive-only combobox/dialog and real link focus, Escape/IME/error status and safe copy; AT pending","ACTUAL independent form hosts, dynamic resource scope/cancellation and coexistence with generic forms controller PASS","SOURCE/DOM visibility reachability, guidance for target/filter settings and request/listener reset/disposal PASS",CLI 4.8.0 exits 1: 514 diagnostics (7 errors/507 warnings); schema count and existing orphan-graph debt retained; changed native HTML parse PASS.,REQUIRES LIVE VERIFICATION,"Panel-only native product/collection/article/page results, per-source settings/limits, Shopify money/image adapters, escaped titles/metadata and configured quick-link empty state; ordinary links/real keyboard focus and full-results fallback. No raw JSON-to-HTML interpolation.","B6-SEARCH after Batch 9: actual saved hosts/presets and localized/custom target GET; Shopify Search & Discovery category IDs/tag/price filter configuration and catalog values, shop/market currency and tax display; actual section-ID predictive API/scopes/per-source limits/collection-only fallback; 1440/1280/768/390/320px, RTL/contrast/keyboard/AT/no-JS and actual editor insertion/reordering/unload/reload.","tests/phase4/forms-search.cjs (91 preset/settings/scope cases plus native payload/result/price/lifecycle cases), existing content-search.cjs; validation/batch6-search. Explicit Liquid/DOM/money/image/request adapters, not native Shopify/filter/pixel certification. Both shared CSS assets remain pending; limited B5 controller dependency extension does not reopen its completed source review."
snippets,form-waitlist-fields,snippets/form-waitlist-fields.liquid,6 Forms / Conversion,,,,snippets/form-dispatch.liquid,N/A,SOURCE/ACTUAL 51 Waitlist preset/setting cases plus independent native/custom/product identity cases PASS,N/A; actual host presets exercised,"SOURCE bounded controls/picker/card/split/inline, zero spacing and blank split media; actual widths/RTL pending","SOURCE/DOM native labelled email/select/consent and server errors, described help, no-JS native payloads, focus/status, explicit Customer marketing confirmation; AT pending","ACTUAL multiple waitlists, distinct bind modes, unrelated products/quick view, duplicate/ambiguous purchase owners and duplicate asset boot PASS","SOURCE/DOM missing-product guidance, viewport reachability, native content, unload/reload and listener disposal PASS",CLI 4.8.0 exits 1; 527 diagnostics (7 errors/520 warnings). Existing schema count and whole-project orphan graph debt retained; native HTML parse PASS.,REQUIRES LIVE VERIFICATION,"Native/custom waitlist field contracts, labelled error/help relationships, server variant picker with selected variant outside bounded list and localized product link, default-only/manual modes, product/variant metadata and attribution, direct consent payload; native marketing confirmation and truthful no-JS tag limitation.","B6-WAITLIST after Batch 9: saved product pages/landing handles, published/deleted/large variant products and all_products limits; native Customer signup/captcha/errors/consent/storage/tag behavior (including existing subscribers), configured notification service and truthful merchant copy; custom endpoint/server captcha/consent/variant processing and actual restock delivery; responsive/RTL/contrast/keyboard/AT/no-JS and editor/lifecycle.","tests/phase4/forms-waitlist.cjs (51 preset/settings cases plus ownership/lifecycle/payload fixtures), forms-native.cjs, forms-controller.cjs; validation/batch6-waitlist. Explicit Liquid/DOM/native form adapters. Shopify Customer alone is marketing signup, not an implemented restock service. No-JS custom variant ID/consent work; native variant tag enrichment requires JS. Search and both CSS assets remain independently pending."
snippets,fp-hero-content-proxy,snippets/fp-hero-content-proxy.liquid,2 Hero / Banner / CTA,,,,,N/A,SOURCE REVIEWED; no active literal consumer,N/A,N/A — no active host,N/A — no active host,N/A — no active host,N/A — no active host,CLI 4.8.0 evidence retained,RETAINED — DORMANT SOURCE REVIEWED,,Confirm dormant status in final installed-theme acceptance; any future activation requires host review.,Literal plus repository-wide name trace finds no current render/asset consumer. Retained without deletion. Content proxies pass supplied markup through; legacy CSS is inactive. This disposition is not approval of a future host.
snippets,fp-hero-media-proxy,snippets/fp-hero-media-proxy.liquid,2 Hero / Banner / CTA,,,,,N/A,SOURCE REVIEWED; no active literal consumer,N/A,N/A — no active host,N/A — no active host,N/A — no active host,N/A — no active host,CLI 4.8.0 evidence retained,RETAINED — DORMANT SOURCE REVIEWED,,Confirm dormant status in final installed-theme acceptance; any future activation requires host review.,Literal plus repository-wide name trace finds no current render/asset consumer. Retained without deletion. Content proxies pass supplied markup through; legacy CSS is inactive. This disposition is not approval of a future host.
snippets,global-popup,snippets/global-popup.liquid,1 Global / Structural,,,,layout/theme.liquid,N/A,Source contract considered; runtime settings matrix pending,N/A — reviewed through consumer,CSS source breakpoints/overflow considered; visual matrix pending,Names/labels/focus considered; see Batch 1 findings and tests,Consumer trace; live check queued,Preserved or consumer-dependent; live editor check queued,YES — Batch 1 report,REQUIRES LIVE VERIFICATION,No source change; preserved existing behavior,B1-VISUAL: 1440/1280/768/390/320px; long labels; populated/empty; real editor and integrations,Source/mechanism evidence does not certify visual release readiness. Detailed Batch 1 scope in engineering report.
snippets,global-theme-vars,snippets/global-theme-vars.liquid,1 Global / Structural,snippets/theme-tokens.liquid;snippets/utilities.liquid,,,layout/password.liquid;layout/theme.liquid,N/A,REVIEWED; head wrapper only; token mappings pending,N/A,SOURCE; live pending,SOURCE/DOM; live pending,ACTUAL NORMAL/PASSWORD LAYOUT FIXTURE PASS,POPUP DESIGN-MODE FIXTURE PASS; live pending,CLI 4.8.0 BASELINE COMPARISON; existing debt retained,REQUIRES LIVE VERIFICATION,Removed duplicate popup body from head; wraps existing theme-tokens/utilities after compiled CSS in normal/password layouts. Dedicated normal-layout popup remains sole host.,"B1-HEAD: actual normal/password CSS cascade, merchant token/custom CSS settings, popup enabled/disabled/editor behavior; after Batch 9.",Own head wrapper reviewed. Does not approve token mappings or utilities; those retain separate pending dispositions. Theme Settings redesign excluded.
snippets,header-conversion-countdown,snippets/header-conversion-countdown.liquid,1 Global / Structural,,,,sections/header-four.liquid,N/A,Source contract considered; runtime settings matrix pending,N/A — reviewed through consumer,CSS source breakpoints/overflow considered; visual matrix pending,Names/labels/focus considered; see Batch 1 findings and tests,Fixture PASS,Preserved or consumer-dependent; live editor check queued,YES — Batch 1 report,REQUIRES LIVE VERIFICATION,Batch 1 local hardening; see engineering report,B1-VISUAL: 1440/1280/768/390/320px; long labels; populated/empty; real editor and integrations,Source/mechanism evidence does not certify visual release readiness. Detailed Batch 1 scope in engineering report.
snippets,header-conversion-cta,snippets/header-conversion-cta.liquid,1 Global / Structural,,,,sections/header-four.liquid,N/A,Source contract considered; runtime settings matrix pending,N/A — reviewed through consumer,CSS source breakpoints/overflow considered; visual matrix pending,Names/labels/focus considered; see Batch 1 findings and tests,Consumer trace; live check queued,Preserved or consumer-dependent; live editor check queued,YES — Batch 1 report,REQUIRES LIVE VERIFICATION,No source change; preserved existing behavior,B1-VISUAL: 1440/1280/768/390/320px; long labels; populated/empty; real editor and integrations,Source/mechanism evidence does not certify visual release readiness. Detailed Batch 1 scope in engineering report.
snippets,header-conversion-progress,snippets/header-conversion-progress.liquid,1 Global / Structural,,,,sections/header-four.liquid,N/A,Source contract considered; runtime settings matrix pending,N/A — reviewed through consumer,CSS source breakpoints/overflow considered; visual matrix pending,Names/labels/focus considered; see Batch 1 findings and tests,Consumer trace; live check queued,Preserved or consumer-dependent; live editor check queued,YES — Batch 1 report,REQUIRES LIVE VERIFICATION,No source change; preserved existing behavior,B1-VISUAL: 1440/1280/768/390/320px; long labels; populated/empty; real editor and integrations,Source/mechanism evidence does not certify visual release readiness. Detailed Batch 1 scope in engineering report.
snippets,header-marketplace-category-drawer,snippets/header-marketplace-category-drawer.liquid,1 Global / Structural,snippets/search-form-static.liquid,,,sections/header-five.liquid,N/A,Source contract considered; runtime settings matrix pending,N/A — reviewed through consumer,CSS source breakpoints/overflow considered; visual matrix pending,Names/labels/focus considered; see Batch 1 findings and tests,Fixture PASS,Preserved or consumer-dependent; live editor check queued,YES — Batch 1 report,REQUIRES LIVE VERIFICATION,Batch 1 local hardening; see engineering report,B1-VISUAL: 1440/1280/768/390/320px; long labels; populated/empty; real editor and integrations,Source/mechanism evidence does not certify visual release readiness. Detailed Batch 1 scope in engineering report.
snippets,header-marketplace-departments,snippets/header-marketplace-departments.liquid,1 Global / Structural,,,,sections/header-five.liquid,N/A,Source contract considered; runtime settings matrix pending,N/A — reviewed through consumer,CSS source breakpoints/overflow considered; visual matrix pending,Names/labels/focus considered; see Batch 1 findings and tests,Fixture PASS,Preserved or consumer-dependent; live editor check queued,YES — Batch 1 report,REQUIRES LIVE VERIFICATION,Batch 1 local hardening; see engineering report,B1-VISUAL: 1440/1280/768/390/320px; long labels; populated/empty; real editor and integrations,Source/mechanism evidence does not certify visual release readiness. Detailed Batch 1 scope in engineering report.
snippets,header-marketplace-utility-links,snippets/header-marketplace-utility-links.liquid,1 Global / Structural,,,,sections/header-five.liquid,N/A,Source contract considered; runtime settings matrix pending,N/A — reviewed through consumer,CSS source breakpoints/overflow considered; visual matrix pending,Names/labels/focus considered; see Batch 1 findings and tests,Consumer trace; live check queued,Preserved or consumer-dependent; live editor check queued,YES — Batch 1 report,REQUIRES LIVE VERIFICATION,No source change; preserved existing behavior,B1-VISUAL: 1440/1280/768/390/320px; long labels; populated/empty; real editor and integrations,Source/mechanism evidence does not certify visual release readiness. Detailed Batch 1 scope in engineering report.
snippets,header-two-account,snippets/header-two-account.liquid,1 Global / Structural,,,,snippets/header-two-actions.liquid,N/A,SOURCE REVIEWED; explicit inputs/globals and absent active consumer recorded in B9-A,N/A — snippet has no schema/preset; active Header Two defaults/presets rerun,"DORMANT — old qtm-hm styling absent; preactivation contract documented, no runtime claim",SOURCE REVIEWED — legacy semantics/escaping/fallback liabilities documented; no active output,DORMANT — no active instances; existing active Headers 1–5 regressions PASS,DORMANT — no owning legacy lifecycle; active header duplicate/load/unload fixtures PASS,Baseline unsuppressed Batch 8 closure evidence retained; runtime source unchanged in A,DELETION CANDIDATE — OWNER REVIEW,No runtime change. Proven dormant legacy Header Two dependency; retain pending architectural owner review.,"No separate live test while dormant. If retained for reactivation, repair and re-review old CSS/controller, escaping/semantics and native fallbacks first. Existing active Header Two B1 live queue remains.",B9-A consumer/source review: docs/phase4/validation/batch9-a-header-controls/. Dormant chain has no retained runtime root; Tailwind scan is build-only reachability. Owner must decide deletion; source is not approved for reactivation. B9-FINAL: formally dispositioned for engineering; retained/live/owner-review limitations unchanged. Closure evidence: validation/batch9-engineering-closure/.
snippets,header-two-actions,snippets/header-two-actions.liquid,1 Global / Structural,snippets/header-two-account.liquid;snippets/header-two-cart.liquid;snippets/header-two-search.liquid,,,,N/A,SOURCE REVIEWED; explicit inputs/globals and absent active consumer recorded in B9-A,N/A — snippet has no schema/preset; active Header Two defaults/presets rerun,"DORMANT — old qtm-hm styling absent; preactivation contract documented, no runtime claim",SOURCE REVIEWED — legacy semantics/escaping/fallback liabilities documented; no active output,DORMANT — no active instances; existing active Headers 1–5 regressions PASS,DORMANT — no owning legacy lifecycle; active header duplicate/load/unload fixtures PASS,Baseline unsuppressed Batch 8 closure evidence retained; runtime source unchanged in A,DELETION CANDIDATE — OWNER REVIEW,No runtime change. Proven dormant legacy Header Two dependency; retain pending architectural owner review.,"No separate live test while dormant. If retained for reactivation, repair and re-review old CSS/controller, escaping/semantics and native fallbacks first. Existing active Header Two B1 live queue remains.",B9-A consumer/source review: docs/phase4/validation/batch9-a-header-controls/. Dormant chain has no retained runtime root; Tailwind scan is build-only reachability. Owner must decide deletion; source is not approved for reactivation. B9-FINAL: formally dispositioned for engineering; retained/live/owner-review limitations unchanged. Closure evidence: validation/batch9-engineering-closure/.
snippets,header-two-cart,snippets/header-two-cart.liquid,1 Global / Structural,,,,snippets/header-two-actions.liquid,N/A,SOURCE REVIEWED; explicit inputs/globals and absent active consumer recorded in B9-A,N/A — snippet has no schema/preset; active Header Two defaults/presets rerun,"DORMANT — old qtm-hm styling absent; preactivation contract documented, no runtime claim",SOURCE REVIEWED — legacy semantics/escaping/fallback liabilities documented; no active output,DORMANT — no active instances; existing active Headers 1–5 regressions PASS,DORMANT — no owning legacy lifecycle; active header duplicate/load/unload fixtures PASS,Baseline unsuppressed Batch 8 closure evidence retained; runtime source unchanged in A,DELETION CANDIDATE — OWNER REVIEW,No runtime change. Proven dormant legacy Header Two dependency; retain pending architectural owner review.,"No separate live test while dormant. If retained for reactivation, repair and re-review old CSS/controller, escaping/semantics and native fallbacks first. Existing active Header Two B1 live queue remains.",B9-A consumer/source review: docs/phase4/validation/batch9-a-header-controls/. Dormant chain has no retained runtime root; Tailwind scan is build-only reachability. Owner must decide deletion; source is not approved for reactivation. B9-FINAL: formally dispositioned for engineering; retained/live/owner-review limitations unchanged. Closure evidence: validation/batch9-engineering-closure/.
snippets,header-two-logo,snippets/header-two-logo.liquid,1 Global / Structural,,,,snippets/header-two-mobile-menu.liquid,N/A,SOURCE REVIEWED; explicit inputs/globals and absent active consumer recorded in B9-A,N/A — snippet has no schema/preset; active Header Two defaults/presets rerun,"DORMANT — old qtm-hm styling absent; preactivation contract documented, no runtime claim",SOURCE REVIEWED — legacy semantics/escaping/fallback liabilities documented; no active output,DORMANT — no active instances; existing active Headers 1–5 regressions PASS,DORMANT — no owning legacy lifecycle; active header duplicate/load/unload fixtures PASS,Baseline unsuppressed Batch 8 closure evidence retained; runtime source unchanged in A,DELETION CANDIDATE — OWNER REVIEW,No runtime change. Proven dormant legacy Header Two dependency; retain pending architectural owner review.,"No separate live test while dormant. If retained for reactivation, repair and re-review old CSS/controller, escaping/semantics and native fallbacks first. Existing active Header Two B1 live queue remains.",B9-A consumer/source review: docs/phase4/validation/batch9-a-header-controls/. Dormant chain has no retained runtime root; Tailwind scan is build-only reachability. Owner must decide deletion; source is not approved for reactivation. B9-FINAL: formally dispositioned for engineering; retained/live/owner-review limitations unchanged. Closure evidence: validation/batch9-engineering-closure/.
snippets,header-two-mega-menu,snippets/header-two-mega-menu.liquid,1 Global / Structural,,,,,N/A,"SOURCE REVIEWED; inputs, absent runtime roots and preactivation liabilities documented in B9-B",N/A — snippet has no schema/preset; actual active Header Two presets rendered twice,DORMANT — no owning legacy styles/controller; source and missing contracts documented,SOURCE REVIEWED — native structure and missing focus/semantics/escaping contracts recorded; no active output,DORMANT — callers must own unique IDs; active two-header lifecycle stress fixture PASS,DORMANT — not initialized; actual active Header Two load/unload/reload fixture PASS,Native strict parsing PASS; unsuppressed full baseline retained in batch9-baseline,DELETION CANDIDATE — OWNER REVIEW,No snippet runtime change. Proven dormant dependency; retain pending architectural owner review.,No separate live test while dormant. Owner-directed reactivation requires source/ID/style/controller/accessibility repairs and re-review first. Active Header Two retains B1 live queue.,"B9-B: docs/phase4/validation/batch9-b-header-navigation/. No runtime roots; dynamic app-block renders and build scanning checked. Retained, not certified for activation. B9-FINAL: formally dispositioned for engineering; retained/live/owner-review limitations unchanged. Closure evidence: validation/batch9-engineering-closure/."
snippets,header-two-mobile-menu,snippets/header-two-mobile-menu.liquid,1 Global / Structural,snippets/header-two-logo.liquid;snippets/search-form-static.liquid,,,,N/A,"SOURCE REVIEWED; inputs, absent runtime roots and preactivation liabilities documented in B9-B",N/A — snippet has no schema/preset; actual active Header Two presets rendered twice,DORMANT — no owning legacy styles/controller; source and missing contracts documented,SOURCE REVIEWED — native structure and missing focus/semantics/escaping contracts recorded; no active output,DORMANT — callers must own unique IDs; active two-header lifecycle stress fixture PASS,DORMANT — not initialized; actual active Header Two load/unload/reload fixture PASS,Native strict parsing PASS; unsuppressed full baseline retained in batch9-baseline,DELETION CANDIDATE — OWNER REVIEW,No snippet runtime change. Proven dormant dependency; retain pending architectural owner review.,No separate live test while dormant. Owner-directed reactivation requires source/ID/style/controller/accessibility repairs and re-review first. Active Header Two retains B1 live queue.,"B9-B: docs/phase4/validation/batch9-b-header-navigation/. No runtime roots; dynamic app-block renders and build scanning checked. Retained, not certified for activation. B9-FINAL: formally dispositioned for engineering; retained/live/owner-review limitations unchanged. Closure evidence: validation/batch9-engineering-closure/."
snippets,header-two-search,snippets/header-two-search.liquid,1 Global / Structural,snippets/search-form-static.liquid,,,snippets/header-two-actions.liquid,N/A,"SOURCE REVIEWED; inputs, absent runtime roots and preactivation liabilities documented in B9-B",N/A — snippet has no schema/preset; actual active Header Two presets rendered twice,DORMANT — no owning legacy styles/controller; source and missing contracts documented,SOURCE REVIEWED — native structure and missing focus/semantics/escaping contracts recorded; no active output,DORMANT — callers must own unique IDs; active two-header lifecycle stress fixture PASS,DORMANT — not initialized; actual active Header Two load/unload/reload fixture PASS,Native strict parsing PASS; unsuppressed full baseline retained in batch9-baseline,DELETION CANDIDATE — OWNER REVIEW,No snippet runtime change. Proven dormant dependency; retain pending architectural owner review.,No separate live test while dormant. Owner-directed reactivation requires source/ID/style/controller/accessibility repairs and re-review first. Active Header Two retains B1 live queue.,"B9-B: docs/phase4/validation/batch9-b-header-navigation/. No runtime roots; dynamic app-block renders and build scanning checked. Retained, not certified for activation. B9-FINAL: formally dispositioned for engineering; retained/live/owner-review limitations unchanged. Closure evidence: validation/batch9-engineering-closure/."
snippets,icon-social,snippets/icon-social.liquid,7 Social / Third Party / Utilities,,,,sections/main-blog-single.liquid;sections/social-media-ugc-hashtag-gallery.liquid;snippets/q-social-micro-post-card.liquid;snippets/q-social-pinterest-card.liquid;snippets/q-social-pinterest-thumb.liquid;snippets/q-social-profile-icon.liquid,N/A,SOURCE/ACTUAL LIQUID CONTRACT REVIEWED; live pending,N/A — reviewed through consumer,SOURCE CSS/bounds/reduced-motion reviewed; live pending,SOURCE/DOM native links/forms/focus reviewed; live pending,ACTUAL LIQUID/DOM fixture pass; live pending,Controller unload/reload and source attributes reviewed; actual editor pending,"CLI 4.8.0 compared in batch3-closure-batch4-card; existing debt retained B7-FINAL full CLI 4.8.0 exits 1: 499 total (5 errors/494 warnings), 0 errors/18 retained warnings in Family 7; unsuppressed.",REQUIRES LIVE VERIFICATION,"Native blog/article/pagination contracts, safe shared cards, tagged preview/archive routing, settings/CTA/auxiliary-content controls, scoped bounds and disposable load-more; social SVG output source reviewed without changes.","B3-BLOG: after Batches 4–9; all settings/presets, five viewports, real data/currency/cart, keyboard/screen reader, no JS/reduced motion, multiple instances and actual editor lifecycle.",Source/fixture acceptance only. Live Shopify/browser acceptance remains queued. Other consumers retain individual host review in their assigned batches. Family reconciled by actual consumer/type at B5-BUILDERS; this assignment does not grant review approval. B7-FINAL engineering closure 2026-09-22: all 75 family entries reconciled; final evidence validation/batch7-engineering-closure. Existing live queues remain after Batch 9.
snippets,icon-sprite,snippets/icon-sprite.liquid,9 Snippet / Asset Closure,,,,,N/A,SOURCE REVIEWED; inputs/settings/consumer contracts individually documented in B9-C,N/A — no own schema; active settings default/min/max and consumer expressions rendered,DORMANT — actual consumer absence and preactivation constraints recorded,SOURCE REVIEWED; token/label/motion/ID constraints individually recorded; no native AT certification,DORMANT — trusted numeric inputs or unique-ID preactivation contract recorded,DORMANT — no active lifecycle; no controller invented,Strict native parser PASS; existing unsuppressed baseline retained; final full comparison required,DELETION CANDIDATE — OWNER REVIEW,"No source change; unused legacy/placeholder helper retained for owner deletion review, with explicit preactivation liabilities.",No separate live test while dormant; owner review and source/contract repair before any activation.,B9-C: docs/phase4/validation/batch9-c-shared-helpers/. All direct/transitive consumers and build/dynamic references recorded; no automatic deletions. Liquid/CSS/color adapters are not live certification. B9-FINAL: formally dispositioned for engineering; retained/live/owner-review limitations unchanged. Closure evidence: validation/batch9-engineering-closure/.
snippets,maps-coordinates,snippets/maps-coordinates.liquid,7 Social / Third Party / Utilities,,,,sections/maps-basic-google-map.liquid;sections/maps-location-contact.liquid;sections/maps-service-area-map-banner.liquid;sections/maps-store-locator.liquid;snippets/maps-locator-engine.liquid,N/A,Independent source + 172 actual map/native-list/settings/edge/runtime cases PASS,Neutral new-insertion locations; actual empty/configured/editor states PASS,"SOURCE actual tokens, bounded map/list/contacts/overlays, logical layout and zero bounds; browser pending","SOURCE/DOM native location links/labels, noninteractive iframe inertness, scoped focus/contrast and reduced motion PASS; AT pending","ACTUAL shared API loader, independent filters, delayed response/unload/reload and failure fallback PASS","Native block identity, blank-block guidance, editor-only labelled pin preview, disposal/reload PASS; real editor pending","Unmodified Shopify CLI 4.8.0 exit 1; batch7-maps evidence; native parse PASS B7-FINAL full CLI 4.8.0 exits 1: 499 total (5 errors/494 warnings), 0 errors/18 retained warnings in Family 7; unsuppressed.",REQUIRES LIVE VERIFICATION,"Shared strict decimal/range coordinate validation used by three maps, locator cards and locator configuration. Incomplete/malformed/out-of-range values emit no pair; zero and negative/fractional values remain valid.","B7-MAPS after Batch 9: real saved locations/coverage/contact/hours, native iframe permissions/titles/interactivity, Google API key restrictions/billing/network/consent/marker support, directions and provider keyboard/AT, dark/custom themes, responsive/RTL/zoom/no-JS, multiple roots and real editor lifecycle.","172 Liquid/DOM/CSS/coordinate/URL/explicit Google API adapter cases. No geocoding, distance search, carrier/coverage verification, or provider certification. Existing locator helpers had no consumers; now consolidated as the sole active host dependencies. B7-FINAL engineering closure 2026-09-22: all 75 family entries reconciled; final evidence validation/batch7-engineering-closure. Existing live queues remain after Batch 9."
snippets,maps-locator-engine,snippets/maps-locator-engine.liquid,7 Social / Third Party / Utilities,snippets/maps-coordinates.liquid,maps-locator.css,maps-locator.js,sections/maps-store-locator.liquid,N/A,Independent source + 172 actual map/native-list/settings/edge/runtime cases PASS,Neutral new-insertion locations; actual empty/configured/editor states PASS,"SOURCE actual tokens, bounded map/list/contacts/overlays, logical layout and zero bounds; browser pending","SOURCE/DOM native location links/labels, noninteractive iframe inertness, scoped focus/contrast and reduced motion PASS; AT pending","ACTUAL shared API loader, independent filters, delayed response/unload/reload and failure fallback PASS","Native block identity, blank-block guidance, editor-only labelled pin preview, disposal/reload PASS; real editor pending","Unmodified Shopify CLI 4.8.0 exit 1; batch7-maps evidence; native parse PASS B7-FINAL full CLI 4.8.0 exits 1: 499 total (5 errors/494 warnings), 0 errors/18 retained warnings in Family 7; unsuppressed.",REQUIRES LIVE VERIFICATION,"Removed invented location defaults; corrected encoded native destinations/coordinate validation, scoped map/contact/overlay styling and native tokens. Consolidated locator onto existing helper/CSS/JS with complete no-JS cards, one optional provider loader, failure-to-list fallback, exact normalized filters, valid zero coordinates, disposable markers and editor-only preview.","B7-MAPS after Batch 9: real saved locations/coverage/contact/hours, native iframe permissions/titles/interactivity, Google API key restrictions/billing/network/consent/marker support, directions and provider keyboard/AT, dark/custom themes, responsive/RTL/zoom/no-JS, multiple roots and real editor lifecycle.","172 Liquid/DOM/CSS/coordinate/URL/explicit Google API adapter cases. No geocoding, distance search, carrier/coverage verification, or provider certification. Existing locator helpers had no consumers; now consolidated as the sole active host dependencies. B7-FINAL engineering closure 2026-09-22: all 75 family entries reconciled; final evidence validation/batch7-engineering-closure. Existing live queues remain after Batch 9."
snippets,multipurpose-banner-content,snippets/multipurpose-banner-content.liquid,2 Hero / Banner / CTA,,,,snippets/multipurpose-banner-slide.liquid,N/A,Source setting contracts repaired; real editor matrix pending,Actual Liquid preset plus selected-product/empty-media fixtures; usable insertion copy,Source split/stack/position/width/long-content rules; real viewport acceptance pending,Inert inactive slides; current-slide/pause semantics; decorative media; screen-reader/contrast pending,Phase 3 two-instance fixture; scoped CSS selectors,Root and wrapper synthetic load/unload; active state/timer/media cleanup; real editor pending,Multipurpose validation report,REQUIRES LIVE VERIFICATION,"Restore gradient/fallback/layout/position/transition CSS contracts, scope styles, resolve product picker objects, guard empty media, add dimensions, restore usable preset, manage static/slideshow video playback and cleanup.","B2-MULTIPURPOSE: all layouts and overrides, 1440/1280/768/390/320px, long content, split stacking/reversal, panel contrast, actual YouTube/MP4, native editor block select/reorder, product/column associations.",Local engineering repairs verified by source/DOM/Liquid fixtures. Not visual or live-Shopify certification. Remaining batch components stay NOT REVIEWED.
snippets,multipurpose-banner-slide,snippets/multipurpose-banner-slide.liquid,2 Hero / Banner / CTA,snippets/multipurpose-banner-content.liquid,,,sections/multipurpose-hero-banner.liquid,N/A,Source setting contracts repaired; real editor matrix pending,Actual Liquid preset plus selected-product/empty-media fixtures; usable insertion copy,Source split/stack/position/width/long-content rules; real viewport acceptance pending,Inert inactive slides; current-slide/pause semantics; decorative media; screen-reader/contrast pending,Phase 3 two-instance fixture; scoped CSS selectors,Root and wrapper synthetic load/unload; active state/timer/media cleanup; real editor pending,Multipurpose validation report,REQUIRES LIVE VERIFICATION,"Restore gradient/fallback/layout/position/transition CSS contracts, scope styles, resolve product picker objects, guard empty media, add dimensions, restore usable preset, manage static/slideshow video playback and cleanup.","B2-MULTIPURPOSE: all layouts and overrides, 1440/1280/768/390/320px, long content, split stacking/reversal, panel contrast, actual YouTube/MP4, native editor block select/reorder, product/column associations.",Local engineering repairs verified by source/DOM/Liquid fixtures. Not visual or live-Shopify certification. Remaining batch components stay NOT REVIEWED.
snippets,pb-bundle-card,snippets/pb-bundle-card.liquid,4 Product / Commerce,,,,,N/A,SOURCE/ACTUAL LIQUID settings and purchase contracts reviewed,N/A — retained dependency,SOURCE CSS bounds/controls reviewed; actual browser queued for active host,SOURCE/Liquid/DOM controls/focus/reduced-motion review; active live acceptance queued,Duplicate-load and independent-root fixtures PASS,Active slider load/unload/block selection fixture PASS; legacy is dormant global delegation,CLI 4.8.0 exit 1; debt/comparison retained,RETAINED — DORMANT SOURCE REVIEWED,"No production render/include consumer or active host found. Retained legacy contract corrected in isolation: exact deduplicated displayed products/totals/IDs, escaped titles, unavailable/required-plan/quantity-rule guards, localized add route, duplicate-request guard/recovery and narrow CSS bounds. No activation or deletion.",No active storefront host. Any future activation requires an individual host review and native cart/plan/quantity/currency/lifecycle acceptance; isolated fixture is not permission to activate.,Explicit family audit and source disposition; tests/phase4/product-slider-legacy.cjs uses real source with fixture adapters. See validation/batch4-commerce-closure.
snippets,predictive-search,snippets/predictive-search.liquid,1 Global / Structural,snippets/search-form-predictive.liquid,,,sections/main-search.liquid,N/A,SOURCE/ACTUAL LIQUID REVIEWED; live pending after Batch 9,N/A — reviewed through consumer,SOURCE ONLY; live pending after Batch 9,LIQUID/DOM REVIEWED; keyboard/screen reader live pending,ACTUAL LIQUID/DOM FIXTURE PASS,SOURCE/HOST FIXTURE PASS; real editor pending,CLI 4.8.0 BASELINE COMPARED; retained diagnostics documented,REQUIRES LIVE VERIFICATION,Escaped submit label and localized form action; full display contract still open.; Batch 3 shared search contract repairs,"B3-SEARCH plus original B1 queue, scheduled after Batches 4–9: actual requests/counts/pagination, all settings, five viewports, keyboard/screen reader, no-JS, multiple hosts and editor lifecycle.","Compatibility wrapper now delegates to the shared predictive form, resolving the missing display settings and duplicated divergent defaults. Main Search host retained."
snippets,product-card,snippets/product-card.liquid,4 Product / Commerce,,,,sections/featured-content-product-spotlight-row.liquid;sections/feeds-product-grid.liquid;sections/interactive-content-helper-predictive-search.liquid;sections/interactive-content-helper-product-slider.liquid;sections/main-collection-classic.liquid;sections/main-collection-simple.liquid;sections/main-search.liquid;sections/product-cross-sell.liquid;sections/product-recently-viewed.liquid;sections/product-recommend.liquid;sections/product-wishlist-card-renderer.liquid;snippets/collection-simple-grid.liquid;snippets/q-deal.liquid,N/A,SOURCE/ACTUAL LIQUID CONTRACT REVIEWED; live pending,N/A — reviewed through consumer,SOURCE CSS/bounds/reduced-motion reviewed; live pending,SOURCE/DOM native links/forms/focus reviewed; live pending,ACTUAL LIQUID/DOM fixture pass; live pending,Controller unload/reload and source attributes reviewed; actual editor pending,CLI 4.8.0 compared in batch3-closure-batch4-card; existing debt retained,REQUIRES LIVE VERIFICATION,"Batch 4 opening component: localized cart forms; safe owned text; valid blank guard; subscription/multi-option size routing; selected available dropdown; keyboard actions, bounded/reduced-motion media, existing badge/button/preset/price controls. Batch 4 follow-up: quantity-rule minimum above one and required subscriptions route simple quick-add to product options; protected Collection Modern fragment retains its existing contract and adds an inert global native purchase template.","B3-COLLECTION/B3-SEARCH/B4-CARD: after Batches 4–9; all settings/presets, five viewports, real data/currency/cart, keyboard/screen reader, no JS/reduced motion, multiple instances and actual editor lifecycle.",Shared component source/fixture review through current discovery hosts and all completed suites. Broader Product/Commerce hosts remain individually NOT REVIEWED until their Batch 4 passes. No live checkout/Shopify certification. Batch 4 closure regression: all seven Phase 3 and 46 Phase 4 suites pass; original individual host/live obligations retained.
snippets,product-faq-media,snippets/product-faq-media.liquid,4 Product / Commerce,,,,sections/product-faq.liquid,N/A,SOURCE REVIEWED; schema-backed controls and native data contracts; live matrix queued,N/A — dependency; host configurations reviewed,SOURCE CSS/markup bounds reviewed; actual browser queued,SOURCE/Liquid/DOM review; native browser and assistive technology queued,Host-scoped identities/state reviewed in fixtures; global singleton explicitly retained where applicable,SOURCE/DOM lifecycle and editor attributes reviewed; actual Shopify editor queued,"CLI 4.8.0 exit 1, full baseline comparison retained; not clean certification",REQUIRES LIVE VERIFICATION,"Blank answers skipped with stable first item; no-JS answers remain visible. Native metafield/metaobject/model media, safe external video links and visible-only embeds, image full-size link, corrected media fit/aspect/line-height selectors. Scoped accordion focus/media/editor cleanup.","B4-FINAL, after Batch 9: Actual metafield/metaobject/JSON QA data, native model/provider playback, full-size images and media placement, all layouts/presets, screen readers, responsive/sticky and editor acceptance.",Batch 4 individual source disposition. Evidence: validation/batch4-commerce-closure; product-content-hosts.cjs. Explicit platform adapters; no live certification.
snippets,product-meta-panel-content,snippets/product-meta-panel-content.liquid,4 Product / Commerce,,,,sections/product-meta-panels.liquid,N/A,SOURCE REVIEWED; schema-backed controls and native data contracts; live matrix queued,N/A — dependency; host configurations reviewed,SOURCE CSS/markup bounds reviewed; actual browser queued,SOURCE/Liquid/DOM review; native browser and assistive technology queued,Host-scoped identities/state reviewed in fixtures; global singleton explicitly retained where applicable,SOURCE/DOM lifecycle and editor attributes reviewed; actual Shopify editor queued,"CLI 4.8.0 exit 1, full baseline comparison retained; not clean certification",REQUIRES LIVE VERIFICATION,"One existing-content resolver replaces four divergent copies. Native metafield_tag and explicit metaobject field keys, escaped JSON; unique radio/panel identities and editor block selection, visible keyboard focus.","B4-FINAL, after Batch 9: Real metafield types and configured comma-separated metaobject field keys; all layouts/presets, radio accessibility, responsive content and actual editor selection.",Batch 4 individual source disposition. Evidence: validation/batch4-commerce-closure; product-content-hosts.cjs. Explicit platform adapters; no live certification.
snippets,product-purchase-data,snippets/product-purchase-data.liquid,4 Product / Commerce,,,,sections/main-product-classic.liquid;sections/main-product-compact.liquid;sections/main-product-master.liquid;sections/main-product-modern-variant.liquid;sections/main-product-simple.liquid;snippets/q-quick-view-product.liquid,N/A,SOURCE/CONTRACT REVIEWED; live pending,HOST CONTRACT FIXTURES PASS,SOURCE ONLY; live pending,SOURCE/DOM REVIEWED; live pending,ACTUAL LIQUID/DOM FIXTURE PASS,UNLOAD/RELOAD FIXTURE PASS; live pending,CLI 4.8.0 BASELINE COMPARISON PASS; existing debt retained,REQUIRES LIVE VERIFICATION,Script-safe minimal JSON for exact option values; server-formatted plan prices/savings; quantity rules; optional responsive image data with source-width bounds. Product hosts checkpoint: optional nested SKU hooks and opt-in media ID/variant-image metadata; Compact defaults and existing price/plan/quantity/URL behavior retained.,B4-COMPACT-PURCHASE after Batches 4-9: actual variants/plans/prices/quantity/cart; media/geometry; keyboard and real editor; native no-JavaScript paths.,"All 46 suites pass, including Compact/Product Card and all seven Phase 3 suites. Opt-in media metadata does not change Compact image fallback. Batch 4 closure regression: all seven Phase 3 and 46 Phase 4 suites pass; original individual host/live obligations retained."
snippets,product-selling-plans,snippets/product-selling-plans.liquid,4 Product / Commerce,,,product-selling-plans.js,blocks/content-featured-product.liquid;blocks/product-add-to-cart.liquid;blocks/product-dynamic-checkout.liquid;blocks/product-form.liquid;blocks/product-sticky-add-to-cart.liquid;sections/call-to-action-featured-product.liquid;sections/carousel-hero-banner.liquid;sections/featured-product-hero-banner.liquid;sections/main-product-classic.liquid;sections/main-product-compact.liquid;sections/main-product-master.liquid;sections/main-product-modern-variant.liquid;sections/main-product-simple.liquid;snippets/q-quick-view-product.liquid,N/A,SOURCE/CONTRACT REVIEWED; live pending,HOST CONTRACT FIXTURES PASS,SOURCE ONLY; live pending,SOURCE/DOM REVIEWED; live pending,ACTUAL LIQUID/DOM FIXTURE PASS,UNLOAD/RELOAD FIXTURE PASS; live pending,CLI 4.8.0 BASELINE COMPARISON PASS; existing debt retained,REQUIRES LIVE VERIFICATION,Selected variant allocation selects a compatible initial plan; unavailable options disabled; escaped labels/identities; minimal script-safe per-variant plan data. B8 purchase integration: explicitly include the selected native variant outside the enumerated variants list; shared optional/required plan behavior revalidated across all five main-product hosts and new block forms. Unchanged source and original family ownership. New native Featured Product form context validates selected/required/no-allocation plans and canonical exact selling_plan payload alongside existing commerce tests.,B4-COMPACT-PURCHASE after Batches 4-9: actual variants/plans/prices/quantity/cart; media/geometry; keyboard and real editor; native no-JavaScript paths.,Source/fixture checkpoint only. Shared helper disposition does not approve every host; Classic and Master remain NOT REVIEWED. No live Shopify/browser certification. Batch 4 closure regression: all seven Phase 3 and 46 Phase 4 suites pass; original individual host/live obligations retained. Revalidation: batch8-product-purchase (21 affected suites). Existing family ownership and live queues retained. Revalidation: batch8-featured-product.
snippets,product-variant-ui,snippets/product-variant-ui.liquid,4 Product / Commerce,,,,sections/main-product-classic.liquid,N/A,SOURCE + ACTUAL LIQUID/DOM FIXTURES; live pending,N/A; host fixtures reviewed,SOURCE CSS/layout/media review; live pending,SOURCE + DOM/focus/native-control fixtures; live pending,ACTUAL HOST/SCOPED DOM FIXTURE PASS,LOAD/UNLOAD/RELOAD FIXTURES; live pending,CLI 4.8.0: 655 diagnostics / 25 errors / 630 warnings; unsuppressed debt retained,REQUIRES LIVE VERIFICATION,Actual dropdown/buttons/list/swatches; configured option/source consumers; escaped labels; native selector remains authoritative; optional guide link and scoped identities.,B4-PRODUCT-HOSTS after Batch 9: real native/AJAX/accelerated carts; plans/currencies/quantity; actual media providers/model viewer; keyboard/screen reader/responsive/editor and persistence acceptance.,See batch4-product-hosts evidence. Source/fixture disposition only; each product host received its own settings/preset and commerce review. No Shopify/browser certification. Batch 4 closure regression: all seven Phase 3 and 46 Phase 4 suites pass; original individual host/live obligations retained.
snippets,product-wishlist-button,snippets/product-wishlist-button.liquid,4 Product / Commerce,,,,sections/main-product-classic.liquid,N/A,SOURCE + ACTUAL LIQUID/DOM FIXTURES; live pending,N/A; host fixtures reviewed,SOURCE CSS/layout/media review; live pending,SOURCE + DOM/focus/native-control fixtures; live pending,ACTUAL HOST/SCOPED DOM FIXTURE PASS,LOAD/UNLOAD/RELOAD FIXTURES; live pending,CLI 4.8.0: 655 diagnostics / 25 errors / 630 warnings; unsuppressed debt retained,REQUIRES LIVE VERIFICATION,"Existing shared saved-list button adapter, native variant association, safe labels and page-memory notice.",B4-PRODUCT-HOSTS after Batch 9: real native/AJAX/accelerated carts; plans/currencies/quantity; actual media providers/model viewer; keyboard/screen reader/responsive/editor and persistence acceptance.,See batch4-product-hosts evidence. Source/fixture disposition only; each product host received its own settings/preset and commerce review. No Shopify/browser certification. Batch 4 closure regression: all seven Phase 3 and 46 Phase 4 suites pass; original individual host/live obligations retained.
snippets,q-banner-base,snippets/q-banner-base.liquid,2 Hero / Banner / CTA,,,,,N/A,SOURCE REVIEWED; no active literal consumer,N/A,N/A — no active host,N/A — no active host,Scoped helper fixture PASS,N/A — no active host,CLI 4.8.0 evidence retained,RETAINED — DORMANT SOURCE REVIEWED,"Scoped legacy variables/selectors, including media queries, to owning Shopify section; no style output without section context.",Confirm dormant status in final installed-theme acceptance; any future activation requires host review.,Literal plus repository-wide name trace finds no current render/asset consumer. Retained without deletion. Content proxies pass supplied markup through; legacy CSS is inactive. This disposition is not approval of a future host.
snippets,q-deal,snippets/q-deal.liquid,5 Content / Interactive,snippets/product-card.liquid,,,sections/featured-content-sale-highlight.liquid,N/A,SOURCE/actual Liquid settings reviewed; live matrix queued,N/A — host presets exercised,SOURCE CSS bounds/units/long-text review; browser pending,SOURCE/Liquid semantics/focus/labels; assistive technology pending,Actual two-instance fixture PASS; scoped variables/identities,SOURCE block identities/empty-state review; no JS lifecycle; actual editor pending,"CLI 4.8.0 baseline evidence retained, exit 1; debt not suppressed",REQUIRES LIVE VERIFICATION,"Uses the host render day for inclusive expiry labels; per-deal background/text variables have consumers, escaped plain text/CTA metadata, retained native Product Card invocation.","B5-FEATURED after Batch 9: Actual parent modes/settings, date formatting/cache behavior, media/color/contrast, card purchase destinations and editor block selection.","tests/phase4/featured-content.cjs; shared Blog Card and Product Card remain on their own source/live contracts. This is an individual host pass, not Batch 5 closure. B5-FINAL engineering closure 2026-09-21; accumulated live acceptance remains queued after Batch 9."
snippets,q-disclosure,snippets/q-disclosure.liquid,9 Snippet / Asset Closure,,,,,N/A,SOURCE REVIEWED; inputs/settings/consumer contracts individually documented in B9-C,N/A — no own schema; active settings default/min/max and consumer expressions rendered,DORMANT — actual consumer absence and preactivation constraints recorded,SOURCE REVIEWED; token/label/motion/ID constraints individually recorded; no native AT certification,DORMANT — trusted numeric inputs or unique-ID preactivation contract recorded,DORMANT — no active lifecycle; no controller invented,Strict native parser PASS; existing unsuppressed baseline retained; final full comparison required,DELETION CANDIDATE — OWNER REVIEW,"No source change; unused legacy/placeholder helper retained for owner deletion review, with explicit preactivation liabilities.",No separate live test while dormant; owner review and source/contract repair before any activation.,B9-C: docs/phase4/validation/batch9-c-shared-helpers/. All direct/transitive consumers and build/dynamic references recorded; no automatic deletions. Liquid/CSS/color adapters are not live certification. B9-FINAL: formally dispositioned for engineering; retained/live/owner-review limitations unchanged. Closure evidence: validation/batch9-engineering-closure/.
snippets,q-gallery-item,snippets/q-gallery-item.liquid,5 Content / Interactive,,,,sections/interactive-content-helper-media-gallery.liquid,N/A,SOURCE/actual Liquid all select options and range endpoints; live matrix queued,HOST PRESET FIXTURES; no standalone preset,"SOURCE CSS bounds, settings and long-content review; actual browser pending","SOURCE/Liquid/DOM native controls, dialog/focus, pause and keyboard; actual assistive technology pending",Actual mixed-gallery/text instances fixture PASS; explicit shared ownership,DOM duplicate/select/unload/reload where applicable PASS; native ticker static editor CSS reviewed; actual editor pending,CLI 4.8.0 exit 1; 637 diagnostics; existing settings-count warnings retained,REQUIRES LIVE VERIFICATION,"Native image/link/no-action/lightbox precedence preserved with real links and no fake inert buttons. Optional accordion expansion is a separate native button; escaped metadata/destinations and native image dimensions feed the existing viewer. Caption modes, alt fallback and editor identity individually reviewed.","B5-GALLERY-TEXT after Batch 9: each host/preset/layout/settings independently at 1440/1280/768/390/320px; native image dialog/keyboard/screen readers/modal handoff, carousel/ticker touch/RTL/reduced motion/pause, real image fit/captions/long translations, all accordion panels and actual editor lifecycle.",tests/phase4/gallery-text-carousel.cjs plus all Phase 3/completed Phase 4 suites. Explicit Liquid/DOM/geometry/dialog adapters; CSS animations/native dialog/Shopify acceptance are not certified. B5-FINAL engineering closure 2026-09-21; accumulated live acceptance remains queued after Batch 9.
snippets,q-icon,snippets/q-icon.liquid,5 Content / Interactive,,,,sections/3rd-party-region-availability.liquid;sections/basic-content-helper-column-builder.liquid;sections/basic-content-helper-grid-builder.liquid;sections/basic-content-helper-section-divider.liquid;snippets/q-people-card.liquid,N/A,REVIEWED; own source/settings fixture,N/A,SOURCE BOUNDS; live pending,SOURCE/DOM; native fallback/focus/content,SCOPED DEPENDENCY FIXTURE PASS,NATIVE NO-JS HOST; EMPTY/ATTRIBUTES FIXTURE,CLI 4.8.0 unchanged 636 diagnostics; existing debt retained,REQUIRES LIVE VERIFICATION,Existing flat icons.svg sprite replaces unsupported nested image asset URL; valid dimensions/decorative semantics; blank/none emit nothing. Selected names verified in both current consumers; does not certify icon inventory. Column Builder is now a third individually tested native sprite consumer. People Card now independently exercises mail/LinkedIn/external-link symbols with retained text labels.,"B5-BASIC after Batch 9: all presets/settings, 1440/1280/768/390/320px, long/translated text, color/contrast, native SVG/keyboard, real editor reload. Embed provider behavior; divider anchors; native 404 image/search/locales.",Actual source fixture; no browser/Shopify certification. No merchant-state rewrite. Untouched dependencies and complete Grid/Column/Split hosts retain separate pending reviews. B5-FINAL engineering closure 2026-09-21; accumulated live acceptance remains queued after Batch 9.
snippets,q-nav,snippets/q-nav.liquid,1 Global / Structural,,,,,N/A,"SOURCE REVIEWED; inputs, absent runtime roots and preactivation liabilities documented in B9-B",N/A — snippet has no schema/preset; actual active Header Two presets rendered twice,DORMANT — no owning legacy styles/controller; source and missing contracts documented,SOURCE REVIEWED — native structure and missing focus/semantics/escaping contracts recorded; no active output,DORMANT — callers must own unique IDs; active two-header lifecycle stress fixture PASS,DORMANT — not initialized; actual active Header Two load/unload/reload fixture PASS,Native strict parsing PASS; unsuppressed full baseline retained in batch9-baseline,DELETION CANDIDATE — OWNER REVIEW,No snippet runtime change. Proven dormant dependency; retain pending architectural owner review.,No separate live test while dormant. Owner-directed reactivation requires source/ID/style/controller/accessibility repairs and re-review first. Active Header Two retains B1 live queue.,"B9-B: docs/phase4/validation/batch9-b-header-navigation/. No runtime roots; dynamic app-block renders and build scanning checked. Retained, not certified for activation. B9-FINAL: formally dispositioned for engineering; retained/live/owner-review limitations unchanged. Closure evidence: validation/batch9-engineering-closure/."
snippets,q-people-card,snippets/q-people-card.liquid,5 Content / Interactive,snippets/q-icon.liquid,,,sections/interactive-content-helper-team-members-grid.liquid,N/A,REVIEWED; actual host/block matrix and explicit false controls,N/A; actual host fixtures,SOURCE BOUNDS/MEASURED RAIL ADAPTER; live pending,"SOURCE/DOM; biography access, names/media/keyboard/focus",ACTUAL LIQUID TWO-INSTANCE PASS,LOAD/UNLOAD/RELOAD/SELECTION FIXTURES PASS,CLI 4.8.0 632 diagnostics; unchanged signatures; existing debt retained,REQUIRES LIVE VERIFICATION,Native name/photo and decorative initials semantics; single-name initials; escaped social URLs and native decorative sprite icons with retained labels; actual per-card biography clamp/focus behavior and false email/social controls.,"B5-PEOPLE-TIMELINE after Batch 9: real saved team/timeline presets and all settings; featured/solo/grid bios and media; width/minimum-card limits and timeline layouts at responsive extremes; RTL/native scrolling, colors/contrast, keyboard/screen readers, reduced motion and editor lifecycle.",Actual host sources and explicit image/DOM/measurement adapters. No live Shopify/browser certification. Shared purchase controllers unchanged. B5-FINAL engineering closure 2026-09-21; accumulated live acceptance remains queued after Batch 9.
snippets,q-quick-view-host,snippets/q-quick-view-host.liquid,4 Product / Commerce,,,product-purchase-sync.js;product-selling-plans.js,layout/theme.liquid,N/A,SOURCE REVIEWED; schema-backed controls and native data contracts; live matrix queued,N/A — dependency; host configurations reviewed,SOURCE CSS/markup bounds reviewed; actual browser queued,SOURCE/Liquid/DOM review; native browser and assistive technology queued,Host-scoped identities/state reviewed in fixtures; global singleton explicitly retained where applicable,SOURCE/DOM lifecycle and editor attributes reviewed; actual Shopify editor queued,"CLI 4.8.0 exit 1, full baseline comparison retained; not clean certification",REQUIRES LIVE VERIFICATION,"Existing global Quick View imports a native purchase template from the retained Collection Modern fragment; native localized forms/money/plans/quantity/media, explicit URL-ownership opt-out, shared purchase-controller boot/dispose. Escaped content, stale request cancellation, modal handoff, focus/overflow and editor cleanup.","B4-FINAL, after Batch 9: Actual global and Collection Modern Quick View coexistence; native/AJAX carts, required/optional plans and quantities, native currency/prices/media, all card launch modes, keyboard/screen reader, responsive and editor acceptance.",Batch 4 individual source disposition. Evidence: validation/batch4-commerce-closure; global-quick-view.cjs; collection-hosts.cjs. Explicit platform adapters; no live certification.
snippets,q-quick-view-product,snippets/q-quick-view-product.liquid,4 Product / Commerce,snippets/product-purchase-data.liquid;snippets/product-selling-plans.liquid,,,sections/collection-modern-quick-view.liquid,N/A,SOURCE REVIEWED; schema-backed controls and native data contracts; live matrix queued,N/A — dependency; host configurations reviewed,SOURCE CSS/markup bounds reviewed; actual browser queued,SOURCE/Liquid/DOM review; native browser and assistive technology queued,Host-scoped identities/state reviewed in fixtures; global singleton explicitly retained where applicable,SOURCE/DOM lifecycle and editor attributes reviewed; actual Shopify editor queued,"CLI 4.8.0 exit 1, full baseline comparison retained; not clean certification",REQUIRES LIVE VERIFICATION,"Existing global Quick View imports a native purchase template from the retained Collection Modern fragment; native localized forms/money/plans/quantity/media, explicit URL-ownership opt-out, shared purchase-controller boot/dispose. Escaped content, stale request cancellation, modal handoff, focus/overflow and editor cleanup.","B4-FINAL, after Batch 9: Actual global and Collection Modern Quick View coexistence; native/AJAX carts, required/optional plans and quantities, native currency/prices/media, all card launch modes, keyboard/screen reader, responsive and editor acceptance.",Batch 4 individual source disposition. Evidence: validation/batch4-commerce-closure; global-quick-view.cjs; collection-hosts.cjs. Explicit platform adapters; no live certification.
snippets,q-social-micro-post-card,snippets/q-social-micro-post-card.liquid,7 Social / Third Party / Utilities,snippets/icon-social.liquid,,,sections/social-media-micro-post-strip.liquid,N/A,SOURCE/ACTUAL 222 combined host/helper/preset/settings/native-link/manual-state cases PASS,ACTUAL neutral insertion fixtures; existing merchant state unchanged,"SOURCE bounded cards, native scroll, column/wrap controls, long text/RTL logical alignment; pixels pending","SOURCE/DOM native links/list semantics, full names, decorative icons, manual metric reading, focus/reduced motion PASS; AT pending",ACTUAL independent roots and every stylesheet selector scoped per instance PASS,SOURCE/DOM empty/disabled/feed guidance and native block selection PASS; real editor pending,"Unmodified CLI 4.8.0 exits 1: 499 diagnostics (5 errors/494 warnings); 10 scoped-CSS warnings resolved, no suppressions. Native Liquid parsing PASS. B7-FINAL full CLI 4.8.0 exits 1: 499 total (5 errors/494 warnings), 0 errors/18 retained warnings in Family 7; unsuppressed.",REQUIRES LIVE VERIFICATION,Actual micro-post host traced and tested; escaped links/plain text with line breaks; native targets; visible platform label; omit empty cards/footers and keep editor selection; helper CSS consolidated in consuming host.,"B7-SOCIAL-LINKS-PROOF after Batch 9: actual saved manual profiles/posts/count claims and provider destinations/share dialogs/email client; responsive 1440/1280/768/390/320px, long labels/zoom/RTL/no-JS/theme/custom contrast/keyboard/AT and actual editor insertion/reorder/unload/reload.",tests/phase4/social-links-proof.cjs; validation/batch7-social-links-proof. Native manual content/navigation only; external provider authentication/publication and live data are not implemented or certified. Explicit Liquid/image/CSS/DOM adapters. Shared icon-social remains previously reviewed; consumer edge accounted for without reopening unrelated dependencies. B7-FINAL engineering closure 2026-09-22: all 75 family entries reconciled; final evidence validation/batch7-engineering-closure. Existing live queues remain after Batch 9.
snippets,q-social-pinterest-card,snippets/q-social-pinterest-card.liquid,7 Social / Third Party / Utilities,snippets/icon-social.liquid,,,sections/social-media-pinterest-grid.liquid,N/A,Independent source + 253 actual social gallery settings/native media/link/provider/edge/lifecycle cases PASS,Neutral manual presets; blank/disabled/future-feed/editor cases PASS,"SOURCE scoped native tokens, bounded grids/rails/native dialog/embeds and zero controls; browser pending","Native links/images/alt/labels, inertness/focus and native dialog lifecycle/keyboard fallback PASS; AT pending","Actual opposing settings, scoped CSS, YouTube duplicate boot/unload/reload and player disposal PASS",Blank-block guidance and provider boundaries; disposable lifecycle; real editor pending,"Unmodified CLI 4.8.0 exit 1; batch7-social-galleries evidence; native parser PASS B7-FINAL full CLI 4.8.0 exits 1: 499 total (5 errors/494 warnings), 0 errors/18 retained warnings in Family 7; unsuppressed.",REQUIRES LIVE VERIFICATION,"Native manual gallery/link/image and configured embed hardening, neutral defaults, honest future-feed boundaries, scoped theme tokens/layout/ratio/empty/accessible states. Added strict recognized YouTube URL helper and native-dialog controller; preserved native watch links and exact merchant embed HTML.","B7-SOCIAL-GALLERIES after Batch 9: saved media/layout/alt/copy/source modes, native provider embeds/playback/titles/consent/restrictions and Facebook configuration; captions/focus/real modal trapping/close/no-JS, responsive/RTL/zoom/contrast/AT, mixed instances and real editor lifecycle. No feed authorization/synchronization is implemented.","253 actual Liquid/DOM/CSS/video/dialog adapter cases; not provider, Shopify, pixel or AT certification. Existing icon-social dependency remains live queued and unchanged. B7-FINAL engineering closure 2026-09-22: all 75 family entries reconciled; final evidence validation/batch7-engineering-closure. Existing live queues remain after Batch 9."
snippets,q-social-pinterest-thumb,snippets/q-social-pinterest-thumb.liquid,7 Social / Third Party / Utilities,snippets/icon-social.liquid,,,,N/A,Independent source + 253 actual social gallery settings/native media/link/provider/edge/lifecycle cases PASS,Neutral manual presets; blank/disabled/future-feed/editor cases PASS,"SOURCE scoped native tokens, bounded grids/rails/native dialog/embeds and zero controls; browser pending","Native links/images/alt/labels, inertness/focus and native dialog lifecycle/keyboard fallback PASS; AT pending","Actual opposing settings, scoped CSS, YouTube duplicate boot/unload/reload and player disposal PASS",Blank-block guidance and provider boundaries; disposable lifecycle; real editor pending,"Unmodified CLI 4.8.0 exit 1; batch7-social-galleries evidence; native parser PASS B7-FINAL full CLI 4.8.0 exits 1: 499 total (5 errors/494 warnings), 0 errors/18 retained warnings in Family 7; unsuppressed.",RETAINED — DORMANT SOURCE REVIEWED,"No literal or dynamic consumers found. Retained legacy thumbnail/settings contract; escaped native links, corrected native image alt handling and bounded helper media/focus. No active host added.",No current live host; activation requires a separate real consumer review and acceptance.,Independent source and explicit helper fixture review. No active-consumer or live certification is claimed; legacy optional settings remain preserved. B7-FINAL engineering closure 2026-09-22: all 75 family entries reconciled; final evidence validation/batch7-engineering-closure. Existing live queues remain after Batch 9.
snippets,q-social-profile-icon,snippets/q-social-profile-icon.liquid,7 Social / Third Party / Utilities,snippets/icon-social.liquid,,,sections/social-media-profile-card.liquid,N/A,SOURCE/ACTUAL 222 combined host/helper/preset/settings/native-link/manual-state cases PASS,ACTUAL neutral insertion fixtures; existing merchant state unchanged,"SOURCE bounded cards, native scroll, column/wrap controls, long text/RTL logical alignment; pixels pending","SOURCE/DOM native links/list semantics, full names, decorative icons, manual metric reading, focus/reduced motion PASS; AT pending",ACTUAL independent roots and every stylesheet selector scoped per instance PASS,SOURCE/DOM empty/disabled/feed guidance and native block selection PASS; real editor pending,"Unmodified CLI 4.8.0 exits 1: 499 diagnostics (5 errors/494 warnings); 10 scoped-CSS warnings resolved, no suppressions. Native Liquid parsing PASS. B7-FINAL full CLI 4.8.0 exits 1: 499 total (5 errors/494 warnings), 0 errors/18 retained warnings in Family 7; unsuppressed.",REQUIRES LIVE VERIFICATION,Actual profile consumer traced; reuse previously reviewed icon-social glyph dependency; decorative unfocusable SVG with real adjacent link names; Bluesky decorative initial replaces unrelated map-pin glyph; native wrapper sizing.,"B7-SOCIAL-LINKS-PROOF after Batch 9: actual saved manual profiles/posts/count claims and provider destinations/share dialogs/email client; responsive 1440/1280/768/390/320px, long labels/zoom/RTL/no-JS/theme/custom contrast/keyboard/AT and actual editor insertion/reorder/unload/reload.",tests/phase4/social-links-proof.cjs; validation/batch7-social-links-proof. Native manual content/navigation only; external provider authentication/publication and live data are not implemented or certified. Explicit Liquid/image/CSS/DOM adapters. Shared icon-social remains previously reviewed; consumer edge accounted for without reopening unrelated dependencies. B7-FINAL engineering closure 2026-09-22: all 75 family entries reconciled; final evidence validation/batch7-engineering-closure. Existing live queues remain after Batch 9.
snippets,q-spacing,snippets/q-spacing.liquid,9 Snippet / Asset Closure,,,,,N/A,SOURCE REVIEWED; inputs/settings/consumer contracts individually documented in B9-C,N/A — no own schema; active settings default/min/max and consumer expressions rendered,DORMANT — actual consumer absence and preactivation constraints recorded,SOURCE REVIEWED; token/label/motion/ID constraints individually recorded; no native AT certification,DORMANT — trusted numeric inputs or unique-ID preactivation contract recorded,DORMANT — no active lifecycle; no controller invented,Strict native parser PASS; existing unsuppressed baseline retained; final full comparison required,RETAINED — DORMANT SOURCE REVIEWED,No source change; retained trusted-numeric dormant helper with zero-preserving render fixture.,No separate live test while dormant; owner review and source/contract repair before any activation.,B9-C: docs/phase4/validation/batch9-c-shared-helpers/. All direct/transitive consumers and build/dynamic references recorded; no automatic deletions. Liquid/CSS/color adapters are not live certification. B9-FINAL: formally dispositioned for engineering; retained/live/owner-review limitations unchanged. Closure evidence: validation/batch9-engineering-closure/.
snippets,qtm-block-bundle-item,snippets/qtm-block-bundle-item.liquid,8 Theme Blocks,snippets/qtm-product-block-variant.liquid,,,blocks/product-bundle-builder.liquid;blocks/product-frequently-bought-together.liquid,N/A,SOURCE all caller/data/config consumers traced and tested,Actual dependent block defaults/presets/data-state fixtures PASS; no independent schema,"SOURCE/DOM all controls/presets/endpoints, cards/inline/grid/compact and mobile/desktop column/image/padding rules, bounded nested widths/labels/prices and native media PASS; real 320/390/768/1280/1440px/zoom/RTL pixels queued","SOURCE/DOM named native product links, actual variant/plan/quantity labels, disabled unavailable payloads, progressive selection, native submit/status and reduced motion PASS; browser keyboard/AT/focus/editor queued","Actual two product-host/form/commerce/controller compositions, native plan/quantity/variant/restoration, unrelated and ambiguous events, independent optional selection, duplicate initialization and cart submit suppression PASS",Native wrapper owns editor metadata; empty/selectable guidance and visibility/motion bypass; late insertion/reorder/removal/load/unload/reload and listener cleanup PASS. Pending shared cart mutations finish authoritatively but detached form results cannot update storefront UI; native editor queued,Unsuppressed CLI 4.8.0 evidence/comparison in batch8-product-bundles; no scanner suppression; group errors checked explicitly,REQUIRES LIVE VERIFICATION,"Individually reviewed the two fixed callers and all indirect settings. One native availability/quantity/allocation calculation serves line totals, compare totals, eligibility and card output. Returns zero for ineligible submitted lines without fabricating product data. Scoped data records reuse the reviewed native variant helper; safe lazy images/alt/URLs, named fallback links, minimum quantity and actual selected plan names are visible. Native indexed id/quantity/selling_plan fields are disabled when ineligible; optional selection is initially hidden. Duplicate item markup and repeated native commercial calculation are centralized.","B8-PRODUCT-BUNDLES live queue after engineering batches: actual locale-aware native multi-item form and AJAX cart transactions, inventory/quantity-rule rejection and selling-plan eligibility/prices/names, native current variant outside enumeration and browser restoration; real automatic/app discounts versus advertised offer text, market/presentment money formats and cart totals; no-JS/keyboard/AT/focus/RTL/zoom/responsive layouts and native Theme Editor lifecycle. Companion subscription/options choices remain on their native product pages unless an actual selected allocation exists. No live Shopify QA performed; all prior queues carry forward.",Individual source/schema/default/preset/consumer review in batch8-product-bundles. Existing saved IDs and commercial/native contracts preserved. LiquidJS/JSDOM/native-data and cart response fixtures do not certify actual Shopify transactions or browser/editor pixels. B8-FINAL: formally closed for engineering; individual disposition and live queue retained. Final full-suite/native-parse/hash/protected-state evidence: validation/batch8-engineering-closure.
snippets,qtm-block-collection-card,snippets/qtm-block-collection-card.liquid,8 Theme Blocks,,,,blocks/content-collection-cards.liquid;blocks/content-collection-carousel.liquid,N/A,SOURCE all caller/data/config consumers traced and tested,Actual dependent block defaults/presets/data-state fixtures PASS; no independent schema,"SOURCE/DOM every layout/control endpoint, bounded widths/padding, missing-image tracks, in-flow long carousel captions, narrow container composition and independent mobile/tablet/desktop ranges PASS; real 320–1440px/RTL/zoom/contrast pixels queued","SOURCE/DOM native linked collection cards/no-JS scroll region, nonempty action names, escaped text/URLs, native alt, focus indicators, measured page controls/RTL/Home/End, nested-key ownership and persistent rotation pause with reduced motion PASS; real keyboard/AT queued",Raw native block IDs preserve case/underscore with one editor wrapper; two actual carousel roots have independent measured navigation/pause/observer state; duplicate asset execution and reorder mount once PASS,"Editor visibility/motion bypass and meaningful missing-source guidance PASS; design mode never autoplays, mutation insert/remove/reorder and section unload/load dispose/reinitialize actual shared controller PASS; native Theme Editor queued",Unsuppressed CLI 4.8.0 evidence/comparison in batch8-collection-discovery; no scanner suppression; group errors checked explicitly,REQUIRES LIVE VERIFICATION,"Individually reviewed both actual callers and all card inputs/settings. Native collection source supplies title, URL, image/featured-image fallback, count and stripped description; configured fallback copy is used only when the caller exposes it. One complete link contains plain-text spans without nested actions, lazy responsive native images with alt fallback, guarded configured button text and explicit image-free class. Fixed caller prefix scopes styles; helper owns no editor wrapper or global state. Both collection list and featured-single consumers pass actual render fixtures.","B8-COLLECTION-DISCOVERY live queue after engineering batches: actual native collection/product image and price rendering, 320–1440px/zoom/RTL/nested-builder layout and image/caption contrast, real scroll-snap and measured pagination/keyboard/AT, autoplay pause/visibility/reduced motion, native Theme Editor insertion/reorder/removal. DOM geometry/timer/native-drop adapters are not acceptance. No live Shopify QA; earlier queues carry forward.","Individual source/schema/default/preset/consumer review recorded in batch8-collection-discovery. Every prior ID/type/option and merchant settings_data preserved; six needed text/color controls added. Existing carousel engine revalidated contextually, preserving original ownership. LiquidJS/JSDOM/native-image/geometry/timer adapters are not live Shopify/browser acceptance. B8-FINAL: formally closed for engineering; individual disposition and live queue retained. Final full-suite/native-parse/hash/protected-state evidence: validation/batch8-engineering-closure."
snippets,qtm-block-comparison-value,snippets/qtm-block-comparison-value.liquid,8 Theme Blocks,,,,blocks/content-comparison-matrix.liquid,N/A,SOURCE all caller/data/config consumers traced and tested,Actual dependent block defaults/presets/data-state fixtures PASS; no independent schema,"SOURCE/DOM every layout/count/column/control endpoint, bounded card padding/flex/media, actual comparison column widths, wrapping mobile definitions and independent tablet visibility PASS; real 320/390/768/1280/1440px/zoom/RTL pixels queued","SOURCE/DOM named native links/focus, alt fallback, row/column scopes/caption/scroll region and decorative comparison symbols paired with readable translated labels PASS; real keyboard/AT/contrast queued","Actual independently rendered block IDs, native one-wrapper ownership, inline scoped styles and no per-instance script/listener state PASS","One native owner of editor metadata; meaningful empty setup notes, hidden storefront empties and design-mode visibility/motion bypass PASS; no controller lifecycle required for these static native blocks; actual Theme Editor queued",Unsuppressed CLI 4.8.0 evidence/comparison in batch8-content-cards; no scanner suppression; group errors checked explicitly,REQUIRES LIVE VERIFICATION,"Individually reviewed both desktop/mobile matrix callers and all label consumers. Replaces duplicated case/value/note markup with one native-safe path. Yes/no/partial symbols are decorative, paired with real visually hidden configurable text; generic spans are no longer incorrectly aria-labeled. Literal selected values and merchant notes are escaped; safe class escaping, fallback labels and native no-JS behavior retained.","B8-CONTENT-CARDS live queue after engineering batches: real card image rendition/alt/overlay stacking and configured colors; native narrow builder grids/flex, zoom/RTL and 320–1440px layouts; comparison table/definition-list semantics and keyboard/AT/contrast; actual Theme Editor insert/select/reorder. Merchant prices, comparisons and guarantee terms remain manual authored claims and do not change Shopify policies/cart prices. No live Shopify QA; prior queues carry forward.",Individual source/schema/default/preset/consumer review in batch8-content-cards. All prior IDs/options and merchant settings_data preserved. Actual preset counts are one each for Feature Cards/Content Cards/Promo Card and three each for comparisons/guarantees. LiquidJS/JSDOM/native image adapters do not certify native Shopify/browser pixels. B8-FINAL: formally closed for engineering; individual disposition and live queue retained. Final full-suite/native-parse/hash/protected-state evidence: validation/batch8-engineering-closure.
snippets,qtm-block-deadline,snippets/qtm-block-deadline.liquid,8 Theme Blocks,,,,blocks/product-countdown.liquid;blocks/product-progress-bar.liquid,N/A,SOURCE all caller/data/config consumers traced and tested,Actual dependent block defaults/presets/data-state fixtures PASS; no independent schema,"SOURCE/DOM all select/checkbox/range endpoints, shrinking timer columns/banner layout, bounded buttons/inputs/message content and icon-free grid, responsive visibility PASS; actual 320/390/768/1280/1440px pixels/RTL/zoom queued","SOURCE/DOM named native progress/time, timer aria-live off, real native links/manual copy field, capability-gated buttons, fallback labels/group/status/focus, finite pulse and reduced motion PASS; actual screen reader/native clipboard/share UI queued","Actual two-instance clocks/share roots and independent messages, exact expiry/visibility pause, no duplicated singleton work, scoped unload/reload/removal/reorder/late insertion and pending async disposal PASS","Native outer wrapper owns metadata; design visibility/motion bypass and honest empty configuration guidance, inserted/removed/reloaded/reordered roots and cleared timers/listeners PASS; native Theme Editor queued",Unsuppressed CLI 4.8.0 evidence/comparison in batch8-product-utilities; no scanner suppression; group errors checked explicitly,REQUIRES LIVE VERIFICATION,"Individually reviewed both real deadline callers. Shared strict Gregorian calendar/time and signed offset validator accepts HH:MM/HH:MM:SS, rejects overflows/non-numeric/malformed dates/offsets, honors leap centuries and emits only an actual numeric native Liquid epoch. No invented date, silent rollover or browser timezone inference. Shopify native fixed-offset parsing remains live queued.","B8-PRODUCT-UTILITIES live queue after engineering batches: native Liquid epoch parsing/caching and configured fixed UTC offsets versus daylight-saving intent; native progress/timer/no-JS/AT and responsive long content, true Web Share/clipboard permissions/provider/email behavior; merchant-supplied messages must reflect actual configured claims and have no connected live feed; Theme Editor insertion/select/reorder/load/unload and actual focus/motion. All prior queues carry forward. No live Shopify QA.",Individual source/schema/default/preset/consumer review in batch8-product-utilities. 341 actual render/control/state combinations plus meaningful runtime fixtures. LiquidJS/JSDOM/native date and clipboard/share adapters do not certify Shopify/browser behavior. All previous setting IDs and protected sections/merchant state remain. B8-FINAL: formally closed for engineering; individual disposition and live queue retained. Final full-suite/native-parse/hash/protected-state evidence: validation/batch8-engineering-closure.
snippets,qtm-block-featured-product-gallery,snippets/qtm-block-featured-product-gallery.liquid,8 Theme Blocks,snippets/qtm-block-product-media.liquid,,,blocks/content-featured-product.liquid,N/A,SOURCE all caller/data/config consumers traced and tested,Actual dependent block defaults/presets/data-state fixtures PASS; no independent schema,"SOURCE/DOM every layout/media/width/spacing control and range endpoints, bounded padding and nested columns, native responsive image/video/model and missing-media column PASS; actual 320–1440px/RTL/zoom/player geometry queued","SOURCE/DOM unique native IDs and one editor wrapper, complete native form/media/control labels, native no-JS variant/selling-plan/quantity/media fallback, focus and player pause/disposal PASS; browser keyboard/AT/native errors queued","Two same-product manual roots stay independent from each other and actual product builder SKU/gallery/bundle; explicit Current product shares builder canonically. Foreign/document events ignored; duplicate scripts, reorder/removal and exact one-POST payload PASS","Missing source guidance and visibility/motion bypass PASS; shared singleton section load/unload, mutation insertion/reorder/removal and dynamic media disposal PASS; native Theme Editor queued",Unsuppressed CLI 4.8.0 evidence/comparison in batch8-featured-product; no scanner suppression; group errors checked explicitly,REQUIRES LIVE VERIFICATION,"Traced actual Featured Product caller and all source/settings/media consumers. Initial selected native media is included first even outside product enumeration or configured limit; gallery-off keeps a single initial item. Existing native media renderer retains image/video/external/model fallback. Inert templates contain only actual variant-associated media outside initial navigation, mounted by the shared controller when selected. Native IDs preserve raw case/underscores and distinct forms, complete media/control labels and aria-controls targets. Progressive no-JS items stay readable; navigation appears only after enhancement. Full dependent default/preset/control/data-state and lifecycle fixtures pass.","B8-FEATURED-PRODUCT live queue after engineering batches: actual native product forms/variant enumeration/selling plans/quantity rules/presentment prices/cart drawer and server errors, product-builder sharing, Shopify media/model players, 320–1440px/RTL/zoom/nested layouts, real keyboard/AT and Theme Editor lifecycle. LiquidJS/DOM/native-filter/player adapters are not acceptance. No live Shopify QA; prior queues carry forward.",Individual schema/default/preset/source/consumer review in batch8-featured-product. All original IDs/types/options and saved merchant settings preserved; four needed translated labels added. Native form/filter/player and JSDOM adapters are not live Shopify/browser acceptance. B8-FINAL: formally closed for engineering; individual disposition and live queue retained. Final full-suite/native-parse/hash/protected-state evidence: validation/batch8-engineering-closure.
snippets,qtm-block-location-info,snippets/qtm-block-location-info.liquid,8 Theme Blocks,,,,blocks/content-location-info.liquid;blocks/custom-custom-form.liquid,N/A,SOURCE all caller/data/config consumers traced and tested,Actual dependent block defaults/presets/data-state fixtures PASS; no independent schema,"SOURCE/DOM all layouts/options/range endpoints, bounded card padding and native payment grid/icon tracks, long labels and container-aware nested form grids PASS; real 320–1440px/zoom/RTL pixels queued","SOURCE/DOM native field labels/required/consent, visible native errors with matched descriptions, safe values, real unique search listbox/status/keyboard controls, payment labels and named social links PASS; native keyboard/AT/contrast queued","Independent raw native IDs and one editor metadata owner per block PASS; real predictive controller two hosts, stale-request abort, duplicate initialization and matching panel/option IDs PASS","SOURCE/DOM design-mode visibility/motion, meaningful empty setup guidance, inserted/removed/reordered search hosts and section unload/reload lifecycle PASS; actual Theme Editor queued",Unsuppressed CLI 4.8.0 evidence/comparison in batch8-native-forms-information; no scanner suppression; group errors checked explicitly,REQUIRES LIVE VERIFICATION,"Individually reviewed both location-block and legacy-alias callers. Extracts the complete already hardened location markup and scoped styles without behavioral changes; all 58 setting consumers, real image fallback, safe contact links/text, meaningful actions, independent device/editor/reduced-motion rules and native default wrapper ownership are shared. Actual caller DOM/style equivalence is checked.","B8-NATIVE-FORMS live queue after engineering batches: real contact/customer POST, captcha/server errors/return values and newsletter consent/tag handling; native search source/display/filter behavior and keyboard/AT; native payment SVGs and actual device/location/checkout eligibility; real narrow-container form/card layouts and Theme Editor lifecycle. Legacy custom-custom-form remains location information. No live Shopify QA; prior queues carry forward.","Individual source/schema/default/preset/consumer review in batch8-native-forms-information. All prior IDs/options and merchant settings_data preserved. Custom-custom-form is a retained historical location alias, not an implemented custom form. LiquidJS/JSDOM/native-form/payment/provider adapters do not certify real Shopify endpoints or browser pixels. B8-FINAL: formally closed for engineering; individual disposition and live queue retained. Final full-suite/native-parse/hash/protected-state evidence: validation/batch8-engineering-closure."
snippets,qtm-block-metafield,snippets/qtm-block-metafield.liquid,8 Theme Blocks,,,,blocks/product-accordion.liquid;blocks/product-size-chart.liquid;blocks/product-tabs.liquid,N/A,SOURCE all caller/data/config consumers traced and tested,Actual dependent block defaults/presets/data-state fixtures PASS; no independent schema,"SOURCE/DOM all select/checkbox/range endpoints, bounded panel/nav/table/media widths, long-content wrapping, mobile vertical-to-horizontal orientation and media ordering PASS; actual pixels/scroll/zoom queued","SOURCE/DOM native details and dialog markup, progressive visible content, tab roles/roving focus/arrows/Home/End/RTL/hash, named media/links/table regions, focus restoration and reduced motion PASS; native browser inert/focus trapping/AT queued","Actual two-instance tab/disclosure/dialog fixtures, isolated selection, media retirement/restoration, singleton duplicate execution and independent native IDs PASS","Native outer wrapper owns editor metadata; visibility/motion bypass and actual empty guidance, late insertion, load/unload/reload/reorder/select with controller disposal PASS; native Theme Editor queued",Unsuppressed CLI 4.8.0 evidence/comparison in batch8-panels; no scanner suppression; group errors checked explicitly,REQUIRES LIVE VERIFICATION,"Individually reviewed actual product accordion/tab/chart callers. Native typed formatter preserves rich text via metafield_tag; escaped scalar/false/zero/text/JSON, explicit list values and named references, actual file/image/video branches with native output and controls. No raw object stringification for native file media and no synthetic merchant content. Native platform formatting/media output remains queued.","B8-PANELS live queue after engineering batches: native Theme Editor insert/select/reorder/load/unload; browser details grouping, dialog top layer/inert/focus trapping/AT and scroll; actual YouTube/Vimeo/video playback and retirement; native metafield image/video/rich formatting, chart/table 320/390/768/1280/1440px, no-JS/RTL/zoom/reduced motion. All prior queues remain; no live Shopify QA performed.","Individual source/schema/default/preset/consumer review in batch8-panels; 468 actual render/control/state combinations plus interaction fixtures. LiquidJS/JSDOM and explicit native filter/dialog adapters are not live Shopify/browser certification. Saved setting IDs retained, all 150 sections and settings_data untouched. B8-FINAL: formally closed for engineering; individual disposition and live queue retained. Final full-suite/native-parse/hash/protected-state evidence: validation/batch8-engineering-closure."
snippets,qtm-block-product-card,snippets/qtm-block-product-card.liquid,8 Theme Blocks,,,,blocks/content-product-carousel.liquid;blocks/content-product-grid.liquid;blocks/content-product-recommendations.liquid;blocks/product-complimentary-products.liquid;blocks/product-cross-sell-products.liquid;blocks/product-related-products.liquid;snippets/qtm-block-recently-viewed.liquid,N/A,SOURCE all caller/data/config consumers traced and tested,Actual dependent block defaults/presets/data-state fixtures PASS; no independent schema,"SOURCE/DOM all control endpoints, native grid/cards/minimal/compact/split/carousel modes, three breakpoint controls, bounded labels and actual configured-gap/RTL geometry arithmetic PASS; native pixels/zoom/scroll-snap remain queued","SOURCE/DOM useful no-JS links/native scroll, named regions/controls/targets, blank-label suppression, viewport-only keyboard handling, focus-preserving replacement and reduced motion PASS; native browser/AT/zoom/focus queued","Two-carousel RTL/native geometry and two actual product-form/metadata/commerce host compositions, exact fetched root/product, independent variant deltas, duplicate execution and dynamic insertion/removal/reorder PASS","Native wrapper owns editor metadata; honest selectable empty state and visibility/motion bypass; load/unload/reload, aborted/stale requests and observer/listener/RAF cleanup PASS; actual native editor queued",Unsuppressed CLI 4.8.0 evidence/comparison in batch8-product-merchandising; no scanner suppression; group errors checked explicitly,REQUIRES LIVE VERIFICATION,"Individually reviewed all three fixed native block callers and indirect schema consumers. Shared native selected-variant card output preserves caller class/settings contracts: escaped locale/recommendation tracking URLs, native money and actual compare-at sale state, named links, lazy responsive images with native alt, optional nonblank vendor/badge/button and missing-variant price suppression. No synthetic commercial data or duplicate purchase mechanism. B8 discovery supplies explicit product-price scope, optional missing-media omission and fixed slide classes; original merchandising callers retain their default selected-variant policy and markup. Native zero/minimum/range price, compare/badge matching, responsive native image/alt, no-image badge and safe link/title/button behavior covered in all new consumers; all original merchandising assertions pass. Optional final image-alt fallback parameter restores the legacy recently-viewed setting after native image alt/title; prior native card callers retain their behavior. Both recent aliases use explicit product-price range and missing-media policy. Full product discovery/merchandising regressions pass.","B8-PRODUCT-MERCHANDISING live queue after engineering batches: native complementary Search & Discovery/section/block/market context, locale tracking URLs, cap-10/manual/empty fallback; native variant/money/compare/image drops; browser no-JS/RTL scroll-snap, 320/390/768/1280/1440px grid/compact/split/long copy, keyboard/AT/reduced-motion/zoom; native editor insertion/select/reorder/load/unload and multiple product hosts/restoration. Upsell difference compares base unit prices before selling plans, quantity and cart discounts. All prior queues carry forward; no live Shopify QA performed.",Individual source/schema/default/preset/consumer review in batch8-product-merchandising. LiquidJS/JSDOM/native-filter/provider-response/geometry adapters are not Shopify/browser certification. All saved setting IDs and protected hosts/state preserved. Revalidation: batch8-product-discovery. Revalidation: batch8-recently-viewed. B8-FINAL: formally closed for engineering; individual disposition and live queue retained. Final full-suite/native-parse/hash/protected-state evidence: validation/batch8-engineering-closure.
snippets,qtm-block-product-media,snippets/qtm-block-product-media.liquid,8 Theme Blocks,,,,blocks/product-gallery.liquid;snippets/qtm-block-featured-product-gallery.liquid,N/A,SOURCE all caller/data/config consumers traced and tested,Actual dependent block defaults/presets/data-state fixtures PASS; no independent schema,"SOURCE/DOM all mode/select/checkbox/range endpoints, native scroll/snap and shrinking grid/slider cells, left/right/bottom/mobile thumbnail layout rules, masonry model/video frames, bounded long labels and dimensions PASS; declared horizontal geometry adapter tests scroll arithmetic only, actual pixels/scroll/snap/RTL/zoom queued","SOURCE/DOM native no-JS media/navigation fallbacks, named region/groups/controls/targets and decorative thumbnails, roving active media/inert state, focus before pane hiding, keyboard/RTL, manual-only status announcements, pause/resume and motion handling PASS; browser inert/native media/AT/focus/scroll behavior queued","Actual two-gallery compositions for all four modes and native product form/controller integration, selected/out-of-list records, different/ambiguous product events, independent media/timers, duplicate execution, dynamic insertion/removal/reorder PASS","Native outer wrapper owns metadata; empty/selectable guidance and visibility/motion bypass, selection stops autoplay, load/unload/reload/reorder and observer/timer/listener/media disposal PASS; native Theme Editor and actual model/provider initialization queued",Unsuppressed CLI 4.8.0 evidence/comparison in batch8-product-gallery; no scanner suppression; group errors checked explicitly,REQUIRES LIVE VERIFICATION,"Individually reviewed actual media caller and all four native types. Native responsive image dimensions/loading/alt, controlled non-autoplay Shopify video with merchant mute, native model-viewer with preview/source fallback, and named YouTube/Vimeo links plus inert native iframe templates. External media activates only after a user request; actual native IDs are URL encoded, no provider success is simulated. Selected image gets eager loading; other images/previews are lazy. Model runtime remains Shopify-native with a usable file/preview fallback when undefined. Unchanged source; actual Featured Product native image/video/external/model callers, alt/labels and fallback links exercised including deferred dynamic panel activation and player cleanup.","B8-PRODUCT-GALLERY live queue after engineering batches: actual native Shopify image/video/model filters and model-viewer runtime/preview fallback; YouTube/Vimeo activation/player retirement, native controls/audio/model interaction; browser scroll-snap/RTL/inert/focus and selected variant media, 320/390/768/1280/1440px thumbnail/order/masonry sizing and long labels, no-JS/AT/zoom/reduced motion; native Theme Editor insertion/select/reorder/load/unload and multi-product instances. All prior queues carry forward; no live Shopify QA performed.",Individual source/schema/default/preset/consumer review in batch8-product-gallery; 80 render/control/selected/empty/media combinations plus complete interaction/composition fixtures. LiquidJS/JSDOM/explicit media filters and horizontal geometry adapters are not Shopify/browser certification. Existing IDs/presets/media types and all protected hosts/settings_data preserved. Revalidation: batch8-featured-product. B8-FINAL: formally closed for engineering; individual disposition and live queue retained. Final full-suite/native-parse/hash/protected-state evidence: validation/batch8-engineering-closure.
snippets,qtm-block-recently-viewed,snippets/qtm-block-recently-viewed.liquid,8 Theme Blocks,snippets/qtm-block-product-card.liquid,,,blocks/content-collection-grid.liquid;blocks/content-recently-viewed-products.liquid,N/A,SOURCE all caller/data/config consumers traced and tested,Actual dependent block defaults/presets/data-state fixtures PASS; no independent schema,"SOURCE/DOM all layouts/columns/widths/range endpoints, native images, bounded nested padding and container columns, controlled native carousel overflow PASS; actual 320–1440px/RTL/zoom pixels queued","SOURCE/DOM complete escaped native links/image alt, guarded labels and correct aria-controls, truthful inert/no-JS/empty states, focus-preserving replacement, reduced-motion and nested-key scroll ownership PASS; real keyboard/AT queued","Separate actual aliases and custom storage keys, case/underscore IDs, one native editor wrapper, exact response root/section/handle/product ownership and independent LTR/RTL controls PASS","Editor guidance and visibility/motion bypass without shopper-history reads/writes/fetches PASS; singleton duplicate execution, section unload/load and mutation insertion/reorder/removal with request abort PASS; actual Theme Editor queued",Unsuppressed CLI 4.8.0 evidence/comparison in batch8-recently-viewed; no scanner suppression; group errors checked explicitly,REQUIRES LIVE VERIFICATION,"Actual two alias callers and all 58 settings traced, including nested native card helper consumers. Produces one raw-ID owner with locale root/section/native product context, inert server-native card template, guarded native header/empty/editor content and progressively enhanced scroll controls. Reuses existing native card styling/control contracts; no duplicate snapshot renderer or product-price formatter. Bounds widths/padding/nested columns, preserves native alt and meaningful links, bypasses editor hiding/entry motion. No storefront sample product/recommendation or stale-price fallback.","B8-RECENTLY-VIEWED live queue after engineering batches: actual Shopify section rendering for each owning builder/template and product context (missing/mismatched owner responses intentionally stay empty), current localized prices/images/product availability, real browser history/storage restrictions, 320–1440px/RTL/zoom/nested layouts, actual scroll/focus/keyboard/AT and Theme Editor lifecycle. Native-filter/response/DOM/geometry adapters are not acceptance. No live Shopify QA; prior queues carry forward.",Individual schema/default/preset/source/consumer review in batch8-recently-viewed. Historical collection-grid alias behavior preserved; all original saved setting IDs/types/options retained. Native section/filter/response and DOM/geometry adapters are not live acceptance. B8-FINAL: formally closed for engineering; individual disposition and live queue retained. Final full-suite/native-parse/hash/protected-state evidence: validation/batch8-engineering-closure.
snippets,qtm-content-block-wrapper-end,snippets/qtm-content-block-wrapper-end.liquid,8 Theme Blocks,,,,,N/A,N/A — no settings or active consumers; source reviewed,N/A — no schema/presets; complete active-wrapper presets validated,N/A — no output,N/A — no output,N/A — no output,N/A — no output,"CLI 4.8.0 exits 1: 500 findings (3 errors/497 warnings), two paired-wrapper errors repaired; zero errors in this 16-entry group; unsuppressed evidence batch8-primitives",RETAINED — DORMANT SOURCE REVIEWED,Retained comment-only legacy path after the paired fragment defect was repaired in the complete wrapper. No active render consumers; no component file or merchant feature deleted.,None for this comment-only dormant path; removal is not authorized.,"Individual source/full-schema/preset/consumer review in validation/batch8-primitives; 899 actual default/preset/control renders plus targeted regressions. Shopify wrapper/image fixtures and CSS/DOM/observer adapters are not live certification. No Batch 9, brand-preset or host approval inferred. B8-FINAL: formally closed for engineering; individual disposition and live queue retained. Final full-suite/native-parse/hash/protected-state evidence: validation/batch8-engineering-closure."
snippets,qtm-content-block-wrapper-start,snippets/qtm-content-block-wrapper-start.liquid,8 Theme Blocks,,,,blocks/content-alert.liquid;blocks/content-badge.liquid;blocks/content-button-group.liquid;blocks/content-button.liquid;blocks/content-code.liquid;blocks/content-divider.liquid;blocks/content-heading.liquid;blocks/content-icon-list.liquid;blocks/content-icon.liquid;blocks/content-quote.liquid;blocks/content-rich-text.liquid;blocks/content-spacer.liquid,N/A,SOURCE all consumers traced; actual 12 primitive block setting/schema/DOM contracts PASS,36 actual primitive presets plus defaults exercise this dependency; no brand-family rollout,"SOURCE bounded widths, shrink/wrap, breakpoint/zero controls and CSS/DOM selector checks PASS; actual pixels/RTL/zoom remain queued","SOURCE/DOM headings/labels/native links/focus-visible, decorative/media naming and progressive reduced-motion reviewed; actual keyboard/AT/contrast queued","Two actual instances per block, native outer IDs, shared singleton engine/independent observed targets PASS",Native wrapper metadata + insertion/selection/unload/reload/reorder/root/late/dynamic lifecycle fixtures PASS; actual editor queued,"CLI 4.8.0 exits 1: 500 findings (3 errors/497 warnings), two paired-wrapper errors repaired; zero errors in this 16-entry group; unsuppressed evidence batch8-primitives",REQUIRES LIVE VERIFICATION,"Replaced unbalanced paired fragment with a complete wrapper around captured content; custom width value, false visibility/editor access and native outer metadata ownership reconciled; 12 consumers migrated.","B8-PRIMITIVES after engineering batches: actual Shopify block default/preset insertion, real outer wrapper/editor load/unload/reorder/selection; 320/390/768/1280/1440px, long text, RTL/zoom/no-JS/reduced motion/keyboard/AT/theme contrast. Native image and custom Liquid evaluation; real merchant URLs/code/providers remain live responsibilities.","Individual source/full-schema/preset/consumer review in validation/batch8-primitives; 899 actual default/preset/control renders plus targeted regressions. Shopify wrapper/image fixtures and CSS/DOM/observer adapters are not live certification. No Batch 9, brand-preset or host approval inferred. B8-FINAL: formally closed for engineering; individual disposition and live queue retained. Final full-suite/native-parse/hash/protected-state evidence: validation/batch8-engineering-closure."
snippets,qtm-product-block-data,snippets/qtm-product-block-data.liquid,8 Theme Blocks,snippets/qtm-product-block-variant.liquid,,,blocks/content-featured-product.liquid;blocks/product-add-to-cart.liquid;blocks/product-bundle-builder.liquid;blocks/product-dynamic-checkout.liquid;blocks/product-form.liquid;blocks/product-frequently-bought-together.liquid;blocks/product-price.liquid;blocks/product-quantity-selector.liquid;blocks/product-sticky-add-to-cart.liquid;blocks/product-variant-picker.liquid,N/A,SOURCE all typed data/config/control consumers and dependent block states traced/tested,Seven actual block defaults and 21 presets exercise these helpers; no independent schema,"SOURCE shrinking grids, long labels, bounded controls, native sticky wrapper/offset, breakpoint visibility and range extremes PASS; actual pixels/sticky ancestry/native wallet geometry queued","SOURCE/DOM native labeled forms, direct fieldset legends/toggle semantics, visible errors/focus, progressive variants, disabled invalid payments/quantity and reduced motion reviewed; real keyboard/AT/Shopify checkout queued","Actual eight-block product composition in two same-product hosts, one authoritative ID/quantity/plan per form, no cross-host state/cart status or duplicate requests PASS","Native outer metadata/visibility; guarded duplicate/initial/dynamic boot, host unload/reload/reorder/removal and source selection state fixtures PASS; actual editor insertion and native wallets queued",Unsuppressed CLI 4.8.0 evidence/comparison in batch8-product-purchase; zero group errors; new helper orphan diagnostics retained with explicit active consumers,REQUIRES LIVE VERIFICATION,"Explicit escaped JSON array includes the selected native variant even when outside the enumerated list, then other variants without duplicates; no raw complete-product JSON. Seven actual block render consumers. Forwards optional caller image width into the existing explicit selected-plus-enumerated native variant data; selected variant outside enumeration and script-safe JSON contract retained. Unchanged source; Featured Product retains selected native variant outside enumeration and native quantity/selling-plan allocations in canonical state JSON. Actual purchase controller payload/price/availability fixtures pass.","B8-PRODUCT-PURCHASE after engineering batches: native form/accelerated checkout/cart routes, selling-plan eligibility/allocations, market/currency/unit/tax presentation, native option/swatch drops and high-variant catalogs; out-of-list explicit selection preserved, full native enumeration/platform navigation needs live coverage. Actual stock/quantity/plan transitions, duplicate builder hosts, sticky ancestors/editor lifecycle, 320/390/768/1280/1440px, long labels/RTL/zoom/keyboard/AT/no-JS/reduced motion. Real mutation/checkout/provider behavior remains untested live.",Individual schemas/presets/consumers and actual composition evidence in batch8-product-purchase; 375 control/default/preset renders plus targeted purchase/request/lifecycle assertions. Platform/form/payment/money/media adapters do not certify Shopify checkout. Inventory Status copy defect is identified but remains NOT REVIEWED for its separate stock/trust review. Revalidation: batch8-product-bundles. Revalidation: batch8-featured-product. B8-FINAL: formally closed for engineering; individual disposition and live queue retained. Final full-suite/native-parse/hash/protected-state evidence: validation/batch8-engineering-closure.
snippets,qtm-product-block-variant,snippets/qtm-product-block-variant.liquid,8 Theme Blocks,,,,snippets/qtm-block-bundle-item.liquid;snippets/qtm-product-block-data.liquid,N/A,SOURCE all typed data/config/control consumers and dependent block states traced/tested,Seven actual block defaults and 21 presets exercise these helpers; no independent schema,"SOURCE shrinking grids, long labels, bounded controls, native sticky wrapper/offset, breakpoint visibility and range extremes PASS; actual pixels/sticky ancestry/native wallet geometry queued","SOURCE/DOM native labeled forms, direct fieldset legends/toggle semantics, visible errors/focus, progressive variants, disabled invalid payments/quantity and reduced motion reviewed; real keyboard/AT/Shopify checkout queued","Actual eight-block product composition in two same-product hosts, one authoritative ID/quantity/plan per form, no cross-host state/cart status or duplicate requests PASS","Native outer metadata/visibility; guarded duplicate/initial/dynamic boot, host unload/reload/reorder/removal and source selection state fixtures PASS; actual editor insertion and native wallets queued",Unsuppressed CLI 4.8.0 evidence/comparison in batch8-product-purchase; zero group errors; new helper orphan diagnostics retained with explicit active consumers,REQUIRES LIVE VERIFICATION,"Typed native variant record contains exact ID/options/availability, presentment-money strings, savings/unit data, quantity rules, allocations and image/media identity; shared caller escapes complete JSON against script closing. One active serializer consumer and seven transitive block consumers. B8 bundle caller needs actual allocation name and optional native image width. Added typed native name and caller image width with original 180 default; existing purchase/gallery/metadata suites retain previous contracts.","B8-PRODUCT-PURCHASE after engineering batches: native form/accelerated checkout/cart routes, selling-plan eligibility/allocations, market/currency/unit/tax presentation, native option/swatch drops and high-variant catalogs; out-of-list explicit selection preserved, full native enumeration/platform navigation needs live coverage. Actual stock/quantity/plan transitions, duplicate builder hosts, sticky ancestors/editor lifecycle, 320/390/768/1280/1440px, long labels/RTL/zoom/keyboard/AT/no-JS/reduced motion. Real mutation/checkout/provider behavior remains untested live.",Individual schemas/presets/consumers and actual composition evidence in batch8-product-purchase; 375 control/default/preset renders plus targeted purchase/request/lifecycle assertions. Platform/form/payment/money/media adapters do not certify Shopify checkout. Inventory Status copy defect is identified but remains NOT REVIEWED for its separate stock/trust review. Revalidation: batch8-product-bundles. B8-FINAL: formally closed for engineering; individual disposition and live queue retained. Final full-suite/native-parse/hash/protected-state evidence: validation/batch8-engineering-closure.
snippets,qtm-product-information-value,snippets/qtm-product-information-value.liquid,8 Theme Blocks,,,,blocks/product-inventory-status.liquid;blocks/product-specifications.liquid,N/A,SOURCE all caller/data/config consumers traced and tested,Actual dependent block defaults/presets/data-state fixtures PASS; no independent schema,"SOURCE min-width/box sizing, independent image/icon sizes, grid counts, long text, bounded payments, table scrolling/responsive highlights and outer-wrapper breakpoint visibility PASS; real pixels/RTL/zoom queued","SOURCE/DOM escaped plain text, actual rich text, native details/definition lists/table row headers, named scroll region and icon-only payment badges, status updates, native editor metadata and reduced motion PASS; actual keyboard/AT queued","Actual stock/specifications/form/picker compositions in two same-product hosts plus mixed-product native controls, null selection, scoped/ambiguous legacy events and selected out-of-list records PASS","Native outer metadata only; design-mode visibility, duplicate/dynamic boot, unload/reload/reorder and late insertion through existing metadata/commerce controllers PASS; actual editor behavior queued",Unsuppressed CLI 4.8.0 evidence/comparison in batch8-product-information; no scanner suppression; group errors checked explicitly,REQUIRES LIVE VERIFICATION,"One shared typed native text formatter for SKU/options/weight/availability and inventory policy/count states, used by initial markup and JSON records in both information blocks. Callers escape text/attribute JSON; selected native record is serialized even outside enumeration. No raw full-product JSON, guessed inventory counts or client weight conversion.","B8-PRODUCT-INFORMATION live queue after engineering batches: real native inventory across tracked/untracked/backorder/sold-out and high-variant products; market/currency payment-provider exposure and checkout eligibility; actual configured policy URLs, native weight/options/image alt; saved/default/preset extremes, 320/390/768/1280/1440px, long copy, RTL/zoom/keyboard/AT/no-JS/reduced motion, duplicate product builders and actual editor insertion/reload. All earlier queues carry forward; offline fixtures do not certify Shopify execution.",Individual source/settings/preset/consumer review in batch8-product-information; 553 actual default/preset/control/state renders plus real composed purchase/lifecycle assertions. Five static blocks have no inline JS or simulated commerce actions; only inventory and variant specifications use reviewed metadata events. Shopify/native inventory/provider/media/weight and rendered geometry remain live gates. B8-FINAL: formally closed for engineering; individual disposition and live queue retained. Final full-suite/native-parse/hash/protected-state evidence: validation/batch8-engineering-closure.
snippets,search-controller,snippets/search-controller.liquid,1 Global / Structural,,,,,N/A,SOURCE/ACTUAL LIQUID FIXTURE PASS,N/A — reviewed through consumer,N/A — dormant data-only hook,N/A — dormant data-only hook,N/A — dormant global data hook,NOT ACTIVATED; future host review required,CLI 4.8.0 BASELINE COMPARED; retained orphan diagnostic,RETAINED — DORMANT SOURCE REVIEWED,"Correct schema-backed mode/master switch, explicit false source flags and bounded per-source limit/default settings without activating the legacy hook",No active storefront host. Review all future consumers before activation.,No render/include consumer or reader of QTM_SEARCH/searchMode found outside this file. Retained compatibility source; four mode/master cases fixture-tested. No deletion or future activation approval.
snippets,search-form-predictive,snippets/search-form-predictive.liquid,1 Global / Structural,snippets/search-form-static.liquid;snippets/search-source-types.liquid,,,sections/header-five.liquid;snippets/predictive-search.liquid;snippets/search-popup.liquid,N/A,SOURCE/ACTUAL LIQUID REVIEWED; live pending after Batch 9,N/A — reviewed through consumer,SOURCE ONLY; live pending after Batch 9,LIQUID/DOM REVIEWED; keyboard/screen reader live pending,ACTUAL LIQUID/DOM FIXTURE PASS,SOURCE/HOST FIXTURE PASS; real editor pending,CLI 4.8.0 BASELINE COMPARED; retained diagnostics documented,REQUIRES LIVE VERIFICATION,No source change; preserved existing behavior; Batch 3 shared search contract repairs,"B3-SEARCH plus original B1 queue, scheduled after Batches 4–9: actual requests/counts/pagination, all settings, five viewports, keyboard/screen reader, no-JS, multiple hosts and editor lifecycle.","Source limits, display toggles, all four panel styles and three product layouts wired; explicit false/zero settings retained. Master-off static fallback; collection-only suggestions and no-JS guidance. Actual Liquid/DOM host fixtures, not live acceptance."
snippets,search-form-static,snippets/search-form-static.liquid,1 Global / Structural,snippets/search-source-types.liquid,,,sections/header-five.liquid;sections/header-one.liquid;snippets/header-marketplace-category-drawer.liquid;snippets/header-two-mobile-menu.liquid;snippets/header-two-search.liquid;snippets/search-form-predictive.liquid;snippets/search-popup.liquid,N/A,SOURCE/ACTUAL LIQUID REVIEWED; live pending after Batch 9,N/A — reviewed through consumer,SOURCE ONLY; live pending after Batch 9,LIQUID/DOM REVIEWED; keyboard/screen reader live pending,ACTUAL LIQUID/DOM FIXTURE PASS,SOURCE/HOST FIXTURE PASS; real editor pending,CLI 4.8.0 BASELINE COMPARED; retained diagnostics documented,REQUIRES LIVE VERIFICATION,No source change; preserved existing behavior; Batch 3 shared search contract repairs,"B3-SEARCH plus original B1 queue, scheduled after Batches 4–9: actual requests/counts/pagination, all settings, five viewports, keyboard/screen reader, no-JS, multiple hosts and editor lifecycle.","Localized typed native requests, safe labels/attributes and no query submission when all supported sources are disabled. Header and popup consumers retained."
snippets,search-popup,snippets/search-popup.liquid,1 Global / Structural,snippets/search-form-predictive.liquid;snippets/search-form-static.liquid,,,layout/theme.liquid,N/A,SOURCE/ACTUAL LIQUID REVIEWED; live pending after Batch 9,N/A — reviewed through consumer,SOURCE ONLY; live pending after Batch 9,LIQUID/DOM REVIEWED; keyboard/screen reader live pending,ACTUAL LIQUID/DOM FIXTURE PASS,SOURCE/HOST FIXTURE PASS; real editor pending,CLI 4.8.0 BASELINE COMPARED; retained diagnostics documented,REQUIRES LIVE VERIFICATION,Batch 1 local hardening; see engineering report; Batch 3 shared search contract repairs,"B3-SEARCH plus original B1 queue, scheduled after Batches 4–9: actual requests/counts/pagination, all settings, five viewports, keyboard/screen reader, no-JS, multiple hosts and editor lifecycle.",Existing popup static/predictive choice and master switch now honored; shared typed forms and escaped owned text retained.
snippets,search-source-types,snippets/search-source-types.liquid,1 Global / Structural,,,,sections/header-two.liquid;sections/main-search.liquid;snippets/search-form-predictive.liquid;snippets/search-form-static.liquid,N/A,SOURCE/ACTUAL LIQUID REVIEWED; live pending after Batch 9,N/A,SOURCE ONLY; live pending after Batch 9,LIQUID/DOM REVIEWED; keyboard/screen reader live pending,ACTUAL LIQUID/DOM FIXTURE PASS,SOURCE/HOST FIXTURE PASS; real editor pending,CLI 4.8.0 BASELINE COMPARED; retained diagnostics documented,REQUIRES LIVE VERIFICATION,Batch 3 shared search contract repairs,"B3-SEARCH plus original B1 queue, scheduled after Batches 4–9: actual requests/counts/pagination, all settings, five viewports, keyboard/screen reader, no-JS, multiple hosts and editor lifecycle.",One reusable mapping for supported full-search request types; all 16 source combinations exercised by the shared forms. Collections remain predictive-only.
snippets,section-collection-modern-facets,snippets/section-collection-modern-facets.liquid,3 Collection / Discovery,snippets/collection-modern-facets.liquid,,,,N/A,RETAINED CONTRACT SOURCE REVIEWED; no active host,N/A — dormant compatibility source,SCOPED SOURCE CSS reviewed; future host acceptance required,NATIVE CONTRACT/DOM fixture reviewed; future host acceptance required,Scoped IDs/native forms/disposable controller contract reviewed; no active host,Dormant controller unload/reload fixture; no activation approval,CLI 4.8.0 compared in batch3-closure-batch4-card; existing debt retained,RETAINED — DORMANT SOURCE REVIEWED,Native localized filter/sort/cart contracts; correct price units and result counts; scoped IDs/form ownership; source settings and card media/variant/subscription behavior; disposable pagination/drawer/quick-view controls.,No active root loader found. Future host activation requires full settings/visual/editor/commerce acceptance; retained architecture is not runtime certification.,"Literal and dynamic dependency trace: legacy JS can request protected Quick View and load the shared controller, but has no active repository loader. Simple host is excluded from legacy JS/CSS. Compatibility sources retained. No deletion or activation authorized."
snippets,section-collection-modern-sort,snippets/section-collection-modern-sort.liquid,3 Collection / Discovery,snippets/collection-modern-sort.liquid,,,,N/A,RETAINED CONTRACT SOURCE REVIEWED; no active host,N/A — dormant compatibility source,SCOPED SOURCE CSS reviewed; future host acceptance required,NATIVE CONTRACT/DOM fixture reviewed; future host acceptance required,Scoped IDs/native forms/disposable controller contract reviewed; no active host,Dormant controller unload/reload fixture; no activation approval,CLI 4.8.0 compared in batch3-closure-batch4-card; existing debt retained,RETAINED — DORMANT SOURCE REVIEWED,Native localized filter/sort/cart contracts; correct price units and result counts; scoped IDs/form ownership; source settings and card media/variant/subscription behavior; disposable pagination/drawer/quick-view controls.,No active root loader found. Future host activation requires full settings/visual/editor/commerce acceptance; retained architecture is not runtime certification.,"Literal and dynamic dependency trace: legacy JS can request protected Quick View and load the shared controller, but has no active repository loader. Simple host is excluded from legacy JS/CSS. Compatibility sources retained. No deletion or activation authorized."
snippets,section-collection-modern-utils,snippets/section-collection-modern-utils.liquid,3 Collection / Discovery,,,,sections/main-collection-simple.liquid;snippets/collection-modern-active-filters.liquid,N/A,SOURCE/ACTUAL LIQUID CONTRACT REVIEWED; live pending,N/A — reviewed through consumer,SOURCE CSS/bounds/reduced-motion reviewed; live pending,SOURCE/DOM native links/forms/focus reviewed; live pending,ACTUAL LIQUID/DOM fixture pass; live pending,Controller unload/reload and source attributes reviewed; actual editor pending,CLI 4.8.0 compared in batch3-closure-batch4-card; existing debt retained,REQUIRES LIVE VERIFICATION,Native localized filter/sort/cart contracts; correct price units and result counts; scoped IDs/form ownership; source settings and card media/variant/subscription behavior; disposable pagination/drawer/quick-view controls.,"B3-COLLECTION/B3-SEARCH/B4-CARD: after Batches 4–9; all settings/presets, five viewports, real data/currency/cart, keyboard/screen reader, no JS/reduced motion, multiple instances and actual editor lifecycle.",Source/fixture acceptance only. Live Shopify/browser acceptance remains queued. Other consumers retain individual host review in their assigned batches.
snippets,section-empty-state,snippets/section-empty-state.liquid,5 Content / Interactive,,,,sections/basic-content-helper-code-embed.liquid;sections/basic-content-helper-column-builder.liquid;sections/basic-content-helper-grid-builder.liquid;sections/basic-content-helper-text-centered-full-width.liquid;sections/featured-content-testimonial-highlight.liquid;sections/interactive-content-helper-3d-tour-media-showcase.liquid;sections/interactive-content-helper-cards.liquid;sections/interactive-content-helper-carousel-media-logos.liquid;sections/interactive-content-helper-carousel-testimonials.liquid;sections/interactive-content-helper-location-info-panels.liquid;sections/interactive-content-helper-media-gallery.liquid;sections/interactive-content-helper-portfolio-grid.liquid;sections/interactive-content-helper-service-process-steps.liquid;sections/interactive-content-helper-services-list-grid.liquid;sections/interactive-content-helper-stats-strip.liquid;sections/interactive-content-helper-story-timeline.liquid;sections/interactive-content-helper-tabs-accordion.liquid;sections/interactive-content-helper-team-members-grid.liquid;sections/interactive-content-helper-text-carousel.liquid;sections/interactive-content-helper-toc-page-nav.liquid;sections/slideshow-banner.liquid;sections/web3-hero-banner.liquid,N/A,"SOURCE/actual Liquid settings, select options and range endpoints reviewed; live matrix queued",HOST PRESET FIXTURES; no standalone preset,SOURCE CSS geometry/bounds/long-text review; browser pending,"SOURCE/Liquid/DOM focus, pause, keyboard and semantic repairs; actual assistive technology pending",Actual three-host fixture PASS; explicit controller ownership,DOM duplicate boot/block select/unload/reload PASS where applicable; actual editor pending,"CLI 4.8.0 evidence: exit 1, 639 diagnostics; existing debt retained",REQUIRES LIVE VERIFICATION,Existing small helper reviewed without production edit. Actual host fixtures exercise escaped editor guidance and section-ID-scoped storefront hiding for empty content. No general approval of its other consumer hosts.,"B5-CAROUSELS after Batch 9: Each host/preset/settings separately at 1440/1280/768/390/320px; real media providers/embeds, native scroll/RTL, keyboard/screen readers/contrast, reduced motion, new and saved blocks, multiple instances and real editor insertion/reordering/unload/reload.",tests/phase4/content-carousels.cjs plus complete Phase 3/4 suites. Explicit Liquid/DOM/geometry/media adapters; no live browser/Shopify certification. Other gallery/text-carousel hosts remain NOT REVIEWED. B5-FINAL engineering closure 2026-09-21; accumulated live acceptance remains queued after Batch 9.
snippets,social-media-youtube-id,snippets/social-media-youtube-id.liquid,7 Social / Third Party / Utilities,,,,sections/social-media-short-video-rail.liquid;sections/social-media-youtube-grid.liquid,N/A,Independent source + 253 actual social gallery settings/native media/link/provider/edge/lifecycle cases PASS,Neutral manual presets; blank/disabled/future-feed/editor cases PASS,"SOURCE scoped native tokens, bounded grids/rails/native dialog/embeds and zero controls; browser pending","Native links/images/alt/labels, inertness/focus and native dialog lifecycle/keyboard fallback PASS; AT pending","Actual opposing settings, scoped CSS, YouTube duplicate boot/unload/reload and player disposal PASS",Blank-block guidance and provider boundaries; disposable lifecycle; real editor pending,"Unmodified CLI 4.8.0 exit 1; batch7-social-galleries evidence; native parser PASS B7-FINAL full CLI 4.8.0 exits 1: 499 total (5 errors/494 warnings), 0 errors/18 retained warnings in Family 7; unsuppressed.",REQUIRES LIVE VERIFICATION,"Native manual gallery/link/image and configured embed hardening, neutral defaults, honest future-feed boundaries, scoped theme tokens/layout/ratio/empty/accessible states. Added strict recognized YouTube URL helper and native-dialog controller; preserved native watch links and exact merchant embed HTML.","B7-SOCIAL-GALLERIES after Batch 9: saved media/layout/alt/copy/source modes, native provider embeds/playback/titles/consent/restrictions and Facebook configuration; captions/focus/real modal trapping/close/no-JS, responsive/RTL/zoom/contrast/AT, mixed instances and real editor lifecycle. No feed authorization/synchronization is implemented.","253 actual Liquid/DOM/CSS/video/dialog adapter cases; not provider, Shopify, pixel or AT certification. Existing icon-social dependency remains live queued and unchanged. B7-FINAL engineering closure 2026-09-22: all 75 family entries reconciled; final evidence validation/batch7-engineering-closure. Existing live queues remain after Batch 9."
snippets,standout-banner-panel,snippets/standout-banner-panel.liquid,2 Hero / Banner / CTA,,,,sections/standout-hero-banner.liquid,N/A,SOURCE REVIEWED; live pending,N/A,SOURCE ONLY; live pending,SOURCE/DOM REVIEWED; live pending,ACTUAL LIQUID/DOM FIXTURE PASS,LIFECYCLE FIXTURE PASS; live pending,REVIEWED; no new diagnostics; existing debt retained,REQUIRES LIVE VERIFICATION,Mobile/desktop position CSS properties; image dimensions/mobile-only fallback; deferred media; valid CTA destinations.,B2-SPLIT-STANDOUT-TRANSPARENT: 1440/1280/768/390/320px; all layouts/settings; real editor/media; keyboard/screen reader; header overlap and touch scrolling.,Source and mock DOM verification only. See validation/split-standout-transparent. No Shopify runtime acceptance.
snippets,testimonial-card,snippets/testimonial-card.liquid,5 Content / Interactive,,,,sections/featured-content-testimonial-highlight.liquid;sections/interactive-content-helper-carousel-testimonials.liquid,N/A,"SOURCE/actual Liquid settings, select options and range endpoints reviewed; live matrix queued",HOST PRESET FIXTURES; no standalone preset,SOURCE CSS geometry/bounds/long-text review; browser pending,"SOURCE/Liquid/DOM focus, pause, keyboard and semantic repairs; actual assistive technology pending",Actual three-host fixture PASS; explicit controller ownership,DOM duplicate boot/block select/unload/reload PASS where applicable; actual editor pending,"CLI 4.8.0 evidence: exit 1, 639 diagnostics; existing debt retained",REQUIRES LIVE VERIFICATION,"Shared card tested through both actual hosts: explicit rich-text quote opt-in versus escaped textarea; valid quote markup; bounded rating, source badge without assumed verification, native preview_image and intrinsic dimensions. Native product destinations/prices retained. Scoped wrapping, zero figure margin and keyboard focus.","B5-CAROUSELS after Batch 9: Each host/preset/settings separately at 1440/1280/768/390/320px; real media providers/embeds, native scroll/RTL, keyboard/screen readers/contrast, reduced motion, new and saved blocks, multiple instances and real editor insertion/reordering/unload/reload.",tests/phase4/content-carousels.cjs plus complete Phase 3/4 suites. Explicit Liquid/DOM/geometry/media adapters; no live browser/Shopify certification. Other gallery/text-carousel hosts remain NOT REVIEWED. B5-FINAL engineering closure 2026-09-21; accumulated live acceptance remains queued after Batch 9.
snippets,theme-tokens,snippets/theme-tokens.liquid,9 Snippet / Asset Closure,,,,snippets/global-theme-vars.liquid,N/A,SOURCE REVIEWED; inputs/settings/consumer contracts individually documented in B9-C,N/A — no own schema; active settings default/min/max and consumer expressions rendered,SOURCE REVIEWED; head token sizing/container order and dormant media contracts recorded; actual geometry queued,SOURCE REVIEWED; token/label/motion/ID constraints individually recorded; no native AT certification,Stateless isolated Liquid rendering; shared global tokens intentionally one head owner,No JS/listeners; current layout/render consumers own editor refresh; native acceptance queued,Strict native parser PASS; existing unsuppressed baseline retained; final full comparison required,REQUIRES LIVE VERIFICATION,Connect existing global stylesheet qtm variables to canonical schema-backed tokens without settings/schema/delivery changes.,"B9-SHARED: native Shopify colors/fonts, chosen merchant values, default/min/max/zero and dark attribute, main/password layout cascade, long content/320–1440px/RTL/zoom and final foreground-background contrast; all existing consumer queues retained.",B9-C: docs/phase4/validation/batch9-c-shared-helpers/. All direct/transitive consumers and build/dynamic references recorded; no automatic deletions. Liquid/CSS/color adapters are not live certification. B9-FINAL: formally dispositioned for engineering; retained/live/owner-review limitations unchanged. Closure evidence: validation/batch9-engineering-closure/.
snippets,tw-safelist-banners,snippets/tw-safelist-banners.liquid,2 Hero / Banner / CTA,,,,sections/grid-banner.liquid,N/A,N/A,N/A,Generated grid-span classes verified after CSS build,No storefront markup emitted,No storefront markup emitted,N/A,CLI 4.8.0 evidence retained,REVIEWED — BUILD ONLY,"Wrapped safelist markup in a Liquid comment: Tailwind still scans source classes, Grid Banner render emits nothing.",No standalone live view; affected banner hosts retain their responsive acceptance queues.,Build dependency confirmed in Tailwind content globs; generated dynamic grid spans verified. Not a visible component.
snippets,utilities,snippets/utilities.liquid,9 Snippet / Asset Closure,,,,snippets/global-theme-vars.liquid,N/A,SOURCE REVIEWED; inputs/settings/consumer contracts individually documented in B9-C,N/A — no own schema; active settings default/min/max and consumer expressions rendered,SOURCE REVIEWED; head token sizing/container order and dormant media contracts recorded; actual geometry queued,SOURCE REVIEWED; token/label/motion/ID constraints individually recorded; no native AT certification,Stateless isolated Liquid rendering; shared global tokens intentionally one head owner,No JS/listeners; current layout/render consumers own editor refresh; native acceptance queued,Strict native parser PASS; existing unsuppressed baseline retained; final full comparison required,REQUIRES LIVE VERIFICATION,"No source change; canonical tokens, breakpoint, duplicate heading declarations and later stylesheet ownership traced.","B9-SHARED: native Shopify colors/fonts, chosen merchant values, default/min/max/zero and dark attribute, main/password layout cascade, long content/320–1440px/RTL/zoom and final foreground-background contrast; all existing consumer queues retained.",B9-C: docs/phase4/validation/batch9-c-shared-helpers/. All direct/transitive consumers and build/dynamic references recorded; no automatic deletions. Liquid/CSS/color adapters are not live certification. B9-FINAL: formally dispositioned for engineering; retained/live/owner-review limitations unchanged. Closure evidence: validation/batch9-engineering-closure/.
snippets,utility-404,snippets/utility-404.liquid,5 Content / Interactive,,,,,N/A,REVIEWED; own source/settings fixture,N/A,ISOLATED SOURCE; future host acceptance,SOURCE/DOM; native fallback/focus/content,SCOPED DEPENDENCY FIXTURE PASS,DORMANT; no activation approval,CLI 4.8.0 unchanged 636 diagnostics; existing debt retained,RETAINED — DORMANT SOURCE REVIEWED,"Dormant helper: escaped content, native localized default link and independent identity; no active consumer or activation added.",Future activation requires individual host acceptance; retained inactive.,Actual source fixture; no browser/Shopify certification. No merchant-state rewrite. No repository render consumer. B5-FINAL engineering closure 2026-09-21; accumulated live acceptance remains queued after Batch 9.
assets,3rd-party-order-tracking,assets/3rd-party-order-tracking.js,7 Social / Third Party / Utilities,,,,sections/3rd-party-order-tracking.liquid,N/A,SOURCE + 123 actual independent tracking/region setting/data/routing cases PASS,N/A; host exercised,SOURCE bounded containers/inputs/layouts/text and zero-radius guards; browser/RTL pending,"SOURCE/DOM native labels/links/errors, keyboard focus and unavailable states; AT pending","ACTUAL separate roots, encoded URLs, duplicate asset boot, unload/reload PASS",SCOPED load/unload/reload and configuration/empty guidance PASS; real editor pending,"CLI 4.8.0 exits 1; full unsuppressed evidence in batch7-tracking-regions; native parse PASS B7-FINAL full CLI 4.8.0 exits 1: 499 total (5 errors/494 warnings), 0 errors/18 retained warnings in Family 7; unsuppressed.",REQUIRES LIVE VERIFICATION,"Independently reviewed extracted controller: HTTPS/store-relative URL validation, exact placeholder encoding, query/fragment preservation, configured fallback, native validation/focus, noopener navigation, duplicate boot protection and scoped editor disposal/reload.","B7-TRACKING-REGIONS after Batch 9: configured real help/provider destinations and popup/browser navigation; native Markets country and published metaobject fields, product/cart messaging and checkout truthfulness; all settings, icons, theme/custom contrast, responsive/RTL/zoom/no-JS/keyboard/AT and editor lifecycle. Theme does not retrieve status or enforce shipping eligibility.",123 source/Liquid/DOM/URL cases. q-icon is an existing Batch 5 live-queued dependency; its actual Lucide symbol IDs were checked for default status icons. General sprite closure remains Batch 9. Native Shopify/image/URL/navigation fixtures are explicit adapters; not provider/browser certification. B7-FINAL engineering closure 2026-09-22: all 75 family entries reconciled; final evidence validation/batch7-engineering-closure. Existing live queues remain after Batch 9.
assets,3rd-party-partner-logos,assets/3rd-party-partner-logos.js,7 Social / Third Party / Utilities,,,,blocks/content-marquee.liquid;blocks/content-scrolling-text.liquid;sections/3rd-party-dropshipping-logo-carousel.liquid,N/A,SOURCE + ACTUAL independent settings/empty/consumer fixtures PASS,N/A; actual consumers exercised,"SOURCE bounded layouts, long text and logical alignment; browser pixels/RTL pending","SOURCE/DOM native lists/links, hidden inert noninteractive clones, native scroll focus, explicit stop and mandatory system reduced-motion pause; AT pending","ACTUAL two-instance motion independence, duplicate boot/load, visibility/focus/motion/resize and unload/reload PASS",ACTUAL static editor initialization and scoped cleanup/reload PASS; native block metadata and empty block guidance retained; real editor pending,"CLI 4.8.0 exits 1: 508 diagnostics (7 errors/501 warnings), unchanged; native Liquid parse PASS B7-FINAL full CLI 4.8.0 exits 1: 499 total (5 errors/494 warnings), 0 errors/18 retained warnings in Family 7; unsuppressed.",REQUIRES LIVE VERIFICATION,"Independently reviewed new scoped controller: functional strip interval and measured marquee distance; explicit stop plus hover/focus/hidden/offscreen/reduced-motion/editor guards, RTL bounds and overflow guards; duplicate boot/load protection, resize observation and scoped disposal/reload. No-JS remains static and browsable. Batch 8 consumer extension: optional motion-button labels, configured hover behavior with unconditional focus pause, measured RTL block motion and mutation insert/remove/reorder lifecycle; existing 57 Partner Logos fixture cases retained. Family 7 ownership preserved.","B7-PARTNER-LOGOS after Batch 9: actual logos and truthful brand relationships, every saved setting/preset/layout, native LTR/RTL strip scrolling and full-gap marquee wrap, motion stopping into browsable static originals, touch/focus/hover/manual stop/reduced motion/offscreen/tab visibility, no-JS, theme/custom contrast and 1440/1280/768/390/320px/zoom/long text/AT, actual editor add/reorder/select/unload/reload.","57 independent actual source and runtime cases; validation/batch7-partner-logos. Timers, viewport geometry, media query, intersection and resize observers are explicit adapters, not pixel/native-scroll certification. Autoplay always honors system reduced motion; the retained respect_reduced_motion setting additionally controls decorative hover transitions. No protected Batch 4 or previous host source changed. B7-FINAL engineering closure 2026-09-22: all 75 family entries reconciled; final evidence validation/batch7-engineering-closure. Existing live queues remain after Batch 9. Revalidation: batch8-motion-counters."
assets,404,assets/404.css,5 Content / Interactive,,,,sections/main-404.liquid,N/A,REVIEWED; own source/settings fixture,N/A,SOURCE BOUNDS; live pending,SOURCE/DOM; native fallback/focus/content,SCOPED DEPENDENCY FIXTURE PASS,NATIVE NO-JS HOST; EMPTY/ATTRIBUTES FIXTURE,CLI 4.8.0 unchanged 636 diagnostics; existing debt retained,REQUIRES LIVE VERIFICATION,"Removed dead placeholder-ID selectors; native color fallbacks, long-text/content bounds, centered media, visible focus and reduced motion.","B5-BASIC after Batch 9: all presets/settings, 1440/1280/768/390/320px, long/translated text, color/contrast, native SVG/keyboard, real editor reload. Embed provider behavior; divider anchors; native 404 image/search/locales.",Actual source fixture; no browser/Shopify certification. No merchant-state rewrite. Untouched dependencies and complete Grid/Column/Split hosts retain separate pending reviews. B5-FINAL engineering closure 2026-09-21; accumulated live acceptance remains queued after Batch 9.
assets,account-main-account-activate,assets/account-main-account-activate.css,7 Social / Third Party / Utilities,,,,sections/account-main-account-activate.liquid,N/A,SOURCE + 173 native auth settings/edge/runtime cases PASS,ACTUAL settings defaults and control bounds PASS,"SOURCE bounded controls/text, native tokens and reduced motion; browser pending","NATIVE forms/required fields/labels, disposable password toggles, panel focus/errors PASS; AT pending","ACTUAL two instances, duplicate boot and load/unload/reload PASS",Guarded lifecycle and legacy-account boundary guidance; actual editor pending,"Unmodified CLI 4.8.0 exit 1; batch7-account-auth evidence; native parser PASS B7-FINAL full CLI 4.8.0 exits 1: 499 total (5 errors/494 warnings), 0 errors/18 retained warnings in Family 7; unsuppressed.",REQUIRES LIVE VERIFICATION,"Preserved native legacy authentication forms and settings; restored native validation, unique scoped form/error IDs, escaped merchant/customer text, non-cloned recovery, no-JS completeness, scoped disposable password/panel controls, real button/surface contrast and theme tokens. Activation decline bypasses password validation.","B7-ACCOUNT-AUTH after Batch 9: real legacy account activation/decline/login/recovery/reset/registration and server errors/confirmation/session behavior, saved settings and native captcha, responsive/RTL/zoom/theme contrast/no-JS/keyboard/AT and editor reload. Current customer accounts are Shopify-managed outside these theme templates.","173 native-form adapter/Liquid/DOM/CSS cases; fixtures do not certify Shopify services, browser pixels or AT. Native accounts configuration and any migration remain owner/platform responsibilities. 2026-09-22 concrete token correction: --font-head is the native heading token; account-auth and account-pages regressions rerun in batch7-maps. B7-FINAL engineering closure 2026-09-22: all 75 family entries reconciled; final evidence validation/batch7-engineering-closure. Existing live queues remain after Batch 9."
assets,account-main-account-activate,assets/account-main-account-activate.js,7 Social / Third Party / Utilities,,,,sections/account-main-account-activate.liquid,N/A,SOURCE + 173 native auth settings/edge/runtime cases PASS,ACTUAL settings defaults and control bounds PASS,"SOURCE bounded controls/text, native tokens and reduced motion; browser pending","NATIVE forms/required fields/labels, disposable password toggles, panel focus/errors PASS; AT pending","ACTUAL two instances, duplicate boot and load/unload/reload PASS",Guarded lifecycle and legacy-account boundary guidance; actual editor pending,"Unmodified CLI 4.8.0 exit 1; batch7-account-auth evidence; native parser PASS B7-FINAL full CLI 4.8.0 exits 1: 499 total (5 errors/494 warnings), 0 errors/18 retained warnings in Family 7; unsuppressed.",REQUIRES LIVE VERIFICATION,"Preserved native legacy authentication forms and settings; restored native validation, unique scoped form/error IDs, escaped merchant/customer text, non-cloned recovery, no-JS completeness, scoped disposable password/panel controls, real button/surface contrast and theme tokens. Activation decline bypasses password validation.","B7-ACCOUNT-AUTH after Batch 9: real legacy account activation/decline/login/recovery/reset/registration and server errors/confirmation/session behavior, saved settings and native captcha, responsive/RTL/zoom/theme contrast/no-JS/keyboard/AT and editor reload. Current customer accounts are Shopify-managed outside these theme templates.","173 native-form adapter/Liquid/DOM/CSS cases; fixtures do not certify Shopify services, browser pixels or AT. Native accounts configuration and any migration remain owner/platform responsibilities. B7-FINAL engineering closure 2026-09-22: all 75 family entries reconciled; final evidence validation/batch7-engineering-closure. Existing live queues remain after Batch 9."
assets,account-main-account-addresses,assets/account-main-account-addresses.css,7 Social / Third Party / Utilities,,,,sections/account-main-account-addresses.liquid,N/A,Independent actual account settings/defaults/data edge fixtures PASS,"Native defaults, control bounds and guest/empty/configured states PASS","SOURCE native tokens/card contrast, bounded layouts/controls/table scroll, reduced motion; browser pending","SOURCE/DOM native forms/labels/errors, region scroll focus, exact statuses, native links and panel focus PASS; AT pending",Independent address/order/tracking roots; duplicate boot and load/unload/reload PASS,SOURCE/DOM lifecycle and truthful provider/legacy account guidance; real editor pending,"Unmodified CLI 4.8.0 exit 1; batch7-account-pages evidence; native parse PASS B7-FINAL full CLI 4.8.0 exits 1: 499 total (5 errors/494 warnings), 0 errors/18 retained warnings in Family 7; unsuppressed.",REQUIRES LIVE VERIFICATION,"Hardened native account data/form/link contracts, escaped values, explicit navigation labels and destinations. Repaired Liquid content in nav CSS, native-status filtering and disposal, address no-JS/IDs/country-province/default/delete/pagination, scoped tokens/contrast, and configured tracking redirects without fabricated shipment state.","B7-ACCOUNT-PAGES after Batch 9: native account pagination/order totals/status/fulfillment URLs and customer privacy, create/edit/default/delete/country/province errors, merchant provider query contract and real navigation, saved settings, no-JS/responsive/RTL/zoom/contrast/keyboard/AT and editor lifecycle.","Dedicated actual host/native data/DOM/CSS fixtures; native form processing, pagination, browser navigation and provider behavior use explicit adapters and remain queued. No private API, simulated status, account migration or production action. 2026-09-22 concrete token correction: --font-head is the native heading token; account-auth and account-pages regressions rerun in batch7-maps. B7-FINAL engineering closure 2026-09-22: all 75 family entries reconciled; final evidence validation/batch7-engineering-closure. Existing live queues remain after Batch 9."
assets,account-main-account-addresses,assets/account-main-account-addresses.js,7 Social / Third Party / Utilities,,,,sections/account-main-account-addresses.liquid,N/A,Independent actual account settings/defaults/data edge fixtures PASS,"Native defaults, control bounds and guest/empty/configured states PASS","SOURCE native tokens/card contrast, bounded layouts/controls/table scroll, reduced motion; browser pending","SOURCE/DOM native forms/labels/errors, region scroll focus, exact statuses, native links and panel focus PASS; AT pending",Independent address/order/tracking roots; duplicate boot and load/unload/reload PASS,SOURCE/DOM lifecycle and truthful provider/legacy account guidance; real editor pending,"Unmodified CLI 4.8.0 exit 1; batch7-account-pages evidence; native parse PASS B7-FINAL full CLI 4.8.0 exits 1: 499 total (5 errors/494 warnings), 0 errors/18 retained warnings in Family 7; unsuppressed.",REQUIRES LIVE VERIFICATION,"Hardened native account data/form/link contracts, escaped values, explicit navigation labels and destinations. Repaired Liquid content in nav CSS, native-status filtering and disposal, address no-JS/IDs/country-province/default/delete/pagination, scoped tokens/contrast, and configured tracking redirects without fabricated shipment state.","B7-ACCOUNT-PAGES after Batch 9: native account pagination/order totals/status/fulfillment URLs and customer privacy, create/edit/default/delete/country/province errors, merchant provider query contract and real navigation, saved settings, no-JS/responsive/RTL/zoom/contrast/keyboard/AT and editor lifecycle.","Dedicated actual host/native data/DOM/CSS fixtures; native form processing, pagination, browser navigation and provider behavior use explicit adapters and remain queued. No private API, simulated status, account migration or production action. B7-FINAL engineering closure 2026-09-22: all 75 family entries reconciled; final evidence validation/batch7-engineering-closure. Existing live queues remain after Batch 9."
assets,account-main-account-dashboard,assets/account-main-account-dashboard.css,7 Social / Third Party / Utilities,,,,sections/account-main-account-dashboard.liquid,N/A,Independent actual account settings/defaults/data edge fixtures PASS,"Native defaults, control bounds and guest/empty/configured states PASS","SOURCE native tokens/card contrast, bounded layouts/controls/table scroll, reduced motion; browser pending","SOURCE/DOM native forms/labels/errors, region scroll focus, exact statuses, native links and panel focus PASS; AT pending",Independent address/order/tracking roots; duplicate boot and load/unload/reload PASS,SOURCE/DOM lifecycle and truthful provider/legacy account guidance; real editor pending,"Unmodified CLI 4.8.0 exit 1; batch7-account-pages evidence; native parse PASS B7-FINAL full CLI 4.8.0 exits 1: 499 total (5 errors/494 warnings), 0 errors/18 retained warnings in Family 7; unsuppressed.",REQUIRES LIVE VERIFICATION,"Hardened native account data/form/link contracts, escaped values, explicit navigation labels and destinations. Repaired Liquid content in nav CSS, native-status filtering and disposal, address no-JS/IDs/country-province/default/delete/pagination, scoped tokens/contrast, and configured tracking redirects without fabricated shipment state.","B7-ACCOUNT-PAGES after Batch 9: native account pagination/order totals/status/fulfillment URLs and customer privacy, create/edit/default/delete/country/province errors, merchant provider query contract and real navigation, saved settings, no-JS/responsive/RTL/zoom/contrast/keyboard/AT and editor lifecycle.","Dedicated actual host/native data/DOM/CSS fixtures; native form processing, pagination, browser navigation and provider behavior use explicit adapters and remain queued. No private API, simulated status, account migration or production action. 2026-09-22 concrete token correction: --font-head is the native heading token; account-auth and account-pages regressions rerun in batch7-maps. B7-FINAL engineering closure 2026-09-22: all 75 family entries reconciled; final evidence validation/batch7-engineering-closure. Existing live queues remain after Batch 9."
assets,account-main-account-login,assets/account-main-account-login.js,7 Social / Third Party / Utilities,,,,sections/account-main-account-login.liquid,N/A,SOURCE + 173 native auth settings/edge/runtime cases PASS,ACTUAL settings defaults and control bounds PASS,"SOURCE bounded controls/text, native tokens and reduced motion; browser pending","NATIVE forms/required fields/labels, disposable password toggles, panel focus/errors PASS; AT pending","ACTUAL two instances, duplicate boot and load/unload/reload PASS",Guarded lifecycle and legacy-account boundary guidance; actual editor pending,"Unmodified CLI 4.8.0 exit 1; batch7-account-auth evidence; native parser PASS B7-FINAL full CLI 4.8.0 exits 1: 499 total (5 errors/494 warnings), 0 errors/18 retained warnings in Family 7; unsuppressed.",REQUIRES LIVE VERIFICATION,"Preserved native legacy authentication forms and settings; restored native validation, unique scoped form/error IDs, escaped merchant/customer text, non-cloned recovery, no-JS completeness, scoped disposable password/panel controls, real button/surface contrast and theme tokens. Activation decline bypasses password validation.","B7-ACCOUNT-AUTH after Batch 9: real legacy account activation/decline/login/recovery/reset/registration and server errors/confirmation/session behavior, saved settings and native captcha, responsive/RTL/zoom/theme contrast/no-JS/keyboard/AT and editor reload. Current customer accounts are Shopify-managed outside these theme templates.","173 native-form adapter/Liquid/DOM/CSS cases; fixtures do not certify Shopify services, browser pixels or AT. Native accounts configuration and any migration remain owner/platform responsibilities. B7-FINAL engineering closure 2026-09-22: all 75 family entries reconciled; final evidence validation/batch7-engineering-closure. Existing live queues remain after Batch 9."
assets,account-main-account-nav,assets/account-main-account-nav.css,7 Social / Third Party / Utilities,,,,snippets/account-main-account-nav.liquid,N/A,Independent actual account settings/defaults/data edge fixtures PASS,"Native defaults, control bounds and guest/empty/configured states PASS","SOURCE native tokens/card contrast, bounded layouts/controls/table scroll, reduced motion; browser pending","SOURCE/DOM native forms/labels/errors, region scroll focus, exact statuses, native links and panel focus PASS; AT pending",Independent address/order/tracking roots; duplicate boot and load/unload/reload PASS,SOURCE/DOM lifecycle and truthful provider/legacy account guidance; real editor pending,"Unmodified CLI 4.8.0 exit 1; batch7-account-pages evidence; native parse PASS B7-FINAL full CLI 4.8.0 exits 1: 499 total (5 errors/494 warnings), 0 errors/18 retained warnings in Family 7; unsuppressed.",REQUIRES LIVE VERIFICATION,"Hardened native account data/form/link contracts, escaped values, explicit navigation labels and destinations. Repaired Liquid content in nav CSS, native-status filtering and disposal, address no-JS/IDs/country-province/default/delete/pagination, scoped tokens/contrast, and configured tracking redirects without fabricated shipment state.","B7-ACCOUNT-PAGES after Batch 9: native account pagination/order totals/status/fulfillment URLs and customer privacy, create/edit/default/delete/country/province errors, merchant provider query contract and real navigation, saved settings, no-JS/responsive/RTL/zoom/contrast/keyboard/AT and editor lifecycle.","Dedicated actual host/native data/DOM/CSS fixtures; native form processing, pagination, browser navigation and provider behavior use explicit adapters and remain queued. No private API, simulated status, account migration or production action. 2026-09-22 concrete token correction: --font-head is the native heading token; account-auth and account-pages regressions rerun in batch7-maps. B7-FINAL engineering closure 2026-09-22: all 75 family entries reconciled; final evidence validation/batch7-engineering-closure. Existing live queues remain after Batch 9."
assets,account-main-account-order-tracking,assets/account-main-account-order-tracking.css,7 Social / Third Party / Utilities,,,,sections/account-main-account-order-tracking.liquid,N/A,Independent actual account settings/defaults/data edge fixtures PASS,"Native defaults, control bounds and guest/empty/configured states PASS","SOURCE native tokens/card contrast, bounded layouts/controls/table scroll, reduced motion; browser pending","SOURCE/DOM native forms/labels/errors, region scroll focus, exact statuses, native links and panel focus PASS; AT pending",Independent address/order/tracking roots; duplicate boot and load/unload/reload PASS,SOURCE/DOM lifecycle and truthful provider/legacy account guidance; real editor pending,"Unmodified CLI 4.8.0 exit 1; batch7-account-pages evidence; native parse PASS B7-FINAL full CLI 4.8.0 exits 1: 499 total (5 errors/494 warnings), 0 errors/18 retained warnings in Family 7; unsuppressed.",REQUIRES LIVE VERIFICATION,"Hardened native account data/form/link contracts, escaped values, explicit navigation labels and destinations. Repaired Liquid content in nav CSS, native-status filtering and disposal, address no-JS/IDs/country-province/default/delete/pagination, scoped tokens/contrast, and configured tracking redirects without fabricated shipment state.","B7-ACCOUNT-PAGES after Batch 9: native account pagination/order totals/status/fulfillment URLs and customer privacy, create/edit/default/delete/country/province errors, merchant provider query contract and real navigation, saved settings, no-JS/responsive/RTL/zoom/contrast/keyboard/AT and editor lifecycle.","Dedicated actual host/native data/DOM/CSS fixtures; native form processing, pagination, browser navigation and provider behavior use explicit adapters and remain queued. No private API, simulated status, account migration or production action. 2026-09-22 concrete token correction: --font-head is the native heading token; account-auth and account-pages regressions rerun in batch7-maps. B7-FINAL engineering closure 2026-09-22: all 75 family entries reconciled; final evidence validation/batch7-engineering-closure. Existing live queues remain after Batch 9."
assets,account-main-account-order,assets/account-main-account-order.css,7 Social / Third Party / Utilities,,,,sections/account-main-account-order.liquid,N/A,Independent actual account settings/defaults/data edge fixtures PASS,"Native defaults, control bounds and guest/empty/configured states PASS","SOURCE native tokens/card contrast, bounded layouts/controls/table scroll, reduced motion; browser pending","SOURCE/DOM native forms/labels/errors, region scroll focus, exact statuses, native links and panel focus PASS; AT pending",Independent address/order/tracking roots; duplicate boot and load/unload/reload PASS,SOURCE/DOM lifecycle and truthful provider/legacy account guidance; real editor pending,"Unmodified CLI 4.8.0 exit 1; batch7-account-pages evidence; native parse PASS B7-FINAL full CLI 4.8.0 exits 1: 499 total (5 errors/494 warnings), 0 errors/18 retained warnings in Family 7; unsuppressed.",REQUIRES LIVE VERIFICATION,"Hardened native account data/form/link contracts, escaped values, explicit navigation labels and destinations. Repaired Liquid content in nav CSS, native-status filtering and disposal, address no-JS/IDs/country-province/default/delete/pagination, scoped tokens/contrast, and configured tracking redirects without fabricated shipment state.","B7-ACCOUNT-PAGES after Batch 9: native account pagination/order totals/status/fulfillment URLs and customer privacy, create/edit/default/delete/country/province errors, merchant provider query contract and real navigation, saved settings, no-JS/responsive/RTL/zoom/contrast/keyboard/AT and editor lifecycle.","Dedicated actual host/native data/DOM/CSS fixtures; native form processing, pagination, browser navigation and provider behavior use explicit adapters and remain queued. No private API, simulated status, account migration or production action. 2026-09-22 concrete token correction: --font-head is the native heading token; account-auth and account-pages regressions rerun in batch7-maps. B7-FINAL engineering closure 2026-09-22: all 75 family entries reconciled; final evidence validation/batch7-engineering-closure. Existing live queues remain after Batch 9."
assets,account-main-account-orders,assets/account-main-account-orders.css,7 Social / Third Party / Utilities,,,,sections/account-main-account-orders.liquid,N/A,Independent actual account settings/defaults/data edge fixtures PASS,"Native defaults, control bounds and guest/empty/configured states PASS","SOURCE native tokens/card contrast, bounded layouts/controls/table scroll, reduced motion; browser pending","SOURCE/DOM native forms/labels/errors, region scroll focus, exact statuses, native links and panel focus PASS; AT pending",Independent address/order/tracking roots; duplicate boot and load/unload/reload PASS,SOURCE/DOM lifecycle and truthful provider/legacy account guidance; real editor pending,"Unmodified CLI 4.8.0 exit 1; batch7-account-pages evidence; native parse PASS B7-FINAL full CLI 4.8.0 exits 1: 499 total (5 errors/494 warnings), 0 errors/18 retained warnings in Family 7; unsuppressed.",REQUIRES LIVE VERIFICATION,"Hardened native account data/form/link contracts, escaped values, explicit navigation labels and destinations. Repaired Liquid content in nav CSS, native-status filtering and disposal, address no-JS/IDs/country-province/default/delete/pagination, scoped tokens/contrast, and configured tracking redirects without fabricated shipment state.","B7-ACCOUNT-PAGES after Batch 9: native account pagination/order totals/status/fulfillment URLs and customer privacy, create/edit/default/delete/country/province errors, merchant provider query contract and real navigation, saved settings, no-JS/responsive/RTL/zoom/contrast/keyboard/AT and editor lifecycle.","Dedicated actual host/native data/DOM/CSS fixtures; native form processing, pagination, browser navigation and provider behavior use explicit adapters and remain queued. No private API, simulated status, account migration or production action. 2026-09-22 concrete token correction: --font-head is the native heading token; account-auth and account-pages regressions rerun in batch7-maps. B7-FINAL engineering closure 2026-09-22: all 75 family entries reconciled; final evidence validation/batch7-engineering-closure. Existing live queues remain after Batch 9."
assets,account-main-account-orders,assets/account-main-account-orders.js,7 Social / Third Party / Utilities,,,,sections/account-main-account-orders.liquid,N/A,Independent actual account settings/defaults/data edge fixtures PASS,"Native defaults, control bounds and guest/empty/configured states PASS","SOURCE native tokens/card contrast, bounded layouts/controls/table scroll, reduced motion; browser pending","SOURCE/DOM native forms/labels/errors, region scroll focus, exact statuses, native links and panel focus PASS; AT pending",Independent address/order/tracking roots; duplicate boot and load/unload/reload PASS,SOURCE/DOM lifecycle and truthful provider/legacy account guidance; real editor pending,"Unmodified CLI 4.8.0 exit 1; batch7-account-pages evidence; native parse PASS B7-FINAL full CLI 4.8.0 exits 1: 499 total (5 errors/494 warnings), 0 errors/18 retained warnings in Family 7; unsuppressed.",REQUIRES LIVE VERIFICATION,"Hardened native account data/form/link contracts, escaped values, explicit navigation labels and destinations. Repaired Liquid content in nav CSS, native-status filtering and disposal, address no-JS/IDs/country-province/default/delete/pagination, scoped tokens/contrast, and configured tracking redirects without fabricated shipment state.","B7-ACCOUNT-PAGES after Batch 9: native account pagination/order totals/status/fulfillment URLs and customer privacy, create/edit/default/delete/country/province errors, merchant provider query contract and real navigation, saved settings, no-JS/responsive/RTL/zoom/contrast/keyboard/AT and editor lifecycle.","Dedicated actual host/native data/DOM/CSS fixtures; native form processing, pagination, browser navigation and provider behavior use explicit adapters and remain queued. No private API, simulated status, account migration or production action. B7-FINAL engineering closure 2026-09-22: all 75 family entries reconciled; final evidence validation/batch7-engineering-closure. Existing live queues remain after Batch 9."
assets,account-main-account-register,assets/account-main-account-register.css,7 Social / Third Party / Utilities,,,,sections/account-main-account-register.liquid,N/A,SOURCE + 173 native auth settings/edge/runtime cases PASS,ACTUAL settings defaults and control bounds PASS,"SOURCE bounded controls/text, native tokens and reduced motion; browser pending","NATIVE forms/required fields/labels, disposable password toggles, panel focus/errors PASS; AT pending","ACTUAL two instances, duplicate boot and load/unload/reload PASS",Guarded lifecycle and legacy-account boundary guidance; actual editor pending,"Unmodified CLI 4.8.0 exit 1; batch7-account-auth evidence; native parser PASS B7-FINAL full CLI 4.8.0 exits 1: 499 total (5 errors/494 warnings), 0 errors/18 retained warnings in Family 7; unsuppressed.",REQUIRES LIVE VERIFICATION,"Preserved native legacy authentication forms and settings; restored native validation, unique scoped form/error IDs, escaped merchant/customer text, non-cloned recovery, no-JS completeness, scoped disposable password/panel controls, real button/surface contrast and theme tokens. Activation decline bypasses password validation.","B7-ACCOUNT-AUTH after Batch 9: real legacy account activation/decline/login/recovery/reset/registration and server errors/confirmation/session behavior, saved settings and native captcha, responsive/RTL/zoom/theme contrast/no-JS/keyboard/AT and editor reload. Current customer accounts are Shopify-managed outside these theme templates.","173 native-form adapter/Liquid/DOM/CSS cases; fixtures do not certify Shopify services, browser pixels or AT. Native accounts configuration and any migration remain owner/platform responsibilities. 2026-09-22 concrete token correction: --font-head is the native heading token; account-auth and account-pages regressions rerun in batch7-maps. B7-FINAL engineering closure 2026-09-22: all 75 family entries reconciled; final evidence validation/batch7-engineering-closure. Existing live queues remain after Batch 9."
assets,account-main-account-register,assets/account-main-account-register.js,7 Social / Third Party / Utilities,,,,sections/account-main-account-register.liquid,N/A,SOURCE + 173 native auth settings/edge/runtime cases PASS,ACTUAL settings defaults and control bounds PASS,"SOURCE bounded controls/text, native tokens and reduced motion; browser pending","NATIVE forms/required fields/labels, disposable password toggles, panel focus/errors PASS; AT pending","ACTUAL two instances, duplicate boot and load/unload/reload PASS",Guarded lifecycle and legacy-account boundary guidance; actual editor pending,"Unmodified CLI 4.8.0 exit 1; batch7-account-auth evidence; native parser PASS B7-FINAL full CLI 4.8.0 exits 1: 499 total (5 errors/494 warnings), 0 errors/18 retained warnings in Family 7; unsuppressed.",REQUIRES LIVE VERIFICATION,"Preserved native legacy authentication forms and settings; restored native validation, unique scoped form/error IDs, escaped merchant/customer text, non-cloned recovery, no-JS completeness, scoped disposable password/panel controls, real button/surface contrast and theme tokens. Activation decline bypasses password validation.","B7-ACCOUNT-AUTH after Batch 9: real legacy account activation/decline/login/recovery/reset/registration and server errors/confirmation/session behavior, saved settings and native captcha, responsive/RTL/zoom/theme contrast/no-JS/keyboard/AT and editor reload. Current customer accounts are Shopify-managed outside these theme templates.","173 native-form adapter/Liquid/DOM/CSS cases; fixtures do not certify Shopify services, browser pixels or AT. Native accounts configuration and any migration remain owner/platform responsibilities. B7-FINAL engineering closure 2026-09-22: all 75 family entries reconciled; final evidence validation/batch7-engineering-closure. Existing live queues remain after Batch 9."
assets,account-main-account-reset-password,assets/account-main-account-reset-password.css,7 Social / Third Party / Utilities,,,,sections/account-main-account-reset-password.liquid,N/A,SOURCE + 173 native auth settings/edge/runtime cases PASS,ACTUAL settings defaults and control bounds PASS,"SOURCE bounded controls/text, native tokens and reduced motion; browser pending","NATIVE forms/required fields/labels, disposable password toggles, panel focus/errors PASS; AT pending","ACTUAL two instances, duplicate boot and load/unload/reload PASS",Guarded lifecycle and legacy-account boundary guidance; actual editor pending,"Unmodified CLI 4.8.0 exit 1; batch7-account-auth evidence; native parser PASS B7-FINAL full CLI 4.8.0 exits 1: 499 total (5 errors/494 warnings), 0 errors/18 retained warnings in Family 7; unsuppressed.",REQUIRES LIVE VERIFICATION,"Preserved native legacy authentication forms and settings; restored native validation, unique scoped form/error IDs, escaped merchant/customer text, non-cloned recovery, no-JS completeness, scoped disposable password/panel controls, real button/surface contrast and theme tokens. Activation decline bypasses password validation.","B7-ACCOUNT-AUTH after Batch 9: real legacy account activation/decline/login/recovery/reset/registration and server errors/confirmation/session behavior, saved settings and native captcha, responsive/RTL/zoom/theme contrast/no-JS/keyboard/AT and editor reload. Current customer accounts are Shopify-managed outside these theme templates.","173 native-form adapter/Liquid/DOM/CSS cases; fixtures do not certify Shopify services, browser pixels or AT. Native accounts configuration and any migration remain owner/platform responsibilities. 2026-09-22 concrete token correction: --font-head is the native heading token; account-auth and account-pages regressions rerun in batch7-maps. B7-FINAL engineering closure 2026-09-22: all 75 family entries reconciled; final evidence validation/batch7-engineering-closure. Existing live queues remain after Batch 9."
assets,account-main-account-reset-password,assets/account-main-account-reset-password.js,7 Social / Third Party / Utilities,,,,sections/account-main-account-reset-password.liquid,N/A,SOURCE + 173 native auth settings/edge/runtime cases PASS,ACTUAL settings defaults and control bounds PASS,"SOURCE bounded controls/text, native tokens and reduced motion; browser pending","NATIVE forms/required fields/labels, disposable password toggles, panel focus/errors PASS; AT pending","ACTUAL two instances, duplicate boot and load/unload/reload PASS",Guarded lifecycle and legacy-account boundary guidance; actual editor pending,"Unmodified CLI 4.8.0 exit 1; batch7-account-auth evidence; native parser PASS B7-FINAL full CLI 4.8.0 exits 1: 499 total (5 errors/494 warnings), 0 errors/18 retained warnings in Family 7; unsuppressed.",REQUIRES LIVE VERIFICATION,"Preserved native legacy authentication forms and settings; restored native validation, unique scoped form/error IDs, escaped merchant/customer text, non-cloned recovery, no-JS completeness, scoped disposable password/panel controls, real button/surface contrast and theme tokens. Activation decline bypasses password validation.","B7-ACCOUNT-AUTH after Batch 9: real legacy account activation/decline/login/recovery/reset/registration and server errors/confirmation/session behavior, saved settings and native captcha, responsive/RTL/zoom/theme contrast/no-JS/keyboard/AT and editor reload. Current customer accounts are Shopify-managed outside these theme templates.","173 native-form adapter/Liquid/DOM/CSS cases; fixtures do not certify Shopify services, browser pixels or AT. Native accounts configuration and any migration remain owner/platform responsibilities. B7-FINAL engineering closure 2026-09-22: all 75 family entries reconciled; final evidence validation/batch7-engineering-closure. Existing live queues remain after Batch 9."
assets,account-main-account,assets/account-main-account.css,7 Social / Third Party / Utilities,,,,sections/account-main-account-login.liquid,N/A,SOURCE + 173 native auth settings/edge/runtime cases PASS,ACTUAL settings defaults and control bounds PASS,"SOURCE bounded controls/text, native tokens and reduced motion; browser pending","NATIVE forms/required fields/labels, disposable password toggles, panel focus/errors PASS; AT pending","ACTUAL two instances, duplicate boot and load/unload/reload PASS",Guarded lifecycle and legacy-account boundary guidance; actual editor pending,"Unmodified CLI 4.8.0 exit 1; batch7-account-auth evidence; native parser PASS B7-FINAL full CLI 4.8.0 exits 1: 499 total (5 errors/494 warnings), 0 errors/18 retained warnings in Family 7; unsuppressed.",REQUIRES LIVE VERIFICATION,"Preserved native legacy authentication forms and settings; restored native validation, unique scoped form/error IDs, escaped merchant/customer text, non-cloned recovery, no-JS completeness, scoped disposable password/panel controls, real button/surface contrast and theme tokens. Activation decline bypasses password validation.","B7-ACCOUNT-AUTH after Batch 9: real legacy account activation/decline/login/recovery/reset/registration and server errors/confirmation/session behavior, saved settings and native captcha, responsive/RTL/zoom/theme contrast/no-JS/keyboard/AT and editor reload. Current customer accounts are Shopify-managed outside these theme templates.","173 native-form adapter/Liquid/DOM/CSS cases; fixtures do not certify Shopify services, browser pixels or AT. Native accounts configuration and any migration remain owner/platform responsibilities. 2026-09-22 concrete token correction: --font-head is the native heading token; account-auth and account-pages regressions rerun in batch7-maps. B7-FINAL engineering closure 2026-09-22: all 75 family entries reconciled; final evidence validation/batch7-engineering-closure. Existing live queues remain after Batch 9."
assets,account-main-order-tracking,assets/account-main-order-tracking.js,7 Social / Third Party / Utilities,,,,sections/account-main-account-order-tracking.liquid,N/A,Independent actual account settings/defaults/data edge fixtures PASS,"Native defaults, control bounds and guest/empty/configured states PASS","SOURCE native tokens/card contrast, bounded layouts/controls/table scroll, reduced motion; browser pending","SOURCE/DOM native forms/labels/errors, region scroll focus, exact statuses, native links and panel focus PASS; AT pending",Independent address/order/tracking roots; duplicate boot and load/unload/reload PASS,SOURCE/DOM lifecycle and truthful provider/legacy account guidance; real editor pending,"Unmodified CLI 4.8.0 exit 1; batch7-account-pages evidence; native parse PASS B7-FINAL full CLI 4.8.0 exits 1: 499 total (5 errors/494 warnings), 0 errors/18 retained warnings in Family 7; unsuppressed.",REQUIRES LIVE VERIFICATION,"Hardened native account data/form/link contracts, escaped values, explicit navigation labels and destinations. Repaired Liquid content in nav CSS, native-status filtering and disposal, address no-JS/IDs/country-province/default/delete/pagination, scoped tokens/contrast, and configured tracking redirects without fabricated shipment state.","B7-ACCOUNT-PAGES after Batch 9: native account pagination/order totals/status/fulfillment URLs and customer privacy, create/edit/default/delete/country/province errors, merchant provider query contract and real navigation, saved settings, no-JS/responsive/RTL/zoom/contrast/keyboard/AT and editor lifecycle.","Dedicated actual host/native data/DOM/CSS fixtures; native form processing, pagination, browser navigation and provider behavior use explicit adapters and remain queued. No private API, simulated status, account migration or production action. B7-FINAL engineering closure 2026-09-22: all 75 family entries reconciled; final evidence validation/batch7-engineering-closure. Existing live queues remain after Batch 9."
assets,call-to-action-audience-source,assets/call-to-action-audience-source.js,2 Hero / Banner / CTA,,,,sections/call-to-action-audience-source.liquid,N/A,SOURCE + ACTUAL LIQUID FIXTURES,HOST FIXTURES; LIVE PENDING,SOURCE CONTRACTS; LIVE PENDING,SOURCE/DOM; LIVE PENDING,ACTUAL LIQUID/DOM FIXTURES,DOM LIFECYCLE WHERE APPLICABLE; LIVE PENDING,CLI 4.8.0; see validation/sub-banners-static-cta,REQUIRES LIVE VERIFICATION,"Instance-scoped source matching, case normalization, safe unmatched fallback, explicit false flags, editor reload and visible editor block selection; no per-root retained listeners.",B2-SUB-CTA: 1440/1280/768/390/320px; all settings/layouts; long content; actual media/provider/Shopify newsletter submission; editor add/remove/reorder; keyboard/screen reader; sprite rendering.,Evidence: validation/sub-banners-static-cta/. Fixture adapters do not certify live Shopify or browser layout. Shared sprite inventory remains independently unreviewed.
assets,call-to-action-current-sale,assets/call-to-action-current-sale.css,2 Hero / Banner / CTA,,,,sections/call-to-action-current-sale.liquid,N/A,SOURCE REVIEW; real editor mode matrix pending,Via section consumer,SOURCE BREAKPOINT REVIEW; viewport acceptance pending,DOM interaction fixtures; screen reader/contrast pending,Fixture duplicate initialization and two-instance preset render,Synthetic load/unload; real editor pending,Batch 2 report; existing diagnostics retained,REQUIRES LIVE VERIFICATION,Repair block-level countdown DOM contract; independent timers and unload; stop expired timers; preserve block progress values; neutral presets without expired dates/store images; defer script; discount destination helper.,B2-BANNERS: 1440/1280/768/390/320px; all layouts and long content; real editor lifecycle; variant/selling-plan cart acceptance; video provider playback; screen reader/focus.,Engineering checkpoint only. Batch 2 family is not complete and this row is not release approval. See batch2 review notes for remaining checks.
assets,call-to-action-current-sale,assets/call-to-action-current-sale.js,2 Hero / Banner / CTA,,,,sections/call-to-action-current-sale.liquid,N/A,SOURCE REVIEW; real editor mode matrix pending,Via section consumer,SOURCE BREAKPOINT REVIEW; viewport acceptance pending,DOM interaction fixtures; screen reader/contrast pending,Fixture duplicate initialization and two-instance preset render,Synthetic load/unload; real editor pending,Batch 2 report; existing diagnostics retained,REQUIRES LIVE VERIFICATION,Repair block-level countdown DOM contract; independent timers and unload; stop expired timers; preserve block progress values; neutral presets without expired dates/store images; defer script; discount destination helper.,B2-BANNERS: 1440/1280/768/390/320px; all layouts and long content; real editor lifecycle; variant/selling-plan cart acceptance; video provider playback; screen reader/focus.,Engineering checkpoint only. Batch 2 family is not complete and this row is not release approval. See batch2 review notes for remaining checks.
assets,call-to-action-featured-product,assets/call-to-action-featured-product.css,2 Hero / Banner / CTA,,,,sections/call-to-action-featured-product.liquid,N/A,SOURCE REVIEW; real editor mode matrix pending,Via section consumer,SOURCE BREAKPOINT REVIEW; viewport acceptance pending,DOM interaction fixtures; screen reader/contrast pending,Fixture duplicate initialization and two-instance preset render,Synthetic load/unload; real editor pending,Batch 2 report; existing diagnostics retained,REQUIRES LIVE VERIFICATION,"Load variant asset; exact option matching, invalid/sold-out guards, progressive native variant control and selling-plan dependency; restore media override/trust setting; sale price nodes; scoped mobile split and focus styles; neutral insertion copy.",B2-BANNERS: 1440/1280/768/390/320px; all layouts and long content; real editor lifecycle; variant/selling-plan cart acceptance; video provider playback; screen reader/focus.,Engineering checkpoint only. Batch 2 family is not complete and this row is not release approval. See batch2 review notes for remaining checks.
assets,call-to-action-featured-product,assets/call-to-action-featured-product.js,2 Hero / Banner / CTA,,,,sections/call-to-action-featured-product.liquid,N/A,SOURCE REVIEW; real editor mode matrix pending,Via section consumer,SOURCE BREAKPOINT REVIEW; viewport acceptance pending,DOM interaction fixtures; screen reader/contrast pending,Fixture duplicate initialization and two-instance preset render,Synthetic load/unload; real editor pending,Batch 2 report; existing diagnostics retained,REQUIRES LIVE VERIFICATION,"Load variant asset; exact option matching, invalid/sold-out guards, progressive native variant control and selling-plan dependency; restore media override/trust setting; sale price nodes; scoped mobile split and focus styles; neutral insertion copy.",B2-BANNERS: 1440/1280/768/390/320px; all layouts and long content; real editor lifecycle; variant/selling-plan cart acceptance; video provider playback; screen reader/focus.,Engineering checkpoint only. Batch 2 family is not complete and this row is not release approval. See batch2 review notes for remaining checks.
assets,call-to-action-quote-form,assets/call-to-action-quote-form.css,6 Forms / Conversion,,,,sections/call-to-action-newsletter-form.liquid;sections/call-to-action-quote-form.liquid,N/A,SOURCE independent literal-consumer review; all ten actual host default/preset compositions in both asset orders PASS,N/A; real consumer preset markup exercised,"SOURCE bounded native controls/wrappers, no fixed field minimum, wrapping actions, logical spacing/text and split columns; pixels/RTL pending","SOURCE/DOM choice versus text control sizing, focus-visible, hidden metadata payload, reduced motion and forced-color native select fallback; actual browser/AT pending",ACTUAL 196 control/field checks; two asset orders and bidirectional form/CTA selector isolation PASS,SOURCE asset reinsertion/load-order independence; per-host stronger settings retain precedence; actual editor pending,CLI 4.8.0 exits 1: 514 diagnostics (7 errors/507 warnings); existing unsuppressed debt retained. Both stylesheets parse with PostCSS.,REQUIRES LIVE VERIFICATION,"Distinct actual form/CTA root scopes with low specificity; consolidated field/select rules, native select affordance, bounded wrapping/RTL geometry and forced-color fallback; native controls only receive text-input chrome, hidden metadata rows omitted without removing payload.","B6-STYLES / B6-FINAL after Batch 9: all eight saved form hosts and legacy Bulk/CRM consumers in mixed pages and both asset orders; 1440/1280/768/390/320px, RTL, zoom/long labels, real native controls, forced colors/contrast/keyboard/AT/no-JS and editor insertion/reordering/unload/reload. Existing native endpoint/provider/search/product queues remain.",tests/phase4/forms-styles.cjs; validation/batch6-forms-closure. Real rendered consumer selectors and JSDOM computed supported properties; CSS variables/media/layout pixels require browser acceptance. Bulk Ordering/CRM host reviews remain independently NOT REVIEWED in Batch 7. B6 engineering closed with 20 live queued entries; no live certification.
assets,call-to-action-reviews,assets/call-to-action-reviews.css,2 Hero / Banner / CTA,,,,sections/call-to-action-reviews.liquid,N/A,SOURCE REVIEWED; actual Liquid fixtures PASS,Actual insertion fixtures PASS; live pending,SOURCE/DOM reviewed; browser widths pending,SOURCE/DOM controls PASS; real keyboard/screen reader pending,Two-instance source/DOM fixture PASS,Lifecycle/source fixture PASS; actual editor pending,CLI 4.8.0 checkpoint compared; existing debt retained,REQUIRES LIVE VERIFICATION,Unified four-layout review content/media controls; disposable motion; scoped styling; valid JSON and guarded CTA. Legacy empty provider mounts replaced with native @app rendering; manual review arrays exclude app blocks. Legacy selector kept with editor migration guidance.,"B2-FINAL: 1440/1280/768/390/320px, configured and blank media/links, long content, keyboard/screen reader, multiple instances, real editor add/remove/reorder, reduced motion. Provider app blocks and uploaded icons require actual installed resources.",Source closure at batch2-closure checkpoint; fixture/DOM checks do not certify Shopify or browser behavior.
assets,call-to-action-reviews,assets/call-to-action-reviews.js,2 Hero / Banner / CTA,,,,sections/call-to-action-reviews.liquid,N/A,SOURCE REVIEWED; actual Liquid fixtures PASS,Actual insertion fixtures PASS; live pending,SOURCE/DOM reviewed; browser widths pending,SOURCE/DOM controls PASS; real keyboard/screen reader pending,Two-instance source/DOM fixture PASS,Lifecycle/source fixture PASS; actual editor pending,CLI 4.8.0 checkpoint compared; existing debt retained,REQUIRES LIVE VERIFICATION,Unified four-layout review content/media controls; disposable motion; scoped styling; valid JSON and guarded CTA. Legacy empty provider mounts replaced with native @app rendering; manual review arrays exclude app blocks. Legacy selector kept with editor migration guidance.,"B2-FINAL: 1440/1280/768/390/320px, configured and blank media/links, long content, keyboard/screen reader, multiple instances, real editor add/remove/reorder, reduced motion. Provider app blocks and uploaded icons require actual installed resources.",Source closure at batch2-closure checkpoint; fixture/DOM checks do not certify Shopify or browser behavior.
assets,call-to-action-web3,assets/call-to-action-web3.css,2 Hero / Banner / CTA,,,,,N/A,SOURCE REVIEWED; no active literal consumer,N/A,N/A — no active host,N/A — no active host,N/A — no active host,N/A — no active host,CLI 4.8.0 evidence retained,RETAINED — DORMANT SOURCE REVIEWED,,Confirm dormant status in final installed-theme acceptance; any future activation requires host review.,Literal plus repository-wide name trace finds no current render/asset consumer. Retained without deletion. Content proxies pass supplied markup through; legacy CSS is inactive. This disposition is not approval of a future host.
assets,call-to-action-web3,assets/call-to-action-web3.js,2 Hero / Banner / CTA,,,,sections/call-to-action-web3.liquid,N/A,SOURCE REVIEWED; actual Liquid fixtures PASS,Actual insertion fixtures PASS; live pending,SOURCE/DOM reviewed; browser widths pending,SOURCE/DOM controls PASS; real keyboard/screen reader pending,Two-instance source/DOM fixture PASS,Lifecycle/source fixture PASS; actual editor pending,CLI 4.8.0 checkpoint compared; existing debt retained,REQUIRES LIVE VERIFICATION,"Native configured URLs replace simulated wallet state; editor-only connected preview; disposable progressive reveal; bounded layout; deployed sprite references and tinted custom flat SVG masks; known legacy nested library paths normalized, unsupported paths get text/editor fallback. Neutral insertion presets.","B2-FINAL: 1440/1280/768/390/320px, configured and blank media/links, long content, keyboard/screen reader, multiple instances, real editor add/remove/reorder, reduced motion. Provider app blocks and uploaded icons require actual installed resources.",Source closure at batch2-closure checkpoint; fixture/DOM checks do not certify Shopify or browser behavior.
assets,card-product,assets/card-product.css,7 Social / Third Party / Utilities,,,,sections/3rd-party-metaobject-supplier.liquid;sections/3rd-party-warehouse-merch.liquid,N/A,SOURCE + ACTUAL independent settings/source/field/card fixtures PASS,N/A; BOTH actual consumers exercised,"SOURCE bounded grid/carousel/hero, long text and logical chip positions; pixels/RTL pending","SOURCE/DOM native links/lists/headings, escaped copy, visible focus and reduced motion; AT pending",ACTUAL two-instance identities and scoped CSS PASS,"SOURCE native mapping metadata, empty/no-context guidance; live insert/reorder/select pending","CLI 4.8.0 exits 1: 508 diagnostics (7 errors/501 warnings), unchanged; all changed Liquid parses natively B7-FINAL full CLI 4.8.0 exits 1: 499 total (5 errors/494 warnings), 0 errors/18 retained warnings in Family 7; unsuppressed.",REQUIRES LIVE VERIFICATION,"Independently reviewed extracted card CSS through both actual hosts: native theme/host variables, logical wrapped group chips, bounded media/content, visible inset focus and reduced motion. Replaces repeated per-card inline styles; no JavaScript.","B7-WAREHOUSE-SUPPLIER after Batch 9: native published metaobject fields/access/webpage capability, collection picks/legacy handles, warehouse mapping precedence and block selection, curated group labels versus actual fulfillment, products/variants/presentment currency, all saved controls and theme/custom contrast, 1440/1280/768/390/320px/zoom/long text/RTL/keyboard/AT/no-JS, editor insertion/reorder/unload/reload.",128 independent actual host/card fixture cases. Evidence: validation/batch7-warehouse-supplier. Native Liquid/field/image/money/color/DOM adapters do not certify Shopify or layout. Warehouse legacy global mapping keys have no schema; new section mapping blocks supply real configuration without touching merchant state. Supplier accepts custom definition types by documented field contract. B7-FINAL engineering closure 2026-09-22: all 75 family entries reconciled; final evidence validation/batch7-engineering-closure. Existing live queues remain after Batch 9.
assets,carousel-hero-banner,assets/carousel-hero-banner.css,2 Hero / Banner / CTA,,,,sections/carousel-hero-banner.liquid,N/A,SOURCE REVIEW; real editor mode matrix pending,Via section consumer,SOURCE BREAKPOINT REVIEW; viewport acceptance pending,DOM interaction fixtures; screen reader/contrast pending,Fixture duplicate initialization and two-instance preset render,Synthetic load/unload; real editor pending,Batch 2 report; existing diagnostics retained,REQUIRES LIVE VERIFICATION,"Instance-scoped settings/styles; one lifecycle, inert decorative clones without IDs, rapid wrapping and persistent pause; native variant fallback for single/multiple slides; reuse Phase 3 cart handler and selling-plan contract.",B2-BANNERS: 1440/1280/768/390/320px; all layouts and long content; real editor lifecycle; variant/selling-plan cart acceptance; video provider playback; screen reader/focus.,Engineering checkpoint only. Batch 2 family is not complete and this row is not release approval. See batch2 review notes for remaining checks.
assets,carousel-hero-banner,assets/carousel-hero-banner.js,2 Hero / Banner / CTA,,,,sections/carousel-hero-banner.liquid,N/A,SOURCE REVIEW; real editor mode matrix pending,Via section consumer,SOURCE BREAKPOINT REVIEW; viewport acceptance pending,DOM interaction fixtures; screen reader/contrast pending,Fixture duplicate initialization and two-instance preset render,Synthetic load/unload; real editor pending,Batch 2 report; existing diagnostics retained,REQUIRES LIVE VERIFICATION,"Instance-scoped settings/styles; one lifecycle, inert decorative clones without IDs, rapid wrapping and persistent pause; native variant fallback for single/multiple slides; reuse Phase 3 cart handler and selling-plan contract.",B2-BANNERS: 1440/1280/768/390/320px; all layouts and long content; real editor lifecycle; variant/selling-plan cart acceptance; video provider playback; screen reader/focus.,Engineering checkpoint only. Batch 2 family is not complete and this row is not release approval. See batch2 review notes for remaining checks.
assets,cart-drawer,assets/cart-drawer.css,4 Product / Commerce,,,,layout/theme.liquid,N/A,SOURCE REVIEWED; schema-backed controls and native data contracts; live matrix queued,N/A — dependency; host configurations reviewed,SOURCE CSS/markup bounds reviewed; actual browser queued,SOURCE/Liquid/DOM review; native browser and assistive technology queued,Host-scoped identities/state reviewed in fixtures; global singleton explicitly retained where applicable,SOURCE/DOM lifecycle and editor attributes reviewed; actual Shopify editor queued,"CLI 4.8.0 exit 1, full baseline comparison retained; not clean certification",REQUIRES LIVE VERIFICATION,"Reviewed existing global singleton and shared snippet contract. Strict quantity validation and in-flight guards, current-content refresh/focus preservation, stale GET cancellation and modal handoff; successful mutations distinguished from refresh errors. Native checkout retained, short-viewport overflow and long-content focus styles.","B4-FINAL, after Batch 9: Actual global drawer/native cart coexistence, repeated/failed cart requests, focus/scroll/modal transitions, localized native/AJAX carts and subscriptions, short/mobile viewports and editor lifecycle. Drawer has no own configurable reward/add-on blocks; none invented.",Batch 4 individual source disposition. Evidence: validation/batch4-commerce-closure; cart-commerce.cjs; global-quick-view.cjs; Phase 3 shared-ui-tests.cjs. Explicit platform adapters; no live certification.
assets,cart-drawer,assets/cart-drawer.js,4 Product / Commerce,,,,layout/theme.liquid,N/A,SOURCE REVIEWED; schema-backed controls and native data contracts; live matrix queued,N/A — dependency; host configurations reviewed,SOURCE CSS/markup bounds reviewed; actual browser queued,SOURCE/Liquid/DOM review; native browser and assistive technology queued,Host-scoped identities/state reviewed in fixtures; global singleton explicitly retained where applicable,SOURCE/DOM lifecycle and editor attributes reviewed; actual Shopify editor queued,"CLI 4.8.0 exit 1, full baseline comparison retained; not clean certification",REQUIRES LIVE VERIFICATION,"Reviewed existing global singleton and shared snippet contract. Strict quantity validation and in-flight guards, current-content refresh/focus preservation, stale GET cancellation and modal handoff; successful mutations distinguished from refresh errors. Native checkout retained, short-viewport overflow and long-content focus styles. B8 purchase integration: optional per-form adding/added messages now follow actual request results; one-POST/duplicate/error/native-fallback behavior revalidated with the actual block forms. B8 bundle composition adds optional configured error fallback and checks form connectivity before successful UI/cart refresh; a detached completed form cannot reopen or refresh the drawer. Shared FormData submission, duplicate suppression, actual errors and successful-cart-versus-refresh distinction retained; cart-commerce, compact-purchase and global-quick-view regressions rerun.","B4-FINAL, after Batch 9: Actual global drawer/native cart coexistence, repeated/failed cart requests, focus/scroll/modal transitions, localized native/AJAX carts and subscriptions, short/mobile viewports and editor lifecycle. Drawer has no own configurable reward/add-on blocks; none invented.",Batch 4 individual source disposition. Evidence: validation/batch4-commerce-closure; cart-commerce.cjs; global-quick-view.cjs; Phase 3 shared-ui-tests.cjs. Explicit platform adapters; no live certification. Revalidation: batch8-product-purchase (21 affected suites). Existing family ownership and live queues retained. Revalidation: batch8-product-bundles.
assets,cart-shared,assets/cart-shared.css,4 Product / Commerce,,,,sections/main-cart.liquid;snippets/cart-drawer.liquid,N/A,SOURCE REVIEWED; schema-backed controls and native data contracts; live matrix queued,N/A — dependency; host configurations reviewed,SOURCE CSS/markup bounds reviewed; actual browser queued,SOURCE/Liquid/DOM review; native browser and assistive technology queued,Host-scoped identities/state reviewed in fixtures; global singleton explicitly retained where applicable,SOURCE/DOM lifecycle and editor attributes reviewed; actual Shopify editor queued,"CLI 4.8.0 exit 1, full baseline comparison retained; not clean certification",REQUIRES LIVE VERIFICATION,"Native removal links replace nested forms; line keys, subscription labels, escaped public properties/discounts and native quantity instructions. Subtotal/discount/total and tax notice use Shopify cart state; checkout submits cart edits. Add-ons require single variant and no required plan, with native minimum quantity; other choices link to PDP. Scoped wrap/focus/no-JS styling.","B4-FINAL, after Batch 9: Native line discounts/properties/subscription names, quantity rules/instructions and localized checkout/update/remove/add flows; add-on eligibility/settings, tax/currency display, no-JS responsive/accessibility acceptance.",Batch 4 individual source disposition. Evidence: validation/batch4-commerce-closure; cart-commerce.cjs. Explicit platform adapters; no live certification.
assets,featured-product-hero-banner,assets/featured-product-hero-banner.js,2 Hero / Banner / CTA,,,,sections/featured-product-hero-banner.liquid,N/A,SOURCE REVIEWED; live pending,DEFAULTS/LIQUID FIXTURE REVIEWED; live pending,SOURCE ONLY; live pending,SOURCE/DOM REVIEWED; live pending,DOM FIXTURE PASS,LOAD/UNLOAD FIXTURE PASS; live pending,REVIEWED; existing debt retained,REQUIRES LIVE VERIFICATION,"Progressive reveal, product/collection picker objects, exact variant availability/price and localized native form; disposable controller.","B2-HERO-MEDIA: responsive layouts, actual merchant data, media providers and real editor; product variants/selling plans/native and drawer cart.",Offline fixtures are not live Shopify certification.
assets,feeds-blogs,assets/feeds-blogs.js,3 Collection / Discovery,,,,sections/feeds-blogs.liquid,N/A,SOURCE CONSUMER CONTRACT REVIEWED; live pending,N/A — reviewed through consumer,SOURCE CSS/bounds/reduced-motion reviewed; live pending,SOURCE/DOM native links/forms/focus reviewed; live pending,ACTUAL LIQUID/DOM fixture pass; live pending,Controller unload/reload and source attributes reviewed; actual editor pending,CLI 4.8.0 compared in batch3-closure-batch4-card; existing debt retained,REQUIRES LIVE VERIFICATION,"Native blog/article/pagination contracts, safe shared cards, tagged preview/archive routing, settings/CTA/auxiliary-content controls, scoped bounds and disposable load-more; social SVG output source reviewed without changes.","B3-BLOG: after Batches 4–9; all settings/presets, five viewports, real data/currency/cart, keyboard/screen reader, no JS/reduced motion, multiple instances and actual editor lifecycle.",Source/fixture acceptance only. Live Shopify/browser acceptance remains queued. Other consumers retain individual host review in their assigned batches.
assets,feeds-products,assets/feeds-products.js,4 Product / Commerce,,,,sections/feeds-product-grid.liquid,N/A,SOURCE REVIEWED; schema-backed controls and native data contracts; live matrix queued,N/A — dependency; host configurations reviewed,SOURCE CSS/markup bounds reviewed; actual browser queued,SOURCE/Liquid/DOM review; native browser and assistive technology queued,Host-scoped identities/state reviewed in fixtures; global singleton explicitly retained where applicable,SOURCE/DOM lifecycle and editor attributes reviewed; actual Shopify editor queued,"CLI 4.8.0 exit 1, full baseline comparison retained; not clean certification",REQUIRES LIVE VERIFICATION,Localized collection Section Rendering owns sort/load-more/infinite pagination and saved card settings. Native GET/page links remain; failed/stale requests retain results. Existing collection filter link replaces inert toggle; per-instance/editor cleanup.,"B4-FINAL, after Batch 9: Actual collection sorting/pagination/filter links and Section Rendering, card settings, infinite/append errors, no-JS navigation, responsive carousel and editor acceptance.",Batch 4 individual source disposition. Evidence: validation/batch4-commerce-closure; product-feed-spotlight.cjs. Explicit platform adapters; no live certification.
assets,form-search,assets/form-search.js,6 Forms / Conversion,,,,sections/form-search.liquid,N/A,SOURCE/ACTUAL 91 Search/Finder preset/setting/scope cases plus filter/render/lifecycle matrix PASS,N/A; actual host presets exercised,"SOURCE bounded controls and suggestion grid/panel, zero spacing and sparse media, reduced motion; actual widths/RTL pending","SOURCE/DOM native GET/no-JS filters/labels, predictive-only combobox/dialog and real link focus, Escape/IME/error status and safe copy; AT pending","ACTUAL independent form hosts, dynamic resource scope/cancellation and coexistence with generic forms controller PASS","SOURCE/DOM visibility reachability, guidance for target/filter settings and request/listener reset/disposal PASS",CLI 4.8.0 exits 1: 514 diagnostics (7 errors/507 warnings); schema count and existing orphan-graph debt retained; changed native HTML parse PASS.,REQUIRES LIVE VERIFICATION,"Optional price-band shortcuts populate native min/max GET controls; strict supported decimal/range parsing, invalid band exclusion, zero/open/inclusive-range/under-bound cases, cross-bound validity, reset and per-host editor disposal. Native filter inputs remain complete without JS.","B6-SEARCH after Batch 9: actual saved hosts/presets and localized/custom target GET; Shopify Search & Discovery category IDs/tag/price filter configuration and catalog values, shop/market currency and tax display; actual section-ID predictive API/scopes/per-source limits/collection-only fallback; 1440/1280/768/390/320px, RTL/contrast/keyboard/AT/no-JS and actual editor insertion/reordering/unload/reload.","tests/phase4/forms-search.cjs (91 preset/settings/scope cases plus native payload/result/price/lifecycle cases), existing content-search.cjs; validation/batch6-search. Explicit Liquid/DOM/money/image/request adapters, not native Shopify/filter/pixel certification. Both shared CSS assets remain pending; limited B5 controller dependency extension does not reopen its completed source review."
assets,form-waitlist,assets/form-waitlist.js,6 Forms / Conversion,,,,sections/form-waitlist.liquid,N/A,SOURCE/ACTUAL 51 Waitlist preset/setting cases plus independent native/custom/product identity cases PASS,N/A; actual host presets exercised,"SOURCE bounded controls/picker/card/split/inline, zero spacing and blank split media; actual widths/RTL pending","SOURCE/DOM native labelled email/select/consent and server errors, described help, no-JS native payloads, focus/status, explicit Customer marketing confirmation; AT pending","ACTUAL multiple waitlists, distinct bind modes, unrelated products/quick view, duplicate/ambiguous purchase owners and duplicate asset boot PASS","SOURCE/DOM missing-product guidance, viewport reachability, native content, unload/reload and listener disposal PASS",CLI 4.8.0 exits 1; 527 diagnostics (7 errors/520 warnings). Existing schema count and whole-project orphan graph debt retained; native HTML parse PASS.,REQUIRES LIVE VERIFICATION,"Idempotent product-specific binding with exact product page/ID/handle/URL and unique cart form ownership; excludes dialogs/unrelated/nested product forms; always-usable picker, no Ajax/global JSON guessing; replaces reserved context tags, preserves user choice on pageshow, reset/reload/disposal and shared captcha cancellation.","B6-WAITLIST after Batch 9: saved product pages/landing handles, published/deleted/large variant products and all_products limits; native Customer signup/captcha/errors/consent/storage/tag behavior (including existing subscribers), configured notification service and truthful merchant copy; custom endpoint/server captcha/consent/variant processing and actual restock delivery; responsive/RTL/contrast/keyboard/AT/no-JS and editor/lifecycle.","tests/phase4/forms-waitlist.cjs (51 preset/settings cases plus ownership/lifecycle/payload fixtures), forms-native.cjs, forms-controller.cjs; validation/batch6-waitlist. Explicit Liquid/DOM/native form adapters. Shopify Customer alone is marketing signup, not an implemented restock service. No-JS custom variant ID/consent work; native variant tag enrichment requires JS. Search and both CSS assets remain independently pending."
assets,forms-sections,assets/forms-sections.css,6 Forms / Conversion,,,,sections/3rd-party-bulk-ordering.liquid;sections/3rd-party-crm-lead-capture-form.liquid;sections/form-compact.liquid;sections/form-newsletter.liquid;sections/form-quote-full.liquid;sections/form-search.liquid;sections/form-support-request.liquid;sections/form-waitlist.liquid,N/A,SOURCE independent literal-consumer review; all ten actual host default/preset compositions in both asset orders PASS,N/A; real consumer preset markup exercised,"SOURCE bounded native controls/wrappers, no fixed field minimum, wrapping actions, logical spacing/text and split columns; pixels/RTL pending","SOURCE/DOM choice versus text control sizing, focus-visible, hidden metadata payload, reduced motion and forced-color native select fallback; actual browser/AT pending",ACTUAL 196 control/field checks; two asset orders and bidirectional form/CTA selector isolation PASS,SOURCE asset reinsertion/load-order independence; per-host stronger settings retain precedence; actual editor pending,CLI 4.8.0 exits 1: 514 diagnostics (7 errors/507 warnings); existing unsuppressed debt retained. Both stylesheets parse with PostCSS.,REQUIRES LIVE VERIFICATION,"Distinct actual form/CTA root scopes with low specificity; consolidated field/select rules, native select affordance, bounded wrapping/RTL geometry and forced-color fallback; native controls only receive text-input chrome, hidden metadata rows omitted without removing payload.","B6-STYLES / B6-FINAL after Batch 9: all eight saved form hosts and legacy Bulk/CRM consumers in mixed pages and both asset orders; 1440/1280/768/390/320px, RTL, zoom/long labels, real native controls, forced colors/contrast/keyboard/AT/no-JS and editor insertion/reordering/unload/reload. Existing native endpoint/provider/search/product queues remain.",tests/phase4/forms-styles.cjs; validation/batch6-forms-closure. Real rendered consumer selectors and JSDOM computed supported properties; CSS variables/media/layout pixels require browser acceptance. Bulk Ordering/CRM were independently pending at the Batch 6 checkpoint; both are now independently engineering-closed in Batch 7 (validation/batch7-lead-order-forms). B6 engineering closed with 20 live queued entries; no live certification.
assets,frontend-form-logic-form-sections,assets/frontend-form-logic-form-sections.js,6 Forms / Conversion,,,,sections/form-compact.liquid;sections/form-newsletter.liquid;sections/form-quote-full.liquid;sections/form-support-request.liquid,N/A,"SOURCE native/custom routing, fields, conditions, steps, captcha, attribution settings; host choices remain independently pending",N/A; five actual shared-host presets exercised,SOURCE native complete steps and visible challenge; browser/SDK layout pending,"SOURCE/DOM native validity, labelled controls, errors, focus, inert steps, complete no-JS and editor content; AT pending","ACTUAL duplicate legacy asset loads, scoped forms and shared SDK fixture PASS","ACTUAL unload/reload, cancellation, timer disposal and stale provider callback fixture PASS",CLI 4.8.0 exits 1; 605 diagnostics (9 errors/596 warnings). Existing project-graph limitation also reports the referenced new helper as orphaned; retained unsuppressed.,REQUIRES LIVE VERIFICATION,One idempotent scoped controller in both legacy asset entry points; native validation and real steps; exact-name conditional logic disables omitted payloads; preserved nonblank attribution; native Shopify captcha ownership; custom SDK shared/retryable with errors/expiry/deadlines/cancellation and requestSubmit re-entry. Global product selector guessing removed. B6-QUOTE-SUPPORT explicit custom destination prevents a user-configured form_type hidden field from selecting native captcha handling.,"B6-CONTROLLER after Batch 9: actual native Contact/Customer hCaptcha and error return; selected custom endpoint POST plus server token verification; multi-step keyboard/AT/no-JS, all saved consumers, SDK/CSP/provider errors/challenges/mobile widths, editor insertion/reordering/unload/reload and browser back navigation.",tests/phase4/forms-native.cjs and forms-controller.cjs; validation/batch6-form-controller. Explicit Shopify transport/DOM/provider adapters. No real submissions or endpoint/backend certification. Waitlist-specific inline variant controller and every host remain independently pending. Legacy source parity is regression-enforced.
assets,frontend-form-logic,assets/frontend-form-logic.js,6 Forms / Conversion,,,,sections/3rd-party-bulk-ordering.liquid;sections/3rd-party-crm-lead-capture-form.liquid;sections/call-to-action-newsletter-form.liquid;sections/call-to-action-quote-form.liquid;sections/form-waitlist.liquid,N/A,"SOURCE native/custom routing, fields, conditions, steps, captcha, attribution settings; host choices remain independently pending",N/A; five actual shared-host presets exercised,SOURCE native complete steps and visible challenge; browser/SDK layout pending,"SOURCE/DOM native validity, labelled controls, errors, focus, inert steps, complete no-JS and editor content; AT pending","ACTUAL duplicate legacy asset loads, scoped forms and shared SDK fixture PASS","ACTUAL unload/reload, cancellation, timer disposal and stale provider callback fixture PASS",CLI 4.8.0 exits 1; 605 diagnostics (9 errors/596 warnings). Existing project-graph limitation also reports the referenced new helper as orphaned; retained unsuppressed.,REQUIRES LIVE VERIFICATION,One idempotent scoped controller in both legacy asset entry points; native validation and real steps; exact-name conditional logic disables omitted payloads; preserved nonblank attribution; native Shopify captcha ownership; custom SDK shared/retryable with errors/expiry/deadlines/cancellation and requestSubmit re-entry. Global product selector guessing removed. B6-QUOTE-SUPPORT explicit custom destination prevents a user-configured form_type hidden field from selecting native captcha handling.,"B6-CONTROLLER after Batch 9: actual native Contact/Customer hCaptcha and error return; selected custom endpoint POST plus server token verification; multi-step keyboard/AT/no-JS, all saved consumers, SDK/CSP/provider errors/challenges/mobile widths, editor insertion/reordering/unload/reload and browser back navigation.",tests/phase4/forms-native.cjs and forms-controller.cjs; validation/batch6-form-controller. Explicit Shopify transport/DOM/provider adapters. No real submissions or endpoint/backend certification. At the shared-controller checkpoint the individual hosts were pending; Batch 6 and the Bulk Ordering/CRM Batch 7 hosts now have independent engineering dispositions. Legacy source parity is regression-enforced.
assets,global-popup,assets/global-popup.js,1 Global / Structural,,,,layout/theme.liquid,N/A,Source contract considered; runtime settings matrix pending,N/A — reviewed through consumer,CSS source breakpoints/overflow considered; visual matrix pending,Names/labels/focus considered; see Batch 1 findings and tests,Fixture PASS,Preserved or consumer-dependent; live editor check queued,YES — Batch 1 report,REQUIRES LIVE VERIFICATION,Batch 1 local hardening; see engineering report,B1-VISUAL: 1440/1280/768/390/320px; long labels; populated/empty; real editor and integrations,Source/mechanism evidence does not certify visual release readiness. Detailed Batch 1 scope in engineering report.
assets,grid-banner,assets/grid-banner.js,2 Hero / Banner / CTA,,,,sections/grid-banner.liquid,N/A,SOURCE REVIEWED; live pending,N/A,SOURCE ONLY; live pending,SOURCE/DOM REVIEWED; live pending,ACTUAL LIQUID/DOM FIXTURE PASS,GRID MEDIA UNLOAD/DELEGATED EVENTS TESTED; live pending,CLI 4.8.0 BASELINE COMPARISON PASS; existing debt retained,REQUIRES LIVE VERIFICATION,"Single guarded delegated CTA listener; tracks only opted-in Grid Banner roots, including editor insertions; no references retained to removed sections.","B2-GRID-MODERN: all layouts/settings at 1440/1280/768/390/320px; real editor, long text, images/video, keyboard/screen reader, color contrast, CTA picker destinations and analytics consent integration.",Actual Liquid and mock DOM checks are not Shopify runtime or rendered browser acceptance.
assets,header-five,assets/header-five.css,1 Global / Structural,,,,sections/header-five.liquid,N/A,Source contract considered; runtime settings matrix pending,N/A — reviewed through consumer,CSS source breakpoints/overflow considered; visual matrix pending,Names/labels/focus considered; see Batch 1 findings and tests,Consumer trace; live check queued,Preserved or consumer-dependent; live editor check queued,YES — Batch 1 report,REQUIRES LIVE VERIFICATION,No source change; preserved existing behavior,B1-VISUAL: 1440/1280/768/390/320px; long labels; populated/empty; real editor and integrations,Source/mechanism evidence does not certify visual release readiness. Detailed Batch 1 scope in engineering report.
assets,header-five,assets/header-five.js,1 Global / Structural,,,,sections/header-five.liquid,N/A,Source contract considered; runtime settings matrix pending,N/A — reviewed through consumer,CSS source breakpoints/overflow considered; visual matrix pending,Names/labels/focus considered; see Batch 1 findings and tests,Fixture PASS,Lifecycle fixture PASS,YES — Batch 1 report,REQUIRES LIVE VERIFICATION,Batch 1 local hardening; see engineering report,B1-VISUAL: 1440/1280/768/390/320px; long labels; populated/empty; real editor and integrations,Source/mechanism evidence does not certify visual release readiness. Detailed Batch 1 scope in engineering report.
assets,header-four,assets/header-four.css,1 Global / Structural,,,,sections/header-four.liquid,N/A,Source contract considered; runtime settings matrix pending,N/A — reviewed through consumer,CSS source breakpoints/overflow considered; visual matrix pending,Names/labels/focus considered; see Batch 1 findings and tests,Fixture PASS,Preserved or consumer-dependent; live editor check queued,YES — Batch 1 report,REQUIRES LIVE VERIFICATION,Batch 1 local hardening; see engineering report,B1-VISUAL: 1440/1280/768/390/320px; long labels; populated/empty; real editor and integrations,Source/mechanism evidence does not certify visual release readiness. Detailed Batch 1 scope in engineering report.
assets,header-four,assets/header-four.js,1 Global / Structural,,,,sections/header-four.liquid,N/A,Source contract considered; runtime settings matrix pending,N/A — reviewed through consumer,CSS source breakpoints/overflow considered; visual matrix pending,Names/labels/focus considered; see Batch 1 findings and tests,Fixture PASS,Lifecycle fixture PASS,YES — Batch 1 report,REQUIRES LIVE VERIFICATION,Batch 1 local hardening; see engineering report,B1-VISUAL: 1440/1280/768/390/320px; long labels; populated/empty; real editor and integrations,Source/mechanism evidence does not certify visual release readiness. Detailed Batch 1 scope in engineering report.
assets,header-one,assets/header-one.js,1 Global / Structural,,,,sections/header-one.liquid,N/A,Source contract considered; runtime settings matrix pending,N/A — reviewed through consumer,CSS source breakpoints/overflow considered; visual matrix pending,Names/labels/focus considered; see Batch 1 findings and tests,Fixture PASS,Lifecycle fixture PASS,YES — Batch 1 report,REQUIRES LIVE VERIFICATION,Batch 1 local hardening; see engineering report,B1-VISUAL: 1440/1280/768/390/320px; long labels; populated/empty; real editor and integrations,Source/mechanism evidence does not certify visual release readiness. Detailed Batch 1 scope in engineering report.
assets,header-three,assets/header-three.css,1 Global / Structural,,,,sections/header-three.liquid,N/A,Source contract considered; runtime settings matrix pending,N/A — reviewed through consumer,CSS source breakpoints/overflow considered; visual matrix pending,Names/labels/focus considered; see Batch 1 findings and tests,Fixture PASS,Preserved or consumer-dependent; live editor check queued,YES — Batch 1 report,REQUIRES LIVE VERIFICATION,Batch 1 local hardening; see engineering report,B1-VISUAL: 1440/1280/768/390/320px; long labels; populated/empty; real editor and integrations,Source/mechanism evidence does not certify visual release readiness. Detailed Batch 1 scope in engineering report.
assets,header-three,assets/header-three.js,1 Global / Structural,,,,sections/header-three.liquid,N/A,Source contract considered; runtime settings matrix pending,N/A — reviewed through consumer,CSS source breakpoints/overflow considered; visual matrix pending,Names/labels/focus considered; see Batch 1 findings and tests,Fixture PASS,Lifecycle fixture PASS,YES — Batch 1 report,REQUIRES LIVE VERIFICATION,Batch 1 local hardening; see engineering report,B1-VISUAL: 1440/1280/768/390/320px; long labels; populated/empty; real editor and integrations,Source/mechanism evidence does not certify visual release readiness. Detailed Batch 1 scope in engineering report.
assets,header-two,assets/header-two.css,1 Global / Structural,,,,sections/header-two.liquid,N/A,Source contract considered; runtime settings matrix pending,N/A — reviewed through consumer,CSS source breakpoints/overflow considered; visual matrix pending,Names/labels/focus considered; see Batch 1 findings and tests,Consumer trace; live check queued,Preserved or consumer-dependent; live editor check queued,YES — Batch 1 report,REQUIRES LIVE VERIFICATION,No source change; preserved existing behavior,B1-VISUAL: 1440/1280/768/390/320px; long labels; populated/empty; real editor and integrations,Source/mechanism evidence does not certify visual release readiness. Detailed Batch 1 scope in engineering report.
assets,header-two,assets/header-two.js,1 Global / Structural,,,,sections/header-two.liquid,N/A,Source contract considered; runtime settings matrix pending,N/A — reviewed through consumer,CSS source breakpoints/overflow considered; visual matrix pending,Names/labels/focus considered; see Batch 1 findings and tests,Fixture PASS,Lifecycle fixture PASS,YES — Batch 1 report,REQUIRES LIVE VERIFICATION,Batch 1 local hardening; see engineering report B9-B: move drawer global listener registration out of repeated open-state updates; dispose legacy media-query subscription and cancel sticky animation frame/transient state on unload.,B1-VISUAL: 1440/1280/768/390/320px; long labels; populated/empty; real editor and integrations,"Source/mechanism evidence does not certify visual release readiness. Detailed Batch 1 scope in engineering report. B9-B actual two-preset lifecycle regression: 48 accumulating listeners reproduced before repair; bounded after repair, editor cleanup and existing header suites PASS."
assets,icons,assets/icons.svg,9 Snippet / Asset Closure,,,,sections/3rd-party-rewards-program-cta.liquid;snippets/cta-icon.liquid;snippets/q-icon.liquid,N/A,"SOURCE REVIEWED; canonical variable, asset and build ownership in B9-D",N/A — no own schema; existing consumer icon/default/preset fixtures PASS,SOURCE REVIEWED; opt-in surface/base rules and SVG viewBox/host sizing; native geometry queued,"SOURCE REVIEWED; inherited component foreground/rhythm, decorative SVG contracts and source integrity; actual contrast/AT queued",Stateless shared stylesheet/external sprite; scoped surface vars and no duplicate SVG IDs,No own JS/listeners; existing host lifecycle owns re-render; native CSS/font/asset refresh queued,Native strict Liquid/PostCSS/XML checks PASS; final unsuppressed Theme Check comparison required,REQUIRES LIVE VERIFICATION,"No byte change. GENERATED active sprite with 6,831 unique valid symbols; historical exporter/source absence documented.","B9-ASSETS: native Shopify CDN external SVG fragments/fallback images, current fonts/colors, nested contrast, section surfaces/main/password cascade, responsive/RTL/zoom and editor asset refresh. Existing consumer queues and separate 7,830 icon visual queue retained.","B9-D: docs/phase4/validation/batch9-d-static-assets/. Consumer/build/dynamic trace, SVG integrity and source contracts recorded. Preserve current sprite: historical input packs are absent; rebuilding icons is a separately scoped task. B9-FINAL: formally dispositioned for engineering; retained/live/owner-review limitations unchanged. Closure evidence: validation/batch9-engineering-closure/."
assets,interactive-content-cards,assets/interactive-content-cards.js,5 Content / Interactive,,,,sections/interactive-content-helper-cards.liquid,N/A,SOURCE/ACTUAL NATIVE HOST MATRIX; live pending,N/A; own host combinations exercised,SOURCE CSS bounds/selected columns and media-query adapters; browser pending,ACTUAL DOM link/control/ARIA/inert/focus fixtures; browser/AT pending,ACTUAL TWO-HOST/DUPLICATE-BOOT PASS,SOURCE block identities; disposable load/unload/reload and native editor fallback fixtures,"CLI 4.8.0 exit 1: 632 diagnostics, 16 errors/616 warnings; unchanged signatures, no suppression",REQUIRES LIVE VERIFICATION,"Scoped idempotent disposable flip controller; keyboard toggle/Escape, focus/inert/ARIA face ownership, hover safeguards, mobile stacked fallback and reduced-motion/editor complete content; duplicate boot, unload/reload and multiple-instance coverage.","B5-CARDS-PORTFOLIO after Batch 9: all actual saved settings/presets, grid/row/timeline/masonry, whole-card/RTE/CTA links, native media, long translated content and width extremes, flip hover/touch/keyboard/AT, RTL/reduced motion, and real editor insertion/reorder/unload/reload.",tests/phase4/cards-portfolio.cjs; validation/batch5-cards-portfolio. Native source and explicit DOM/media-query/image adapters; no Shopify/browser certification. B5-FINAL engineering closure 2026-09-21; accumulated live acceptance remains queued after Batch 9.
assets,interactive-content-carousel-media,assets/interactive-content-carousel-media.css,5 Content / Interactive,,,,sections/interactive-content-helper-carousel-media-logos.liquid,N/A,"SOURCE/actual Liquid settings, select options and range endpoints reviewed; live matrix queued",HOST PRESET FIXTURES; no standalone preset,SOURCE CSS geometry/bounds/long-text review; browser pending,"SOURCE/Liquid/DOM focus, pause, keyboard and semantic repairs; actual assistive technology pending",Actual three-host fixture PASS; explicit controller ownership,DOM duplicate boot/block select/unload/reload PASS where applicable; actual editor pending,"CLI 4.8.0 evidence: exit 1, 639 diagnostics; existing debt retained",REQUIRES LIVE VERIFICATION,"Individual logo/media CSS review: min logo width and arrow inset now consumed; real mobile peek, bounded padding, controls below mobile content and gutters only while enhanced/overflowing. Native scroll/focus, hidden controls, persistent pause, RTL and reduced motion.","B5-CAROUSELS after Batch 9: Each host/preset/settings separately at 1440/1280/768/390/320px; real media providers/embeds, native scroll/RTL, keyboard/screen readers/contrast, reduced motion, new and saved blocks, multiple instances and real editor insertion/reordering/unload/reload.",tests/phase4/content-carousels.cjs plus complete Phase 3/4 suites. Explicit Liquid/DOM/geometry/media adapters; no live browser/Shopify certification. Other gallery/text-carousel hosts remain NOT REVIEWED. B5-FINAL engineering closure 2026-09-21; accumulated live acceptance remains queued after Batch 9.
assets,interactive-content-carousel-media,assets/interactive-content-carousel-media.js,5 Content / Interactive,,,,blocks/content-testimonials-slider.liquid;layout/theme.liquid;sections/featured-content-testimonial-highlight.liquid;sections/interactive-content-helper-carousel-media-logos.liquid;sections/interactive-content-helper-carousel-testimonials.liquid;sections/interactive-content-helper-media-gallery.liquid;sections/interactive-content-helper-text-carousel.liquid,N/A,"SOURCE/actual Liquid settings, select options and range endpoints reviewed; live matrix queued",HOST PRESET FIXTURES; no standalone preset,SOURCE CSS geometry/bounds/long-text review; browser pending,"SOURCE/Liquid/DOM focus, pause, keyboard and semantic repairs; actual assistive technology pending",Actual three-host fixture PASS; explicit controller ownership,DOM duplicate boot/block select/unload/reload PASS where applicable; actual editor pending,"CLI 4.8.0 evidence: exit 1, 639 diagnostics; existing debt retained",REQUIRES LIVE VERIFICATION,"Explicit opt-in shared controller; measures actual host slide/gap/viewport rather than importing logo settings. Clamped/RTL pages, native-control key ownership, edge state and manual announcements. One mount per host, persistent pause plus focus/hover/visibility/reduced-motion/offscreen constraints; deferred media cleanup, resize pagination focus and editor unload/reload. Gallery and Text Carousel now opt in through individual host adapters; explicit data-announce=false honors the text host setting without changing other host defaults. B8 Collection Carousel now composes with the existing engine; ownership stays in its prior family. Scoped Theme Block mutation insertion/removal/reorder support, design-mode rotation pause, intersection/hidden-root gating and optional translated page/rotation labels added. Existing section carousel and gallery/text consumers pass unchanged regression assertions; their source files remain byte-identical. Each removed block disposes timers, listeners, motion handlers and resize/intersection observers. No source change in this checkpoint. Actual Product Carousel composition passes two-root measured/clamped RTL page navigation and intersection/persistent pause fixtures alongside Collection Carousel and prior section/gallery-text suites. Original ownership retained. New Testimonials Slider consumer traced to existing shared engine; actual native block fixtures exercise measured LTR/RTL pages, persistent pause, focus restoration, deferred video cleanup, mutation/editor lifecycle. No controller source change or Family 5 ownership transfer.","B5-CAROUSELS after Batch 9: Each host/preset/settings separately at 1440/1280/768/390/320px; real media providers/embeds, native scroll/RTL, keyboard/screen readers/contrast, reduced motion, new and saved blocks, multiple instances and real editor insertion/reordering/unload/reload.",tests/phase4/content-carousels.cjs plus complete Phase 3/4 suites. Explicit Liquid/DOM/geometry/media adapters; no live browser/Shopify certification. Other gallery/text-carousel hosts remain NOT REVIEWED. Additional host coverage: tests/phase4/gallery-text-carousel.cjs; previous three host fixtures repeated. B5-FINAL engineering closure 2026-09-21; accumulated live acceptance remains queued after Batch 9. Revalidation: batch8-collection-discovery. Revalidation: batch8-product-discovery. Revalidation: batch8-reviews-ugc.
assets,interactive-content-carousel-testimonials,assets/interactive-content-carousel-testimonials.css,5 Content / Interactive,,,,sections/interactive-content-helper-carousel-testimonials.liquid,N/A,"SOURCE/actual Liquid settings, select options and range endpoints reviewed; live matrix queued",HOST PRESET FIXTURES; no standalone preset,SOURCE CSS geometry/bounds/long-text review; browser pending,"SOURCE/Liquid/DOM focus, pause, keyboard and semantic repairs; actual assistive technology pending",Actual three-host fixture PASS; explicit controller ownership,DOM duplicate boot/block select/unload/reload PASS where applicable; actual editor pending,"CLI 4.8.0 evidence: exit 1, 639 diagnostics; existing debt retained",REQUIRES LIVE VERIFICATION,"Individual testimonial CSS review: per-view/mobile peek geometry, active-only desktop gutters, mobile controls below content, obsolete non-rendered card selector removed; existing shared-card tokens retained. Focus, hidden controls, persistent pause, RTL and reduced motion.","B5-CAROUSELS after Batch 9: Each host/preset/settings separately at 1440/1280/768/390/320px; real media providers/embeds, native scroll/RTL, keyboard/screen readers/contrast, reduced motion, new and saved blocks, multiple instances and real editor insertion/reordering/unload/reload.",tests/phase4/content-carousels.cjs plus complete Phase 3/4 suites. Explicit Liquid/DOM/geometry/media adapters; no live browser/Shopify certification. Other gallery/text-carousel hosts remain NOT REVIEWED. B5-FINAL engineering closure 2026-09-21; accumulated live acceptance remains queued after Batch 9.
assets,interactive-content-carousel-testimonials,assets/interactive-content-carousel-testimonials.js,5 Content / Interactive,,,,sections/interactive-content-helper-carousel-testimonials.liquid,N/A,"SOURCE/actual Liquid settings, select options and range endpoints reviewed; live matrix queued",HOST PRESET FIXTURES; no standalone preset,SOURCE CSS geometry/bounds/long-text review; browser pending,"SOURCE/Liquid/DOM focus, pause, keyboard and semantic repairs; actual assistive technology pending",Actual three-host fixture PASS; explicit controller ownership,DOM duplicate boot/block select/unload/reload PASS where applicable; actual editor pending,"CLI 4.8.0 evidence: exit 1, 639 diagnostics; existing debt retained",REQUIRES LIVE VERIFICATION,Existing active compatibility entry point delegates to the real shared scan API. Unconsumed pause/scan events and duplicate listeners removed; canonical engine owns lifecycle.,"B5-CAROUSELS after Batch 9: Each host/preset/settings separately at 1440/1280/768/390/320px; real media providers/embeds, native scroll/RTL, keyboard/screen readers/contrast, reduced motion, new and saved blocks, multiple instances and real editor insertion/reordering/unload/reload.",tests/phase4/content-carousels.cjs plus complete Phase 3/4 suites. Explicit Liquid/DOM/geometry/media adapters; no live browser/Shopify certification. Other gallery/text-carousel hosts remain NOT REVIEWED. B5-FINAL engineering closure 2026-09-21; accumulated live acceptance remains queued after Batch 9.
assets,interactive-content-countdown,assets/interactive-content-countdown.js,5 Content / Interactive,,,,layout/theme.liquid;sections/interactive-content-helper-countdown-and-progress.liquid,N/A,SOURCE/ACTUAL all modes/selects/range endpoints/false/zero/calendar matrix; live pending,N/A; host settings exercised,SOURCE bounded grids/padding/typography/radius/RTL connectors; live pending,SOURCE/DOM native progress/current step/date fallback/escaped labels/focus; AT pending,"ACTUAL two-root, duplicate boot, independent timer fixture PASS",SOURCE empty/error guidance; expired visibility; unload/reload/disposal adapters PASS,"CLI 4.8.0 exits 1; 631 diagnostics (16 errors/615 warnings), no added signatures; existing debt retained",REQUIRES LIVE VERIFICATION,"Strict calendar/time/epoch validation; native no-JS date and step connectors; clamped numeric progress and step index; valid scoped CSS, escaped plain text, hidden seconds. Scoped timer pauses while hidden, stops at exact expiry, remains editable and disposes fully. B8 product utility integration: retains Batch 5 ownership and existing section contract, with optional explicit start-epoch/native-progress updates and caller-provided neutral expiry fallback. Blocks reuse the original exact-boundary timers/visibility/disposal; original countdown-progress regression and new actual block compositions pass. No section source changes.","B5-COUNTDOWN-PROGRESS after Batch 9: Shopify store/UTC deadline parsing, leap dates/DST/cache and customer clock; all modes/settings/presets/no-JS, widths/RTL/contrast/keyboard/AT; editor insertion/removal/reload and expired/invalid states.",tests/phase4/countdown-progress.cjs; validation/batch5-countdown-progress. Actual Liquid source with explicit LiquidJS/DOM clock adapters; no Shopify timezone/DST or live certification. Display does not schedule discounts. B5-FINAL engineering closure 2026-09-21; accumulated live acceptance remains queued after Batch 9. Revalidation: batch8-product-utilities.
assets,interactive-content-gallery,assets/interactive-content-gallery.css,5 Content / Interactive,,,,sections/interactive-content-helper-media-gallery.liquid,N/A,SOURCE/actual Liquid all select options and range endpoints; live matrix queued,HOST PRESET FIXTURES; no standalone preset,"SOURCE CSS bounds, settings and long-content review; actual browser pending","SOURCE/Liquid/DOM native controls, dialog/focus, pause and keyboard; actual assistive technology pending",Actual mixed-gallery/text instances fixture PASS; explicit shared ownership,DOM duplicate/select/unload/reload where applicable PASS; native ticker static editor CSS reviewed; actual editor pending,CLI 4.8.0 exit 1; 637 diagnostics; existing settings-count warnings retained,REQUIRES LIVE VERIFICATION,"Column counts are bounded maxima with minimum card-width safety; masonry/grid/single/carousel and all accordion panels remain contained. One consistent breakpoint set, scoped ratio/width utilities, accessible hover/touch captions, native dialog layout, image fit, controls/focus and reduced motion.","B5-GALLERY-TEXT after Batch 9: each host/preset/layout/settings independently at 1440/1280/768/390/320px; native image dialog/keyboard/screen readers/modal handoff, carousel/ticker touch/RTL/reduced motion/pause, real image fit/captions/long translations, all accordion panels and actual editor lifecycle.",tests/phase4/gallery-text-carousel.cjs plus all Phase 3/completed Phase 4 suites. Explicit Liquid/DOM/geometry/dialog adapters; CSS animations/native dialog/Shopify acceptance are not certified. B5-FINAL engineering closure 2026-09-21; accumulated live acceptance remains queued after Batch 9.
assets,interactive-content-gallery,assets/interactive-content-gallery.js,5 Content / Interactive,,,,sections/interactive-content-helper-media-gallery.liquid,N/A,SOURCE/actual Liquid all select options and range endpoints; live matrix queued,HOST PRESET FIXTURES; no standalone preset,"SOURCE CSS bounds, settings and long-content review; actual browser pending","SOURCE/Liquid/DOM native controls, dialog/focus, pause and keyboard; actual assistive technology pending",Actual mixed-gallery/text instances fixture PASS; explicit shared ownership,DOM duplicate/select/unload/reload where applicable PASS; native ticker static editor CSS reviewed; actual editor pending,CLI 4.8.0 exit 1; 637 diagnostics; existing settings-count warnings retained,REQUIRES LIVE VERIFICATION,"Scoped gallery accordion and native image dialog controller with duplicate/editor guard and abortable listeners. Existing carousel is delegated to shared engine, removing competing fallback. Keyboard/edge/loop/image state, focus return, existing cart/Quick View modal handoff, editor selection and close/unload/reload covered.","B5-GALLERY-TEXT after Batch 9: each host/preset/layout/settings independently at 1440/1280/768/390/320px; native image dialog/keyboard/screen readers/modal handoff, carousel/ticker touch/RTL/reduced motion/pause, real image fit/captions/long translations, all accordion panels and actual editor lifecycle.",tests/phase4/gallery-text-carousel.cjs plus all Phase 3/completed Phase 4 suites. Explicit Liquid/DOM/geometry/dialog adapters; CSS animations/native dialog/Shopify acceptance are not certified. B5-FINAL engineering closure 2026-09-21; accumulated live acceptance remains queued after Batch 9.
assets,interactive-content-search,assets/interactive-content-search.js,5 Content / Interactive,,,,sections/form-search.liquid;sections/interactive-content-helper-predictive-search.liquid,N/A,"SOURCE/ACTUAL four scopes x four layouts, selects/ranges/false/zero/collection matrix; live pending",N/A; host settings exercised,SOURCE bounded grids/padding/panel/typography and reduced motion; live pending,SOURCE/DOM input combobox/dialog with native interactive results; real focus/Tab/arrows/Escape and fallback; AT pending,ACTUAL two independent hosts/native section IDs/stale request fixtures PASS,SOURCE/DOM abortable load/unload/reload and stale completion cleanup PASS,"CLI 4.8.0 exits 1; 627 diagnostics (16 errors/611 warnings), four warnings removed, no added signatures; debt retained",REQUIRES LIVE VERIFICATION,"Native section-ID/locale API request, one comma-separated types argument and valid 10-per-type cap; correct scope/zero-group/collection empty counts; native typed form/query links, escaped labels/URLs. Scoped real-focus keyboard, IME, races/abort/timeout, optional validated storage and editor disposal. B6-SEARCH consumer extension: optional resource-scope selector cancels/reissues requests, collection-only suggestion scope and dynamic full-results link; existing B5 host behavior/regression retained.","B5-CONTENT-SEARCH after Batch 9: actual dynamic section IDs/settings on predictive endpoint, all layouts/limits/scopes/collection membership/variant media and native full search; locale/currency/no-JS/unsupported language/throttling; widths/RTL/AT/keyboards and real editor lifecycle.","tests/phase4/content-search.cjs plus unchanged shared search-contracts suite; validation/batch5-content-search. Native Shopify/Liquid/DOM response adapters; API/settings inheritance and assistive technology remain unverified live. Collection filters returned product suggestions only, not full search. B5-FINAL engineering closure 2026-09-21; accumulated live acceptance remains queued after Batch 9. B6-SEARCH native Search/Finder consumer and existing content-search.cjs pass; no repeated B5 source review. Earlier live queues retained."
assets,interactive-content-showcase,assets/interactive-content-showcase.js,5 Content / Interactive,,,,sections/interactive-content-helper-3d-tour-media-showcase.liquid,N/A,SOURCE/ACTUAL HOST SETTINGS MATRIX; live pending,N/A; host settings exercised,SOURCE CSS bounds/aspect/columns; actual WebGL/browser pending,SOURCE/DOM labels/links/fallback/focus; AT and model interaction pending,ACTUAL TWO-HOST/DUPLICATE-BOOT/DEPENDENCY-REQUEST FIXTURE PASS,SOURCE block identities; unload/reload/stale callbacks/observer cleanup adapters,"CLI 4.8.0 exit 1: 631 diagnostics, 16 errors/615 warnings; no added signatures; existing debt retained",REQUIRES LIVE VERIFICATION,Lazy singleton module loading; progress-event UI and load/error/timeout fallback; scoped motion/visibility/editor cleanup and stale completion protection; separate runtime registration avoids native commerce media collision.,"B5-LOCATION-SHOWCASE after Batch 9: actual location settings/content/contact links/colors; all poster/gallery/model layouts, GLB/USDZ/model decoder networks/CSP, GPU/WebGL/AR and native product-media coexistence; widths/RTL/keyboard/AT/reduced motion and actual editor lifecycle.",tests/phase4/location-showcase.cjs; validation/batch5-location-showcase; docs/vendor/model-viewer. Explicit DOM/model-event adapters; no actual 3D rendering or Shopify/browser certification. B5-FINAL engineering closure 2026-09-21; accumulated live acceptance remains queued after Batch 9.
assets,interactive-content-stats,assets/interactive-content-stats.js,5 Content / Interactive,,,,blocks/content-stats-counter.liquid;sections/interactive-content-helper-stats-strip.liquid,N/A,REVIEWED; actual host and block matrix,N/A; host fixture covered,SOURCE BOUNDS/SETTING OUTPUT; live pending,SOURCE/DOM; focus/content/progress/stable values,ACTUAL LIQUID TWO-INSTANCE PASS,EMPTY/COUNTER LOAD/UNLOAD/RELOAD FIXTURES PASS,CLI 4.8.0 632 diagnostics; unchanged signatures; existing debt retained,REQUIRES LIVE VERIFICATION,"Single-play native-text counter enhancement; strict unambiguous numeric formatting and exact final strings; reduced-motion/visibility/editor fallback, observer/RAF cancellation, duplicate/multiple-host lifecycle. Batch 8 consumer extension: explicit root editor gating and mutation insertion/removal/reorder cleanup. Existing Stats Strip exact text/format/no-JS/RAF and section lifecycle regressions retained. Family 5 ownership preserved.","B5-SERVICES-STATS after Batch 9: host/block settings and saved presets; responsive long content and progress, real media/sprite/color contrast, keyboard/screen readers, reduced motion/viewport/visibility, and editor insertion/reorder/unload/reload.",Actual Liquid/DOM with explicit native image and animation/observer adapters; no Shopify/browser certification. Count-up is presentation only; native exact text remains authoritative. B5-FINAL engineering closure 2026-09-21; accumulated live acceptance remains queued after Batch 9. Revalidation: batch8-motion-counters.
assets,interactive-content-tabs,assets/interactive-content-tabs.js,5 Content / Interactive,,,,sections/interactive-content-helper-tabs-accordion.liquid,N/A,REVIEWED; actual host option/checkbox/range matrix,REVIEWED; native preset fixture and empty insertion,SOURCE CSS/breakpoint modes and bounds; live geometry queued,"NATIVE/DOM disclosure, tabs, keyboard, focus and current location",PASS; actual hosts and duplicate boot,PASS fixtures; selection/load/unload/reload; real editor queued,CLI 4.8.0 exit 1; 632 diagnostics; comparison retained,REQUIRES LIVE VERIFICATION,"Single native disclosure content tree for all desktop/mobile modes; escaped labels and collision-safe native anchors; scoped styles, keyboard/RTL/focus and settings. No initialization hash writes; no stale animation timers; disposable per-root editor lifecycle.","B5-TABS-TOC after Batch 9: actual saved settings/blocks/presets, native disclosure/tab semantics and keyboard/screen readers, deep links and browser history, Unicode/long content and 1440/1280/768/390/320px, RTL/reduced motion/no JS, sticky containing layout and editor lifecycle.","Actual Liquid/DOM fixtures with explicit platform adapters, not Shopify or browser certification. Preserved all settings and merchant state. B5-FINAL engineering closure 2026-09-21; accumulated live acceptance remains queued after Batch 9."
assets,interactive-content-timeline,assets/interactive-content-timeline.js,5 Content / Interactive,,,,sections/interactive-content-helper-story-timeline.liquid,N/A,REVIEWED; actual host/block matrix and explicit false controls,N/A; actual host fixtures,SOURCE BOUNDS/MEASURED RAIL ADAPTER; live pending,"SOURCE/DOM; biography access, names/media/keyboard/focus",ACTUAL LIQUID TWO-INSTANCE PASS,LOAD/UNLOAD/RELOAD/SELECTION FIXTURES PASS,CLI 4.8.0 632 diagnostics; unchanged signatures; existing debt retained,REQUIRES LIVE VERIFICATION,Measured relative one-milestone targets bounded by native max scroll; keyboard/RTL/reduced-motion and responsive control states; duplicate/multiple-host/editor unload/reload/selection cleanup. Native overflow retained without JS.,"B5-PEOPLE-TIMELINE after Batch 9: real saved team/timeline presets and all settings; featured/solo/grid bios and media; width/minimum-card limits and timeline layouts at responsive extremes; RTL/native scrolling, colors/contrast, keyboard/screen readers, reduced motion and editor lifecycle.",Actual host sources and explicit image/DOM/measurement adapters. No live Shopify/browser certification. Shared purchase controllers unchanged. B5-FINAL engineering closure 2026-09-21; accumulated live acceptance remains queued after Batch 9.
assets,interactive-content-toc,assets/interactive-content-toc.js,5 Content / Interactive,,,,sections/interactive-content-helper-toc-page-nav.liquid,N/A,REVIEWED; actual host option/checkbox/range matrix,REVIEWED; native preset fixture and empty insertion,SOURCE CSS/breakpoint modes and bounds; live geometry queued,"NATIVE/DOM disclosure, tabs, keyboard, focus and current location",PASS; actual hosts and duplicate boot,PASS fixtures; selection/load/unload/reload; real editor queued,CLI 4.8.0 exit 1; 632 diagnostics; comparison retained,REQUIRES LIVE VERIFICATION,"Manual native links/valid-item guard, escaped labels and encoded anchors; working desktop/mobile disclosure; optional Unicode heading scan excluding non-content regions; stable active-location semantics, reduced-motion scroll/focus and disposable editor refresh.","B5-TABS-TOC after Batch 9: actual saved settings/blocks/presets, native disclosure/tab semantics and keyboard/screen readers, deep links and browser history, Unicode/long content and 1440/1280/768/390/320px, RTL/reduced motion/no JS, sticky containing layout and editor lifecycle.","Actual Liquid/DOM fixtures with explicit platform adapters, not Shopify or browser certification. Preserved all settings and merchant state. B5-FINAL engineering closure 2026-09-21; accumulated live acceptance remains queued after Batch 9."
assets,main-collection-classic,assets/main-collection-classic.css,3 Collection / Discovery,,,,,N/A,RETAINED CONTRACT SOURCE REVIEWED; no active host,N/A — dormant compatibility source,SCOPED SOURCE CSS reviewed; future host acceptance required,NATIVE CONTRACT/DOM fixture reviewed; future host acceptance required,Scoped IDs/native forms/disposable controller contract reviewed; no active host,Dormant controller unload/reload fixture; no activation approval,CLI 4.8.0 compared in batch3-closure-batch4-card; existing debt retained,RETAINED — DORMANT SOURCE REVIEWED,Native localized filter/sort/cart contracts; correct price units and result counts; scoped IDs/form ownership; source settings and card media/variant/subscription behavior; disposable pagination/drawer/quick-view controls.,No active root loader found. Future host activation requires full settings/visual/editor/commerce acceptance; retained architecture is not runtime certification.,"Literal and dynamic dependency trace: legacy JS can request protected Quick View and load the shared controller, but has no active repository loader. Simple host is excluded from legacy JS/CSS. Compatibility sources retained. No deletion or activation authorized."
assets,main-product-modern,assets/main-product-modern.css,4 Product / Commerce,,,,,N/A,N/A — no active repository host,N/A,DORMANT source reviewed; no runtime acceptance claimed,DORMANT source reviewed; no runtime acceptance claimed,N/A — no active repository host,N/A — no active repository host,Retained; CLI 4.8.0 evidence recorded,RETAINED — DORMANT SOURCE REVIEWED,No mutation. Source and literal asset/root-selector trace reviewed; no active repository consumer.,None while dormant; review all contracts before any future reactivation.,Protected Modern Variant uses its own current Liquid/opt-in helpers; these older q-pdp-modern/q-modern assets have no matching repository host or asset include. Retained without deletion or reactivation. Batch 4 closure regression: all seven Phase 3 and 46 Phase 4 suites pass; original individual host/live obligations retained.
assets,main-product-modern,assets/main-product-modern.js,4 Product / Commerce,,,,,N/A,N/A — no active repository host,N/A,DORMANT source reviewed; no runtime acceptance claimed,DORMANT source reviewed; no runtime acceptance claimed,N/A — no active repository host,N/A — no active repository host,Retained; CLI 4.8.0 evidence recorded,RETAINED — DORMANT SOURCE REVIEWED,No mutation. Source and literal asset/root-selector trace reviewed; no active repository consumer.,None while dormant; review all contracts before any future reactivation.,Protected Modern Variant uses its own current Liquid/opt-in helpers; these older q-pdp-modern/q-modern assets have no matching repository host or asset include. Retained without deletion or reactivation. Batch 4 closure regression: all seven Phase 3 and 46 Phase 4 suites pass; original individual host/live obligations retained.
assets,maps-locator,assets/maps-locator.css,7 Social / Third Party / Utilities,,,,snippets/maps-locator-engine.liquid,N/A,Independent source + 172 actual map/native-list/settings/edge/runtime cases PASS,Neutral new-insertion locations; actual empty/configured/editor states PASS,"SOURCE actual tokens, bounded map/list/contacts/overlays, logical layout and zero bounds; browser pending","SOURCE/DOM native location links/labels, noninteractive iframe inertness, scoped focus/contrast and reduced motion PASS; AT pending","ACTUAL shared API loader, independent filters, delayed response/unload/reload and failure fallback PASS","Native block identity, blank-block guidance, editor-only labelled pin preview, disposal/reload PASS; real editor pending","Unmodified Shopify CLI 4.8.0 exit 1; batch7-maps evidence; native parse PASS B7-FINAL full CLI 4.8.0 exits 1: 499 total (5 errors/494 warnings), 0 errors/18 retained warnings in Family 7; unsuppressed.",REQUIRES LIVE VERIFICATION,"Removed invented location defaults; corrected encoded native destinations/coordinate validation, scoped map/contact/overlay styling and native tokens. Consolidated locator onto existing helper/CSS/JS with complete no-JS cards, one optional provider loader, failure-to-list fallback, exact normalized filters, valid zero coordinates, disposable markers and editor-only preview.","B7-MAPS after Batch 9: real saved locations/coverage/contact/hours, native iframe permissions/titles/interactivity, Google API key restrictions/billing/network/consent/marker support, directions and provider keyboard/AT, dark/custom themes, responsive/RTL/zoom/no-JS, multiple roots and real editor lifecycle.","172 Liquid/DOM/CSS/coordinate/URL/explicit Google API adapter cases. No geocoding, distance search, carrier/coverage verification, or provider certification. Existing locator helpers had no consumers; now consolidated as the sole active host dependencies. B7-FINAL engineering closure 2026-09-22: all 75 family entries reconciled; final evidence validation/batch7-engineering-closure. Existing live queues remain after Batch 9."
assets,maps-locator,assets/maps-locator.js,7 Social / Third Party / Utilities,,,,snippets/maps-locator-engine.liquid,N/A,Independent source + 172 actual map/native-list/settings/edge/runtime cases PASS,Neutral new-insertion locations; actual empty/configured/editor states PASS,"SOURCE actual tokens, bounded map/list/contacts/overlays, logical layout and zero bounds; browser pending","SOURCE/DOM native location links/labels, noninteractive iframe inertness, scoped focus/contrast and reduced motion PASS; AT pending","ACTUAL shared API loader, independent filters, delayed response/unload/reload and failure fallback PASS","Native block identity, blank-block guidance, editor-only labelled pin preview, disposal/reload PASS; real editor pending","Unmodified Shopify CLI 4.8.0 exit 1; batch7-maps evidence; native parse PASS B7-FINAL full CLI 4.8.0 exits 1: 499 total (5 errors/494 warnings), 0 errors/18 retained warnings in Family 7; unsuppressed.",REQUIRES LIVE VERIFICATION,"Removed invented location defaults; corrected encoded native destinations/coordinate validation, scoped map/contact/overlay styling and native tokens. Consolidated locator onto existing helper/CSS/JS with complete no-JS cards, one optional provider loader, failure-to-list fallback, exact normalized filters, valid zero coordinates, disposable markers and editor-only preview.","B7-MAPS after Batch 9: real saved locations/coverage/contact/hours, native iframe permissions/titles/interactivity, Google API key restrictions/billing/network/consent/marker support, directions and provider keyboard/AT, dark/custom themes, responsive/RTL/zoom/no-JS, multiple roots and real editor lifecycle.","172 Liquid/DOM/CSS/coordinate/URL/explicit Google API adapter cases. No geocoding, distance search, carrier/coverage verification, or provider certification. Existing locator helpers had no consumers; now consolidated as the sole active host dependencies. B7-FINAL engineering closure 2026-09-22: all 75 family entries reconciled; final evidence validation/batch7-engineering-closure. Existing live queues remain after Batch 9."
assets,multipurpose-hero-banner,assets/multipurpose-hero-banner.css,2 Hero / Banner / CTA,,,,sections/multipurpose-hero-banner.liquid,N/A,Source setting contracts repaired; real editor matrix pending,Actual Liquid preset plus selected-product/empty-media fixtures; usable insertion copy,Source split/stack/position/width/long-content rules; real viewport acceptance pending,Inert inactive slides; current-slide/pause semantics; decorative media; screen-reader/contrast pending,Phase 3 two-instance fixture; scoped CSS selectors,Root and wrapper synthetic load/unload; active state/timer/media cleanup; real editor pending,Multipurpose validation report,REQUIRES LIVE VERIFICATION,"Restore gradient/fallback/layout/position/transition CSS contracts, scope styles, resolve product picker objects, guard empty media, add dimensions, restore usable preset, manage static/slideshow video playback and cleanup.","B2-MULTIPURPOSE: all layouts and overrides, 1440/1280/768/390/320px, long content, split stacking/reversal, panel contrast, actual YouTube/MP4, native editor block select/reorder, product/column associations.",Local engineering repairs verified by source/DOM/Liquid fixtures. Not visual or live-Shopify certification. Remaining batch components stay NOT REVIEWED.
assets,multipurpose-hero-banner,assets/multipurpose-hero-banner.js,2 Hero / Banner / CTA,,,,sections/multipurpose-hero-banner.liquid,N/A,Source setting contracts repaired; real editor matrix pending,Actual Liquid preset plus selected-product/empty-media fixtures; usable insertion copy,Source split/stack/position/width/long-content rules; real viewport acceptance pending,Inert inactive slides; current-slide/pause semantics; decorative media; screen-reader/contrast pending,Phase 3 two-instance fixture; scoped CSS selectors,Root and wrapper synthetic load/unload; active state/timer/media cleanup; real editor pending,Multipurpose validation report,REQUIRES LIVE VERIFICATION,"Restore gradient/fallback/layout/position/transition CSS contracts, scope styles, resolve product picker objects, guard empty media, add dimensions, restore usable preset, manage static/slideshow video playback and cleanup.","B2-MULTIPURPOSE: all layouts and overrides, 1440/1280/768/390/320px, long content, split stacking/reversal, panel contrast, actual YouTube/MP4, native editor block select/reorder, product/column associations.",Local engineering repairs verified by source/DOM/Liquid fixtures. Not visual or live-Shopify certification. Remaining batch components stay NOT REVIEWED.
assets,predictive-search,assets/predictive-search.css,1 Global / Structural,,,,layout/theme.liquid,N/A,SOURCE/ACTUAL LIQUID REVIEWED; live pending after Batch 9,N/A — reviewed through consumer,SOURCE ONLY; live pending after Batch 9,LIQUID/DOM REVIEWED; keyboard/screen reader live pending,ACTUAL LIQUID/DOM FIXTURE PASS,SOURCE/HOST FIXTURE PASS; real editor pending,CLI 4.8.0 BASELINE COMPARED; retained diagnostics documented,REQUIRES LIVE VERIFICATION,No source change; preserved existing behavior; Batch 3 shared search contract repairs,"B3-SEARCH plus original B1 queue, scheduled after Batches 4–9: actual requests/counts/pagination, all settings, five viewports, keyboard/screen reader, no-JS, multiple hosts and editor lifecycle.","All emitted predictive style variables have consumers; minimal/soft/outline/glass and list/compact/grid styles implemented. Scoped, wrapping and focus styles source-reviewed; actual geometry/contrast remains live."
assets,predictive-search,assets/predictive-search.js,1 Global / Structural,,,,layout/theme.liquid,N/A,SOURCE/ACTUAL LIQUID REVIEWED; live pending after Batch 9,N/A — reviewed through consumer,SOURCE ONLY; live pending after Batch 9,LIQUID/DOM REVIEWED; keyboard/screen reader live pending,ACTUAL LIQUID/DOM FIXTURE PASS,DISPOSAL/RELOAD FIXTURE PASS; real editor pending,CLI 4.8.0 BASELINE COMPARED; retained diagnostics documented,REQUIRES LIVE VERIFICATION,"No controller edit at this checkpoint; settings findings reopened by Main Search host review.; Batch 3 shared search contract repairs B8 composition revalidation: forwards native unavailable/prefix fields to view-all and supported availability to provider, retaining existing host defaults. Mutation lifecycle initializes inserted Theme Block hosts and aborts/removes detached instances; duplicate scripts/reorder/section reload remain idempotent. Existing shared search fixtures pass.","B3-SEARCH plus original B1 queue, scheduled after Batches 4–9: actual requests/counts/pagination, all settings, five viewports, keyboard/screen reader, no-JS, multiple hosts and editor lifecycle.","Display/source settings, decimal prices, per-type API limits, typed view-all, keyboard/IME and disposable request/editor lifecycle reviewed in actual-asset DOM fixtures. Reopened settings findings resolved. Revalidation: batch8-native-forms-information."
assets,product-bundles,assets/product-bundles.js,4 Product / Commerce,,,,sections/product-bundles.liquid,N/A,SOURCE REVIEWED; schema-backed controls and native data contracts; live matrix queued,N/A — dependency; host configurations reviewed,SOURCE CSS/markup bounds reviewed; actual browser queued,SOURCE/Liquid/DOM review; native browser and assistive technology queued,Host-scoped identities/state reviewed in fixtures; global singleton explicitly retained where applicable,SOURCE/DOM lifecycle and editor attributes reviewed; actual Shopify editor queued,"CLI 4.8.0 exit 1, full baseline comparison retained; not clean certification",REQUIRES LIVE VERIFICATION,"Native metaobject/product/variant sources and replace/append precedence; exact fixed-variant rows, unavailable/required-plan guards, normalized quantity rules and aggregate duplicate-ID limits. One localized multi-item add, in-flight guard and separate refresh failure. Existing money formats, truthful savings, native product links without JS.","B4-FINAL, after Batch 9: Native multi-item Shopify carts and partial/server errors; actual optional/required subscriptions and customer quantity rules, metaobjects, presentment currencies/rounding, all layouts and editor lifecycle. Displayed savings do not create discounts.",Batch 4 individual source disposition. Evidence: validation/batch4-commerce-closure; product-bundles.cjs. Explicit platform adapters; no live certification.
assets,product-content,assets/product-content.js,4 Product / Commerce,,,,sections/product-meta-panels.liquid;sections/product-story.liquid,N/A,SOURCE REVIEWED; schema-backed controls and native data contracts; live matrix queued,N/A — dependency; host configurations reviewed,SOURCE CSS/markup bounds reviewed; actual browser queued,SOURCE/Liquid/DOM review; native browser and assistive technology queued,Host-scoped identities/state reviewed in fixtures; global singleton explicitly retained where applicable,SOURCE/DOM lifecycle and editor attributes reviewed; actual Shopify editor queued,"CLI 4.8.0 exit 1, full baseline comparison retained; not clean certification",REQUIRES LIVE VERIFICATION,"Native metaobject fields/RTE/media and stack/split/manual precedence, media visibility/ratio/fit, text escaping and editor identities. Shared opt-in media pause/reduced-motion/unload and Meta Panels block selection. Inert expected-type input replaced with schema guidance; stored state untouched.","B4-FINAL, after Batch 9: Actual story metaobjects/files, timeline/manual/section media, settings/presets, native provider playback and autoplay policies, responsive and editor acceptance.",Batch 4 individual source disposition. Evidence: validation/batch4-commerce-closure; product-content-hosts.cjs. Explicit platform adapters; no live certification.
assets,product-gallery-options,assets/product-gallery-options.js,4 Product / Commerce,,,,sections/main-product-modern-variant.liquid;sections/main-product-simple.liquid,N/A,SOURCE + ACTUAL LIQUID/DOM FIXTURES; live pending,N/A; host fixtures reviewed,SOURCE CSS/layout/media review; live pending,SOURCE + DOM/focus/native-control fixtures; live pending,ACTUAL HOST/SCOPED DOM FIXTURE PASS,LOAD/UNLOAD/RELOAD FIXTURES; live pending,CLI 4.8.0: 655 diagnostics / 25 errors / 630 warnings; unsuppressed debt retained,REQUIRES LIVE VERIFICATION,Opt-in Simple/Modern gallery and option lifecycle extracted from their equivalent inline mechanisms; own validated variant data; sparse selection; image-only native modal; host-scoped cleanup. Both hosts individually tested.,B4-PRODUCT-HOSTS after Batch 9: real native/AJAX/accelerated carts; plans/currencies/quantity; actual media providers/model viewer; keyboard/screen reader/responsive/editor and persistence acceptance.,See batch4-product-hosts evidence. Source/fixture disposition only; each product host received its own settings/preset and commerce review. No Shopify/browser certification. Batch 4 closure regression: all seven Phase 3 and 46 Phase 4 suites pass; original individual host/live obligations retained.
assets,product-purchase-sync,assets/product-purchase-sync.js,4 Product / Commerce,,,,sections/main-product-classic.liquid;sections/main-product-compact.liquid;sections/main-product-master.liquid;sections/main-product-modern-variant.liquid;sections/main-product-simple.liquid;snippets/q-quick-view-host.liquid,N/A,SOURCE/CONTRACT REVIEWED; live pending,HOST CONTRACT FIXTURES PASS,SOURCE ONLY; live pending,SOURCE/DOM REVIEWED; live pending,ACTUAL LIQUID/DOM FIXTURE PASS,UNLOAD/RELOAD FIXTURE PASS; live pending,CLI 4.8.0 BASELINE COMPARISON PASS; existing debt retained,REQUIRES LIVE VERIFICATION,Root-owned data; exact variant and plan purchase state; all price copies; quantity guards; selected images; page-owned URL/back state; native submit guards; duplicate initialization and abortable editor lifecycle. Product hosts checkpoint: optional nested SKU hooks and opt-in media ID/variant-image metadata; Compact defaults and existing price/plan/quantity/URL behavior retained. Batch 4 follow-up: explicit dynamic-fragment boot/dispose methods; opt-in purchase URL isolation for global Quick View. Existing product-host defaults unchanged and all commerce regressions repeated.,B4-COMPACT-PURCHASE after Batches 4-9: actual variants/plans/prices/quantity/cart; media/geometry; keyboard and real editor; native no-JavaScript paths.,"All 46 suites pass, including Compact/Product Card and all seven Phase 3 suites. Opt-in media metadata does not change Compact image fallback. Batch 4 closure regression: all seven Phase 3 and 46 Phase 4 suites pass; original individual host/live obligations retained."
assets,product-recently-viewed,assets/product-recently-viewed.css,4 Product / Commerce,,,,sections/product-recently-viewed.liquid,N/A,SOURCE REVIEWED; schema-backed controls and native data contracts; live matrix queued,N/A — dependency; host configurations reviewed,SOURCE CSS/markup bounds reviewed; actual browser queued,SOURCE/Liquid/DOM review; native browser and assistive technology queued,Host-scoped identities/state reviewed in fixtures; global singleton explicitly retained where applicable,SOURCE/DOM lifecycle and editor attributes reviewed; actual Shopify editor queued,"CLI 4.8.0 exit 1, full baseline comparison retained; not clean certification",REQUIRES LIVE VERIFICATION,"Native section-instance card template replaces nonexistent renderer; localized requests preserve saved settings. Validated capped history with storage fallback; aborted stale/editor work, carousel bounds, explicit empty states.","B4-FINAL, after Batch 9: Real cross-page/session history and Shopify Section Rendering, all card settings, no-storage/empty products, responsive carousel, keyboard and editor lifecycle.",Batch 4 individual source disposition. Evidence: validation/batch4-commerce-closure; merchandising-requests.cjs. Explicit platform adapters; no live certification.
assets,product-recently-viewed,assets/product-recently-viewed.js,4 Product / Commerce,,,,sections/product-recently-viewed.liquid,N/A,SOURCE REVIEWED; schema-backed controls and native data contracts; live matrix queued,N/A — dependency; host configurations reviewed,SOURCE CSS/markup bounds reviewed; actual browser queued,SOURCE/Liquid/DOM review; native browser and assistive technology queued,Host-scoped identities/state reviewed in fixtures; global singleton explicitly retained where applicable,SOURCE/DOM lifecycle and editor attributes reviewed; actual Shopify editor queued,"CLI 4.8.0 exit 1, full baseline comparison retained; not clean certification",REQUIRES LIVE VERIFICATION,"Native section-instance card template replaces nonexistent renderer; localized requests preserve saved settings. Validated capped history with storage fallback; aborted stale/editor work, carousel bounds, explicit empty states.","B4-FINAL, after Batch 9: Real cross-page/session history and Shopify Section Rendering, all card settings, no-storage/empty products, responsive carousel, keyboard and editor lifecycle.",Batch 4 individual source disposition. Evidence: validation/batch4-commerce-closure; merchandising-requests.cjs. Explicit platform adapters; no live certification.
assets,product-recommend,assets/product-recommend.js,4 Product / Commerce,,,,sections/product-recommend.liquid,N/A,SOURCE REVIEWED; schema-backed controls and native data contracts; live matrix queued,N/A — dependency; host configurations reviewed,SOURCE CSS/markup bounds reviewed; actual browser queued,SOURCE/Liquid/DOM review; native browser and assistive technology queued,Host-scoped identities/state reviewed in fixtures; global singleton explicitly retained where applicable,SOURCE/DOM lifecycle and editor attributes reviewed; actual Shopify editor queued,"CLI 4.8.0 exit 1, full baseline comparison retained; not clean certification",REQUIRES LIVE VERIFICATION,"Native recommendations.performed? response and API limit 10; configured collection/manual fallbacks survive empty/failing requests. Scoped abortable requests, matching-instance replacement, manual editor identities and responsive columns.","B4-FINAL, after Batch 9: Actual Shopify recommendation availability/intent, all manual/collection/API settings, fallback and empty responses, multiple instances, responsive and editor acceptance.",Batch 4 individual source disposition. Evidence: validation/batch4-commerce-closure; merchandising-requests.cjs. Explicit platform adapters; no live certification.
assets,product-selling-plans,assets/product-selling-plans.js,4 Product / Commerce,,,,layout/theme.liquid;snippets/product-selling-plans.liquid;snippets/q-quick-view-host.liquid,N/A,SOURCE/CONTRACT REVIEWED; live pending,HOST CONTRACT FIXTURES PASS,SOURCE ONLY; live pending,SOURCE/DOM REVIEWED; live pending,ACTUAL LIQUID/DOM FIXTURE PASS,UNLOAD/RELOAD FIXTURE PASS; live pending,CLI 4.8.0 BASELINE COMPARISON PASS; existing debt retained,REQUIRES LIVE VERIFICATION,Cached validated data; compatible plan selection; state-change event for purchase hosts; invalid submission stopped before downstream cart listeners; singleton delegation and editor cache cleanup. Batch 4 follow-up: explicit dynamic-fragment boot/dispose methods; opt-in purchase URL isolation for global Quick View. Existing product-host defaults unchanged and all commerce regressions repeated.,B4-COMPACT-PURCHASE after Batches 4-9: actual variants/plans/prices/quantity/cart; media/geometry; keyboard and real editor; native no-JavaScript paths.,Source/fixture checkpoint only. Shared helper disposition does not approve every host; Classic and Master remain NOT REVIEWED. No live Shopify/browser certification. Batch 4 closure regression: all seven Phase 3 and 46 Phase 4 suites pass; original individual host/live obligations retained.
assets,product-slider,assets/product-slider.js,4 Product / Commerce,,,,sections/interactive-content-helper-product-slider.liquid,N/A,SOURCE/ACTUAL LIQUID settings and purchase contracts reviewed,N/A — retained dependency,SOURCE CSS bounds/controls reviewed; actual browser queued for active host,SOURCE/Liquid/DOM controls/focus/reduced-motion review; active live acceptance queued,Duplicate-load and independent-root fixtures PASS,Active slider load/unload/block selection fixture PASS; legacy is dormant global delegation,CLI 4.8.0 exit 1; debt/comparison retained,REQUIRES LIVE VERIFICATION,"Independent Product Slider review: bounded manual/collection count, related exclusion, escaped title/link, fixed opacity and font-token aliases, responsive slide counts. Existing arrows/dots/loop/autoplay now own scoped disposable controller with persistent pause, reduced motion, visibility, focus/hover and editor block selection; native shared product-card commerce unchanged.","B4-FINAL after Batch 9: all source/preset/style/card settings, real product/collection data and native/AJAX purchase links, 1440/1280/768/390/320px, RTL/native scroll geometry, keyboard/screen readers, autoplay pause and editor lifecycle.",Explicit family audit and source disposition; tests/phase4/product-slider-legacy.cjs uses real source with fixture adapters. See validation/batch4-commerce-closure.
assets,product-spotlight,assets/product-spotlight.js,4 Product / Commerce,,,,sections/featured-content-product-spotlight-row.liquid,N/A,SOURCE REVIEWED; schema-backed controls and native data contracts; live matrix queued,N/A — dependency; host configurations reviewed,SOURCE CSS/markup bounds reviewed; actual browser queued,SOURCE/Liquid/DOM review; native browser and assistive technology queued,Host-scoped identities/state reviewed in fixtures; global singleton explicitly retained where applicable,SOURCE/DOM lifecycle and editor attributes reviewed; actual Shopify editor queued,"CLI 4.8.0 exit 1, full baseline comparison retained; not clean certification",REQUIRES LIVE VERIFICATION,"Direct collection fallback and bounded hero position; corrected overlay dim/video fit/card media sizing and editor-only placeholder prices. Native media controls, reduced-motion/autoplay intent, persistent pause, keyboard carousel and unload cleanup.","B4-FINAL, after Batch 9: Every hero position/layout/card setting, actual media/autoplay, products/collections, mobile rows, keyboard and editor block lifecycle.",Batch 4 individual source disposition. Evidence: validation/batch4-commerce-closure; product-feed-spotlight.cjs. Explicit platform adapters; no live certification.
assets,product-stacked-media,assets/product-stacked-media.js,4 Product / Commerce,,,,sections/main-product-classic.liquid;sections/main-product-master.liquid,N/A,SOURCE + ACTUAL LIQUID/DOM FIXTURES; live pending,N/A; host fixtures reviewed,SOURCE CSS/layout/media review; live pending,SOURCE + DOM/focus/native-control fixtures; live pending,ACTUAL HOST/SCOPED DOM FIXTURE PASS,LOAD/UNLOAD/RELOAD FIXTURES; live pending,CLI 4.8.0: 655 diagnostics / 25 errors / 630 warnings; unsuppressed debt retained,REQUIRES LIVE VERIFICATION,Opt-in Classic/Master media lifecycle; variant media mapping and capped-gallery fallback; native media pause; Classic optional dialog and editor content navigation. Both hosts individually tested.,B4-PRODUCT-HOSTS after Batch 9: real native/AJAX/accelerated carts; plans/currencies/quantity; actual media providers/model viewer; keyboard/screen reader/responsive/editor and persistence acceptance.,See batch4-product-hosts evidence. Source/fixture disposition only; each product host received its own settings/preset and commerce review. No Shopify/browser certification. Batch 4 closure regression: all seven Phase 3 and 46 Phase 4 suites pass; original individual host/live obligations retained.
assets,product-variant-ui,assets/product-variant-ui.css,4 Product / Commerce,,,,sections/main-product-classic.liquid,N/A,SOURCE + ACTUAL LIQUID/DOM FIXTURES; live pending,N/A; host fixtures reviewed,SOURCE CSS/layout/media review; live pending,SOURCE + DOM/focus/native-control fixtures; live pending,ACTUAL HOST/SCOPED DOM FIXTURE PASS,LOAD/UNLOAD/RELOAD FIXTURES; live pending,CLI 4.8.0: 655 diagnostics / 25 errors / 630 warnings; unsuppressed debt retained,REQUIRES LIVE VERIFICATION,Scoped style consumers for list/buttons/swatches; text fallback; focus and wrapping.,B4-PRODUCT-HOSTS after Batch 9: real native/AJAX/accelerated carts; plans/currencies/quantity; actual media providers/model viewer; keyboard/screen reader/responsive/editor and persistence acceptance.,See batch4-product-hosts evidence. Source/fixture disposition only; each product host received its own settings/preset and commerce review. No Shopify/browser certification. Batch 4 closure regression: all seven Phase 3 and 46 Phase 4 suites pass; original individual host/live obligations retained.
assets,product-variant-ui,assets/product-variant-ui.js,4 Product / Commerce,,,,sections/main-product-classic.liquid,N/A,SOURCE + ACTUAL LIQUID/DOM FIXTURES; live pending,N/A; host fixtures reviewed,SOURCE CSS/layout/media review; live pending,SOURCE + DOM/focus/native-control fixtures; live pending,ACTUAL HOST/SCOPED DOM FIXTURE PASS,LOAD/UNLOAD/RELOAD FIXTURES; live pending,CLI 4.8.0: 655 diagnostics / 25 errors / 630 warnings; unsuppressed debt retained,REQUIRES LIVE VERIFICATION,Partial sparse choices retained; exact variant matching; native selector/back synchronization; validated data and disposable editor lifecycle.,B4-PRODUCT-HOSTS after Batch 9: real native/AJAX/accelerated carts; plans/currencies/quantity; actual media providers/model viewer; keyboard/screen reader/responsive/editor and persistence acceptance.,See batch4-product-hosts evidence. Source/fixture disposition only; each product host received its own settings/preset and commerce review. No Shopify/browser certification. Batch 4 closure regression: all seven Phase 3 and 46 Phase 4 suites pass; original individual host/live obligations retained.
assets,product-wishlist,assets/product-wishlist.css,4 Product / Commerce,,,,sections/main-product-classic.liquid,N/A,SOURCE + ACTUAL LIQUID/DOM FIXTURES; live pending,N/A; host fixtures reviewed,SOURCE CSS/layout/media review; live pending,SOURCE + DOM/focus/native-control fixtures; live pending,ACTUAL HOST/SCOPED DOM FIXTURE PASS,LOAD/UNLOAD/RELOAD FIXTURES; live pending,CLI 4.8.0: 655 diagnostics / 25 errors / 630 warnings; unsuppressed debt retained,REQUIRES LIVE VERIFICATION,Existing retained styles plus scoped Classic button wrapping/hidden/active states.,B4-PRODUCT-HOSTS after Batch 9: real native/AJAX/accelerated carts; plans/currencies/quantity; actual media providers/model viewer; keyboard/screen reader/responsive/editor and persistence acceptance.,See batch4-product-hosts evidence. Source/fixture disposition only; each product host received its own settings/preset and commerce review. No Shopify/browser certification. Batch 4 closure regression: all seven Phase 3 and 46 Phase 4 suites pass; original individual host/live obligations retained.
assets,product-wishlist,assets/product-wishlist.js,4 Product / Commerce,,,,sections/main-product-classic.liquid;sections/main-product-modern-variant.liquid;sections/product-wishlist.liquid,N/A,SOURCE + ACTUAL LIQUID/DOM FIXTURES; live pending,N/A; host fixtures reviewed,SOURCE CSS/layout/media review; live pending,SOURCE + DOM/focus/native-control fixtures; live pending,ACTUAL HOST/SCOPED DOM FIXTURE PASS,LOAD/UNLOAD/RELOAD FIXTURES; live pending,CLI 4.8.0: 655 diagnostics / 25 errors / 630 warnings; unsuppressed debt retained,REQUIRES LIVE VERIFICATION,Reuse existing q:wishlist:v1 schema; bounded/validated storage; memory fallback; compatible Classic/Modern/list synchronization; identifiable legacy Modern migration; product/variant save modes and custom labels/icons.,B4-PRODUCT-HOSTS after Batch 9: real native/AJAX/accelerated carts; plans/currencies/quantity; actual media providers/model viewer; keyboard/screen reader/responsive/editor and persistence acceptance.,See batch4-product-hosts evidence. Source/fixture disposition only; each product host received its own settings/preset and commerce review. No Shopify/browser certification. Batch 4 closure regression: all seven Phase 3 and 46 Phase 4 suites pass; original individual host/live obligations retained.
assets,q-base.css,assets/q-base.css.liquid,9 Snippet / Asset Closure,,,,layout/theme.liquid,N/A,"SOURCE REVIEWED; canonical variable, asset and build ownership in B9-D",N/A — no own schema; existing consumer icon/default/preset fixtures PASS,SOURCE REVIEWED; opt-in surface/base rules and SVG viewBox/host sizing; native geometry queued,"SOURCE REVIEWED; inherited component foreground/rhythm, decorative SVG contracts and source integrity; actual contrast/AT queued",Stateless shared stylesheet/external sprite; scoped surface vars and no duplicate SVG IDs,No own JS/listeners; existing host lifecycle owns re-render; native CSS/font/asset refresh queued,Native strict Liquid/PostCSS/XML checks PASS; final unsuppressed Theme Check comparison required,REQUIRES LIVE VERIFICATION,Replace nonexistent font setting IDs/fixed compatibility colors with canonical aliases; inherit component foreground and line height in p/li/span. Register resolves served .css to source .css.liquid.,"B9-ASSETS: native Shopify CDN external SVG fragments/fallback images, current fonts/colors, nested contrast, section surfaces/main/password cascade, responsive/RTL/zoom and editor asset refresh. Existing consumer queues and separate 7,830 icon visual queue retained.","B9-D: docs/phase4/validation/batch9-d-static-assets/. Consumer/build/dynamic trace, SVG integrity and source contracts recorded. Preserve current sprite: historical input packs are absent; rebuilding icons is a separately scoped task. B9-FINAL: formally dispositioned for engineering; retained/live/owner-review limitations unchanged. Closure evidence: validation/batch9-engineering-closure/."
assets,q-model-viewer.min,assets/q-model-viewer.min.js,5 Content / Interactive,,,,sections/interactive-content-helper-3d-tour-media-showcase.liquid,N/A,SOURCE/ACTUAL HOST MATRIX; runtime distribution provenance reviewed,N/A; host settings exercised,SOURCE CSS bounds/aspect/columns; actual WebGL/browser pending,SOURCE/DOM labels/links/fallback/focus; AT and model interaction pending,ACTUAL TWO-HOST/DUPLICATE-BOOT/DEPENDENCY-REQUEST FIXTURE PASS,SOURCE block identities; unload/reload/stale callbacks/observer cleanup adapters,"CLI 4.8.0 exit 1: 631 diagnostics, 16 errors/615 warnings; no added signatures; existing debt retained",REQUIRES LIVE VERIFICATION,Pinned upstream 4.3.1 distribution downloaded and verified against published digest; license/notices/provenance retained; only isolated qtm-model-viewer registration guard and source-map comment adaptation. Third-party runtime internals are not independently certified.,"B5-LOCATION-SHOWCASE after Batch 9: actual location settings/content/contact links/colors; all poster/gallery/model layouts, GLB/USDZ/model decoder networks/CSP, GPU/WebGL/AR and native product-media coexistence; widths/RTL/keyboard/AT/reduced motion and actual editor lifecycle.",tests/phase4/location-showcase.cjs; validation/batch5-location-showcase; docs/vendor/model-viewer. Explicit DOM/model-event adapters; no actual 3D rendering or Shopify/browser certification. B5-FINAL engineering closure 2026-09-21; accumulated live acceptance remains queued after Batch 9.
assets,q-quick-view,assets/q-quick-view.css,4 Product / Commerce,,,,layout/theme.liquid,N/A,SOURCE REVIEWED; schema-backed controls and native data contracts; live matrix queued,N/A — dependency; host configurations reviewed,SOURCE CSS/markup bounds reviewed; actual browser queued,SOURCE/Liquid/DOM review; native browser and assistive technology queued,Host-scoped identities/state reviewed in fixtures; global singleton explicitly retained where applicable,SOURCE/DOM lifecycle and editor attributes reviewed; actual Shopify editor queued,"CLI 4.8.0 exit 1, full baseline comparison retained; not clean certification",REQUIRES LIVE VERIFICATION,"Existing global Quick View imports a native purchase template from the retained Collection Modern fragment; native localized forms/money/plans/quantity/media, explicit URL-ownership opt-out, shared purchase-controller boot/dispose. Escaped content, stale request cancellation, modal handoff, focus/overflow and editor cleanup.","B4-FINAL, after Batch 9: Actual global and Collection Modern Quick View coexistence; native/AJAX carts, required/optional plans and quantities, native currency/prices/media, all card launch modes, keyboard/screen reader, responsive and editor acceptance.",Batch 4 individual source disposition. Evidence: validation/batch4-commerce-closure; global-quick-view.cjs; collection-hosts.cjs. Explicit platform adapters; no live certification.
assets,q-quick-view,assets/q-quick-view.js,4 Product / Commerce,,,,layout/theme.liquid,N/A,SOURCE REVIEWED; schema-backed controls and native data contracts; live matrix queued,N/A — dependency; host configurations reviewed,SOURCE CSS/markup bounds reviewed; actual browser queued,SOURCE/Liquid/DOM review; native browser and assistive technology queued,Host-scoped identities/state reviewed in fixtures; global singleton explicitly retained where applicable,SOURCE/DOM lifecycle and editor attributes reviewed; actual Shopify editor queued,"CLI 4.8.0 exit 1, full baseline comparison retained; not clean certification",REQUIRES LIVE VERIFICATION,"Existing global Quick View imports a native purchase template from the retained Collection Modern fragment; native localized forms/money/plans/quantity/media, explicit URL-ownership opt-out, shared purchase-controller boot/dispose. Escaped content, stale request cancellation, modal handoff, focus/overflow and editor cleanup.","B4-FINAL, after Batch 9: Actual global and Collection Modern Quick View coexistence; native/AJAX carts, required/optional plans and quantities, native currency/prices/media, all card launch modes, keyboard/screen reader, responsive and editor acceptance.",Batch 4 individual source disposition. Evidence: validation/batch4-commerce-closure; global-quick-view.cjs; collection-hosts.cjs. Explicit platform adapters; no live certification.
assets,qtm-block-bundles,assets/qtm-block-bundles.js,8 Theme Blocks,,,,layout/theme.liquid,N/A,SOURCE all caller/data/config consumers traced and tested,Actual dependent block defaults/presets/data-state fixtures PASS; no independent schema,"SOURCE/DOM all controls/presets/endpoints, cards/inline/grid/compact and mobile/desktop column/image/padding rules, bounded nested widths/labels/prices and native media PASS; real 320/390/768/1280/1440px/zoom/RTL pixels queued","SOURCE/DOM named native product links, actual variant/plan/quantity labels, disabled unavailable payloads, progressive selection, native submit/status and reduced motion PASS; browser keyboard/AT/focus/editor queued","Actual two product-host/form/commerce/controller compositions, native plan/quantity/variant/restoration, unrelated and ambiguous events, independent optional selection, duplicate initialization and cart submit suppression PASS",Native wrapper owns editor metadata; empty/selectable guidance and visibility/motion bypass; late insertion/reorder/removal/load/unload/reload and listener cleanup PASS. Pending shared cart mutations finish authoritatively but detached form results cannot update storefront UI; native editor queued,Unsuppressed CLI 4.8.0 evidence/comparison in batch8-product-bundles; no scanner suppression; group errors checked explicitly,REQUIRES LIVE VERIFICATION,"Individually reviewed actual two block callers and deferred layout inclusion. Singleton Map/AbortController handles independent selection, contiguous native payload names, native quantity-rule validation, actual allocation prices/names and bounded currency formatting. Exact product/owning host/form identity governs current item variant/quantity/plan/restoration, with selected records outside enumeration and unknown native selections disabled rather than submitting stale IDs; ambiguous global events cannot cross hosts. No cart mutation implementation is added: native submit and shared cart handler remain authoritative. Duplicate execution, insertion/reorder/removal and editor load/unload/reload dispose listeners and return selection controls to static fallback; original responsive image remains until an actual variant change. Canonical manual scope applies to native forms and events; a manual Featured Product cannot change the builder bundle variant. Existing bundle payload/availability/lifecycle tests and combined shared-current fixture pass.","B8-PRODUCT-BUNDLES live queue after engineering batches: actual locale-aware native multi-item form and AJAX cart transactions, inventory/quantity-rule rejection and selling-plan eligibility/prices/names, native current variant outside enumeration and browser restoration; real automatic/app discounts versus advertised offer text, market/presentment money formats and cart totals; no-JS/keyboard/AT/focus/RTL/zoom/responsive layouts and native Theme Editor lifecycle. Companion subscription/options choices remain on their native product pages unless an actual selected allocation exists. No live Shopify QA performed; all prior queues carry forward.",Individual source/schema/default/preset/consumer review in batch8-product-bundles. Existing saved IDs and commercial/native contracts preserved. LiquidJS/JSDOM/native-data and cart response fixtures do not certify actual Shopify transactions or browser/editor pixels. Revalidation: batch8-featured-product. B8-FINAL: formally closed for engineering; individual disposition and live queue retained. Final full-suite/native-parse/hash/protected-state evidence: validation/batch8-engineering-closure.
assets,qtm-block-navigation,assets/qtm-block-navigation.js,8 Theme Blocks,,,,layout/theme.liquid,N/A,SOURCE all caller/data/config consumers traced and tested,Actual dependent block defaults/presets/data-state fixtures PASS; no independent schema,"SOURCE/DOM all controls/presets/endpoints, independent 750–989 tablet visibility, bounded nested grids/long text/media and desktop/mobile sticky rules PASS; real 320/390/768/1280/1440px/zoom/RTL pixels queued","SOURCE/DOM named native destinations and disclosures, precise current-page/location semantics, escaped plain contact text, manual schedule table headings/caption, reduced-motion focus/hash and no-JS fallbacks PASS; browser keyboard/AT/contrast queued","Actual two-root anchor/menu initialization, hash/native panel composition, independent disclosure state, duplicate execution and punctuation-safe IDs PASS",One native owner of editor metadata; sticky blocks use tag:null and contain scoped styles. Empty setup notes and visibility/animation bypass; insertion/reorder/removal/load/unload/reload and listener/focus-state cleanup PASS; actual native editor queued,Unsuppressed CLI 4.8.0 evidence/comparison in batch8-navigation-information; no scanner suppression; group errors checked explicitly,REQUIRES LIVE VERIFICATION,"Individually reviewed two fixed block callers and one deferred layout inclusion. Singleton Map/AbortController initialization handles insertion/reorder/removal/editor load/unload. Native links/details remain the fallback; anchor enhancement preserves modified clicks and missing targets, native hash/history and other fragment consumers, reduced-motion scroll, target keyboard focus and temporary tabindex cleanup. Current-location state is scoped per root. Mobile disclosure enhancement remembers/restores native open state and removes listeners on disposal; no timer/network or cart behavior.","B8-NAVIGATION-INFORMATION live queue after engineering batches: real native menu/current-route and localized breadcrumbs, browser fragment/history/focus/keyboard/AT behavior, sticky behavior within actual builder containers, mobile disclosures, narrow/RTL/zoom/color contrast and actual Theme Editor selection/reload. Merchant contact/schedule/anchor destinations remain manual configuration; no open-now clock or fabricated default details are implied. No live Shopify QA performed; previous queues carry forward.",Individual schema/default/preset/consumer/source review in batch8-navigation-information. All existing setting IDs and saved merchant data preserved. LiquidJS/JSDOM/native menu/page/image/scroll adapters do not certify real Shopify/browser behavior. B8-FINAL: formally closed for engineering; individual disposition and live queue retained. Final full-suite/native-parse/hash/protected-state evidence: validation/batch8-engineering-closure.
assets,qtm-block-panels,assets/qtm-block-panels.js,8 Theme Blocks,,,,layout/theme.liquid,N/A,SOURCE all caller/data/config consumers traced and tested,Actual dependent block defaults/presets/data-state fixtures PASS; no independent schema,"SOURCE/DOM all select/checkbox/range endpoints, bounded panel/nav/table/media widths, long-content wrapping, mobile vertical-to-horizontal orientation and media ordering PASS; actual pixels/scroll/zoom queued","SOURCE/DOM native details and dialog markup, progressive visible content, tab roles/roving focus/arrows/Home/End/RTL/hash, named media/links/table regions, focus restoration and reduced motion PASS; native browser inert/focus trapping/AT queued","Actual two-instance tab/disclosure/dialog fixtures, isolated selection, media retirement/restoration, singleton duplicate execution and independent native IDs PASS","Native outer wrapper owns editor metadata; visibility/motion bypass and actual empty guidance, late insertion, load/unload/reload/reorder/select with controller disposal PASS; native Theme Editor queued",Unsuppressed CLI 4.8.0 evidence/comparison in batch8-panels; no scanner suppression; group errors checked explicitly,REQUIRES LIVE VERIFICATION,"Individually reviewed actual consumers and lifecycle. One globally deferred singleton with scoped Map/AbortController instances supports native disclosure exclusivity, progressive tab semantics/keyboard/RTL/hash/orientation, active media retirement/restoration and native size-chart dialogs. Mutation insertion/removal/reorder and editor load/unload/select supported; no polling, duplicate initialization, global page overflow writes or commerce state. Declared JSDOM adapters test behavior, not native inert/focus trapping or provider playback.","B8-PANELS live queue after engineering batches: native Theme Editor insert/select/reorder/load/unload; browser details grouping, dialog top layer/inert/focus trapping/AT and scroll; actual YouTube/Vimeo/video playback and retirement; native metafield image/video/rich formatting, chart/table 320/390/768/1280/1440px, no-JS/RTL/zoom/reduced motion. All prior queues remain; no live Shopify QA performed.","Individual source/schema/default/preset/consumer review in batch8-panels; 468 actual render/control/state combinations plus interaction fixtures. LiquidJS/JSDOM and explicit native filter/dialog adapters are not live Shopify/browser certification. Saved setting IDs retained, all 150 sections and settings_data untouched. B8-FINAL: formally closed for engineering; individual disposition and live queue retained. Final full-suite/native-parse/hash/protected-state evidence: validation/batch8-engineering-closure."
assets,qtm-block-product-cards,assets/qtm-block-product-cards.js,8 Theme Blocks,,,,layout/theme.liquid,N/A,SOURCE all caller/data/config consumers traced and tested,Actual dependent block defaults/presets/data-state fixtures PASS; no independent schema,"SOURCE/DOM all control endpoints, native grid/cards/minimal/compact/split/carousel modes, three breakpoint controls, bounded labels and actual configured-gap/RTL geometry arithmetic PASS; native pixels/zoom/scroll-snap remain queued","SOURCE/DOM useful no-JS links/native scroll, named regions/controls/targets, blank-label suppression, viewport-only keyboard handling, focus-preserving replacement and reduced motion PASS; native browser/AT/zoom/focus queued","Two-carousel RTL/native geometry and two actual product-form/metadata/commerce host compositions, exact fetched root/product, independent variant deltas, duplicate execution and dynamic insertion/removal/reorder PASS","Native wrapper owns editor metadata; honest selectable empty state and visibility/motion bypass; load/unload/reload, aborted/stale requests and observer/listener/RAF cleanup PASS; actual native editor queued",Unsuppressed CLI 4.8.0 evidence/comparison in batch8-product-merchandising; no scanner suppression; group errors checked explicitly,REQUIRES LIVE VERIFICATION,"Individually reviewed actual callers/deferred layout dependency. Singleton Map/AbortController controls progressive native scrolling from actual card spacing, RTL/Home/End with viewport-only keyboard handling. Native recommendation requests validate same-origin route/product/section/intent/limit and exact response block/product/performed/native markers. Manual links survive failed/missing/empty responses; focused fallback cards remain until focus leaves. Abort, stale-response guard, listener/ResizeObserver/RAF disposal, duplicate execution, dynamic insertion/removal/reorder and editor load/unload are scoped. No inline scripts or simulated provider success. Existing singleton recommendation/scroll controller now accepts only related or complementary as an explicit expected intent (default remains complementary) and rejects mismatched native response intent. Product/root/route/limit/section checks, scoped actual-gap RTL navigation, focus-preserving replacement, abort and lifecycle behavior retained. Both prior complementary and new related consumer suites pass. Adds a scoped qtm:cards-updated refresh event for newly loaded native recently-viewed cards. Existing recommendation and scroll ownership/lifecycle remains unchanged. Actual recently-viewed LTR/RTL geometry, independent controls and existing complementary/related/focus/abort suites pass.","B8-PRODUCT-MERCHANDISING live queue after engineering batches: native complementary Search & Discovery/section/block/market context, locale tracking URLs, cap-10/manual/empty fallback; native variant/money/compare/image drops; browser no-JS/RTL scroll-snap, 320/390/768/1280/1440px grid/compact/split/long copy, keyboard/AT/reduced-motion/zoom; native editor insertion/select/reorder/load/unload and multiple product hosts/restoration. Upsell difference compares base unit prices before selling plans, quantity and cart discounts. All prior queues carry forward; no live Shopify QA performed.",Individual source/schema/default/preset/consumer review in batch8-product-merchandising. LiquidJS/JSDOM/native-filter/provider-response/geometry adapters are not Shopify/browser certification. All saved setting IDs and protected hosts/state preserved. Revalidation: batch8-product-discovery. Revalidation: batch8-recently-viewed. B8-FINAL: formally closed for engineering; individual disposition and live queue retained. Final full-suite/native-parse/hash/protected-state evidence: validation/batch8-engineering-closure.
assets,qtm-block-recently-viewed,assets/qtm-block-recently-viewed.js,8 Theme Blocks,,,,layout/theme.liquid,N/A,SOURCE all caller/data/config consumers traced and tested,Actual dependent block defaults/presets/data-state fixtures PASS; no independent schema,"SOURCE/DOM all layouts/columns/widths/range endpoints, native images, bounded nested padding and container columns, controlled native carousel overflow PASS; actual 320–1440px/RTL/zoom pixels queued","SOURCE/DOM complete escaped native links/image alt, guarded labels and correct aria-controls, truthful inert/no-JS/empty states, focus-preserving replacement, reduced-motion and nested-key scroll ownership PASS; real keyboard/AT queued","Separate actual aliases and custom storage keys, case/underscore IDs, one native editor wrapper, exact response root/section/handle/product ownership and independent LTR/RTL controls PASS","Editor guidance and visibility/motion bypass without shopper-history reads/writes/fetches PASS; singleton duplicate execution, section unload/load and mutation insertion/reorder/removal with request abort PASS; actual Theme Editor queued",Unsuppressed CLI 4.8.0 evidence/comparison in batch8-recently-viewed; no scanner suppression; group errors checked explicitly,REQUIRES LIVE VERIFICATION,"Singleton actual Theme Block lifecycle controller. Validated Unicode native handles only; migrates legacy object snapshots, deduplicates/bounds history to 24 and fetches up to configured 2–12 cards with concurrency three. Real product-page context records once coherently across instances; editor reads/writes/fetches no shopper history. Local/session/encoded legacy-cookie/page-memory fallbacks avoid storage exceptions and preserve custom keys. Locale/same-origin section requests accept only exact owner root/section/handle/product templates; failures stay empty. Aborts on unload/removal, ignores detached responses, defers replacement while old cards hold focus and updates existing carousel controls after insertion. Actual alias, multi-key, limit, response rejection, RTL geometry and mutation/reorder/load/unload tests pass.","B8-RECENTLY-VIEWED live queue after engineering batches: actual Shopify section rendering for each owning builder/template and product context (missing/mismatched owner responses intentionally stay empty), current localized prices/images/product availability, real browser history/storage restrictions, 320–1440px/RTL/zoom/nested layouts, actual scroll/focus/keyboard/AT and Theme Editor lifecycle. Native-filter/response/DOM/geometry adapters are not acceptance. No live Shopify QA; prior queues carry forward.",Individual schema/default/preset/source/consumer review in batch8-recently-viewed. Historical collection-grid alias behavior preserved; all original saved setting IDs/types/options retained. Native section/filter/response and DOM/geometry adapters are not live acceptance. B8-FINAL: formally closed for engineering; individual disposition and live queue retained. Final full-suite/native-parse/hash/protected-state evidence: validation/batch8-engineering-closure.
assets,qtm-block-visual-media,assets/qtm-block-visual-media.js,8 Theme Blocks,,,,blocks/content-ugc-showcase.liquid;layout/theme.liquid,N/A,SOURCE all caller/data/config consumers traced and tested,Actual dependent block defaults/presets/data-state fixtures PASS; no independent schema,"SOURCE/DOM all layouts/visibility/range endpoints, clipped full-size comparison media, container-bound points with in-flow callouts, zero-minimum feature tracks and sparse/narrow stack/lookbook composition PASS; real 320–1440px/zoom/RTL pixels queued","SOURCE/DOM native no-JS images/details/video and readable feature panels, valid range/disclosure names, native alt fallbacks, safe labels/links, keyboard/RTL map controls, focus restoration and reduced-motion/playback controls PASS; real keyboard/AT/contrast queued","Independent raw block IDs and native one-wrapper ownership PASS; shared actual controller two-instance range/disclosure/map state, singleton reexecution, inserted/reordered/removed roots and native video policy adapters PASS",Design-mode visibility and motion bypass; meaningful empty media guidance; section unload/load and mutation disposal restore native fallback and disconnect Resize/Intersection observers PASS; actual Theme Editor queued,Unsuppressed CLI 4.8.0 evidence/comparison in batch8-visual-media; no scanner suppression; group errors checked explicitly,REQUIRES LIVE VERIFICATION,"Individually reviewed all four actual consumers and lifecycle paths. One deferred singleton registry enhances native comparison ranges, native hotspot disclosures, feature-map controls and native video; removed/reloaded roots lose handlers/observers/state and added/reordered roots initialize once. Range state is isolated and restored; hotspot Escape/outside close restores focus only for its actual disclosure. Feature maps pair real IDs/panels and use resize observation plus keyboard handling; no-JS state is restored on disposal. Video autoplay is attempted once when eligible/visible, native and custom manual playback remain available, policy/page/removal pauses media, and stale/rejected play promises do not revive disposed media. No commerce mutation or external media provider added. New UGC per-item native video roots reuse this reviewed Family 8 controller; uploaded-video/control/autoplay/reduced-motion/editor/mutation fixtures retained. No controller source change or new dependency.","B8-VISUAL-MEDIA live queue after engineering batches: native responsive image geometry and exact crop/point alignment, real 320–1440px/zoom/RTL/nested builder layouts, image-stack overlap/caption readability and lookbook overlay contrast, real range/disclosure/feature-map keyboard/AT, native video controls/autoplay/rejection/visibility/reduced-motion behavior, actual product prices/media and Theme Editor lifecycle. DOM/media/geometry adapters are not acceptance. No live Shopify QA; prior queues carry forward.",Individual source/schema/default/preset/consumer review in batch8-visual-media. All prior IDs/options and merchant settings_data preserved. Three needed text/color controls added without changing existing saved values. LiquidJS/JSDOM/native image/video/geometry/observer adapters do not certify native Shopify/browser pixels or playback. Revalidation: batch8-reviews-ugc. B8-FINAL: formally closed for engineering; individual disposition and live queue retained. Final full-suite/native-parse/hash/protected-state evidence: validation/batch8-engineering-closure.
assets,qtm-content-blocks-engine,assets/qtm-content-blocks-engine.js,8 Theme Blocks,,,,layout/theme.liquid,N/A,SOURCE all consumers traced; actual 12 primitive block setting/schema/DOM contracts PASS,36 actual primitive presets plus defaults exercise this dependency; no brand-family rollout,"SOURCE bounded widths, shrink/wrap, breakpoint/zero controls and CSS/DOM selector checks PASS; actual pixels/RTL/zoom remain queued","SOURCE/DOM headings/labels/native links/focus-visible, decorative/media naming and progressive reduced-motion reviewed; actual keyboard/AT/contrast queued","Two actual instances per block, native outer IDs, shared singleton engine/independent observed targets PASS",Native wrapper metadata + insertion/selection/unload/reload/reorder/root/late/dynamic lifecycle fixtures PASS; actual editor queued,"CLI 4.8.0 exits 1: 500 findings (3 errors/497 warnings), two paired-wrapper errors repaired; zero errors in this 16-entry group; unsuppressed evidence batch8-primitives",REQUIRES LIVE VERIFICATION,"Moved presentation to the already-loaded stylesheet; singleton observer with guarded initial/late/dynamic boot, root selection, disposal/reload, stale callback protection, tall-content threshold, focus visibility, reduced-motion/editor/unavailable-observer fallbacks.","B8-PRIMITIVES after engineering batches: actual Shopify block default/preset insertion, real outer wrapper/editor load/unload/reorder/selection; 320/390/768/1280/1440px, long text, RTL/zoom/no-JS/reduced motion/keyboard/AT/theme contrast. Native image and custom Liquid evaluation; real merchant URLs/code/providers remain live responsibilities.","Individual source/full-schema/preset/consumer review in validation/batch8-primitives; 899 actual default/preset/control renders plus targeted regressions. Shopify wrapper/image fixtures and CSS/DOM/observer adapters are not live certification. No Batch 9, brand-preset or host approval inferred. B8-FINAL: formally closed for engineering; individual disposition and live queue retained. Final full-suite/native-parse/hash/protected-state evidence: validation/batch8-engineering-closure."
assets,qtm-content-blocks,assets/qtm-content-blocks.css,8 Theme Blocks,,,,layout/theme.liquid,N/A,SOURCE all consumers traced; actual 12 primitive block setting/schema/DOM contracts PASS,36 actual primitive presets plus defaults exercise this dependency; no brand-family rollout,"SOURCE bounded widths, shrink/wrap, breakpoint/zero controls and CSS/DOM selector checks PASS; actual pixels/RTL/zoom remain queued","SOURCE/DOM headings/labels/native links/focus-visible, decorative/media naming and progressive reduced-motion reviewed; actual keyboard/AT/contrast queued","Two actual instances per block, native outer IDs, shared singleton engine/independent observed targets PASS",Native wrapper metadata + insertion/selection/unload/reload/reorder/root/late/dynamic lifecycle fixtures PASS; actual editor queued,"CLI 4.8.0 exits 1: 500 findings (3 errors/497 warnings), two paired-wrapper errors repaired; zero errors in this 16-entry group; unsuppressed evidence batch8-primitives",REQUIRES LIVE VERIFICATION,Owns primitive/wrapper static presentation previously injected by JS; repaired specific layout/style/alignment/overflow consumers and intrinsic widths; progressive animation selectors require successful observation; removed duplicated focus/containment rules.,"B8-PRIMITIVES after engineering batches: actual Shopify block default/preset insertion, real outer wrapper/editor load/unload/reorder/selection; 320/390/768/1280/1440px, long text, RTL/zoom/no-JS/reduced motion/keyboard/AT/theme contrast. Native image and custom Liquid evaluation; real merchant URLs/code/providers remain live responsibilities.","Individual source/full-schema/preset/consumer review in validation/batch8-primitives; 899 actual default/preset/control renders plus targeted regressions. Shopify wrapper/image fixtures and CSS/DOM/observer adapters are not live certification. No Batch 9, brand-preset or host approval inferred. B8-FINAL: formally closed for engineering; individual disposition and live queue retained. Final full-suite/native-parse/hash/protected-state evidence: validation/batch8-engineering-closure."
assets,qtm-product-block-commerce,assets/qtm-product-block-commerce.js,8 Theme Blocks,,,,layout/theme.liquid,N/A,SOURCE all typed data/config/control consumers and dependent block states traced/tested,Seven actual block defaults and 21 presets exercise these helpers; no independent schema,"SOURCE shrinking grids, long labels, bounded controls, native sticky wrapper/offset, breakpoint visibility and range extremes PASS; actual pixels/sticky ancestry/native wallet geometry queued","SOURCE/DOM native labeled forms, direct fieldset legends/toggle semantics, visible errors/focus, progressive variants, disabled invalid payments/quantity and reduced motion reviewed; real keyboard/AT/Shopify checkout queued","Actual eight-block product composition in two same-product hosts, one authoritative ID/quantity/plan per form, no cross-host state/cart status or duplicate requests PASS","Native outer metadata/visibility; guarded duplicate/initial/dynamic boot, host unload/reload/reorder/removal and source selection state fixtures PASS; actual editor insertion and native wallets queued",Unsuppressed CLI 4.8.0 evidence/comparison in batch8-product-purchase; zero group errors; new helper orphan diagnostics retained with explicit active consumers,REQUIRES LIVE VERIFICATION,"New guarded lifecycle controller owns one state per product/host: exact variants, invalid selection, quantity bounds/steps, allocation prices/required plans, explicit native payloads, scoped legacy events, URL ownership/back, dynamic boot, unload/reload/reorder and disposal. Existing cart controller remains the sole Ajax mutation owner. Explicit manual Featured Product scope added to existing ownership resolution; unscoped document events cannot target independent roots. Canonical native variants and existing state machine preserve actual builder/current-product sharing. Same-product independent forms, selling plans, quantities, one-POST/native/error states and all previous commerce regressions pass.","B8-PRODUCT-PURCHASE after engineering batches: native form/accelerated checkout/cart routes, selling-plan eligibility/allocations, market/currency/unit/tax presentation, native option/swatch drops and high-variant catalogs; out-of-list explicit selection preserved, full native enumeration/platform navigation needs live coverage. Actual stock/quantity/plan transitions, duplicate builder hosts, sticky ancestors/editor lifecycle, 320/390/768/1280/1440px, long labels/RTL/zoom/keyboard/AT/no-JS/reduced motion. Real mutation/checkout/provider behavior remains untested live.",Individual schemas/presets/consumers and actual composition evidence in batch8-product-purchase; 375 control/default/preset renders plus targeted purchase/request/lifecycle assertions. Platform/form/payment/money/media adapters do not certify Shopify checkout. Inventory Status copy defect is identified but remains NOT REVIEWED for its separate stock/trust review. Revalidation: batch8-featured-product. B8-FINAL: formally closed for engineering; individual disposition and live queue retained. Final full-suite/native-parse/hash/protected-state evidence: validation/batch8-engineering-closure.
assets,qtm-product-block-gallery,assets/qtm-product-block-gallery.js,8 Theme Blocks,,,,layout/theme.liquid,N/A,SOURCE all caller/data/config consumers traced and tested,Actual dependent block defaults/presets/data-state fixtures PASS; no independent schema,"SOURCE/DOM all mode/select/checkbox/range endpoints, native scroll/snap and shrinking grid/slider cells, left/right/bottom/mobile thumbnail layout rules, masonry model/video frames, bounded long labels and dimensions PASS; declared horizontal geometry adapter tests scroll arithmetic only, actual pixels/scroll/snap/RTL/zoom queued","SOURCE/DOM native no-JS media/navigation fallbacks, named region/groups/controls/targets and decorative thumbnails, roving active media/inert state, focus before pane hiding, keyboard/RTL, manual-only status announcements, pause/resume and motion handling PASS; browser inert/native media/AT/focus/scroll behavior queued","Actual two-gallery compositions for all four modes and native product form/controller integration, selected/out-of-list records, different/ambiguous product events, independent media/timers, duplicate execution, dynamic insertion/removal/reorder PASS","Native outer wrapper owns metadata; empty/selectable guidance and visibility/motion bypass, selection stops autoplay, load/unload/reload/reorder and observer/timer/listener/media disposal PASS; native Theme Editor and actual model/provider initialization queued",Unsuppressed CLI 4.8.0 evidence/comparison in batch8-product-gallery; no scanner suppression; group errors checked explicitly,REQUIRES LIVE VERIFICATION,"Individually reviewed scoped Theme Block selector distinct from legacy Product host galleries. Singleton AbortController/Map manages actual controls/native scrolling and active semantics, RTL/Home/End without hijacking media keyboard, focus before hiding panes, native video/model pause and retired external iframe instances. Exact owning product and builder/section scopes govern native form/change/restoration and legacy variant events; ambiguous document events cannot cross instances. Autoplay stops for user interaction/focus, motion, hidden document and editor, has explicit pause/resume, and cleans timers/animation frames/ResizeObserver/listeners on unload/removal; late insertion/reorder safe. No purchase state mutation or unrelated host controller rewrite. Manual ownership markers participate in event/input/initial-state resolution. Limited Featured Product galleries can mount an actual native variant media template with no eager embed; delegated media activation covers dynamically mounted links. Disposal removes added panels and players, restores progressive initial items and hidden controls. Existing product-gallery behavior and its full regressions remain passing.","B8-PRODUCT-GALLERY live queue after engineering batches: actual native Shopify image/video/model filters and model-viewer runtime/preview fallback; YouTube/Vimeo activation/player retirement, native controls/audio/model interaction; browser scroll-snap/RTL/inert/focus and selected variant media, 320/390/768/1280/1440px thumbnail/order/masonry sizing and long labels, no-JS/AT/zoom/reduced motion; native Theme Editor insertion/select/reorder/load/unload and multi-product instances. All prior queues carry forward; no live Shopify QA performed.",Individual source/schema/default/preset/consumer review in batch8-product-gallery; 80 render/control/selected/empty/media combinations plus complete interaction/composition fixtures. LiquidJS/JSDOM/explicit media filters and horizontal geometry adapters are not Shopify/browser certification. Existing IDs/presets/media types and all protected hosts/settings_data preserved. Revalidation: batch8-featured-product. B8-FINAL: formally closed for engineering; individual disposition and live queue retained. Final full-suite/native-parse/hash/protected-state evidence: validation/batch8-engineering-closure.
assets,qtm-product-block-metadata,assets/qtm-product-block-metadata.js,8 Theme Blocks,,,,layout/theme.liquid,N/A,SOURCE all SKU/description dataset/config consumers and dynamic lifecycle reviewed,Actual SKU/description defaults/presets/config consumers tested; no independent schema,"SOURCE bounded/shrinking/wrapping native block, static CSS and breakpoint/extreme/zero controls reviewed; actual geometry queued","SOURCE/DOM escaped plain text, native links and focus, valid rich-text/heading semantics, progressive description controls/no-JS/keyboard reveal; real AT/contrast queued",Two actual block instances/unique IDs; same-product host variant isolation with actual producer bodies; independent description controls PASS,"Native outer wrapper owns editor metadata; hidden/empty blocks remain editable; singleton late/dynamic boot, unload/reload/reorder/disposal and stale callbacks PASS; actual editor queued",Unsuppressed Shopify CLI 4.8.0 full output/comparison in batch8-product-identity; three existing out-of-group errors remain; no group errors,REQUIRES LIVE VERIFICATION,"New globally deferred Theme Block metadata controller replaces two inline closures; scoped SKU integration and progressive descriptions share guarded boot, dynamic insertion and abortable disposal. One layout dependency tag ensures first editor insertion works. B8 purchase integration: corrected the actual qtm:variant-restored event/input hook; actual shared form/picker composition replaces removed inline-producer fixtures. B8 information integration extends existing guarded lifecycle/scoped variant listeners to Inventory Status and Specifications. Native change/restoration/initial selection also checks the owning product before clearing state; no new controller or asset load required. SKU/description and real purchase composition suites remain passing. B8 merchandising adds optional data-hide-empty to existing data-product-info fields. Actual upsell base-price deltas reuse scoped SKU/information form/variant/restoration handling; all prior metadata/information/commerce regressions rerun. Canonical manual scope applies to variant events, native input changes and initial/restored state, preventing a manual Featured Product from changing outer SKU metadata. Existing metadata consumer tests and combined manual/current builder fixture pass.","B8-PRODUCT-IDENTITY after engineering batches: native vendor/subtitle/metafield drops and type/tag locales, file/image/video URLs; saved defaults/presets/editor insertion/selection/unload/reorder; repeated same-product sections, variant/SKU null/empty/stock transitions; description image/font reflow and keyboard/AT/no-JS; 320/390/768/1280/1440px, RTL/zoom/motion/theme contrast.",Full per-control/preset evidence in batch8-product-identity. 444 actual renders plus targeted fixtures; metafield/media/native-wrapper/geometry adapters are not live certification. Form/picker have only a scoped event-emission repair and remain NOT REVIEWED for their full Batch 8 review. Revalidation: batch8-product-purchase (21 affected suites). Existing family ownership and live queues retained. Revalidation: batch8-product-information. Revalidation: batch8-product-merchandising. Revalidation: batch8-featured-product. B8-FINAL: formally closed for engineering; individual disposition and live queue retained. Final full-suite/native-parse/hash/protected-state evidence: validation/batch8-engineering-closure.
assets,qtm-product-block-utilities,assets/qtm-product-block-utilities.js,8 Theme Blocks,,,,layout/theme.liquid,N/A,SOURCE all caller/data/config consumers traced and tested,Actual dependent block defaults/presets/data-state fixtures PASS; no independent schema,"SOURCE/DOM all select/checkbox/range endpoints, shrinking timer columns/banner layout, bounded buttons/inputs/message content and icon-free grid, responsive visibility PASS; actual 320/390/768/1280/1440px pixels/RTL/zoom queued","SOURCE/DOM named native progress/time, timer aria-live off, real native links/manual copy field, capability-gated buttons, fallback labels/group/status/focus, finite pulse and reduced motion PASS; actual screen reader/native clipboard/share UI queued","Actual two-instance clocks/share roots and independent messages, exact expiry/visibility pause, no duplicated singleton work, scoped unload/reload/removal/reorder/late insertion and pending async disposal PASS","Native outer wrapper owns metadata; design visibility/motion bypass and honest empty configuration guidance, inserted/removed/reloaded/reordered roots and cleared timers/listeners PASS; native Theme Editor queued",Unsuppressed CLI 4.8.0 evidence/comparison in batch8-product-utilities; no scanner suppression; group errors checked explicitly,REQUIRES LIVE VERIFICATION,"Individually reviewed actual countdown/share/merchant-message consumers. Globally deferred guarded lifecycle delegates real countdowns to the existing controller; scoped AbortController/Map handles current and late roots, load/unload/removal/reorder without duplicate state. Safe merchant-only random selection, native share/copy capabilities, awaited success/failure/cancel, focus, debounced/reset status and disposed async callbacks are covered. No external commerce feed, synthetic purchase event or new timer implementation.","B8-PRODUCT-UTILITIES live queue after engineering batches: native Liquid epoch parsing/caching and configured fixed UTC offsets versus daylight-saving intent; native progress/timer/no-JS/AT and responsive long content, true Web Share/clipboard permissions/provider/email behavior; merchant-supplied messages must reflect actual configured claims and have no connected live feed; Theme Editor insertion/select/reorder/load/unload and actual focus/motion. All prior queues carry forward. No live Shopify QA.",Individual source/schema/default/preset/consumer review in batch8-product-utilities. 341 actual render/control/state combinations plus meaningful runtime fixtures. LiquidJS/JSDOM/native date and clipboard/share adapters do not certify Shopify/browser behavior. All previous setting IDs and protected sections/merchant state remain. B8-FINAL: formally closed for engineering; individual disposition and live queue retained. Final full-suite/native-parse/hash/protected-state evidence: validation/batch8-engineering-closure.
assets,qtm-section-surfaces,assets/qtm-section-surfaces.css,9 Snippet / Asset Closure,,,,layout/theme.liquid,N/A,"SOURCE REVIEWED; canonical variable, asset and build ownership in B9-D",N/A — no own schema; existing consumer icon/default/preset fixtures PASS,SOURCE REVIEWED; opt-in surface/base rules and SVG viewBox/host sizing; native geometry queued,"SOURCE REVIEWED; inherited component foreground/rhythm, decorative SVG contracts and source integrity; actual contrast/AT queued",Stateless shared stylesheet/external sprite; scoped surface vars and no duplicate SVG IDs,No own JS/listeners; existing host lifecycle owns re-render; native CSS/font/asset refresh queued,Native strict Liquid/PostCSS/XML checks PASS; final unsuppressed Theme Check comparison required,REQUIRES LIVE VERIFICATION,No byte change. Thirteen dynamic section-class consumers and scoped palette cascade traced.,"B9-ASSETS: native Shopify CDN external SVG fragments/fallback images, current fonts/colors, nested contrast, section surfaces/main/password cascade, responsive/RTL/zoom and editor asset refresh. Existing consumer queues and separate 7,830 icon visual queue retained.","B9-D: docs/phase4/validation/batch9-d-static-assets/. Consumer/build/dynamic trace, SVG integrity and source contracts recorded. Preserve current sprite: historical input packs are absent; rebuilding icons is a separately scoped task. B9-FINAL: formally dispositioned for engineering; retained/live/owner-review limitations unchanged. Closure evidence: validation/batch9-engineering-closure/."
assets,quadratum-tokens,assets/quadratum-tokens.css,9 Snippet / Asset Closure,,,,,N/A,"SOURCE REVIEWED; canonical variable, asset and build ownership in B9-D",N/A — no own schema; existing consumer icon/default/preset fixtures PASS,DORMANT — duplicate Tailwind shims/OS-dark rules documented; no active stylesheet,DORMANT — activating duplicate color owner would require contrast/cascade review,DORMANT — no active instance or state,DORMANT — no editor/runtime loading,Native strict Liquid/PostCSS/XML checks PASS; final unsuppressed Theme Check comparison required,DELETION CANDIDATE — OWNER REVIEW,No byte change. Unloaded duplicate token/utility sheet retained for owner-review deletion decision.,No live test while dormant; deletion requires owner review; activation would require full token/cascade/contrast re-review.,"B9-D: docs/phase4/validation/batch9-d-static-assets/. Consumer/build/dynamic trace, SVG integrity and source contracts recorded. Preserve current sprite: historical input packs are absent; rebuilding icons is a separately scoped task. B9-FINAL: formally dispositioned for engineering; retained/live/owner-review limitations unchanged. Closure evidence: validation/batch9-engineering-closure/."
assets,search-popup,assets/search-popup.css,1 Global / Structural,,,,layout/theme.liquid,N/A,SOURCE/ACTUAL LIQUID REVIEWED; live pending after Batch 9,N/A — reviewed through consumer,SOURCE ONLY; live pending after Batch 9,LIQUID/DOM REVIEWED; keyboard/screen reader live pending,ACTUAL LIQUID/DOM FIXTURE PASS,SOURCE/HOST FIXTURE PASS; real editor pending,CLI 4.8.0 BASELINE COMPARED; retained diagnostics documented,REQUIRES LIVE VERIFICATION,No source change; preserved existing behavior; Batch 3 shared search contract repairs,"B3-SEARCH plus original B1 queue, scheduled after Batches 4–9: actual requests/counts/pagination, all settings, five viewports, keyboard/screen reader, no-JS, multiple hosts and editor lifecycle.",Predictive panel participates in popup scroll layout instead of clipping outside the dialog; actual short/mobile viewport geometry still requires live acceptance.
assets,search-popup,assets/search-popup.js,1 Global / Structural,,,,layout/theme.liquid,N/A,SOURCE/ACTUAL LIQUID REVIEWED; live pending after Batch 9,N/A — reviewed through consumer,SOURCE ONLY; live pending after Batch 9,LIQUID/DOM REVIEWED; keyboard/screen reader live pending,ACTUAL LIQUID/DOM FIXTURE PASS,DISPOSAL/RELOAD FIXTURE PASS; real editor pending,CLI 4.8.0 BASELINE COMPARED; retained diagnostics documented,REQUIRES LIVE VERIFICATION,Batch 1 local hardening; see engineering report; Batch 3 shared search contract repairs,"B3-SEARCH plus original B1 queue, scheduled after Batches 4–9: actual requests/counts/pagination, all settings, five viewports, keyboard/screen reader, no-JS, multiple hosts and editor lifecycle.",Popup close aborts predictive work; first Escape closes an open suggestion list and second Escape closes the dialog. Existing containment/opener regressions pass.
assets,section-collection-list,assets/section-collection-list.css,3 Collection / Discovery,,,,sections/main-collection-list.liquid,N/A,SOURCE REVIEWED; manual/all and grid/carousel fixtures PASS,Actual insertion fixture PASS; blank selections intentional,Bounded columns/peek/adapt image reviewed; browser widths pending,"Named native scroller, single link, visible focus, reduced-motion fixture PASS",Two-instance/duplicate-init fixture PASS,Selection/unload/reload fixture PASS; actual editor pending,CLI 4.8.0 checkpoint comparison; existing debt retained,REQUIRES LIVE VERIFICATION,"Correct Shopify collections iteration; scoped disposable native carousel with resize/RTL/reduced-motion/editor handling; container-aligned page heading; guarded/escaped card output; bounded mobile columns, visible focus and real peek width.","B3-LIST: manual/all modes on list-collections and other hosts; empty/populated collections; grid/carousel at 1440/1280/991/990/750/749/390/320px; 1-3 mobile columns, image ratios/overrides, long content, LTR/RTL native scroll, keyboard/screen reader, real editor add/remove/reorder/select.",Actual Liquid and DOM fixtures do not certify Shopify collection drops or browser layout. Max items remains auto-only by schema contract. Other Batch 3 entries remain NOT REVIEWED.
assets,section-collection-list,assets/section-collection-list.js,3 Collection / Discovery,,,,sections/main-collection-list.liquid,N/A,SOURCE REVIEWED; manual/all and grid/carousel fixtures PASS,Actual insertion fixture PASS; blank selections intentional,Bounded columns/peek/adapt image reviewed; browser widths pending,"Named native scroller, single link, visible focus, reduced-motion fixture PASS",Two-instance/duplicate-init fixture PASS,Selection/unload/reload fixture PASS; actual editor pending,CLI 4.8.0 checkpoint comparison; existing debt retained,REQUIRES LIVE VERIFICATION,"Correct Shopify collections iteration; scoped disposable native carousel with resize/RTL/reduced-motion/editor handling; container-aligned page heading; guarded/escaped card output; bounded mobile columns, visible focus and real peek width.","B3-LIST: manual/all modes on list-collections and other hosts; empty/populated collections; grid/carousel at 1440/1280/991/990/750/749/390/320px; 1-3 mobile columns, image ratios/overrides, long content, LTR/RTL native scroll, keyboard/screen reader, real editor add/remove/reorder/select.",Actual Liquid and DOM fixtures do not certify Shopify collection drops or browser layout. Max items remains auto-only by schema contract. Other Batch 3 entries remain NOT REVIEWED.
assets,section-collection-modern-simple,assets/section-collection-modern-simple.css,3 Collection / Discovery,,,,,N/A,RETAINED CONTRACT SOURCE REVIEWED; no active host,N/A — dormant compatibility source,SCOPED SOURCE CSS reviewed; future host acceptance required,NATIVE CONTRACT/DOM fixture reviewed; future host acceptance required,Scoped IDs/native forms/disposable controller contract reviewed; no active host,Dormant controller unload/reload fixture; no activation approval,CLI 4.8.0 compared in batch3-closure-batch4-card; existing debt retained,RETAINED — DORMANT SOURCE REVIEWED,Native localized filter/sort/cart contracts; correct price units and result counts; scoped IDs/form ownership; source settings and card media/variant/subscription behavior; disposable pagination/drawer/quick-view controls.,No active root loader found. Future host activation requires full settings/visual/editor/commerce acceptance; retained architecture is not runtime certification.,"Literal and dynamic dependency trace: legacy JS can request protected Quick View and load the shared controller, but has no active repository loader. Simple host is excluded from legacy JS/CSS. Compatibility sources retained. No deletion or activation authorized."
assets,section-collection-modern,assets/section-collection-modern.css,3 Collection / Discovery,,,,,N/A,RETAINED CONTRACT SOURCE REVIEWED; no active host,N/A — dormant compatibility source,SCOPED SOURCE CSS reviewed; future host acceptance required,NATIVE CONTRACT/DOM fixture reviewed; future host acceptance required,Scoped IDs/native forms/disposable controller contract reviewed; no active host,Dormant controller unload/reload fixture; no activation approval,CLI 4.8.0 compared in batch3-closure-batch4-card; existing debt retained,RETAINED — DORMANT SOURCE REVIEWED,Native localized filter/sort/cart contracts; correct price units and result counts; scoped IDs/form ownership; source settings and card media/variant/subscription behavior; disposable pagination/drawer/quick-view controls.,No active root loader found. Future host activation requires full settings/visual/editor/commerce acceptance; retained architecture is not runtime certification.,"Literal and dynamic dependency trace: legacy JS can request protected Quick View and load the shared controller, but has no active repository loader. Simple host is excluded from legacy JS/CSS. Compatibility sources retained. No deletion or activation authorized."
assets,section-collection-modern,assets/section-collection-modern.js,3 Collection / Discovery,,,,,N/A,RETAINED CONTRACT SOURCE REVIEWED; no active host,N/A — dormant compatibility source,SCOPED SOURCE CSS reviewed; future host acceptance required,NATIVE CONTRACT/DOM fixture reviewed; future host acceptance required,Scoped IDs/native forms/disposable controller contract reviewed; no active host,Dormant controller unload/reload fixture; no activation approval,CLI 4.8.0 compared in batch3-closure-batch4-card; existing debt retained,RETAINED — DORMANT SOURCE REVIEWED,Native localized filter/sort/cart contracts; correct price units and result counts; scoped IDs/form ownership; source settings and card media/variant/subscription behavior; disposable pagination/drawer/quick-view controls.,No active root loader found. Future host activation requires full settings/visual/editor/commerce acceptance; retained architecture is not runtime certification.,"Literal and dynamic dependency trace: legacy JS can request protected Quick View and load the shared controller, but has no active repository loader. Simple host is excluded from legacy JS/CSS. Compatibility sources retained. No deletion or activation authorized."
assets,section-collection-simple,assets/section-collection-simple.css,3 Collection / Discovery,,,,sections/main-collection-simple.liquid,N/A,SOURCE CONSUMER CONTRACT REVIEWED; live pending,N/A — reviewed through consumer,SOURCE CSS/bounds/reduced-motion reviewed; live pending,SOURCE/DOM native links/forms/focus reviewed; live pending,ACTUAL LIQUID/DOM fixture pass; live pending,Controller unload/reload and source attributes reviewed; actual editor pending,CLI 4.8.0 compared in batch3-closure-batch4-card; existing debt retained,REQUIRES LIVE VERIFICATION,Native localized filter/sort/cart contracts; correct price units and result counts; scoped IDs/form ownership; source settings and card media/variant/subscription behavior; disposable pagination/drawer/quick-view controls.,"B3-COLLECTION/B3-SEARCH/B4-CARD: after Batches 4–9; all settings/presets, five viewports, real data/currency/cart, keyboard/screen reader, no JS/reduced motion, multiple instances and actual editor lifecycle.",Source/fixture acceptance only. Live Shopify/browser acceptance remains queued. Other consumers retain individual host review in their assigned batches.
assets,section-collection-simple,assets/section-collection-simple.js,3 Collection / Discovery,,,,sections/main-collection-classic.liquid;sections/main-collection-simple.liquid,N/A,SOURCE CONSUMER CONTRACT REVIEWED; live pending,N/A — reviewed through consumer,SOURCE CSS/bounds/reduced-motion reviewed; live pending,SOURCE/DOM native links/forms/focus reviewed; live pending,ACTUAL LIQUID/DOM fixture pass; live pending,Controller unload/reload and source attributes reviewed; actual editor pending,CLI 4.8.0 compared in batch3-closure-batch4-card; existing debt retained,REQUIRES LIVE VERIFICATION,Native localized filter/sort/cart contracts; correct price units and result counts; scoped IDs/form ownership; source settings and card media/variant/subscription behavior; disposable pagination/drawer/quick-view controls.,"B3-COLLECTION/B3-SEARCH/B4-CARD: after Batches 4–9; all settings/presets, five viewports, real data/currency/cart, keyboard/screen reader, no JS/reduced motion, multiple instances and actual editor lifecycle.",Source/fixture acceptance only. Live Shopify/browser acceptance remains queued. Other consumers retain individual host review in their assigned batches.
assets,section-hero-classic,assets/section-hero-classic.css,2 Hero / Banner / CTA,,,,sections/hero-banner.liquid,N/A,SOURCE REVIEWED; live pending,N/A,SOURCE ONLY; live pending,SOURCE/DOM REVIEWED; live pending,ACTUAL LIQUID/DOM FIXTURE PASS,LOAD/UNLOAD/BLOCK SELECT FIXTURE PASS; live pending,REVIEWED; existing debt retained,REQUIRES LIVE VERIFICATION,"Disposable timer/media lifecycle, pause, inactive-slide inertness; corrected visibility, sizing, anchors, empty media and CTA handling.","B2-CLASSIC: responsive placement/font/height settings; actual media, real editor, keyboard and screen reader.","Shared CSS also loaded by sub-banner-classic; additions scoped to data-classic-hero, absent from that consumer. Sub Banner remains NOT REVIEWED."
assets,section-hero-classic,assets/section-hero-classic.js,2 Hero / Banner / CTA,,,,sections/call-to-action-banner.liquid;sections/hero-banner.liquid;sections/sub-banner-classic.liquid;sections/sub-banner-web3.liquid,N/A,SOURCE REVIEWED; live pending,N/A,SOURCE ONLY; live pending,SOURCE/DOM REVIEWED; live pending,ACTUAL LIQUID/DOM FIXTURE PASS,LOAD/UNLOAD/BLOCK SELECT FIXTURE PASS; live pending,REVIEWED; existing debt retained,REQUIRES LIVE VERIFICATION,"Disposable timer/media lifecycle, pause, inactive-slide inertness; corrected visibility, sizing, anchors, empty media and CTA handling. Extended existing controller for reviewed sub-banner hosts; Classic paired content/media and explicit video autoplay false; Transparent header measurement without header-tone mutation.","B2-CLASSIC: responsive placement/font/height settings; actual media, real editor, keyboard and screen reader.","Shared CSS also loaded by sub-banner-classic; additions scoped to data-classic-hero, absent from that consumer. Sub Banner remains NOT REVIEWED. New host fixtures and original hero regressions: validation/sub-banners-static-cta/."
assets,section-main-blog-collection,assets/section-main-blog-collection.css,3 Collection / Discovery,,,,sections/main-blog-collection.liquid,N/A,SOURCE CONSUMER CONTRACT REVIEWED; live pending,N/A — reviewed through consumer,SOURCE CSS/bounds/reduced-motion reviewed; live pending,SOURCE/DOM native links/forms/focus reviewed; live pending,ACTUAL LIQUID/DOM fixture pass; live pending,Controller unload/reload and source attributes reviewed; actual editor pending,CLI 4.8.0 compared in batch3-closure-batch4-card; existing debt retained,REQUIRES LIVE VERIFICATION,"Native blog/article/pagination contracts, safe shared cards, tagged preview/archive routing, settings/CTA/auxiliary-content controls, scoped bounds and disposable load-more; social SVG output source reviewed without changes.","B3-BLOG: after Batches 4–9; all settings/presets, five viewports, real data/currency/cart, keyboard/screen reader, no JS/reduced motion, multiple instances and actual editor lifecycle.",Source/fixture acceptance only. Live Shopify/browser acceptance remains queued. Other consumers retain individual host review in their assigned batches.
assets,section-main-blog-single,assets/section-main-blog-single.css,3 Collection / Discovery,,,,sections/main-blog-single.liquid,N/A,SOURCE CONSUMER CONTRACT REVIEWED; live pending,N/A — reviewed through consumer,SOURCE CSS/bounds/reduced-motion reviewed; live pending,SOURCE/DOM native links/forms/focus reviewed; live pending,ACTUAL LIQUID/DOM fixture pass; live pending,Controller unload/reload and source attributes reviewed; actual editor pending,CLI 4.8.0 compared in batch3-closure-batch4-card; existing debt retained,REQUIRES LIVE VERIFICATION,"Native blog/article/pagination contracts, safe shared cards, tagged preview/archive routing, settings/CTA/auxiliary-content controls, scoped bounds and disposable load-more; social SVG output source reviewed without changes.","B3-BLOG: after Batches 4–9; all settings/presets, five viewports, real data/currency/cart, keyboard/screen reader, no JS/reduced motion, multiple instances and actual editor lifecycle.",Source/fixture acceptance only. Live Shopify/browser acceptance remains queued. Other consumers retain individual host review in their assigned batches. Family reconciled by actual consumer/type at B5-BUILDERS; this assignment does not grant review approval.
assets,section-main-cart,assets/section-main-cart.css,4 Product / Commerce,,,,sections/main-cart.liquid,N/A,SOURCE REVIEWED; schema-backed controls and native data contracts; live matrix queued,N/A — dependency; host configurations reviewed,SOURCE CSS/markup bounds reviewed; actual browser queued,SOURCE/Liquid/DOM review; native browser and assistive technology queued,Host-scoped identities/state reviewed in fixtures; global singleton explicitly retained where applicable,SOURCE/DOM lifecycle and editor attributes reviewed; actual Shopify editor queued,"CLI 4.8.0 exit 1, full baseline comparison retained; not clean certification",REQUIRES LIVE VERIFICATION,"Native cart owns shared CSS independently of drawer. Flat native form retains all updates and checkout association. Strict quantity/rule/key handling, request guards, errors and editor disposal; no automatic failed-POST resubmission. Retired inert density selector overridden by explicit spacing; spacing/styles/rewards controls now have consumers.","B4-FINAL, after Batch 9: Actual multi-line cart updates and checkout with JS off/on, quantity instructions/customer rules, native/server failures, all 49 settings/preset, rewards/discount configuration, responsive and editor acceptance.",Batch 4 individual source disposition. Evidence: validation/batch4-commerce-closure; cart-commerce.cjs. Explicit platform adapters; no live certification.
assets,section-main-cart,assets/section-main-cart.js,4 Product / Commerce,,,,sections/main-cart.liquid,N/A,SOURCE REVIEWED; schema-backed controls and native data contracts; live matrix queued,N/A — dependency; host configurations reviewed,SOURCE CSS/markup bounds reviewed; actual browser queued,SOURCE/Liquid/DOM review; native browser and assistive technology queued,Host-scoped identities/state reviewed in fixtures; global singleton explicitly retained where applicable,SOURCE/DOM lifecycle and editor attributes reviewed; actual Shopify editor queued,"CLI 4.8.0 exit 1, full baseline comparison retained; not clean certification",REQUIRES LIVE VERIFICATION,"Native cart owns shared CSS independently of drawer. Flat native form retains all updates and checkout association. Strict quantity/rule/key handling, request guards, errors and editor disposal; no automatic failed-POST resubmission. Retired inert density selector overridden by explicit spacing; spacing/styles/rewards controls now have consumers.","B4-FINAL, after Batch 9: Actual multi-line cart updates and checkout with JS off/on, quantity instructions/customer rules, native/server failures, all 49 settings/preset, rewards/discount configuration, responsive and editor acceptance.",Batch 4 individual source disposition. Evidence: validation/batch4-commerce-closure; cart-commerce.cjs. Explicit platform adapters; no live certification.
assets,section-product-bundles,assets/section-product-bundles.css,4 Product / Commerce,,,,,N/A,SOURCE/ACTUAL LIQUID settings and purchase contracts reviewed,N/A — retained dependency,SOURCE CSS bounds/controls reviewed; actual browser queued for active host,SOURCE/Liquid/DOM controls/focus/reduced-motion review; active live acceptance queued,Duplicate-load and independent-root fixtures PASS,Active slider load/unload/block selection fixture PASS; legacy is dormant global delegation,CLI 4.8.0 exit 1; debt/comparison retained,RETAINED — DORMANT SOURCE REVIEWED,"No production render/include consumer or active host found. Retained legacy contract corrected in isolation: exact deduplicated displayed products/totals/IDs, escaped titles, unavailable/required-plan/quantity-rule guards, localized add route, duplicate-request guard/recovery and narrow CSS bounds. No activation or deletion.",No active storefront host. Any future activation requires an individual host review and native cart/plan/quantity/currency/lifecycle acceptance; isolated fixture is not permission to activate.,Explicit family audit and source disposition; tests/phase4/product-slider-legacy.cjs uses real source with fixture adapters. See validation/batch4-commerce-closure.
assets,section-product-bundles,assets/section-product-bundles.js,4 Product / Commerce,,,,,N/A,SOURCE/ACTUAL LIQUID settings and purchase contracts reviewed,N/A — retained dependency,SOURCE CSS bounds/controls reviewed; actual browser queued for active host,SOURCE/Liquid/DOM controls/focus/reduced-motion review; active live acceptance queued,Duplicate-load and independent-root fixtures PASS,Active slider load/unload/block selection fixture PASS; legacy is dormant global delegation,CLI 4.8.0 exit 1; debt/comparison retained,RETAINED — DORMANT SOURCE REVIEWED,"No production render/include consumer or active host found. Retained legacy contract corrected in isolation: exact deduplicated displayed products/totals/IDs, escaped titles, unavailable/required-plan/quantity-rule guards, localized add route, duplicate-request guard/recovery and narrow CSS bounds. No activation or deletion.",No active storefront host. Any future activation requires an individual host review and native cart/plan/quantity/currency/lifecycle acceptance; isolated fixture is not permission to activate.,Explicit family audit and source disposition; tests/phase4/product-slider-legacy.cjs uses real source with fixture adapters. See validation/batch4-commerce-closure.
assets,section-product-faq,assets/section-product-faq.css,4 Product / Commerce,,,,sections/product-faq.liquid,N/A,SOURCE REVIEWED; schema-backed controls and native data contracts; live matrix queued,N/A — dependency; host configurations reviewed,SOURCE CSS/markup bounds reviewed; actual browser queued,SOURCE/Liquid/DOM review; native browser and assistive technology queued,Host-scoped identities/state reviewed in fixtures; global singleton explicitly retained where applicable,SOURCE/DOM lifecycle and editor attributes reviewed; actual Shopify editor queued,"CLI 4.8.0 exit 1, full baseline comparison retained; not clean certification",REQUIRES LIVE VERIFICATION,"Blank answers skipped with stable first item; no-JS answers remain visible. Native metafield/metaobject/model media, safe external video links and visible-only embeds, image full-size link, corrected media fit/aspect/line-height selectors. Scoped accordion focus/media/editor cleanup.","B4-FINAL, after Batch 9: Actual metafield/metaobject/JSON QA data, native model/provider playback, full-size images and media placement, all layouts/presets, screen readers, responsive/sticky and editor acceptance.",Batch 4 individual source disposition. Evidence: validation/batch4-commerce-closure; product-content-hosts.cjs. Explicit platform adapters; no live certification.
assets,section-product-faq,assets/section-product-faq.js,4 Product / Commerce,,,,sections/product-faq.liquid,N/A,SOURCE REVIEWED; schema-backed controls and native data contracts; live matrix queued,N/A — dependency; host configurations reviewed,SOURCE CSS/markup bounds reviewed; actual browser queued,SOURCE/Liquid/DOM review; native browser and assistive technology queued,Host-scoped identities/state reviewed in fixtures; global singleton explicitly retained where applicable,SOURCE/DOM lifecycle and editor attributes reviewed; actual Shopify editor queued,"CLI 4.8.0 exit 1, full baseline comparison retained; not clean certification",REQUIRES LIVE VERIFICATION,"Blank answers skipped with stable first item; no-JS answers remain visible. Native metafield/metaobject/model media, safe external video links and visible-only embeds, image full-size link, corrected media fit/aspect/line-height selectors. Scoped accordion focus/media/editor cleanup.","B4-FINAL, after Batch 9: Actual metafield/metaobject/JSON QA data, native model/provider playback, full-size images and media placement, all layouts/presets, screen readers, responsive/sticky and editor acceptance.",Batch 4 individual source disposition. Evidence: validation/batch4-commerce-closure; product-content-hosts.cjs. Explicit platform adapters; no live certification.
assets,section-product-reviews,assets/section-product-reviews.css,4 Product / Commerce,,,,sections/product-reviews.liquid,N/A,SOURCE REVIEWED; schema-backed controls and native data contracts; live matrix queued,N/A — dependency; host configurations reviewed,SOURCE CSS/markup bounds reviewed; actual browser queued,SOURCE/Liquid/DOM review; native browser and assistive technology queued,Host-scoped identities/state reviewed in fixtures; global singleton explicitly retained where applicable,SOURCE/DOM lifecycle and editor attributes reviewed; actual Shopify editor queued,"CLI 4.8.0 exit 1, full baseline comparison retained; not clean certification",REQUIRES LIVE VERIFICATION,"Product/empty guards, unique IDs and accessible heading fallback; native rating scale normalized and invalid ratings skipped, native RTE, escaped text/links, guarded CTA and responsive/focus styling.","B4-FINAL, after Batch 9: Actual metafield/metaobject ratings/rich text, all source/preset/style options, long text, keyboard/screen-reader and responsive/editor acceptance.",Batch 4 individual source disposition. Evidence: validation/batch4-commerce-closure; product-content-hosts.cjs. Explicit platform adapters; no live certification.
assets,section-product-wishlist,assets/section-product-wishlist.css,4 Product / Commerce,,,,sections/product-wishlist.liquid,N/A,SOURCE REVIEWED; schema-backed controls and native data contracts; live matrix queued,N/A — dependency; host configurations reviewed,SOURCE CSS/markup bounds reviewed; actual browser queued,SOURCE/Liquid/DOM review; native browser and assistive technology queued,Host-scoped identities/state reviewed in fixtures; global singleton explicitly retained where applicable,SOURCE/DOM lifecycle and editor attributes reviewed; actual Shopify editor queued,"CLI 4.8.0 exit 1, full baseline comparison retained; not clean certification",REQUIRES LIVE VERIFICATION,"Closed B4-WISHLIST-OPEN: retired color_scheme input with no repository group/consumer, retaining inherited theme colors and saved merchant state. Primary/secondary button styles now consume existing theme tokens; existing saved-list/storage/render contract preserved.","B4-FINAL, after Batch 9: Actual saved list across pages/tabs and denied storage; all section/button/card settings, contrast/long text, native selected variants, responsive and editor acceptance.",Batch 4 individual source disposition. Evidence: validation/batch4-commerce-closure; wishlist-commerce.cjs. Explicit platform adapters; no live certification.
assets,section-product-wishlist,assets/section-product-wishlist.js,4 Product / Commerce,,,,sections/product-wishlist.liquid,N/A,SOURCE + ACTUAL LIQUID/DOM FIXTURES; live pending,N/A; host fixtures reviewed,SOURCE CSS/layout/media review; live pending,SOURCE + DOM/focus/native-control fixtures; live pending,ACTUAL HOST/SCOPED DOM FIXTURE PASS,LOAD/UNLOAD/RELOAD FIXTURES; live pending,CLI 4.8.0: 655 diagnostics / 25 errors / 630 warnings; unsuppressed debt retained,REQUIRES LIVE VERIFICATION,Existing list engine now uses shared storage; localized saved-variant card fragments; remove/clear/error recovery; scoped requests and abort/stale/editor lifecycle.,B4-PRODUCT-HOSTS after Batch 9: real native/AJAX/accelerated carts; plans/currencies/quantity; actual media providers/model viewer; keyboard/screen reader/responsive/editor and persistence acceptance.,See batch4-product-hosts evidence. Source/fixture disposition only; each product host received its own settings/preset and commerce review. No Shopify/browser certification. Batch 4 closure regression: all seven Phase 3 and 46 Phase 4 suites pass; original individual host/live obligations retained.
assets,section-slideshow,assets/section-slideshow.css,9 Snippet / Asset Closure,,,,,N/A,SOURCE REVIEWED; actual runtime/build/generated ownership and variable contracts documented in B9-E,N/A — asset has no schema; existing host presets and actual slideshow media fixtures PASS,DORMANT — old generic carousel selectors/layout contracts retained for owner decision,DORMANT — focus/pause/video/reduced-motion defects documented before any reuse,DORMANT — unbound obsolete carousel cannot be certified for multi-instance use,DORMANT — missing unload/reload/disposal liabilities documented,Fresh unsuppressed CLI 4.8.0 result/comparison in B9-E; no suppressions,DELETION CANDIDATE — OWNER REVIEW,No source change. Unloaded obsolete carousel CSS retained for owner-review deletion; active qsl implementation traced separately.,No live test while dormant; owner decision and full source/lifecycle/accessibility repairs before any activation.,B9-E: docs/phase4/validation/batch9-e-delivery/. Runtime/build/config/dynamic trace and all known dormant liabilities recorded; no automatic deletion or CSS architecture/readability rewrite. B9-FINAL: formally dispositioned for engineering; retained/live/owner-review limitations unchanged. Closure evidence: validation/batch9-engineering-closure/.
assets,section-slideshow,assets/section-slideshow.js,9 Snippet / Asset Closure,,,,,N/A,SOURCE REVIEWED; actual runtime/build/generated ownership and variable contracts documented in B9-E,N/A — asset has no schema; existing host presets and actual slideshow media fixtures PASS,DORMANT — old generic carousel selectors/layout contracts retained for owner decision,DORMANT — focus/pause/video/reduced-motion defects documented before any reuse,DORMANT — unbound obsolete carousel cannot be certified for multi-instance use,DORMANT — missing unload/reload/disposal liabilities documented,Fresh unsuppressed CLI 4.8.0 result/comparison in B9-E; no suppressions,DELETION CANDIDATE — OWNER REVIEW,No source change. Unloaded obsolete controller retained for owner-review deletion; undefined slideVideos/lifecycle/accessibility liabilities explicitly recorded.,No live test while dormant; owner decision and full source/lifecycle/accessibility repairs before any activation.,B9-E: docs/phase4/validation/batch9-e-delivery/. Runtime/build/config/dynamic trace and all known dormant liabilities recorded; no automatic deletion or CSS architecture/readability rewrite. B9-FINAL: formally dispositioned for engineering; retained/live/owner-review limitations unchanged. Closure evidence: validation/batch9-engineering-closure/.
assets,slideshow-banner,assets/slideshow-banner.js,2 Hero / Banner / CTA,,,,sections/slideshow-banner.liquid,N/A,SOURCE REVIEW; real editor mode matrix pending,Via section consumer,SOURCE BREAKPOINT REVIEW; viewport acceptance pending,DOM interaction fixtures; screen reader/contrast pending,Fixture duplicate initialization and two-instance preset render,Synthetic load/unload; real editor pending,Batch 2 report; existing diagnostics retained,REQUIRES LIVE VERIFICATION,Extract active inline initializer; guard duplicate execution; inert inactive slides; persistent rotation pause; unload timers; inactive/reduced-motion media suspension.,B2-BANNERS: 1440/1280/768/390/320px; all layouts and long content; real editor lifecycle; variant/selling-plan cart acceptance; video provider playback; screen reader/focus.,Engineering checkpoint only. Batch 2 family is not complete and this row is not release approval. See batch2 review notes for remaining checks.
assets,social-media-youtube,assets/social-media-youtube.js,7 Social / Third Party / Utilities,,,,sections/social-media-youtube-grid.liquid,N/A,Independent source + 253 actual social gallery settings/native media/link/provider/edge/lifecycle cases PASS,Neutral manual presets; blank/disabled/future-feed/editor cases PASS,"SOURCE scoped native tokens, bounded grids/rails/native dialog/embeds and zero controls; browser pending","Native links/images/alt/labels, inertness/focus and native dialog lifecycle/keyboard fallback PASS; AT pending","Actual opposing settings, scoped CSS, YouTube duplicate boot/unload/reload and player disposal PASS",Blank-block guidance and provider boundaries; disposable lifecycle; real editor pending,"Unmodified CLI 4.8.0 exit 1; batch7-social-galleries evidence; native parser PASS B7-FINAL full CLI 4.8.0 exits 1: 499 total (5 errors/494 warnings), 0 errors/18 retained warnings in Family 7; unsuppressed.",REQUIRES LIVE VERIFICATION,"Native manual gallery/link/image and configured embed hardening, neutral defaults, honest future-feed boundaries, scoped theme tokens/layout/ratio/empty/accessible states. Added strict recognized YouTube URL helper and native-dialog controller; preserved native watch links and exact merchant embed HTML.","B7-SOCIAL-GALLERIES after Batch 9: saved media/layout/alt/copy/source modes, native provider embeds/playback/titles/consent/restrictions and Facebook configuration; captions/focus/real modal trapping/close/no-JS, responsive/RTL/zoom/contrast/AT, mixed instances and real editor lifecycle. No feed authorization/synchronization is implemented.","253 actual Liquid/DOM/CSS/video/dialog adapter cases; not provider, Shopify, pixel or AT certification. Existing icon-social dependency remains live queued and unchanged. B7-FINAL engineering closure 2026-09-22: all 75 family entries reconciled; final evidence validation/batch7-engineering-closure. Existing live queues remain after Batch 9."
assets,standout-hero-banner,assets/standout-hero-banner.css,2 Hero / Banner / CTA,,,,sections/standout-hero-banner.liquid,N/A,SOURCE REVIEWED; live pending,N/A,SOURCE ONLY; live pending,SOURCE/DOM REVIEWED; live pending,ACTUAL LIQUID/DOM FIXTURE PASS,LIFECYCLE FIXTURE PASS; live pending,REVIEWED; no new diagnostics; existing debt retained,REQUIRES LIVE VERIFICATION,Scope all rules; working mobile grid stacking/reversal; desktop position; six button variants and theme tokens; narrow content containment.,B2-SPLIT-STANDOUT-TRANSPARENT: 1440/1280/768/390/320px; all layouts/settings; real editor/media; keyboard/screen reader; header overlap and touch scrolling.,Source and mock DOM verification only. See validation/split-standout-transparent. No Shopify runtime acceptance.
assets,styles,assets/styles.css,9 Snippet / Asset Closure,,,,layout/password.liquid;layout/theme.liquid,N/A,SOURCE REVIEWED; actual runtime/build/generated ownership and variable contracts documented in B9-E,N/A — asset has no schema; existing host presets and actual slideshow media fixtures PASS,SOURCE REVIEWED; bounded mobile headings/cascade and build utilities; actual geometry queued,"SOURCE REVIEWED; link foreground, uppercase, focus/hidden/reduced-motion foundations; live contrast/AT queued",Shared stateless CSS; layout is sole compiled-sheet owner; scoped consumer lifecycle retained,Actual layout/Quick View/slideshow regression fixtures PASS; native insertion/asset/cascade acceptance queued,Fresh unsuppressed CLI 4.8.0 result/comparison in B9-E; no suppressions,REQUIRES LIVE VERIFICATION,Preserve component link hover foreground; connect existing heading/button uppercase tokens; respect configured small heading sizes on mobile. Canonical token aliases supplied in C.,"B9-DELIVERY: actual normal/password cascade, merchant typography/palette/hover/focus, mobile/RTL/zoom/no-JS/motion, loaded CDN/generated CSS, Quick View deferred timing and native slideshow dimensions/editor interaction. All prior consumer queues retained.",B9-E: docs/phase4/validation/batch9-e-delivery/. Runtime/build/config/dynamic trace and all known dormant liabilities recorded; no automatic deletion or CSS architecture/readability rewrite. B9-FINAL: formally dispositioned for engineering; retained/live/owner-review limitations unchanged. Closure evidence: validation/batch9-engineering-closure/.
assets,tailwind,assets/tailwind.css,9 Snippet / Asset Closure,,,,,N/A,SOURCE REVIEWED; actual runtime/build/generated ownership and variable contracts documented in B9-E,N/A — asset has no schema; existing host presets and actual slideshow media fixtures PASS,BUILD-ONLY source breakpoints/utilities reviewed,BUILD-ONLY utilities; live acceptance belongs to rendered consumers,N/A — build source has no runtime instances,N/A — only generated result is served,Fresh unsuppressed CLI 4.8.0 result/comparison in B9-E; no suppressions,REVIEWED — BUILD ONLY,No source change. BUILD-ONLY source/config/safelist/import ownership reviewed; CSS build reproduces saved generated hash.,Generated output/consumer queues own acceptance; no direct runtime use.,B9-E: docs/phase4/validation/batch9-e-delivery/. Runtime/build/config/dynamic trace and all known dormant liabilities recorded; no automatic deletion or CSS architecture/readability rewrite. B9-FINAL: formally dispositioned for engineering; retained/live/owner-review limitations unchanged. Closure evidence: validation/batch9-engineering-closure/.
assets,theme,assets/theme.css,9 Snippet / Asset Closure,,,,layout/password.liquid;layout/theme.liquid,N/A,SOURCE REVIEWED; actual runtime/build/generated ownership and variable contracts documented in B9-E,N/A — asset has no schema; existing host presets and actual slideshow media fixtures PASS,SOURCE REVIEWED; bounded mobile headings/cascade and build utilities; actual geometry queued,"SOURCE REVIEWED; link foreground, uppercase, focus/hidden/reduced-motion foundations; live contrast/AT queued",Shared stateless CSS; layout is sole compiled-sheet owner; scoped consumer lifecycle retained,Actual layout/Quick View/slideshow regression fixtures PASS; native insertion/asset/cascade acceptance queued,Fresh unsuppressed CLI 4.8.0 result/comparison in B9-E; no suppressions,REQUIRES LIVE VERIFICATION,"No byte change. GENERATED active build output verified; removed duplicate late playground-template link, retaining normal/password layout ownership.","B9-DELIVERY: actual normal/password cascade, merchant typography/palette/hover/focus, mobile/RTL/zoom/no-JS/motion, loaded CDN/generated CSS, Quick View deferred timing and native slideshow dimensions/editor interaction. All prior consumer queues retained.",B9-E: docs/phase4/validation/batch9-e-delivery/. Runtime/build/config/dynamic trace and all known dormant liabilities recorded; no automatic deletion or CSS architecture/readability rewrite. B9-FINAL: formally dispositioned for engineering; retained/live/owner-review limitations unchanged. Closure evidence: validation/batch9-engineering-closure/.
assets,transparent-hero-banner,assets/transparent-hero-banner.js,2 Hero / Banner / CTA,,,,sections/sub-banner-transparent.liquid;sections/transparent-hero-banner.liquid,N/A,SOURCE REVIEWED; live pending,N/A,SOURCE ONLY; live pending,SOURCE/DOM REVIEWED; live pending,ACTUAL LIQUID/DOM FIXTURE PASS,LIFECYCLE FIXTURE PASS; live pending,REVIEWED; no new diagnostics; existing debt retained,REQUIRES LIVE VERIFICATION,Disposable carousel/media lifecycle; inactive slide inertness; persistent pause/reduced motion; scroll navigation; editor selection; shared header ownership and restoration. Extended existing controller for reviewed sub-banner hosts; Classic paired content/media and explicit video autoplay false; Transparent header measurement without header-tone mutation.,B2-SPLIT-STANDOUT-TRANSPARENT: 1440/1280/768/390/320px; all layouts/settings; real editor/media; keyboard/screen reader; header overlap and touch scrolling.,Source and mock DOM verification only. See validation/split-standout-transparent. No Shopify runtime acceptance. New host fixtures and original hero regressions: validation/sub-banners-static-cta/.
assets,video-hero-banner,assets/video-hero-banner.js,2 Hero / Banner / CTA,,,,sections/boxed-content-banner.liquid;sections/call-to-action-audience-source.liquid;sections/call-to-action-card-stack.liquid;sections/call-to-action-social-proof.liquid;sections/call-to-action-split-content.liquid;sections/grid-banner.liquid;sections/special-offers-banner.liquid;sections/standout-hero-banner.liquid;sections/video-hero-banner.liquid;snippets/form-background.liquid,N/A,SOURCE REVIEWED; live pending,DEFAULTS/LIQUID FIXTURE REVIEWED; live pending,SOURCE ONLY; live pending,SOURCE/DOM REVIEWED; live pending,DOM FIXTURE PASS,LOAD/UNLOAD FIXTURE PASS; live pending,REVIEWED; existing debt retained,REQUIRES LIVE VERIFICATION,"Removed demonstration media/links from defaults; deferred media, persistent pause, reduced-motion/visibility/editor lifecycle. Special Offers reuses the controller with an explicit 767px mobile query; original Video Hero retains 749px. B6-QUOTE-SUPPORT limited dependency update: background playback starts paused in Theme Editor; existing Video Hero plus new form/media regressions pass.","B2-HERO-MEDIA: responsive layouts, actual merchant data, media providers and real editor; product variants/selling plans/native and drawer cart.",Offline fixtures are not live Shopify certification. Boxed Content also consumes the controller; its actual-layout fixtures cover media pause/unload. Four reviewed form hosts now consume the shared media controller. Existing Batch 2 live queue remains; no blanket host approval.
assets,web3-hero-banner,assets/web3-hero-banner.js,2 Hero / Banner / CTA,,,,sections/web3-hero-banner.liquid,N/A,MOTION FLAGS REVIEWED; live pending,N/A,SOURCE ONLY; live pending,SOURCE/DOM REVIEWED; live pending,ACTUAL LIQUID/DOM FIXTURE PASS,SELECT/UNLOAD FIXTURE PASS; live pending,JS SYNTAX PASS,REQUIRES LIVE VERIFICATION,"Instance-scoped carousel, persistent pause, inactive inertness, reveal fallback, guarded effects, video/reduced-motion/visibility and editor cleanup. Does not implement wallet actions.","B2-WEB3-MOTION: real responsive slideshow, video, all effects, editor add/remove/reorder, motion preference, keyboard and screen reader.",Host source closure complete; disposable ready-state/no-JS restoration and gradient motion pause covered by actual section fixtures. Real browser/editor acceptance remains pending.
assets,worm,assets/worm.svg,9 Snippet / Asset Closure,,,,sections/call-to-action-icon-list.liquid,N/A,"SOURCE REVIEWED; canonical variable, asset and build ownership in B9-D",N/A — no own schema; existing consumer icon/default/preset fixtures PASS,SOURCE REVIEWED; opt-in surface/base rules and SVG viewBox/host sizing; native geometry queued,"SOURCE REVIEWED; inherited component foreground/rhythm, decorative SVG contracts and source integrity; actual contrast/AT queued",Stateless shared stylesheet/external sprite; scoped surface vars and no duplicate SVG IDs,No own JS/listeners; existing host lifecycle owns re-render; native CSS/font/asset refresh queued,Native strict Liquid/PostCSS/XML checks PASS; final unsuppressed Theme Check comparison required,REQUIRES LIVE VERIFICATION,No byte change. Valid decorative Icon List default/fallback SVG and host sizing/alt/error contracts reviewed.,"B9-ASSETS: native Shopify CDN external SVG fragments/fallback images, current fonts/colors, nested contrast, section surfaces/main/password cascade, responsive/RTL/zoom and editor asset refresh. Existing consumer queues and separate 7,830 icon visual queue retained.","B9-D: docs/phase4/validation/batch9-d-static-assets/. Consumer/build/dynamic trace, SVG integrity and source contracts recorded. Preserve current sprite: historical input packs are absent; rebuilding icons is a separately scoped task. B9-FINAL: formally dispositioned for engineering; retained/live/owner-review limitations unchanged. Closure evidence: validation/batch9-engineering-closure/."
