File,SHA256,ViewBox,Disposition
assets/icons/a-arrow-down.svg,aa61bdb94c92b7f92a2fe503538feccc9486f677bb56d900fafa4463e46170ef,0 0 24 24,XML VALID — VISUAL REVIEW PENDING
assets/icons/a-arrow-up.svg,e52e28516e54dd115c7a7b98ccf8b467ab31d787dd155e88bffff79a6cfc5e63,0 0 24 24,XML VALID — VISUAL REVIEW PENDING
assets/icons/a-large-small.svg,fc15e4b8a1ac64424dc489f87c6a233ddf7fb2a9b97abc6b4475aa0d449ad4e3,0 0 24 24,XML VALID — VISUAL REVIEW PENDING
assets/icons/accessibility.svg,eb419962f59f43f1881ac5cb1db88970ff863f81bc3446f05a01e290ec5d2b08,0 0 24 24,XML VALID — VISUAL REVIEW PENDING
assets/icons/activity-square.svg,91235c51a6f17e575de38a2abe646684b0426e3465c656584dceb05674379494,0 0 24 24,XML VALID — VISUAL REVIEW PENDING
assets/icons/activity.svg,a6d4ce485dcf5a690df22d0e04d7e4ef4d09eb0f159763fa33cea5ae4f058eef,0 0 24 24,XML VALID — VISUAL REVIEW PENDING
assets/icons/air-vent.svg,6df01a3823fdc6ac18ac1a49247c9b687a26a1dea647afefb6ff755489ce28db,0 0 24 24,XML VALID — VISUAL REVIEW PENDING
assets/icons/airplay.svg,7d85258223ff49b5f998b287a99a908bbb7482884f673707cc39a22b8df95499,0 0 24 24,XML VALID — VISUAL REVIEW PENDING
assets/icons/alarm-check.svg,7aa3adba5e0ca42e84a7e88cb25b59e2be791b52c8343d9a9f6c76d86dc01221,0 0 24 24,XML VALID — VISUAL REVIEW PENDING
assets/icons/alarm-clock-check.svg,ca652ca16aaff5950be1f65b48c668563572f1646a332813d8872af7c033768b,0 0 24 24,XML VALID — VISUAL REVIEW PENDING
assets/icons/alarm-clock-minus.svg,1a7b9ff12f326ea5da0d7c7b39247ff4a542a1aa5aca78698d233b43842d85b0,0 0 24 24,XML VALID — VISUAL REVIEW PENDING
assets/icons/alarm-clock-off.svg,b20fe3f7011a5eb267221d3ee05432575d96a1982d02c81c68a6dd68438db613,0 0 24 24,XML VALID — VISUAL REVIEW PENDING
assets/icons/alarm-clock-plus.svg,c76ccdb39e294386087b054e5b2b9428ba46a63ac8b1771472ee88b94da1c7af,0 0 24 24,XML VALID — VISUAL REVIEW PENDING
assets/icons/alarm-clock.svg,cfa9db88416a7bae9f60d0bacddbc4d049d0455e675610591281fab76118cd0d,0 0 24 24,XML VALID — VISUAL REVIEW PENDING
assets/icons/alarm-minus.svg,e7dd943411f29a340fcb18c2d8f43d25697438b859fb24a70b03b6181fb22c19,0 0 24 24,XML VALID — VISUAL REVIEW PENDING
assets/icons/alarm-plus.svg,b252811742391eb3adb5b7bf7f333bba6c353623356d80b41d0ab6491a78634f,0 0 24 24,XML VALID — VISUAL REVIEW PENDING
assets/icons/alarm-smoke.svg,ca01adc58834fcfa4ad85bff287e4915f50b85ef678fa26af0eed4b304bcb50a,0 0 24 24,XML VALID — VISUAL REVIEW PENDING
assets/icons/album.svg,b81647b5becd7dc85c8c0cb5b9ac7fb4766b4d9fdf47e180658acab1d7421ff2,0 0 24 24,XML VALID — VISUAL REVIEW PENDING
assets/icons/alert-circle.svg,9d0eab529b06ee30cb740f95838547b1f1c394fff7b7c18b4db9c1807c5c1cd3,0 0 24 24,XML VALID — VISUAL REVIEW PENDING
assets/icons/alert-octagon.svg,e73a7182e0df87b2f0dae5610db17d29ec84e2dd92213f970ced3545450b98aa,0 0 24 24,XML VALID — VISUAL REVIEW PENDING
assets/icons/alert-triangle.svg,4f01eaf462e6c8b80591d89f6c1ee18d0573785c15fbf90b8b7f8f610512264e,0 0 24 24,XML VALID — VISUAL REVIEW PENDING
assets/icons/align-center-horizontal.svg,26e92b20cc98c0319c49412e880301778e8412db63aacec9aaf9d56ee9f0d4a2,0 0 24 24,XML VALID — VISUAL REVIEW PENDING
assets/icons/align-center-vertical.svg,a9585b1ff3667e792e38f1d0c6fd7f95423480f08fb94f8e0f5ddcaf2008c57f,0 0 24 24,XML VALID — VISUAL REVIEW PENDING
assets/icons/align-center.svg,facedbd41640e607bcc9a2ea9a8d9b3de11cb51b7883751af524b4b004abd4de,0 0 24 24,XML VALID — VISUAL REVIEW PENDING
assets/icons/align-end-horizontal.svg,8c81f0be9ce9b4113e580877279d3179de1c4583eaafa621dea9e97601cd6a14,0 0 24 24,XML VALID — VISUAL REVIEW PENDING
assets/icons/align-end-vertical.svg,a519cbb2969d1263fa0ad47d558191e731f156f3dc23affdcfc99d0610b8f371,0 0 24 24,XML VALID — VISUAL REVIEW PENDING
assets/icons/align-horizontal-distribute-center.svg,b884a3739f8782abe394611fddb2a75f2a5a3d15824fd18ea318e513549411f9,0 0 24 24,XML VALID — VISUAL REVIEW PENDING
assets/icons/align-horizontal-distribute-end.svg,8c9e268c157b862aad59d66fd92488a7240b9b3ca6ad5deec36827121ca5953a,0 0 24 24,XML VALID — VISUAL REVIEW PENDING
assets/icons/align-horizontal-distribute-start.svg,c66d33e3d26aed44d69d73d355adb7134de0012f74d776b5075d5cdd3dafeba3,0 0 24 24,XML VALID — VISUAL REVIEW PENDING
assets/icons/align-horizontal-justify-center.svg,645f4173f18b0900fbf467f12c03fdb0ce12c4faed0c5102f81e6d7764ccd6a4,0 0 24 24,XML VALID — VISUAL REVIEW PENDING
assets/icons/align-horizontal-justify-end.svg,ca81e1b5e3c28ae91ac7cd7ed5445e856fe4c5511575f6c8b43c0e4e541dd554,0 0 24 24,XML VALID — VISUAL REVIEW PENDING
assets/icons/align-horizontal-justify-start.svg,df23e962e6bcdc74dba71ff027f0c047f56395d28d859ea85afbbdc29d4f0872,0 0 24 24,XML VALID — VISUAL REVIEW PENDING
assets/icons/align-horizontal-space-around.svg,29948682e0e479f7804a6ad5dca9611df185aee61346a8b13f8fd3da1d0f4ae7,0 0 24 24,XML VALID — VISUAL REVIEW PENDING
assets/icons/align-horizontal-space-between.svg,d7394d00b4c3c90c74c369e796128472548e460d5584fc0dbcbbd2d454c4bab7,0 0 24 24,XML VALID — VISUAL REVIEW PENDING
assets/icons/align-justify.svg,5cdf86139feeb5130bbde56af030c0d70c6aa3a39ef63cf5fcdf9f7908dea924,0 0 24 24,XML VALID — VISUAL REVIEW PENDING
assets/icons/align-left.svg,0b42fbabd0ffc8dfb97584bfc258841a53c08decdf06a6ca0fc669a5e8dc38c9,0 0 24 24,XML VALID — VISUAL REVIEW PENDING
assets/icons/align-right.svg,e9407a092e1f576a570ed59457ea873a9e94d90a7c62479c1d1c924411b280e1,0 0 24 24,XML VALID — VISUAL REVIEW PENDING
assets/icons/align-start-horizontal.svg,ae2f0e0b9a856b1dbce8dd02028d9ae294144419662a81cd26f99d47ca12a983,0 0 24 24,XML VALID — VISUAL REVIEW PENDING
assets/icons/align-start-vertical.svg,13dd6f94ad78050bdac2edc5303725fa51f59b3b296b738733edf8cfd0a309a7,0 0 24 24,XML VALID — VISUAL REVIEW PENDING
assets/icons/align-vertical-distribute-center.svg,94a299e23499906ea82ac2a2d03a1b8473f6fe2cf090fa2ed87819625488c198,0 0 24 24,XML VALID — VISUAL REVIEW PENDING
assets/icons/align-vertical-distribute-end.svg,ad39d0767872ce0b62cc21016d79a15c3d4adbae6cb89e3b752baa90cee730cd,0 0 24 24,XML VALID — VISUAL REVIEW PENDING
assets/icons/align-vertical-distribute-start.svg,60440d394485392a511c91ef2c7d67e9d33ebd50e062bad3cc8ff2b3470cd97e,0 0 24 24,XML VALID — VISUAL REVIEW PENDING
assets/icons/align-vertical-justify-center.svg,a6dcccffcea98b28afe13fc9b957b497058c35afadeeb9f83b1c953e21412154,0 0 24 24,XML VALID — VISUAL REVIEW PENDING
assets/icons/align-vertical-justify-end.svg,266ed05bed628039c95ed840b64987596ea5e036ffe89f8cd6283006b91a89c4,0 0 24 24,XML VALID — VISUAL REVIEW PENDING
assets/icons/align-vertical-justify-start.svg,9d480615f8125f98915bd88246b17182f492d523534a70f746a548a1e889ea5b,0 0 24 24,XML VALID — VISUAL REVIEW PENDING
assets/icons/align-vertical-space-around.svg,df28c63b536e13720cc2894d200caebcf2ac13d8b2be2b210ea6de848349eb0f,0 0 24 24,XML VALID — VISUAL REVIEW PENDING
assets/icons/align-vertical-space-between.svg,cb2d4141fb64e2c99bd41dff5d606749468f14ad73a674845a1eab5b5b2e32d1,0 0 24 24,XML VALID — VISUAL REVIEW PENDING
assets/icons/ambulance.svg,04b09d060374c3d014a103bf7789d3542849730497fedfffda775995a78686c2,0 0 24 24,XML VALID — VISUAL REVIEW PENDING
assets/icons/ampersand.svg,cb55948d06a083b7d6c1d69543d83c942003dfaf5703ee72009a0ad830211d15,0 0 24 24,XML VALID — VISUAL REVIEW PENDING
assets/icons/ampersands.svg,d9ac5acace569b62a2dddbca17db1a3afec69ad41fd98f5d87efa49fdded7c32,0 0 24 24,XML VALID — VISUAL REVIEW PENDING
assets/icons/amphora.svg,38d206fb360ce0a9bc5da5037c38c28f729d8b1e6aa0d5e2c71667933961ca3a,0 0 24 24,XML VALID — VISUAL REVIEW PENDING
assets/icons/anchor.svg,26d361b38760fbc5bb2f7d96b2f0d7f797f4c292539bf217940925a250bdf759,0 0 24 24,XML VALID — VISUAL REVIEW PENDING
assets/icons/angry.svg,029339ef0395ba36a750e888866d37fbb3b2903e775233249b80a192139946d9,0 0 24 24,XML VALID — VISUAL REVIEW PENDING
assets/icons/annoyed.svg,ada177b0b3af8d7ffb09f5f15a05ab6f20fb8f9818373e12348f55cafce52622,0 0 24 24,XML VALID — VISUAL REVIEW PENDING
assets/icons/antenna.svg,cb5bc3e0e46cde1d401cd348a14801df81beaf5ecc3d1bd56511913404aabd9f,0 0 24 24,XML VALID — VISUAL REVIEW PENDING
assets/icons/anvil.svg,261a4debcc3f4ad950b39135d0fb0c5a6091f47745aa09ca5def8ef75dbf545c,0 0 24 24,XML VALID — VISUAL REVIEW PENDING
assets/icons/aperture.svg,59bddd41334d878171e316c5afa77588f14e9742de12b6cfa6e41a21f3f32fd1,0 0 24 24,XML VALID — VISUAL REVIEW PENDING
assets/icons/app-window-mac.svg,1b4287e5263e15a9c1006120ace6f4a2a47883dececf0c0a866ba3e5d8fc848f,0 0 24 24,XML VALID — VISUAL REVIEW PENDING
assets/icons/app-window.svg,18d11dc4886461df886a0d3fa9ac373af9e5c865ba797b462835e02ad8f4aed8,0 0 24 24,XML VALID — VISUAL REVIEW PENDING
assets/icons/apple.svg,37b5163f621d9286854daf572183c6df0a7a9cdf0ba12d423e50fd0f2747b210,0 0 24 24,XML VALID — VISUAL REVIEW PENDING
assets/icons/archive-restore.svg,0f86a763fd2c2e2af7c783a6d6bdcdcb06a0d97d833def681b87621f724c0dba,0 0 24 24,XML VALID — VISUAL REVIEW PENDING
assets/icons/archive-x.svg,2c7d74a4a826af75327ac3d2fa2c5bfa3a46d2988ed4853f5c6cb1dd66605680,0 0 24 24,XML VALID — VISUAL REVIEW PENDING
assets/icons/archive.svg,d862eaeca20a040c3ed9f67ce19a5584d6b181ac3f0ca4d8f35f6d1dbfc3a392,0 0 24 24,XML VALID — VISUAL REVIEW PENDING
assets/icons/area-chart.svg,2683b1074625d8bee7cfa3812cadd6f4295509005581b06402a4072ea29207fa,0 0 24 24,XML VALID — VISUAL REVIEW PENDING
assets/icons/armchair.svg,eaff2491e36f5ab4a1eb30abc3ed4fcc9fa0f137215df78d667b6f5847b87a97,0 0 24 24,XML VALID — VISUAL REVIEW PENDING
assets/icons/arrow-big-down-dash.svg,1b75000d171195a066c652a4a853e018aa1f8cd14e661b9b84900138064807ff,0 0 24 24,XML VALID — VISUAL REVIEW PENDING
assets/icons/arrow-big-down.svg,bbd9b1b8e20b76ee0194b3daefbb1a6718f6b9eab9a46c8fb886450df8a1af52,0 0 24 24,XML VALID — VISUAL REVIEW PENDING
assets/icons/arrow-big-left-dash.svg,eb6818426118ea6c6ab42b63084688cb0903a100d77c002ff1193f19c2b8b4d7,0 0 24 24,XML VALID — VISUAL REVIEW PENDING
assets/icons/arrow-big-left.svg,e40216a7a47758ef8e591d95c02f10b206e124f6cae805ada49aa0328acef267,0 0 24 24,XML VALID — VISUAL REVIEW PENDING
assets/icons/arrow-big-right-dash.svg,b95d759fa35d2b44ca55302e66268da24c9fcf6b714accd046953643c52576a7,0 0 24 24,XML VALID — VISUAL REVIEW PENDING
assets/icons/arrow-big-right.svg,7a4b3692c847e8613870a5f89ae7bb64a7207bf3f51a087dcda04be1a841a95a,0 0 24 24,XML VALID — VISUAL REVIEW PENDING
assets/icons/arrow-big-up-dash.svg,2c211ded34386cd66dfa0f2025c6b5921a99dafc608fada0903cf3cd0b4143bf,0 0 24 24,XML VALID — VISUAL REVIEW PENDING
assets/icons/arrow-big-up.svg,a5936793d40f51bca638b4ff4fec4055ec18f3e9879dd335b0a0a930e1cd10b1,0 0 24 24,XML VALID — VISUAL REVIEW PENDING
assets/icons/arrow-down-0-1.svg,af7c871aac52fcb874e23d47f227ff80793875ffea8c3d70470306c81e20c2ce,0 0 24 24,XML VALID — VISUAL REVIEW PENDING
assets/icons/arrow-down-01.svg,e02a9e3f7c6eef1c02af9661ec6ad727426932082d0f6d2b58d21683ef0faf0c,0 0 24 24,XML VALID — VISUAL REVIEW PENDING
assets/icons/arrow-down-1-0.svg,dc7c8396a52961d464c542562aad128a4d2a996d27dbcdd05c931763645ef439,0 0 24 24,XML VALID — VISUAL REVIEW PENDING
assets/icons/arrow-down-10.svg,c982dea2361052f9de04c1b91241cdb64b3cc943d6c2a6e6a77739a57e6611a1,0 0 24 24,XML VALID — VISUAL REVIEW PENDING
assets/icons/arrow-down-a-z.svg,eaac6a65edae58cd76b46f1e8658a9d14fec33ca146d521fc5965e3fc823a5e9,0 0 24 24,XML VALID — VISUAL REVIEW PENDING
assets/icons/arrow-down-az.svg,8e5998cd14542eb057eee834c458cd2f79bbfb5a01a925fa7a991bc86f9c4dbd,0 0 24 24,XML VALID — VISUAL REVIEW PENDING
assets/icons/arrow-down-circle.svg,d973c61d9414e8e93c50c080ef9d2930f2722f1415cc2ddcbf4706454fb914de,0 0 24 24,XML VALID — VISUAL REVIEW PENDING
assets/icons/arrow-down-from-line.svg,d9657c691fbe4677342d128b5c8d8ee472fb47b494bce2300ef34e974504a66d,0 0 24 24,XML VALID — VISUAL REVIEW PENDING
assets/icons/arrow-down-left-from-circle.svg,d4bd09d04e9789443e0ae08fe59a2924070064fba09a7124bfe7179f7b6bfc25,0 0 24 24,XML VALID — VISUAL REVIEW PENDING
assets/icons/arrow-down-left-from-square.svg,1da8e596ee076d17ea8c2136adfca8cdba8eb72bf3632b3dc29690c4d7b95606,0 0 24 24,XML VALID — VISUAL REVIEW PENDING
assets/icons/arrow-down-left-square.svg,646da3610c0beb537d7aa1b85bf8531ae36f1ca1c496c80f383a8ef74004efba,0 0 24 24,XML VALID — VISUAL REVIEW PENDING
assets/icons/arrow-down-left.svg,69857190242ff767280094b9eb443e2511a15a6b3d59e7b56f3901fc114c3296,0 0 24 24,XML VALID — VISUAL REVIEW PENDING
assets/icons/arrow-down-narrow-wide.svg,c0a2ea9253eb37704d943f31a88ac600b9b062d65ce8f7a78b6851e99b150e29,0 0 24 24,XML VALID — VISUAL REVIEW PENDING
assets/icons/arrow-down-right-from-circle.svg,af2997264b247b57ee7f80ed613a78987a61e60f2c1092ea9de1ef976da35861,0 0 24 24,XML VALID — VISUAL REVIEW PENDING
assets/icons/arrow-down-right-from-square.svg,747213165c5b4e29eaa0018953babd6260e75e0e4be31ded5fec2cfe557c1350,0 0 24 24,XML VALID — VISUAL REVIEW PENDING
assets/icons/arrow-down-right-square.svg,90e334ad1fd82a1ff053ce265f79f6c02ea109fd572fbbd496e991366acabfac,0 0 24 24,XML VALID — VISUAL REVIEW PENDING
assets/icons/arrow-down-right.svg,2b25e8d77930480e4e37f375b43fb5be827b91e84d8a45b3cec5b1805a91fd52,0 0 24 24,XML VALID — VISUAL REVIEW PENDING
assets/icons/arrow-down-square.svg,c7ade9bbbfbfe00001f24d3d4cc8465c9da9e28967f5a9f13ebe52a8dc54f9f8,0 0 24 24,XML VALID — VISUAL REVIEW PENDING
assets/icons/arrow-down-to-dot.svg,11ddfc9ee455453fdd54e359d312b60da8b68b66e6c6318414e52c01ad97371f,0 0 24 24,XML VALID — VISUAL REVIEW PENDING
assets/icons/arrow-down-to-line.svg,c460e50099d4d28110b856fdc2eb43eb5a09dcc0d34895ca8fad661fdf850807,0 0 24 24,XML VALID — VISUAL REVIEW PENDING
assets/icons/arrow-down-up.svg,82233817ae05d11319e83059bf43493cdb47a3a29901a3f96941e7a9c3d17478,0 0 24 24,XML VALID — VISUAL REVIEW PENDING
assets/icons/arrow-down-wide-narrow.svg,e87833914b8cc087634e3b7797e2dbc68975f9163b4ddd524380fbd21a3d0073,0 0 24 24,XML VALID — VISUAL REVIEW PENDING
assets/icons/arrow-down-z-a.svg,033ac4695ff201703d614dfd1d957c4210e5fd0e4cf652b409b613ebb45226fe,0 0 24 24,XML VALID — VISUAL REVIEW PENDING
assets/icons/arrow-down-za.svg,086cbe91ec01cc293e2d92196dff354dce8a5b4192a162436b717540c8e14eee,0 0 24 24,XML VALID — VISUAL REVIEW PENDING
assets/icons/arrow-down.svg,df4fe8c64f0987c145bc28aeacf7a04c34e791ae217478ac78d84eb430aed9b7,0 0 24 24,XML VALID — VISUAL REVIEW PENDING
assets/icons/arrow-left-circle.svg,d188d9d95c97cee7222bae5347afc0f7d3fc0fed580dea3b03b91b78d474360e,0 0 24 24,XML VALID — VISUAL REVIEW PENDING
assets/icons/arrow-left-from-line.svg,a17cb47ce298e14c1b0ccd7e31c8123da6946872e3906e64860f6fe4e499aa11,0 0 24 24,XML VALID — VISUAL REVIEW PENDING
assets/icons/arrow-left-right.svg,613060eb466af44710f0d93717c2025fe6616e7ed233417ebf48d0e71c8b8e0e,0 0 24 24,XML VALID — VISUAL REVIEW PENDING
assets/icons/arrow-left-square.svg,5e53a77af8443ab636dc33b04bbfc98c284e37b5755b84400ec2d0e132b6d2f9,0 0 24 24,XML VALID — VISUAL REVIEW PENDING
assets/icons/arrow-left-to-line.svg,0298faf3ed7167792d30386b656612a42cbbfd4f530b34b8c61f911f64428c7c,0 0 24 24,XML VALID — VISUAL REVIEW PENDING
assets/icons/arrow-left.svg,e2b8cf45836ce7c6098f147c47994b0177931532fa440ae846a2ded8db84e1af,0 0 24 24,XML VALID — VISUAL REVIEW PENDING
assets/icons/arrow-right-circle.svg,e85ed8743ff969a901c938da8773cf470240a7aaddcc8e66ce5cf70d6df801e2,0 0 24 24,XML VALID — VISUAL REVIEW PENDING
assets/icons/arrow-right-from-line.svg,cef9a3df58faa3fee23f81e699efb0dbe9dbfc25ac32bf55d3b53101e54d5cf6,0 0 24 24,XML VALID — VISUAL REVIEW PENDING
assets/icons/arrow-right-left.svg,8f6d7b2a7bc69af44c588b923a80142aef591dd66c5aa3d832001c7907e6bc31,0 0 24 24,XML VALID — VISUAL REVIEW PENDING
assets/icons/arrow-right-square.svg,0451891fb7e0c1da81f402d34920b7bd89f37363613c0f75bf467aa6083c97da,0 0 24 24,XML VALID — VISUAL REVIEW PENDING
assets/icons/arrow-right-to-line.svg,d48cec26c6775eff94101f6db796344eb14113e880376e2d0edc4c4706568dad,0 0 24 24,XML VALID — VISUAL REVIEW PENDING
assets/icons/arrow-right.svg,6a8627bbe8b86dd3375d3028ae66e23c4df0bd2081f92b4c0238d169f6175cf6,0 0 24 24,XML VALID — VISUAL REVIEW PENDING
assets/icons/arrow-up-0-1.svg,0e4cab5554e68f2c2ccdfe56d19f23354e2139e79ea98b50aac0ba836b9686a0,0 0 24 24,XML VALID — VISUAL REVIEW PENDING
assets/icons/arrow-up-01.svg,62ed81763c1e01995d9c960892d4f2bd860305728bf007fc8217ce87bd43da04,0 0 24 24,XML VALID — VISUAL REVIEW PENDING
assets/icons/arrow-up-1-0.svg,2489847a08dad6dd747030401e7ac76e6902878dc77c347173401de7d52d3d3d,0 0 24 24,XML VALID — VISUAL REVIEW PENDING
assets/icons/arrow-up-10.svg,5b4b82ced6808133eb0534e247cf67707b20ed1c8715a582305c0e9ebbb6429c,0 0 24 24,XML VALID — VISUAL REVIEW PENDING
assets/icons/arrow-up-a-z.svg,02a7122e9a8e5be8c90212ccdc4208f180204b3fcfe0c06422a3a43334e3011d,0 0 24 24,XML VALID — VISUAL REVIEW PENDING
assets/icons/arrow-up-az.svg,f893264a6ce876e675cee1fe6004ecab23ffdd3e4a1165db3732c7ecfca209ca,0 0 24 24,XML VALID — VISUAL REVIEW PENDING
assets/icons/arrow-up-circle.svg,c3f39d37815b5d7e7811d6a400a43ef25d5909b7e86ac3b56b66865e049a4cb4,0 0 24 24,XML VALID — VISUAL REVIEW PENDING
assets/icons/arrow-up-down.svg,24c72d4d8aa547f4b6eb881d436e89851ed7271cddc86f609002fb4c3ca41f16,0 0 24 24,XML VALID — VISUAL REVIEW PENDING
assets/icons/arrow-up-from-dot.svg,3c87f00b5e7ab5690186ee1c4f505d6c6f39032a51c3b198a514a9c4c429dfb3,0 0 24 24,XML VALID — VISUAL REVIEW PENDING
assets/icons/arrow-up-from-line.svg,76bde46697dc9ac1d4274d4790fbcd78339b7cd0d80da14b9a5104a036ef0b6a,0 0 24 24,XML VALID — VISUAL REVIEW PENDING
assets/icons/arrow-up-left-from-circle.svg,82792cc4634283a7fc11c627c32eb46d74a5a14fc1650b2d4ece09c1d14a9950,0 0 24 24,XML VALID — VISUAL REVIEW PENDING
assets/icons/arrow-up-left-from-square.svg,1c3d54d177c4de81f9ad7c42b94c91630fae6f28e1ff54726527e0f71e31a0e0,0 0 24 24,XML VALID — VISUAL REVIEW PENDING
assets/icons/arrow-up-left-square.svg,144d070d7987f4482e36c09a9d492d7fd6cf76a1d749fa34a1460e3b1a0a0b4c,0 0 24 24,XML VALID — VISUAL REVIEW PENDING
assets/icons/arrow-up-left.svg,d49e80ea26ff10b03004c82587d783ccc1c173075140512b388ad703ce4784bb,0 0 24 24,XML VALID — VISUAL REVIEW PENDING
assets/icons/arrow-up-narrow-wide.svg,0b219bb004c0857b9143a436adb3e9cb97919c360e350a4a481b7dac61371a7e,0 0 24 24,XML VALID — VISUAL REVIEW PENDING
assets/icons/arrow-up-right-from-circle.svg,c3a72da42e8ec808c8f8bf0ea3cf57b4fb059986cf1aabfd48216c068e9eafa4,0 0 24 24,XML VALID — VISUAL REVIEW PENDING
assets/icons/arrow-up-right-from-square.svg,3e7b2cad7f9f6f27004396a1b236fc817b70ec1841f4c1d658ab297a08875c53,0 0 24 24,XML VALID — VISUAL REVIEW PENDING
assets/icons/arrow-up-right-square.svg,1688d2216fbfb193de39dc1ff8bd91ef3023f88030f11b7ecea951d2b48963b6,0 0 24 24,XML VALID — VISUAL REVIEW PENDING
assets/icons/arrow-up-right.svg,501296129659e5d16f5377fcc7df644046a813aa158404a1b87630f7d6233741,0 0 24 24,XML VALID — VISUAL REVIEW PENDING
assets/icons/arrow-up-square.svg,53abd3d7d16b772cd26fe1ffd956b1cdb67cb1c97ef52de53f7420c8c5b00664,0 0 24 24,XML VALID — VISUAL REVIEW PENDING
assets/icons/arrow-up-to-line.svg,f51d27b5f13f54a30ce744dfabf9be203a5863a75b4ab23f9a3817f67118da59,0 0 24 24,XML VALID — VISUAL REVIEW PENDING
assets/icons/arrow-up-wide-narrow.svg,999ebd00904c07fc3d88125c59ba3a3b689fd81e736ef455751a20f581eda55f,0 0 24 24,XML VALID — VISUAL REVIEW PENDING
assets/icons/arrow-up-z-a.svg,ac6952410a16c9bb7254794de17f07b6b922ece8ba44105a36983f3e5fd9e37e,0 0 24 24,XML VALID — VISUAL REVIEW PENDING
assets/icons/arrow-up-za.svg,ba5552ad7bbb04d85a497accb519cd2d3a5ce840343dd2dfba337c2b7bb8a2d1,0 0 24 24,XML VALID — VISUAL REVIEW PENDING
assets/icons/arrow-up.svg,116a27c80e26b08bf67185e93560a351968552c87d9d5b1e4448e549ac8c1be1,0 0 24 24,XML VALID — VISUAL REVIEW PENDING
assets/icons/arrows-up-from-line.svg,ae9e6906922a5e290ccf81600caffe33bf2f1403614597bb01702b75b08026bd,0 0 24 24,XML VALID — VISUAL REVIEW PENDING
assets/icons/asterisk-square.svg,3045f8f8d3669e4467551282ab1785556d51d1cb44ee1883885824d4c26a2f53,0 0 24 24,XML VALID — VISUAL REVIEW PENDING
assets/icons/asterisk.svg,b6ef9d93a87526f839ef655e0c9b4aed872dac2cf90c9dbc3824db6d2b63495f,0 0 24 24,XML VALID — VISUAL REVIEW PENDING
assets/icons/at-sign.svg,8c0cb407a49c5ae86c3e905f36b8751ac9d1b8d9865878bb6bc9555d9e476630,0 0 24 24,XML VALID — VISUAL REVIEW PENDING
assets/icons/atom.svg,e233e048c534c7b454ccb0382d8bfbd59f3ce56696b9569e8f1f34b8757073a2,0 0 24 24,XML VALID — VISUAL REVIEW PENDING
assets/icons/audio-lines.svg,48f292ae5b60153700a01d90f24aabc0f5f42e19f0613c3c8f82106efaa38de9,0 0 24 24,XML VALID — VISUAL REVIEW PENDING
assets/icons/audio-waveform.svg,6f6f0fd8c5ca89387fa38733c3635fca11b134887b171058c76860674d15d6f6,0 0 24 24,XML VALID — VISUAL REVIEW PENDING
assets/icons/award.svg,3e2333ed09b0df811d037b31f5a0795fa35640258c0782644e6282d904442012,0 0 24 24,XML VALID — VISUAL REVIEW PENDING
assets/icons/axe.svg,2b0919b53b066c4464fb7f50287b5808c541acaad675f452b952882b33553e86,0 0 24 24,XML VALID — VISUAL REVIEW PENDING
assets/icons/axis-3-d.svg,e1eaede9b0ad3afd11f4fcae1cef1bd80eb36908dbc3736a5b708c80d78274d7,0 0 24 24,XML VALID — VISUAL REVIEW PENDING
assets/icons/axis-3d.svg,10e7e6aa5af161f4416aa84b604ab30c539ee8486d2a6e8ea3a5ca0409c8b1f5,0 0 24 24,XML VALID — VISUAL REVIEW PENDING
assets/icons/baby.svg,562ff1975eb391b61f5d2c1ed7cb14e63f960ac4e9a6aa45029c70c66d26ec15,0 0 24 24,XML VALID — VISUAL REVIEW PENDING
assets/icons/backpack.svg,95cdac0dd09b65de8b5637a8992fa595c2338ee07b4b0b44b58a91bd3037c0d7,0 0 24 24,XML VALID — VISUAL REVIEW PENDING
assets/icons/badge-alert.svg,64aca99fd6b15ee591e9611ac71220008a00add4fa59b30317e9701b30471bc6,0 0 24 24,XML VALID — VISUAL REVIEW PENDING
assets/icons/badge-cent.svg,ab49b4faeac7fe210bc0bfbdbb9410ee2c98fbc7ae3f6c473d051290f4946384,0 0 24 24,XML VALID — VISUAL REVIEW PENDING
assets/icons/badge-check.svg,23dec8696994159100a23723c29ec6b2b94a83989a2c0bd6f4118c3d4831bd21,0 0 24 24,XML VALID — VISUAL REVIEW PENDING
assets/icons/badge-dollar-sign.svg,a785c036678be77ecb40e506c319059152c4d824e2eba720852af104aeb1c977,0 0 24 24,XML VALID — VISUAL REVIEW PENDING
assets/icons/badge-euro.svg,aa89b1372a321daaea3968157651ea4a31079acad735be29e2a9a693d7a2a37d,0 0 24 24,XML VALID — VISUAL REVIEW PENDING
assets/icons/badge-help.svg,009af523bddc07b7558dee3f708a0932eb3477dfd0e516ec0d3842fe523ad210,0 0 24 24,XML VALID — VISUAL REVIEW PENDING
assets/icons/badge-indian-rupee.svg,2b82fa9c3553f2aa49e6393363c5656d9b33237148912cce728a372bb81f7081,0 0 24 24,XML VALID — VISUAL REVIEW PENDING
assets/icons/badge-info.svg,a2f04aaf23b7736e738dccee43c60bce5a68e39a33d8fa0726cb89ba7fc7c3e9,0 0 24 24,XML VALID — VISUAL REVIEW PENDING
assets/icons/badge-japanese-yen.svg,2b79f5d5abfb79b732ed8edac649e9cd72b06e88eb5d5a6adb916bb100443b7a,0 0 24 24,XML VALID — VISUAL REVIEW PENDING
assets/icons/badge-minus.svg,d611e097cb3b1c705e2ee8ae993b6e498b19c5644be9310c6614512653bee771,0 0 24 24,XML VALID — VISUAL REVIEW PENDING
assets/icons/badge-percent.svg,6a93225510d085501ca12c35e594db680abf7f272c6b9be183584ec1bd4e5c52,0 0 24 24,XML VALID — VISUAL REVIEW PENDING
assets/icons/badge-plus.svg,860a90ebe65bdac486769c3f39d57f2c51875bd0fa8d1d11a47ed754f61688b9,0 0 24 24,XML VALID — VISUAL REVIEW PENDING
assets/icons/badge-pound-sterling.svg,cf6ddde1fba7edb25b1cc495011fd79ba8fd9c86925c1dd53bf4684f8ae9fb4d,0 0 24 24,XML VALID — VISUAL REVIEW PENDING
assets/icons/badge-question-mark.svg,1ca7ca43a531b9abd187860a9abfb3f6154f7bb09b65d078a6d4e0b31a40b865,0 0 24 24,XML VALID — VISUAL REVIEW PENDING
assets/icons/badge-russian-ruble.svg,0cf31c32be5786429b52ef556391886af758fba1226185274d0ed1e92aa2d6f1,0 0 24 24,XML VALID — VISUAL REVIEW PENDING
assets/icons/badge-swiss-franc.svg,6d9486884dd26c4cc08122a2937c1143775b3606dc7dcc894156e0b9ae176e02,0 0 24 24,XML VALID — VISUAL REVIEW PENDING
assets/icons/badge-turkish-lira.svg,ebca823d58c11571baadbb3c2f0dfcb67662f0f2e32d44f973387b271be130dd,0 0 24 24,XML VALID — VISUAL REVIEW PENDING
assets/icons/badge-x.svg,b592a78aba5cc7039a32bf044ed0c67c5415f82bc5a1903daac141effc4b5655,0 0 24 24,XML VALID — VISUAL REVIEW PENDING
assets/icons/badge.svg,79b654ca059361849425f76948244a95c16d2f538a2db863c8b0d51513826ba2,0 0 24 24,XML VALID — VISUAL REVIEW PENDING
assets/icons/baggage-claim.svg,6d85a48c9c8df70da4da0221b70121d87668c626d7d78b9206937a815e57a8ea,0 0 24 24,XML VALID — VISUAL REVIEW PENDING
assets/icons/ban.svg,25c45cac0d116b8a847fb2744385e73d5fb6f91082293160f30a419fd19c84ed,0 0 24 24,XML VALID — VISUAL REVIEW PENDING
assets/icons/banana.svg,2bf579d5f48080cd0b5ff20e71223cdf5e9fc2871ee14388fcaf534b3923029c,0 0 24 24,XML VALID — VISUAL REVIEW PENDING
assets/icons/bandage.svg,2edc639855e4391d713adbf1122cfa932b86f3e5456ff6ef6beae8816dad257b,0 0 24 24,XML VALID — VISUAL REVIEW PENDING
assets/icons/banknote-arrow-down.svg,8506f951f67b3ce17c281505342f7157f9a135042ba2d39873478b515ca8894f,0 0 24 24,XML VALID — VISUAL REVIEW PENDING
assets/icons/banknote-arrow-up.svg,d513ca91e018f1626de3ed3a76ff62a2c23bfe62888ba7f1833f9a62be62baf7,0 0 24 24,XML VALID — VISUAL REVIEW PENDING
assets/icons/banknote-x.svg,75b5af303687f5c4c84eb8cbd2a8bca3d4fc0f48397f91ed387f017a33cced4c,0 0 24 24,XML VALID — VISUAL REVIEW PENDING
assets/icons/banknote.svg,e9bfcf514746a657fdda5aeac2667fa18704d54b0b7aa879fb35056e6812e829,0 0 24 24,XML VALID — VISUAL REVIEW PENDING
assets/icons/bar-chart-2.svg,4d84ed6874a54afd26cc4d990c89314755955256eb49805d2466ec2ea1c5f14f,0 0 24 24,XML VALID — VISUAL REVIEW PENDING
assets/icons/bar-chart-3.svg,f5b4bba15000ff31351916dbc51909625546d5184bec0d72d6277e042132cb10,0 0 24 24,XML VALID — VISUAL REVIEW PENDING
assets/icons/bar-chart-4.svg,1015bbfed8bbae1e51ad2451ae36e5e0f53242e4ae1d998e827baf91df0af5a1,0 0 24 24,XML VALID — VISUAL REVIEW PENDING
assets/icons/bar-chart-big.svg,40adcb28c4b8de5a9cf5f9d1d39b6ab0b3935a924731b84ced6e550d0230ea52,0 0 24 24,XML VALID — VISUAL REVIEW PENDING
assets/icons/bar-chart-horizontal-big.svg,cbb14dc9bdbc91ac3cf3d686f2509952e3f07a00acc85cb6055a3e9628e19fd2,0 0 24 24,XML VALID — VISUAL REVIEW PENDING
assets/icons/bar-chart-horizontal.svg,9d13ef4e8b46aa442238e899813883e4014cfbc7925c0b4df982bce50991e36b,0 0 24 24,XML VALID — VISUAL REVIEW PENDING
assets/icons/bar-chart.svg,0182455780006ddf9001708c0ff1fdebd4a6c6efd31368008e818ebc43bd426a,0 0 24 24,XML VALID — VISUAL REVIEW PENDING
assets/icons/barcode.svg,29adc596c783ced7f04bdc2bd02fabc70accc37f01788027dcdc6ae4b62e259d,0 0 24 24,XML VALID — VISUAL REVIEW PENDING
assets/icons/barrel.svg,0abe624f2661d8d083b58fd85a9e0e4eabce1426f83da936fda91e0b3037d552,0 0 24 24,XML VALID — VISUAL REVIEW PENDING
assets/icons/baseline.svg,4bdda3d674e6e07589e186b8365517d1719eaa4346539a9b67c65b6e91456fde,0 0 24 24,XML VALID — VISUAL REVIEW PENDING
assets/icons/bath.svg,bc902c9ef7d6d4ffb93dbf54091b6c595966080d7c6cc7e6ed3c76e0001e2226,0 0 24 24,XML VALID — VISUAL REVIEW PENDING
assets/icons/battery-charging.svg,7cd2a563ff6fd6a6bae8403b3003d6674309c41cf8fbe0c51f28c6f423795f95,0 0 24 24,XML VALID — VISUAL REVIEW PENDING
assets/icons/battery-full.svg,5e49abd713b748f05d50ea9c7064a9dc3943c22f3d07c616127c245e81660119,0 0 24 24,XML VALID — VISUAL REVIEW PENDING
assets/icons/battery-low.svg,bd6ee1b57cab5cbc0940bd6bc4c0b86b2a3512ef5c33911b9a009e5825619466,0 0 24 24,XML VALID — VISUAL REVIEW PENDING
assets/icons/battery-medium.svg,dd9ed8ab15c8b669c049d7c9ea8808bbb7a4f8fa9fbcf7d902fba2318f6e541e,0 0 24 24,XML VALID — VISUAL REVIEW PENDING
assets/icons/battery-plus.svg,e6c76f0d631d897da9153c5557ed949bc42f823b010a6dcc6639984c7531c6fa,0 0 24 24,XML VALID — VISUAL REVIEW PENDING
assets/icons/battery-warning.svg,e077feb5ae85555cf431e8507b7452296eed879082d803ee0d3b6f05895aac90,0 0 24 24,XML VALID — VISUAL REVIEW PENDING
assets/icons/battery.svg,63f7e4644840465f9af0b86290a0f358e4cd7acb102d7f5c1b17f32d7000013d,0 0 24 24,XML VALID — VISUAL REVIEW PENDING
assets/icons/beaker.svg,4434d88733c78457b064186caf5d93e4625665936c661a04be0b36950e4f174b,0 0 24 24,XML VALID — VISUAL REVIEW PENDING
assets/icons/bean-off.svg,fb9bb7d276831a16fc1be7e34949f783e77e37e3d713f170eca5edd03bafe077,0 0 24 24,XML VALID — VISUAL REVIEW PENDING
assets/icons/bean.svg,07ccc02534f2022ee71775e11a5bc7bf943bb614e98cc6251e0863754a316a46,0 0 24 24,XML VALID — VISUAL REVIEW PENDING
assets/icons/bed-double.svg,16ec97cd2edf9f324d4340783d03f90c53112972208b95e854f300d41cb047ee,0 0 24 24,XML VALID — VISUAL REVIEW PENDING
assets/icons/bed-single.svg,8fa492bfd99aa1d173e0800fc4eaf5ae8de2b6b3f45d1e727bebd361dd1a3e6c,0 0 24 24,XML VALID — VISUAL REVIEW PENDING
assets/icons/bed.svg,44a0cd717b4e6f77f136f28b54fadfd62a3de9ee5cd94da22b971b555f63cc6b,0 0 24 24,XML VALID — VISUAL REVIEW PENDING
assets/icons/beef.svg,61a80d21b8b0c8af0d221a3130f522f6db066ed3863e8318f5c4b5b5eadee0a1,0 0 24 24,XML VALID — VISUAL REVIEW PENDING
assets/icons/beer-off.svg,4587b9603ade11fb46a07b101e44a032835d49292efaec642cd23b099c6c3468,0 0 24 24,XML VALID — VISUAL REVIEW PENDING
assets/icons/beer.svg,2acc684997b31a76761cb66a421126c851549aed115304be5179a77138d7d88c,0 0 24 24,XML VALID — VISUAL REVIEW PENDING
assets/icons/bell-dot.svg,0e41073a51b98eeb20fe88efc3e76c6674cbb435185ecba7b35c000c4419967e,0 0 24 24,XML VALID — VISUAL REVIEW PENDING
assets/icons/bell-electric.svg,8ed0902419cc7a7dc308accd15825cca621d56815033e703233aabf50ca6c86b,0 0 24 24,XML VALID — VISUAL REVIEW PENDING
assets/icons/bell-minus.svg,d970e44d6e946007689b001efb6d3fd3c2ee6f488e2242c6ca343fa970696055,0 0 24 24,XML VALID — VISUAL REVIEW PENDING
assets/icons/bell-off.svg,ea09f09d407cbf936225821603a91d246b569fa5b546ae0854678a1c2de127e4,0 0 24 24,XML VALID — VISUAL REVIEW PENDING
assets/icons/bell-plus.svg,2d412baf8e3ad64bf4220f83deec1e6d01a6e9e4634d9401c94eab590d258335,0 0 24 24,XML VALID — VISUAL REVIEW PENDING
assets/icons/bell-ring.svg,fdbe4f6f0c85f143c2631f6f0fdea71ac78ca32ec3243b5de4b1d031ce614e41,0 0 24 24,XML VALID — VISUAL REVIEW PENDING
assets/icons/bell.svg,8073497e1a8fe5f8c32f5d1b423cc702615242edcf198ac68c63f22f30fb2d6f,0 0 24 24,XML VALID — VISUAL REVIEW PENDING
assets/icons/between-horizonal-end.svg,bace3320503b78795b1c8d9a07966d54da2544728dcee2246079fe4c10d001f4,0 0 24 24,XML VALID — VISUAL REVIEW PENDING
assets/icons/between-horizonal-start.svg,78705231e6a237226470c680b2a2697537bbc27672515d7e415aea7eb9f4991b,0 0 24 24,XML VALID — VISUAL REVIEW PENDING
assets/icons/between-horizontal-end.svg,214e58f5f506ec91448eb04e6df02a943161e6e3a831e889cdb8f2be6b65d19e,0 0 24 24,XML VALID — VISUAL REVIEW PENDING
assets/icons/between-horizontal-start.svg,b631bd1bba72dcb659c74da7f4472e20dafe675247c96cf313def09afbcfcfd7,0 0 24 24,XML VALID — VISUAL REVIEW PENDING
assets/icons/between-vertical-end.svg,af0956f52bd72e1c78c70f4f3de70bf712a14232851b9949d443a2bc0207554e,0 0 24 24,XML VALID — VISUAL REVIEW PENDING
assets/icons/between-vertical-start.svg,49d37e9ff6cee8555f17d16601709f2e99e6e5891a02d248427afc0e1ab094bf,0 0 24 24,XML VALID — VISUAL REVIEW PENDING
assets/icons/biceps-flexed.svg,4a5f18b17f639cd6666e2224be47b12903bdb9a9e357222e381aa2a0880d6b4a,0 0 24 24,XML VALID — VISUAL REVIEW PENDING
assets/icons/bike.svg,bed4ec27167334e1284a34849365f581f1847be886cf28df53ef9cfa31ff4be5,0 0 24 24,XML VALID — VISUAL REVIEW PENDING
assets/icons/binary.svg,8825fc72b04ef78cbe698e571d24e6210f5211eb9ef268e9d50cc3b31b9f0a9d,0 0 24 24,XML VALID — VISUAL REVIEW PENDING
assets/icons/binoculars.svg,1ae9c9d264871d3e0f6006e1f33cdb6f226d39c095851093b54fae14c19bef9f,0 0 24 24,XML VALID — VISUAL REVIEW PENDING
assets/icons/biohazard.svg,0ea01d8d44b0e87890f8daf8f52334f068697b6a803211e6c6fb2db551cd277b,0 0 24 24,XML VALID — VISUAL REVIEW PENDING
assets/icons/bird.svg,1a6edc96dc52dbbe658b00e39449d7537e613a84b5e36ca6a2593c08c5c8d9b6,0 0 24 24,XML VALID — VISUAL REVIEW PENDING
assets/icons/bitcoin.svg,fe329001b2b6049ff5e8f302ba62d2c8b5c29b64791c64e20c38accef5399021,0 0 24 24,XML VALID — VISUAL REVIEW PENDING
assets/icons/blend.svg,472df6842175c62c9b956c6ca8aec6c37710c9f3be6c12f4d1c9c0c7c99d0ebc,0 0 24 24,XML VALID — VISUAL REVIEW PENDING
assets/icons/blinds.svg,04f6808dcd4534661066401c80418009cb032b894157a38bde5b935782dde793,0 0 24 24,XML VALID — VISUAL REVIEW PENDING
assets/icons/blocks.svg,d537a8aedb57da7fe438002946d683f2ab5dd18b77acf0b3c18362e3bef748b4,0 0 24 24,XML VALID — VISUAL REVIEW PENDING
assets/icons/bluetooth-connected.svg,29becfd482a3f49c14ed2b464181c5333770ab65c93fb115ca5afb0504dee7d9,0 0 24 24,XML VALID — VISUAL REVIEW PENDING
assets/icons/bluetooth-off.svg,ba654565e4343e37286341963da568e40b5bf66288eba5a6938d716fed9dfecd,0 0 24 24,XML VALID — VISUAL REVIEW PENDING
assets/icons/bluetooth-searching.svg,f3915f261c1495e559f0dde53c4a4e89336d1d371eea6ccbdbc737473d14d1fb,0 0 24 24,XML VALID — VISUAL REVIEW PENDING
assets/icons/bluetooth.svg,be9cc518c1afbc32ef7d28028b0160e94b50eca7fdee9aa01c9989ce90ccb734,0 0 24 24,XML VALID — VISUAL REVIEW PENDING
assets/icons/bold.svg,a3d3fbc426a603fb30a9e1ad98c6992d3c953607d2270740313c28ce2fa0d7fb,0 0 24 24,XML VALID — VISUAL REVIEW PENDING
assets/icons/bolt.svg,86ce4df76355e9636e00ebf1be5c45ef1d1279e7e4221866de3fbe864cc3ef2a,0 0 24 24,XML VALID — VISUAL REVIEW PENDING
assets/icons/bomb.svg,f2b7ec14a0ba4fb1244ea92c082599f27ec9432087d921bb678261be6637ee74,0 0 24 24,XML VALID — VISUAL REVIEW PENDING
assets/icons/bone.svg,6d7d29ef110d93d74150c2991d3c37d4fc6374cf8c70624bfffa32570d9a27b3,0 0 24 24,XML VALID — VISUAL REVIEW PENDING
assets/icons/book-a.svg,ae5ffd6a5b69f8e4994b0776b6868d594968a20284ffaf7a464b8f04a3f633e3,0 0 24 24,XML VALID — VISUAL REVIEW PENDING
assets/icons/book-alert.svg,8afd73008d22aa8dcc6bec3de75867c665a9e93897b45eb12cbd479fc8532af5,0 0 24 24,XML VALID — VISUAL REVIEW PENDING
assets/icons/book-audio.svg,eb47f02f6b09213a452ebc28bfcf2b31ce60d0a0e18afb207b404e8172cde24c,0 0 24 24,XML VALID — VISUAL REVIEW PENDING
assets/icons/book-check.svg,85ea6e466d3c97f6085323c49e6a916b80dfbd6de622eacedc157bc65a236e3d,0 0 24 24,XML VALID — VISUAL REVIEW PENDING
assets/icons/book-copy.svg,9ec536906b6fb0095737b893ea8cda093f10a1ce0caf4738c259e9724f13abb8,0 0 24 24,XML VALID — VISUAL REVIEW PENDING
assets/icons/book-dashed.svg,dfb90bca8764e2bb597305704fe1910eab9592ef1350beb018ca0f79e5a9a629,0 0 24 24,XML VALID — VISUAL REVIEW PENDING
assets/icons/book-down.svg,0f27e3882ce2d8f8a7d35d622b4bf5cae61c3e1481a8ee9ccf5dd06cd12e0499,0 0 24 24,XML VALID — VISUAL REVIEW PENDING
assets/icons/book-headphones.svg,3ecc253d9f86bcaf0cd13b685368a8eea71daa9eb9b9f5c64b834965aff082de,0 0 24 24,XML VALID — VISUAL REVIEW PENDING
assets/icons/book-heart.svg,a57d80540e5feb6c5a176b4567187a16c645cd651aaacdd56fe7a888f21fd1bf,0 0 24 24,XML VALID — VISUAL REVIEW PENDING
assets/icons/book-image.svg,6818556fe47dfd8283163bde4d0ae62a547a6fbefae5b255f942c79f984d1cd4,0 0 24 24,XML VALID — VISUAL REVIEW PENDING
assets/icons/book-key.svg,b1e95f341d2cbc034f9852bcc6f1b721c4f0f1cd967261560b26cd48c8518b5b,0 0 24 24,XML VALID — VISUAL REVIEW PENDING
assets/icons/book-lock.svg,2a68dfffae36dff9cfbdcba5fb13cc3b48aa970b2dc60e7357a0946705fb5d4e,0 0 24 24,XML VALID — VISUAL REVIEW PENDING
assets/icons/book-marked.svg,6c8ad2338eea7d9b0462bbb88061c6ab112afc2bebd2073452c5d6b03e3fa9f6,0 0 24 24,XML VALID — VISUAL REVIEW PENDING
assets/icons/book-minus.svg,9f116b5509eb36cd7814740d756519b6061d64578c63895937e85924767c4d64,0 0 24 24,XML VALID — VISUAL REVIEW PENDING
assets/icons/book-open-check.svg,730b26dfb86b3a35ab3eba48a7b050f0fa102a14ad81f956f8d7aef13c0a3dd8,0 0 24 24,XML VALID — VISUAL REVIEW PENDING
assets/icons/book-open-text.svg,76aa065b9c82816e48949c98dd8775940b89e36145814502bf806e4e9dd6f068,0 0 24 24,XML VALID — VISUAL REVIEW PENDING
assets/icons/book-open.svg,113f54f93f5b6da26597b622b2c77981137bb1be2145779165ce78d8fecf68ca,0 0 24 24,XML VALID — VISUAL REVIEW PENDING
assets/icons/book-plus.svg,55d18938b63b16b3fae1bbe42757cc5337a0842e5a1de844f486834bb5bd4655,0 0 24 24,XML VALID — VISUAL REVIEW PENDING
assets/icons/book-template.svg,9a2116554aa6a503f67ea41029918e868dedb43033ad5b81cd200a00f927eb58,0 0 24 24,XML VALID — VISUAL REVIEW PENDING
assets/icons/book-text.svg,6dd67d0be2c4defca12d7bbae65340a9560a7df133d6076c2060e60454c42d7b,0 0 24 24,XML VALID — VISUAL REVIEW PENDING
assets/icons/book-type.svg,9bcde72e171294d9b9377ae44d4cb5e6bce385c3ddedf8f343fb4643d0242ea0,0 0 24 24,XML VALID — VISUAL REVIEW PENDING
assets/icons/book-up-2.svg,a1a27c8010d2e7118311c250846b0a89de473238ac220ff8442801542982f147,0 0 24 24,XML VALID — VISUAL REVIEW PENDING
assets/icons/book-up.svg,026b4376b4c36cecd060f2d3a35931ea1a84ceafba4560dd4bcb08a66ab9ab05,0 0 24 24,XML VALID — VISUAL REVIEW PENDING
assets/icons/book-user.svg,8017690de22da54777a4416423ffa6de088b0699dcd129e4016f5e736d0029d1,0 0 24 24,XML VALID — VISUAL REVIEW PENDING
assets/icons/book-x.svg,b04840c07f837128629d8e4f793989b93e3346a767ea60bf254e0d6676241a8b,0 0 24 24,XML VALID — VISUAL REVIEW PENDING
assets/icons/book.svg,b8be3492f362d3bb0a05a6744ecb34b0f7521a533a8af36856588e61ee740e77,0 0 24 24,XML VALID — VISUAL REVIEW PENDING
assets/icons/bookmark-check.svg,a0279b8556a92e284c6066c2870e539166ad9e32cbad4b0fc0d7857238aa8388,0 0 24 24,XML VALID — VISUAL REVIEW PENDING
assets/icons/bookmark-minus.svg,b5ebaaee18427b1c6c94c434bc869f5097329c0352ce026c101c246d7c2fe3d7,0 0 24 24,XML VALID — VISUAL REVIEW PENDING
assets/icons/bookmark-plus.svg,1eb00197663740dc6ab71c3f41e28b4e027c181709ee4f12f5ad88236f0b1219,0 0 24 24,XML VALID — VISUAL REVIEW PENDING
assets/icons/bookmark-x.svg,3a1f0bc144e8e008de0d5d7b8f4a2c90c103c6f1d80bdafa3dd5d8c5f29f6b64,0 0 24 24,XML VALID — VISUAL REVIEW PENDING
assets/icons/bookmark.svg,a0c4b6b58a16376fedd18cb4e2fe54ea08cacf11ed151ceacbece7e7e5c563b0,0 0 24 24,XML VALID — VISUAL REVIEW PENDING
assets/icons/boom-box.svg,140b186134ea57aa6dd62e68850ef96606aa14b943b2dc2083ffac73be06ae7a,0 0 24 24,XML VALID — VISUAL REVIEW PENDING
assets/icons/bot-message-square.svg,3255d721a5a7fa57b38aa6e1627c324c1ca826447da3ddee74fa0b85dfb6e22e,0 0 24 24,XML VALID — VISUAL REVIEW PENDING
assets/icons/bot-off.svg,33051ae882fd86456591a7ebcd2fbe0bf0fd4bc5461be1d36f13703895a30595,0 0 24 24,XML VALID — VISUAL REVIEW PENDING
assets/icons/bot.svg,3d05afbcae934b6085fec47426107c1210ba7ecd1341129911b1651c25f83d3e,0 0 24 24,XML VALID — VISUAL REVIEW PENDING
assets/icons/bottle-wine.svg,b210ca6182549633d351c3d3666089c46ac63149f5a21c206c5eccd0dbeea419,0 0 24 24,XML VALID — VISUAL REVIEW PENDING
assets/icons/bow-arrow.svg,9530e164cfb0fc94956fe5025c9da13d54b07a36d176e6ed75c5f09c3d313dfe,0 0 24 24,XML VALID — VISUAL REVIEW PENDING
assets/icons/box-select.svg,98ff521101c9602d041aa2af668fecc893f5b40025d7f1d2c64cd6ffd25d08c6,0 0 24 24,XML VALID — VISUAL REVIEW PENDING
assets/icons/box.svg,07d68a9f9de12744b31c36b857d4d8a72d6351e324016f32834112364c189da4,0 0 24 24,XML VALID — VISUAL REVIEW PENDING
assets/icons/boxes.svg,1800cb2407f15aa16c5957b69bebddd5d61db687188eed412aec5cb03dccd7cb,0 0 24 24,XML VALID — VISUAL REVIEW PENDING
assets/icons/braces.svg,3abd8d3f4184d0ce746b2402860ff7c626d463133555575ee5f32ef931ee6d63,0 0 24 24,XML VALID — VISUAL REVIEW PENDING
assets/icons/brackets.svg,821bee44f1dab067cd34598ab513249b4bfd782edaa49aa1fc3a2cc16b09e3c3,0 0 24 24,XML VALID — VISUAL REVIEW PENDING
assets/icons/brain-circuit.svg,72581df123d3b03e3ef84dc0918ac11d97fa1a3df97680d87080df947b6f382f,0 0 24 24,XML VALID — VISUAL REVIEW PENDING
assets/icons/brain-cog.svg,3ae0cc360f3f9b39eef31e4aec6c61e746faecb33904dc27e914939e2aa60111,0 0 24 24,XML VALID — VISUAL REVIEW PENDING
assets/icons/brain.svg,e3eb0c55b3805d2286f71f5e13b3f2796897cb99a21601475796d1a4e126a8e4,0 0 24 24,XML VALID — VISUAL REVIEW PENDING
assets/icons/brick-wall-fire.svg,7f856247d63cc84c4c72b3c7c70cf40d79a0feb222591bf1ab7f9ee7229c8ab2,0 0 24 24,XML VALID — VISUAL REVIEW PENDING
assets/icons/brick-wall-shield.svg,74d59dd4fe147cf313ddbb931d06f5f8b0b7715953de5826f3347920a888dde5,0 0 24 24,XML VALID — VISUAL REVIEW PENDING
assets/icons/brick-wall.svg,381aead3fa59b028861e4311131b9f5cfca068a694f8f9b0159f18bf2c0156e2,0 0 24 24,XML VALID — VISUAL REVIEW PENDING
assets/icons/briefcase-business.svg,34e0b65e37906f4b0b2814de3d882ca52c7536590450b730c45bfc2cab1954a1,0 0 24 24,XML VALID — VISUAL REVIEW PENDING
assets/icons/briefcase-conveyor-belt.svg,023f0e55672ca729dde863c4ccb11de6226542c60de7b08c6534b3c25652843d,0 0 24 24,XML VALID — VISUAL REVIEW PENDING
assets/icons/briefcase-medical.svg,85fd81a88d572c2ab43187e1c42cfe10ab336d21c651f78291697e5a27dcb31f,0 0 24 24,XML VALID — VISUAL REVIEW PENDING
assets/icons/briefcase.svg,5f8e8fdd94ced62eff3d13fb542ce0bdead4bbf8f0e8b9718cf141f3c0af3252,0 0 24 24,XML VALID — VISUAL REVIEW PENDING
assets/icons/bring-to-front.svg,8e0346ef2902c755680bc79dab307966752e0da966827656194ee403d9ced436,0 0 24 24,XML VALID — VISUAL REVIEW PENDING
assets/icons/brush-cleaning.svg,7267d07605f923ae24edee8180d6de312b2a46628d93de52c98f884c26535ccd,0 0 24 24,XML VALID — VISUAL REVIEW PENDING
assets/icons/brush.svg,37ef6b44bfa483139d9e0213ead74078797c8463befb796549b61daeeb24f30b,0 0 24 24,XML VALID — VISUAL REVIEW PENDING
assets/icons/bubbles.svg,e82ce1545fc09da6310d2762938bfec7468556af1bb8f7afd0bce6921b8fe236,0 0 24 24,XML VALID — VISUAL REVIEW PENDING
assets/icons/bug-off.svg,0f1b2f069ebdf1dce42ff8273d5a94fd62ce9aaf77d0c06cc7cbbde14d85bc82,0 0 24 24,XML VALID — VISUAL REVIEW PENDING
assets/icons/bug-play.svg,55a7f00a24f3e0b4de94c53c9279918245c4d9db243f9554f11d235e1ec5112e,0 0 24 24,XML VALID — VISUAL REVIEW PENDING
assets/icons/bug.svg,ccbfead4bdafba7a9027d36e1fdf54cd711fe63d0ca9ad27a82e605a5f260431,0 0 24 24,XML VALID — VISUAL REVIEW PENDING
assets/icons/building-2.svg,1e2f6cbec3e8d3e6e77e062cd2cbce7b091a2fcb6c7cb42f3c7ff1135438f7db,0 0 24 24,XML VALID — VISUAL REVIEW PENDING
assets/icons/building.svg,c6aa344d944f762a29beb329e33b5e6a3bed5abbc085df85f1b07e4e597918e3,0 0 24 24,XML VALID — VISUAL REVIEW PENDING
assets/icons/bus-front.svg,e48710ba7ba105b83b26c71a43397598870be99762a9170b87d89e8d890a5e75,0 0 24 24,XML VALID — VISUAL REVIEW PENDING
assets/icons/bus.svg,0a2bfbb76162ef2eaac776eb04e4f0e74c3e6a1e1658d7caa4e4dfe650f57d9a,0 0 24 24,XML VALID — VISUAL REVIEW PENDING
assets/icons/cable-car.svg,5b93a42d600e8145e483833fff8f2bcbc77d7015a8480aeb8ff3305ecfdb3776,0 0 24 24,XML VALID — VISUAL REVIEW PENDING
assets/icons/cable.svg,482c751ae5007a8e5792862ab615f9f0baa64bb78544805139d7572e2e84d98b,0 0 24 24,XML VALID — VISUAL REVIEW PENDING
assets/icons/cake-slice.svg,31032a155f93c456c704f1c639322caaa19aa4b08dad6f43841eb42c6f50b6d2,0 0 24 24,XML VALID — VISUAL REVIEW PENDING
assets/icons/cake.svg,94fc2e615955baa0a1c1bcd48f4e47cab4b076b3ae98f754aceba3d0e8185df7,0 0 24 24,XML VALID — VISUAL REVIEW PENDING
assets/icons/calculator.svg,07ae38081218d73c51c8b5f1e8f3e063011bbf514b0bc3e2469ed53cc6779224,0 0 24 24,XML VALID — VISUAL REVIEW PENDING
assets/icons/calendar-1.svg,d9895be4a7eb47b3412db564dcf84c0cbb674f1078436ca03b2e6c7f3968992c,0 0 24 24,XML VALID — VISUAL REVIEW PENDING
assets/icons/calendar-arrow-down.svg,50ecee6df64507f1770fea58dae9d911298d9f4757b0f57f6bfe748431c574e0,0 0 24 24,XML VALID — VISUAL REVIEW PENDING
assets/icons/calendar-arrow-up.svg,099a203b5e42204332d07e42892594508eed2b5b39a2c120eb915d728b286476,0 0 24 24,XML VALID — VISUAL REVIEW PENDING
assets/icons/calendar-check-2.svg,a7bcde2d187db00adeb0cab31ee804c7b999c928213b5635887ea0c873ea2f29,0 0 24 24,XML VALID — VISUAL REVIEW PENDING
assets/icons/calendar-check.svg,6b72cb90a3d7226dc6911ef09152c688bbf4885be12a4fae6487bfe422c25834,0 0 24 24,XML VALID — VISUAL REVIEW PENDING
assets/icons/calendar-clock.svg,268f2946ecbdd12c34efad52e890bec7f6ce891e06d22239bf52fb4f96f2715e,0 0 24 24,XML VALID — VISUAL REVIEW PENDING
assets/icons/calendar-cog.svg,b5eb5c07bed5fae5109e2f9df474204bf47d4e920aa0e63960ffbd485de6e9f3,0 0 24 24,XML VALID — VISUAL REVIEW PENDING
assets/icons/calendar-days.svg,d7c9e6744072a3cc95bce6ef920082cb1a404c768a651a9cba5421bb39aaf95d,0 0 24 24,XML VALID — VISUAL REVIEW PENDING
assets/icons/calendar-fold.svg,e063f4edaa5e11395bc0d7a86924bb7483b990eecd8f36f687ffabae9b1220d2,0 0 24 24,XML VALID — VISUAL REVIEW PENDING
assets/icons/calendar-heart.svg,dcbdd6e50c389aae92d5d7ce95495c13c10a82c4808f8b8de95d0115b07e15ef,0 0 24 24,XML VALID — VISUAL REVIEW PENDING
assets/icons/calendar-minus-2.svg,76857e2d88f702f0a33e4a84817ed7ee08b606a047dcedf27edbbe198b4272cc,0 0 24 24,XML VALID — VISUAL REVIEW PENDING
assets/icons/calendar-minus.svg,676f5e9e83a283f49c2eccd97cb2d6ead6ba734bf3895100af3ed16176e99b4e,0 0 24 24,XML VALID — VISUAL REVIEW PENDING
assets/icons/calendar-off.svg,e5224e6b26818318946326f9abd41e2da11f2ac0da7fad7959a1669b44e1e98d,0 0 24 24,XML VALID — VISUAL REVIEW PENDING
assets/icons/calendar-plus-2.svg,102e37bb22838592c92b8bb8355d86048154063eb4f9c65f452bf8db5c46c198,0 0 24 24,XML VALID — VISUAL REVIEW PENDING
assets/icons/calendar-plus.svg,2280d08b71370b645d755fcb551426d57f863cabb9618b36a6b5e49f6e73d983,0 0 24 24,XML VALID — VISUAL REVIEW PENDING
assets/icons/calendar-range.svg,0dca94fdeb0bf5e9dd0e1df4ff2fc21e2dace02f2f556adfb34657023bfdb97c,0 0 24 24,XML VALID — VISUAL REVIEW PENDING
assets/icons/calendar-search.svg,6074690081dcf064f7de47a1ee4d82a6097bbc3959f1965b806cb857f5dac49e,0 0 24 24,XML VALID — VISUAL REVIEW PENDING
assets/icons/calendar-sync.svg,1478cf873a272e68cdd35703c36b07437a0c316ac712b0448918ddef48028578,0 0 24 24,XML VALID — VISUAL REVIEW PENDING
assets/icons/calendar-x-2.svg,4d89eb154987122254fa403450f401a7945d88aeba1e9e877c7e6b2892f18524,0 0 24 24,XML VALID — VISUAL REVIEW PENDING
assets/icons/calendar-x.svg,622136a637c8a0fba2028d243bb54acfa197af4b1b6fab3ba9525e0cb5727c70,0 0 24 24,XML VALID — VISUAL REVIEW PENDING
assets/icons/calendar.svg,d2c1b6f8fe097d33aef86b08bf465eea9d4104206b219b1a7a86a02eadee4ffc,0 0 24 24,XML VALID — VISUAL REVIEW PENDING
assets/icons/camera-off.svg,581084acd89f407beb0258bad9e3871101a5ca45f92f99babf57e73f327c292e,0 0 24 24,XML VALID — VISUAL REVIEW PENDING
assets/icons/camera.svg,27705cfbdfc3728d2c65a3c269bc6414845c09941c884f1895ce60e4fafbed0e,0 0 24 24,XML VALID — VISUAL REVIEW PENDING
assets/icons/candlestick-chart.svg,5bf58f72f4e5bfcd9e6256c05a1a4fccea419520d13c0acde48913b81c2032cf,0 0 24 24,XML VALID — VISUAL REVIEW PENDING
assets/icons/candy-cane.svg,41fcb90dfb3639656ec89ec9cd8d36d3a5d74713b1f87bce0b0ac0b50bd307ca,0 0 24 24,XML VALID — VISUAL REVIEW PENDING
assets/icons/candy-off.svg,0b349a1bd4caaacc57d811df144a57ce4bdc2fd30bf0906cf5d39643697d3342,0 0 24 24,XML VALID — VISUAL REVIEW PENDING
assets/icons/candy.svg,7a7509c5f76545fa682662c3213dc8d2d6681494dadece2019c5254f64f01879,0 0 24 24,XML VALID — VISUAL REVIEW PENDING
assets/icons/cannabis.svg,757d25a0b6dc44429195b25b3887d32919d4c36d5a93c007b653ae461af61299,0 0 24 24,XML VALID — VISUAL REVIEW PENDING
assets/icons/captions-off.svg,8979c9efee7f8544722fba52d5e922de74316c7cc8e628aeb92a594aa61f2e87,0 0 24 24,XML VALID — VISUAL REVIEW PENDING
assets/icons/captions.svg,fde61b19c040b53b76fbe7386410bb3e7c654b99564e79126b8db307440e511a,0 0 24 24,XML VALID — VISUAL REVIEW PENDING
assets/icons/car-front.svg,b916b15af6a7ac1f556c8b0d75d4d0a03bdc01f0b83108120c3e9cfb2bede50b,0 0 24 24,XML VALID — VISUAL REVIEW PENDING
assets/icons/car-taxi-front.svg,6db3e610e07a242edae2d74e48cc71f10a943a2c9c0a0ffc20f799ff7b3b188d,0 0 24 24,XML VALID — VISUAL REVIEW PENDING
assets/icons/car.svg,39ee535060663dfb0d6d1430441138954ed4e1ee3dee087adbee5e2ff0f0728e,0 0 24 24,XML VALID — VISUAL REVIEW PENDING
assets/icons/caravan.svg,49e26b51d6dab8c4fcbd6cae3d63b6adc817bb7d61be79adbfa0134bb11351d4,0 0 24 24,XML VALID — VISUAL REVIEW PENDING
assets/icons/card-sim.svg,361d8038d95482cf5b0af72680612a2a6c4943dd02db3838ed614d5a5f6badaf,0 0 24 24,XML VALID — VISUAL REVIEW PENDING
assets/icons/carrot.svg,7db6869e23d52e070e618ea5785197344bd029b26c434e8578c838746c27343d,0 0 24 24,XML VALID — VISUAL REVIEW PENDING
assets/icons/case-lower.svg,69e891bd349b1ac77b3b9a993de8b0273f3eef351eb1be587dee444b9c1348fa,0 0 24 24,XML VALID — VISUAL REVIEW PENDING
assets/icons/case-sensitive.svg,b4ebc2cc5edafe97345892070c0d1b4d3090e5eaa4e354b5b51fbac638661eff,0 0 24 24,XML VALID — VISUAL REVIEW PENDING
assets/icons/case-upper.svg,5c6f0b9b5a7ea514bdc303c7f4e69456f742772614cee3388881a0a23d9634fc,0 0 24 24,XML VALID — VISUAL REVIEW PENDING
assets/icons/cassette-tape.svg,e8da16ba17b6fe463999f8db80a29288049948b1021f66905fc64771461e252c,0 0 24 24,XML VALID — VISUAL REVIEW PENDING
assets/icons/cast.svg,bfb54bad04ad1bac8099e565adaf2b7125288bfd88a1d7505c1e952ff24c622f,0 0 24 24,XML VALID — VISUAL REVIEW PENDING
assets/icons/castle.svg,4be63850f03160111f1a805109859bbc272c829b8bb3f01063a1a7053ea68987,0 0 24 24,XML VALID — VISUAL REVIEW PENDING
assets/icons/cat.svg,7c853e2539b5d8af05a44c5480b7997b69cbf0372991f25c9875a62ca980e722,0 0 24 24,XML VALID — VISUAL REVIEW PENDING
assets/icons/cctv.svg,75bb0acf95b5494e7d00da9d237d1f4953733056908d6f7d451b553a2fcb0366,0 0 24 24,XML VALID — VISUAL REVIEW PENDING
assets/icons/chart-area.svg,08ffc26ac88e9757a5acd1d8acc9be3d57f23531184b5302cf33343cda194157,0 0 24 24,XML VALID — VISUAL REVIEW PENDING
assets/icons/chart-bar-big.svg,dcf940669003947e2cc66c1861b72fecb3be60376540d62a94ba0e10ed0f664b,0 0 24 24,XML VALID — VISUAL REVIEW PENDING
assets/icons/chart-bar-decreasing.svg,30b25bb0f75aebd96697b85cffc26981b7a2dd0c6f6739a5eb2de41c951871d1,0 0 24 24,XML VALID — VISUAL REVIEW PENDING
assets/icons/chart-bar-increasing.svg,f6f7ca868562ffc6c6644adf8457e65682d9e7f68dd8597b2c7e364b93516b5a,0 0 24 24,XML VALID — VISUAL REVIEW PENDING
assets/icons/chart-bar-stacked.svg,6191160f46162058cafac95726a4555010d52c8f0cc9d7f0c015f22de01dfd76,0 0 24 24,XML VALID — VISUAL REVIEW PENDING
assets/icons/chart-bar.svg,3c25bba3559f9654b7f64f3107c5bf64d12106373c0f7807ca0fac74f0dc3201,0 0 24 24,XML VALID — VISUAL REVIEW PENDING
assets/icons/chart-candlestick.svg,cb32256611e7a87a861018fc7cf48d2e0f2a5db245c60183baf8f915f771985e,0 0 24 24,XML VALID — VISUAL REVIEW PENDING
assets/icons/chart-column-big.svg,f1cbc8575ac65470e1af109ee2e4ea219f4602c7369541bdb3d5ad786963c8f2,0 0 24 24,XML VALID — VISUAL REVIEW PENDING
assets/icons/chart-column-decreasing.svg,37a32a7cb08c4c3fd16cc7872bb8e3aa063326a8179d37b4b868815db24f2a7e,0 0 24 24,XML VALID — VISUAL REVIEW PENDING
assets/icons/chart-column-increasing.svg,237eb6599ae9cddd7df3df303855bd3664bfec5757ec8ce8f133d9a8e6e289bc,0 0 24 24,XML VALID — VISUAL REVIEW PENDING
assets/icons/chart-column-stacked.svg,9b0745fd2b60d53c4dc5a51f04b8140f25e615445e3ff1a3e1484615e733163c,0 0 24 24,XML VALID — VISUAL REVIEW PENDING
assets/icons/chart-column.svg,bf0683d106018581adc4defdfcab813df9e383142b2ace17b4ea83f83c015f95,0 0 24 24,XML VALID — VISUAL REVIEW PENDING
assets/icons/chart-gantt.svg,ccefdf2f6b8b95680d93e2dd989900822d776dfc9c68b03659b05234319e0166,0 0 24 24,XML VALID — VISUAL REVIEW PENDING
assets/icons/chart-line.svg,53255a9a1af51cf6663225a95aeb667e5710c319f11fd0c6d1fbd2f21162aa5f,0 0 24 24,XML VALID — VISUAL REVIEW PENDING
assets/icons/chart-network.svg,4c53eb0d1f40148661749fb23664bdeaf9ea426b1c7deae108ce77ab7c9e14c0,0 0 24 24,XML VALID — VISUAL REVIEW PENDING
assets/icons/chart-no-axes-column-decreasing.svg,8eb48a856c4cf6a30afb37805de1aa4b6bf6f826fa5935d3bdc0ffadc2bfb937,0 0 24 24,XML VALID — VISUAL REVIEW PENDING
assets/icons/chart-no-axes-column-increasing.svg,3917a4b7c79321911b29da13e7880a3df14fcc06bd4f59cbf9799c45bb238e0a,0 0 24 24,XML VALID — VISUAL REVIEW PENDING
assets/icons/chart-no-axes-column.svg,2ef2f944b378f39f6b6bbf6755ef1cfe4cd5e80f526bf5a58ef16a5ce16f6afc,0 0 24 24,XML VALID — VISUAL REVIEW PENDING
assets/icons/chart-no-axes-combined.svg,0e94d559b585283ec2081b68855d159ee064c36ce9e155669802a76e46e7b735,0 0 24 24,XML VALID — VISUAL REVIEW PENDING
assets/icons/chart-no-axes-gantt.svg,024d913dc57b0aa6724f2e78c76e0820ee1452b5c7c7aaa75a9d252d5f027874,0 0 24 24,XML VALID — VISUAL REVIEW PENDING
assets/icons/chart-pie.svg,adc47d2cdf73dc5770c1cef146e683cc4d3ebc31c43329d90334b2b17c4b6ee2,0 0 24 24,XML VALID — VISUAL REVIEW PENDING
assets/icons/chart-scatter.svg,d835e57cf56506f7a931beb5e180759ae4e743daed78b0f7dcdda838ccd23ff4,0 0 24 24,XML VALID — VISUAL REVIEW PENDING
assets/icons/chart-spline.svg,d4103336da063572eac50e87319b89dffa1750118d6087f52dbc8b5dac101df7,0 0 24 24,XML VALID — VISUAL REVIEW PENDING
assets/icons/check-check.svg,4688c0c4f9cfb98b39bf2f337736848a1f3d42beacd2a96e882294e28e4a6a06,0 0 24 24,XML VALID — VISUAL REVIEW PENDING
assets/icons/check-circle-2.svg,062bdd58ac4a53b067125ade49f296c28d556815c73f6076e2c8bdca5a25ebb8,0 0 24 24,XML VALID — VISUAL REVIEW PENDING
assets/icons/check-circle.svg,e1ba1a5efa224bed0eaf07d47da92316d0cff5c91c71c17778d1340558c5bc1d,0 0 24 24,XML VALID — VISUAL REVIEW PENDING
assets/icons/check-line.svg,e2249629e37e65137cb093af10723e082a9399864f4ed8015b9fc86119156456,0 0 24 24,XML VALID — VISUAL REVIEW PENDING
assets/icons/check-square-2.svg,12cf7510df12c267c7d349cc3d4a9c17f2498ee3a6e1e9713d562c0f1ea349e1,0 0 24 24,XML VALID — VISUAL REVIEW PENDING
assets/icons/check-square.svg,799aae464495f4805477bff6afeba03fd5c4ead0abc3897a8cb0a9c7c00c3944,0 0 24 24,XML VALID — VISUAL REVIEW PENDING
assets/icons/check.svg,c8f009a99374efb1bb3533a9e2682f6d5da7548d5c4ab72d117d99255c4aa0f4,0 0 24 24,XML VALID — VISUAL REVIEW PENDING
assets/icons/chef-hat.svg,291c06ae716779a9c658e9d188dc2253859dab924394a4449175eb5eb063b9f5,0 0 24 24,XML VALID — VISUAL REVIEW PENDING
assets/icons/cherry.svg,65687360dd08a667afe09f0faa5069ec5255e7c5d71fe6155599c84968025904,0 0 24 24,XML VALID — VISUAL REVIEW PENDING
assets/icons/chevron-down-circle.svg,88013e0e824b8e3af63fb7aa78aa91868449bd3f5373eaebeb5cb28af7d87d9f,0 0 24 24,XML VALID — VISUAL REVIEW PENDING
assets/icons/chevron-down-square.svg,33e612e0f06f3dbe9df9d5af97065db4dbb92bbfef0ea0c8213c1f7ce8d68241,0 0 24 24,XML VALID — VISUAL REVIEW PENDING
assets/icons/chevron-down.svg,0353ce4824da8f0d979c69f7cac7f5c5119b1cb6917ff4a8c09f5247ac4f6868,0 0 24 24,XML VALID — VISUAL REVIEW PENDING
assets/icons/chevron-first.svg,ef52ecf237624182aaaa9e7c90ab161bc8a22119f4be0577955fbeb88b5618dd,0 0 24 24,XML VALID — VISUAL REVIEW PENDING
assets/icons/chevron-last.svg,5ac4ac82980b3d9307ef720dcbb725161cfbbd82ff99314889ea5f8602e37f63,0 0 24 24,XML VALID — VISUAL REVIEW PENDING
assets/icons/chevron-left-circle.svg,17d5e6145fc1518cb7894932772d3bd5958de4d91cdbc3c84d7adf962245750b,0 0 24 24,XML VALID — VISUAL REVIEW PENDING
assets/icons/chevron-left-square.svg,eedbbfc10b851ad58668b1cb8af63b9893ded1f9081c102202a7b37ee9a3e3af,0 0 24 24,XML VALID — VISUAL REVIEW PENDING
assets/icons/chevron-left.svg,51bfc7892aeed5eb0c33196ae315bd3fcbfd47c2e8554e0473edc6a5b0f87795,0 0 24 24,XML VALID — VISUAL REVIEW PENDING
assets/icons/chevron-right-circle.svg,8c069c258fd8cbcb1f7aace9e9f445e9d8600a3b73198ed19ee323e4d9e277d1,0 0 24 24,XML VALID — VISUAL REVIEW PENDING
assets/icons/chevron-right-square.svg,4937aac580ab3f9371be86a7b0c943755c2602b0283fcceddaf7aacd1ec5de55,0 0 24 24,XML VALID — VISUAL REVIEW PENDING
assets/icons/chevron-right.svg,136124dd4bffe5df4c61e102d869dcfd87b48c08a73fd1bff845769a3e482cb7,0 0 24 24,XML VALID — VISUAL REVIEW PENDING
assets/icons/chevron-up-circle.svg,f2058196e2f9106a7c17e7240c8356deb7bbf7cd03bd281554289c462f3defd2,0 0 24 24,XML VALID — VISUAL REVIEW PENDING
assets/icons/chevron-up-square.svg,7ae344decbcdf42f1fa51eec1551f940ac76008a38992aa3d2e8d67f5c373fc2,0 0 24 24,XML VALID — VISUAL REVIEW PENDING
assets/icons/chevron-up.svg,74a8c4facfca6964c392c4c96a272fb12ba6cd383fc6fcb899ff4971d8c8412e,0 0 24 24,XML VALID — VISUAL REVIEW PENDING
assets/icons/chevrons-down-up.svg,fe293b3a229483d686261ab0d6dacbb630a3e12bb250d3e653e95f50578c7be5,0 0 24 24,XML VALID — VISUAL REVIEW PENDING
assets/icons/chevrons-down.svg,44d436248348c1e6160cf14d9e926bc2367c0307441747c71d0d30a5218c5ad5,0 0 24 24,XML VALID — VISUAL REVIEW PENDING
assets/icons/chevrons-left-right-ellipsis.svg,1ca7976af6373e258b611646049546a67091d49509faf15bca244630c80f9e61,0 0 24 24,XML VALID — VISUAL REVIEW PENDING
assets/icons/chevrons-left-right.svg,74c891663cdfb27e2602e46b402a380c9eece9d95fc548144bd9764677e0ad28,0 0 24 24,XML VALID — VISUAL REVIEW PENDING
assets/icons/chevrons-left.svg,08b6ca352ef1213d731cb0e5f9cb64cf17e8f280301dfa5829a3e9ad452972db,0 0 24 24,XML VALID — VISUAL REVIEW PENDING
assets/icons/chevrons-right-left.svg,047452e3e8483f890587ab33c341ca4b4abcfd12f2769be5c138551f1e3dcec8,0 0 24 24,XML VALID — VISUAL REVIEW PENDING
assets/icons/chevrons-right.svg,92b2bbda574b38253cc47a61b3a71803c91c55c67dd2fd8eaf883cd486ea536a,0 0 24 24,XML VALID — VISUAL REVIEW PENDING
assets/icons/chevrons-up-down.svg,efe8b2d0017d792f89c6de6a796fd965e81f42903bb7ac8854a4e61e606e0a55,0 0 24 24,XML VALID — VISUAL REVIEW PENDING
assets/icons/chevrons-up.svg,1a7b53f8e7a2fd07c2e66d6847e0d2869069bfbef766c9ce800eedc0b0ebc4b5,0 0 24 24,XML VALID — VISUAL REVIEW PENDING
assets/icons/chrome.svg,c14d0b0a66dc1b1b21494158974419629711ca2b9aab206c753d4a2cc8edf9e5,0 0 24 24,XML VALID — VISUAL REVIEW PENDING
assets/icons/chromium.svg,29e3b6abe8c2c857dfb429941b7627dc2902dd7a8702841c7fb50f289f300f98,0 0 24 24,XML VALID — VISUAL REVIEW PENDING
assets/icons/church.svg,541719243c75d7dce17d07998410067e664378eaddf205d9e68662e9934d46fa,0 0 24 24,XML VALID — VISUAL REVIEW PENDING
assets/icons/cigarette-off.svg,eead94392c4fa5ab86ef4c67105a18ba1302fc4d4652969a9b6038352af522f6,0 0 24 24,XML VALID — VISUAL REVIEW PENDING
assets/icons/cigarette.svg,5ab8aa1bd46d4df09a9ed49317ce0bc12e8aab54dd66650648bc84df1af4348d,0 0 24 24,XML VALID — VISUAL REVIEW PENDING
assets/icons/circle-alert.svg,b39260b66640750230053fb699610135ef114d0ebbe722ac5f36c347187a5bf2,0 0 24 24,XML VALID — VISUAL REVIEW PENDING
assets/icons/circle-arrow-down.svg,530af6f5d473ceab9646bc6a94fe1fb3538328784a87d28beb9b54dcd6c33fe0,0 0 24 24,XML VALID — VISUAL REVIEW PENDING
assets/icons/circle-arrow-left.svg,88574f958728085eb5875b763c80a6aa6d03d1d7addb1132cb7d4cde6b718e68,0 0 24 24,XML VALID — VISUAL REVIEW PENDING
assets/icons/circle-arrow-out-down-left.svg,88b210c158dbeefaa75d92e918235e85c184f06b3d424e789993dd15be9273c5,0 0 24 24,XML VALID — VISUAL REVIEW PENDING
assets/icons/circle-arrow-out-down-right.svg,1dc42be0c74fb3edfd19d471549f4c5970700e2efbc2404838cab5937cb2a41a,0 0 24 24,XML VALID — VISUAL REVIEW PENDING
assets/icons/circle-arrow-out-up-left.svg,3ce3d1b04d2d00bf91ae4ada43a743392c32dbbb3b4d34910237c35447a0910f,0 0 24 24,XML VALID — VISUAL REVIEW PENDING
assets/icons/circle-arrow-out-up-right.svg,4eb68101334bdbd979c8b8d2198c647425c937607a43a283ae5e476896d00884,0 0 24 24,XML VALID — VISUAL REVIEW PENDING
assets/icons/circle-arrow-right.svg,00981eda17a3416de8a2744dab87d6f38a3a0a404c764aaf6ab60638e0599ab4,0 0 24 24,XML VALID — VISUAL REVIEW PENDING
assets/icons/circle-arrow-up.svg,437362b3d78f1b7e6b7511ca2cb80ceb2c0e40911ea74d8d72e495e506a31886,0 0 24 24,XML VALID — VISUAL REVIEW PENDING
assets/icons/circle-check-big.svg,c44d641a732ae3cf941000128f8130a1912189a3e5d98302b2b335e9ac0d7040,0 0 24 24,XML VALID — VISUAL REVIEW PENDING
assets/icons/circle-check.svg,74313dd5f911695277baa14d8599eea2557681da70d0d81da183cd6ed5346eb2,0 0 24 24,XML VALID — VISUAL REVIEW PENDING
assets/icons/circle-chevron-down.svg,38eaedf9d9e7e0cef705d50388392f019865317483c5569936f9b6953d7f9c17,0 0 24 24,XML VALID — VISUAL REVIEW PENDING
assets/icons/circle-chevron-left.svg,2d474bf9ea2d396a015124002c08e0b2322dadb010e19c8908344159036f2d98,0 0 24 24,XML VALID — VISUAL REVIEW PENDING
assets/icons/circle-chevron-right.svg,ecf9ca76387dfa1610d2ce4e5748430473a30abdb70886de9a38974544bca5c3,0 0 24 24,XML VALID — VISUAL REVIEW PENDING
assets/icons/circle-chevron-up.svg,92803f2926f4d8186402a3abeca599cf59a4d6b5e3db9bb606b88ae9c56c7c3c,0 0 24 24,XML VALID — VISUAL REVIEW PENDING
assets/icons/circle-dashed.svg,d6af4d795a3efd7a07aed13c5c2ff12a88d7be832331d0dc89b7b8e883fb8434,0 0 24 24,XML VALID — VISUAL REVIEW PENDING
assets/icons/circle-divide.svg,cc0cfb550abd3feb409042caccd34bff9895fe4e0feb25771479fc837add67b1,0 0 24 24,XML VALID — VISUAL REVIEW PENDING
assets/icons/circle-dollar-sign.svg,04aa334578eee1f3b4c70317eb6b6331119b1989b1dfb51e6dea34a0fa02bccd,0 0 24 24,XML VALID — VISUAL REVIEW PENDING
assets/icons/circle-dot-dashed.svg,e0fd33baa51ec5e7be103c396ae9fda32edb8e3992b70c4f3066555d6ef8204a,0 0 24 24,XML VALID — VISUAL REVIEW PENDING
assets/icons/circle-dot.svg,b6bdc99ba54583fb3ffcc65ffbb36993d2392701baef728f718e12d26a75d6ba,0 0 24 24,XML VALID — VISUAL REVIEW PENDING
assets/icons/circle-ellipsis.svg,c39f283a98136eb5c7c7e7c20be9ed8299dc69f651e73349112d1a36c91e2134,0 0 24 24,XML VALID — VISUAL REVIEW PENDING
assets/icons/circle-equal.svg,4b23250dc2e6f8919003d57d990a618bf77f09edbdadb9a4a925c00659b8c9ef,0 0 24 24,XML VALID — VISUAL REVIEW PENDING
assets/icons/circle-fading-arrow-up.svg,f1a1cdeaf2d5065f9dacca600e3d7ce7a11907b1b73c420928eb35431b8d4164,0 0 24 24,XML VALID — VISUAL REVIEW PENDING
assets/icons/circle-fading-plus.svg,cef57e9659c13a06e97677be35ac66309700d31a31aa69762fdc024ed007dd75,0 0 24 24,XML VALID — VISUAL REVIEW PENDING
assets/icons/circle-gauge.svg,4a9c92171c2c542aa263db84501215a3fda44ade3f1e0a9471ec740aec43531d,0 0 24 24,XML VALID — VISUAL REVIEW PENDING
assets/icons/circle-help.svg,36d3c9826ba542c20dfdcbab57d0f70f99f9aa715dc9326783dfcb41ed601984,0 0 24 24,XML VALID — VISUAL REVIEW PENDING
assets/icons/circle-minus.svg,4449fe5016ac48ab50fad847a956bfb539f3a41f5e35c02957d37488f0291ce5,0 0 24 24,XML VALID — VISUAL REVIEW PENDING
assets/icons/circle-off.svg,a37ace49463b827215c580f6e8287b23ad0d81c80891e673c8f4ec469cdaa080,0 0 24 24,XML VALID — VISUAL REVIEW PENDING
assets/icons/circle-parking-off.svg,c227a1c135823aaaf1e7fd191af87cd8cb74c6b41b46252162034988ed4e1d78,0 0 24 24,XML VALID — VISUAL REVIEW PENDING
assets/icons/circle-parking.svg,107925cc35b6032cc80d6b130adac24899d1f978425f19dc8293dfaf21582455,0 0 24 24,XML VALID — VISUAL REVIEW PENDING
assets/icons/circle-pause.svg,29ad002e4ed73174d87de1fd648c750b35b900a32b20b2360519f33e1611c7a5,0 0 24 24,XML VALID — VISUAL REVIEW PENDING
assets/icons/circle-percent.svg,1ebcc9527c5fe1e2e1ad002c7e9fe7b535a68419442bf5abca67edbc1cdec638,0 0 24 24,XML VALID — VISUAL REVIEW PENDING
assets/icons/circle-play.svg,48e81a1749c9735395967d82db9712fbe7f625be8e803182350c0e2b457f21be,0 0 24 24,XML VALID — VISUAL REVIEW PENDING
assets/icons/circle-plus.svg,d647a19e10c666094d1c340c966ba7c5e169bd1397bd9de19484566845ba22ea,0 0 24 24,XML VALID — VISUAL REVIEW PENDING
assets/icons/circle-pound-sterling.svg,d583bfbf45f5764e5006c29429547b5ccfbf97895e14d753bdefbf35db81dc98,0 0 24 24,XML VALID — VISUAL REVIEW PENDING
assets/icons/circle-power.svg,2b210f5d4e0d004491ad39d13fd2bf6775c1f9789c8b7e8810de9d3bf5e00361,0 0 24 24,XML VALID — VISUAL REVIEW PENDING
assets/icons/circle-question-mark.svg,6dcd3a4e5518cf5bdc95b8028149089af6ad3b834a8aa2e8a06c994caf6b62ee,0 0 24 24,XML VALID — VISUAL REVIEW PENDING
assets/icons/circle-slash-2.svg,0421725dd6e87ece499c43e0ff6c3facb2587c2cd65573271cf509b5d832a647,0 0 24 24,XML VALID — VISUAL REVIEW PENDING
assets/icons/circle-slash.svg,ac8eea54dc40323b095d4e91f354eb80f360ad57e6f3957ad0b797c4e22e486e,0 0 24 24,XML VALID — VISUAL REVIEW PENDING
assets/icons/circle-slashed.svg,f905f255102ea47dc6e7b53e176c97bac7e9b60f4ca28fc603df73b5e46fda92,0 0 24 24,XML VALID — VISUAL REVIEW PENDING
assets/icons/circle-small.svg,8cca0902f73c1053f9c3b6e97207b3432f9b3333e7dd5ac0709ffe88128ac0e3,0 0 24 24,XML VALID — VISUAL REVIEW PENDING
assets/icons/circle-star.svg,db118514eef90bdf272c29604783d7367c851b296914eb395403f535e682bed5,0 0 24 24,XML VALID — VISUAL REVIEW PENDING
assets/icons/circle-stop.svg,cbeaf7995b87bfed50b457569ab99d8783c3f6e94c3f6ee4fdcc1db4c6637ec7,0 0 24 24,XML VALID — VISUAL REVIEW PENDING
assets/icons/circle-user-round.svg,d321b2129bbd941d5fc586e92999ab40540f80101e47c947bb2fbfd2e293622a,0 0 24 24,XML VALID — VISUAL REVIEW PENDING
assets/icons/circle-user.svg,2809a35816ba998bf40fd97d3445b50023f00e6d10be96529d42157de0a671a6,0 0 24 24,XML VALID — VISUAL REVIEW PENDING
assets/icons/circle-x.svg,665943166cae16e3ce452e7c7b5345c53b1c0872a0b4dc088b2321870c9be975,0 0 24 24,XML VALID — VISUAL REVIEW PENDING
assets/icons/circle.svg,27fbe0541ba5cd2b387f309fb4886e9217125238f72f5aee25f054a31838a51f,0 0 24 24,XML VALID — VISUAL REVIEW PENDING
assets/icons/circuit-board.svg,b1d8dd2723e47636a1990e9bd161860aaf2e7805ac845f71a8464dbdd155655b,0 0 24 24,XML VALID — VISUAL REVIEW PENDING
assets/icons/citrus.svg,d3a1f3bba389b61f8f2f9c8c96d9cec6412d353252123be9066254d454f1338b,0 0 24 24,XML VALID — VISUAL REVIEW PENDING
assets/icons/clapperboard.svg,24918544c61e2745ec333d142058b5c4e4ea8d54ba5ed392aa4fea090acd3542,0 0 24 24,XML VALID — VISUAL REVIEW PENDING
assets/icons/clipboard-check.svg,718517987266fc9a1c3dc8807f871325f4cba215419f8ed038c9f716ebb6ac52,0 0 24 24,XML VALID — VISUAL REVIEW PENDING
assets/icons/clipboard-clock.svg,a560bffb9bc6949fda5dd411e9b7e9bba74e2bc4a4dc6e82554300be54a954a6,0 0 24 24,XML VALID — VISUAL REVIEW PENDING
assets/icons/clipboard-copy.svg,acf83b1c2089e572a0c9ea6ab2fe3850c4275fcd57ed6510b0c3e1c199043ab2,0 0 24 24,XML VALID — VISUAL REVIEW PENDING
assets/icons/clipboard-edit.svg,f86cc439227fb1f19a92fd9f8967e4e6739694651a2b896492ad4b8f2c5e4b5f,0 0 24 24,XML VALID — VISUAL REVIEW PENDING
assets/icons/clipboard-list.svg,848a71f3623321081a5ee31bb95337aeb6a038699d0e95012b9cb96453462f2d,0 0 24 24,XML VALID — VISUAL REVIEW PENDING
assets/icons/clipboard-minus.svg,ddecf76cf44a7c42010f20110d8166f0ff990bb608e074a2f4b53b31e04d9d1b,0 0 24 24,XML VALID — VISUAL REVIEW PENDING
assets/icons/clipboard-paste.svg,d527b8451d3849540d3a8ae9fc2325c5b9f66a312481e0ab1fdeae29392a7c40,0 0 24 24,XML VALID — VISUAL REVIEW PENDING
assets/icons/clipboard-pen-line.svg,51fb70b3d82c87815c4d9db2c4ace46c219bd3a4f69431661fd5483056f6d3f1,0 0 24 24,XML VALID — VISUAL REVIEW PENDING
assets/icons/clipboard-pen.svg,5f1ce742bb3bbd6b0f421c6667c855ca9ae5ac3bbeb5532a82a50c563e53269d,0 0 24 24,XML VALID — VISUAL REVIEW PENDING
assets/icons/clipboard-plus.svg,b6d2502b1047e293513fb374cab190f8faf268aa6591f0d206cf4ac31f5659fc,0 0 24 24,XML VALID — VISUAL REVIEW PENDING
assets/icons/clipboard-signature.svg,b23f12346932c82a97be4eca14711c6004260b08af03bfc91073854d436fed5d,0 0 24 24,XML VALID — VISUAL REVIEW PENDING
assets/icons/clipboard-type.svg,d49786fdccca6ab22fc8d834d01f6decc808f92cbfcfc5dd867040e2bdb67e6f,0 0 24 24,XML VALID — VISUAL REVIEW PENDING
assets/icons/clipboard-x.svg,6ebc9dcee080dc025237fa4242c2104b676d040b9b0bc210cc06c161d0e9a9e9,0 0 24 24,XML VALID — VISUAL REVIEW PENDING
assets/icons/clipboard.svg,ecf97b8e33d185fd85e8ecd5a577ad244cc0ed079e8b0fbd89d6f258804f3605,0 0 24 24,XML VALID — VISUAL REVIEW PENDING
assets/icons/clock-1.svg,2c2315af81724b90adc52dfd438b3339e5cce509a98f03eb7c8eaea46ae07f8d,0 0 24 24,XML VALID — VISUAL REVIEW PENDING
assets/icons/clock-10.svg,4fdf3e234a8d5b6d0ff0a72037e7ae5a7104659dc9e7077596e3696d20062a24,0 0 24 24,XML VALID — VISUAL REVIEW PENDING
assets/icons/clock-11.svg,2980bed15ec9bd30b57196b731322e3e1cb2135340f9b26176ac582bda53572f,0 0 24 24,XML VALID — VISUAL REVIEW PENDING
assets/icons/clock-12.svg,0e192e5107704da2c182e8560b76ce8cad0cf704ae1027c35f4d2b0e5ba20a5d,0 0 24 24,XML VALID — VISUAL REVIEW PENDING
assets/icons/clock-2.svg,88fcbae851dd111863cc81261c5ad88cb77f7275d1e6b7dcb1339343db9db86d,0 0 24 24,XML VALID — VISUAL REVIEW PENDING
assets/icons/clock-3.svg,e3fcec73743d89f6f39caa30ae2804ff7abd145ad8f6c64412b18187c12a8e5b,0 0 24 24,XML VALID — VISUAL REVIEW PENDING
assets/icons/clock-4.svg,23e840062a8b16bdc5aaa01ff89691d073631e4861bdd3375177cfd47a735219,0 0 24 24,XML VALID — VISUAL REVIEW PENDING
assets/icons/clock-5.svg,a5faffeaa83a742ab4820d91b493ccb2a3d809a98db8d7d85a7246ab4cea03e8,0 0 24 24,XML VALID — VISUAL REVIEW PENDING
assets/icons/clock-6.svg,78e081d06d4f1961b628a59b22a133873deb7aec779d13b2b8447be41e140483,0 0 24 24,XML VALID — VISUAL REVIEW PENDING
assets/icons/clock-7.svg,4d50165e0bc1172299f6fdb97ed977724706169bc45f168aeed965d43058770a,0 0 24 24,XML VALID — VISUAL REVIEW PENDING
assets/icons/clock-8.svg,ae10fd5ad5a9f339d8ac9de2da04fc4ede0931496668dd9c9183b84a54f60c4f,0 0 24 24,XML VALID — VISUAL REVIEW PENDING
assets/icons/clock-9.svg,37fdd49d28ec0cc27330876dc95ec9c964e1208de4adf87d837a026c69c6439f,0 0 24 24,XML VALID — VISUAL REVIEW PENDING
assets/icons/clock-alert.svg,8f7c9bd2bf5150ae6230d53b3260dca2bc45b4d3b47745bf5c8041119a5ad364,0 0 24 24,XML VALID — VISUAL REVIEW PENDING
assets/icons/clock-arrow-down.svg,840e45e221caa6c45d954d85e95cdfb76eaff9e3e544098ffb9b2aead38b4bb8,0 0 24 24,XML VALID — VISUAL REVIEW PENDING
assets/icons/clock-arrow-up.svg,0d273efab94b455b2ebad4724da0070b69faee5a17c80731dd8ad63612377cb7,0 0 24 24,XML VALID — VISUAL REVIEW PENDING
assets/icons/clock-fading.svg,04cd43db8e6f0fe0b4c45e3edaf9f3b6e3a40a7aa2b0926877d0ca9c96aaec4e,0 0 24 24,XML VALID — VISUAL REVIEW PENDING
assets/icons/clock-plus.svg,9c11f5163d7e5ef5cc151afa57decb55e030b8bb99a6741906697dcbc7001e2d,0 0 24 24,XML VALID — VISUAL REVIEW PENDING
assets/icons/clock.svg,4974dbb04942d133ddf6ee3fb4f65f132132bef4ded96418026982a89554ddb2,0 0 24 24,XML VALID — VISUAL REVIEW PENDING
assets/icons/closed-caption.svg,941946c4b273b007b7bd1f5555cb09a696728e2bbff2016b14163e7fb61e84a1,0 0 24 24,XML VALID — VISUAL REVIEW PENDING
assets/icons/cloud-alert.svg,5f3e7ba8c5d960c9e56bf6a4c97a8ce4e73e2e7a310fafd3c3dc5cd0c0b2fec7,0 0 24 24,XML VALID — VISUAL REVIEW PENDING
assets/icons/cloud-check.svg,5a3926fc0cd305385e5c2ff698d58e57635e23203d7bb254219122ea37c42605,0 0 24 24,XML VALID — VISUAL REVIEW PENDING
assets/icons/cloud-cog.svg,e3e4a76f4fee760626c3d5bf8adacfd9319f97912ba260366f8bae965d854c0d,0 0 24 24,XML VALID — VISUAL REVIEW PENDING
assets/icons/cloud-download.svg,5d3b7634479ac028303576b0754237808f6c8f1fea01f02105ca1d547c163bc3,0 0 24 24,XML VALID — VISUAL REVIEW PENDING
assets/icons/cloud-drizzle.svg,9fd4a0a054c6a8af7c153d33d55dcbd38b9885ec49d5893aca7d6380f468f30a,0 0 24 24,XML VALID — VISUAL REVIEW PENDING
assets/icons/cloud-fog.svg,a51dbc0de244bc4e2e1988dad8419ca97bf9798ee055582d7070423b9705a251,0 0 24 24,XML VALID — VISUAL REVIEW PENDING
assets/icons/cloud-hail.svg,0b8767b27870cdfbec6ee0b6fec6ed5e242fce8113c6666302a3f98d155e3f23,0 0 24 24,XML VALID — VISUAL REVIEW PENDING
assets/icons/cloud-lightning.svg,b50a4cb94c89c471360b2bd7f86e2a4dca509dcd0a0e5ec8cfac3d27d7eaf18d,0 0 24 24,XML VALID — VISUAL REVIEW PENDING
assets/icons/cloud-moon-rain.svg,b31955d42f716feeb2143ad3e7fa12b8b3c461c3a638b081c0ddc70f00a2768b,0 0 24 24,XML VALID — VISUAL REVIEW PENDING
assets/icons/cloud-moon.svg,63bebd9c9dbff89cea50663a60c709bd57c6de76c5a2753b3e0b984e98aabf23,0 0 24 24,XML VALID — VISUAL REVIEW PENDING
assets/icons/cloud-off.svg,2bfdce97a4aaddda6f01425d5e6ca773f186e9e7302016e42909bc4a9ee17d78,0 0 24 24,XML VALID — VISUAL REVIEW PENDING
assets/icons/cloud-rain-wind.svg,92cbff186d48cb8c91d2ad548c6fb8d600566684ba1fc93abe36e9f61fed11bf,0 0 24 24,XML VALID — VISUAL REVIEW PENDING
assets/icons/cloud-rain.svg,a32045c74214475d7a634cd6c93c8766af4ba53cf6f16fa96b1435d8013972c0,0 0 24 24,XML VALID — VISUAL REVIEW PENDING
assets/icons/cloud-snow.svg,b6b6824f3f19b5ba62028220c95026f034fd06831b74b1772aeb2f0be0331b3f,0 0 24 24,XML VALID — VISUAL REVIEW PENDING
assets/icons/cloud-sun-rain.svg,a8425d3759829668564375b09dfa196434fee4112cf284a1e4bba8d34250b126,0 0 24 24,XML VALID — VISUAL REVIEW PENDING
assets/icons/cloud-sun.svg,1e09b10c363112527e849b5e5be10e75863801cc7ce0566e77390a049868ab12,0 0 24 24,XML VALID — VISUAL REVIEW PENDING
assets/icons/cloud-upload.svg,ca6f74ffe633ee877efa8e19fce8b95e3865f7f270159f1347b29175fe8c6197,0 0 24 24,XML VALID — VISUAL REVIEW PENDING
assets/icons/cloud.svg,e48bd74b5fa9b832d3a02a3c8715f9fb095cdb5de97434ce6b7b4a6acd68971c,0 0 24 24,XML VALID — VISUAL REVIEW PENDING
assets/icons/cloudy.svg,bb507b6933928c974de7eb5dd1e7ef5c5e98005fd269966b48ed8772994f2574,0 0 24 24,XML VALID — VISUAL REVIEW PENDING
assets/icons/clover.svg,8105196956d945d01576ae276e44d74806cd9aeb28cc6c157ead739a6b49790d,0 0 24 24,XML VALID — VISUAL REVIEW PENDING
assets/icons/club.svg,659ec97d9ad0bd2a0f73e1730b8f041a8adb4157de0f1c8b7be25c652d41194c,0 0 24 24,XML VALID — VISUAL REVIEW PENDING
assets/icons/code-2.svg,b528b76913b267fcadb7ac3a00d282c4ecd1f2e0d2aea56d5b3916058e7f9504,0 0 24 24,XML VALID — VISUAL REVIEW PENDING
assets/icons/code-square.svg,f61b1e2445f1f6d56106b7140f693a8600d0003531daed21619abb287ef7e763,0 0 24 24,XML VALID — VISUAL REVIEW PENDING
assets/icons/code-xml.svg,30c21ef1c39ef10d1085baceebdb587f5f758ecb2360d52df58f4b66e405d4db,0 0 24 24,XML VALID — VISUAL REVIEW PENDING
assets/icons/code.svg,c98548e2a74158cacf697ac8dab7937379adcd9a8fd1a786de1e06505803cd37,0 0 24 24,XML VALID — VISUAL REVIEW PENDING
assets/icons/codepen.svg,bcb41d7a712c6f6893d79f7779e30770889acddae3f835233db21b16ba01c418,0 0 24 24,XML VALID — VISUAL REVIEW PENDING
assets/icons/codesandbox.svg,e6b9b31efbc69816214f9c6b747d552203f7233ae534861db99bdf4c015aca12,0 0 24 24,XML VALID — VISUAL REVIEW PENDING
assets/icons/coffee.svg,24149aa258293e20d7a61717aee97e3156ac1b8d1ac284a159f8481ac215ba63,0 0 24 24,XML VALID — VISUAL REVIEW PENDING
assets/icons/cog.svg,a49c4386c2506e2f299a288f64eff73483bf2ab353bc39db43ba1c96ab9e8937,0 0 24 24,XML VALID — VISUAL REVIEW PENDING
assets/icons/coins.svg,0accb89806e94c61c5a03f484d651ea80ed1c7bdb1dbcc913129540ee61d8361,0 0 24 24,XML VALID — VISUAL REVIEW PENDING
assets/icons/columns-2.svg,19faf027db72074e8d4e71418b996ff9f3376ffada1025b5b0396e3a22e1513c,0 0 24 24,XML VALID — VISUAL REVIEW PENDING
assets/icons/columns-3-cog.svg,c160a0fc45c23ea33fb3721149e36d9fddddb044e6b74c025f370b075441fe21,0 0 24 24,XML VALID — VISUAL REVIEW PENDING
assets/icons/columns-3.svg,30c3b90ae233399611dafb14ee405733f1d95225be3894c42adb3a27a14f175b,0 0 24 24,XML VALID — VISUAL REVIEW PENDING
assets/icons/columns-4.svg,7e8db98c3c5eadd944c6972642bbd96903dadfeaeca2d90a3f19ba374320dcd0,0 0 24 24,XML VALID — VISUAL REVIEW PENDING
assets/icons/columns-settings.svg,4ff6fd9be91dcac455e50fed36e3e8e555c0b253f1432fd84f70656d396e13a0,0 0 24 24,XML VALID — VISUAL REVIEW PENDING
assets/icons/columns.svg,7022c675be43b78c30baeddaebfe41263992df3619dfde2f47be9bbc7ac6eeb3,0 0 24 24,XML VALID — VISUAL REVIEW PENDING
assets/icons/combine.svg,ee1eae455eaae832989b824eb305856346e72be37f6194a92080a64d4241863f,0 0 24 24,XML VALID — VISUAL REVIEW PENDING
assets/icons/command.svg,d230e998a7e0d9cdce24808babb3f2e6c6bd0a1088c16d90645205ef1eec076b,0 0 24 24,XML VALID — VISUAL REVIEW PENDING
assets/icons/compass.svg,a593d75b020b1d15483167b622071d3b5be64488a5925bebd06de325cad4d0b3,0 0 24 24,XML VALID — VISUAL REVIEW PENDING
assets/icons/component.svg,f627b087fd64a24cd87807c3ca9394a847869edb1cde25313b88425758ebb507,0 0 24 24,XML VALID — VISUAL REVIEW PENDING
assets/icons/computer.svg,1843e8e4d7149fac10dfae0433253184845eb461f3273e46989ca19e8cb96a07,0 0 24 24,XML VALID — VISUAL REVIEW PENDING
assets/icons/concierge-bell.svg,202e7ce39fff920368ee9b403ccbb7739f90fb91e260788396e136ace808fb05,0 0 24 24,XML VALID — VISUAL REVIEW PENDING
assets/icons/cone.svg,b1598726f31b1c9d6a69e5489b74eeaff9a177f5b20923c2cd5a28bbe94fd329,0 0 24 24,XML VALID — VISUAL REVIEW PENDING
assets/icons/construction.svg,725eb8b539fc91698775cc352d508763cef4ce551d3a8409041911407f948fb6,0 0 24 24,XML VALID — VISUAL REVIEW PENDING
assets/icons/contact-2.svg,c3f47d8103e0d6a98e83561434b334a679b9036f77594042b40b7a376ce9b463,0 0 24 24,XML VALID — VISUAL REVIEW PENDING
assets/icons/contact-round.svg,6bd5ba7fcfea5f42497e261398ea1eff5bfd253f7171cecea1d581b090ecb9c0,0 0 24 24,XML VALID — VISUAL REVIEW PENDING
assets/icons/contact.svg,c9785fa2cc62ea87c12934b4256382f3869916fcfe299e39767ea92e2af3c85f,0 0 24 24,XML VALID — VISUAL REVIEW PENDING
assets/icons/container.svg,a72b5adca94dacf47ac3c888746089a5e79e0fdc98d53f4c8d046c9dee1dd6b3,0 0 24 24,XML VALID — VISUAL REVIEW PENDING
assets/icons/contrast.svg,cc2950d6945693a264b4b1b882459f5d7b4342d9d7107927e243a10d27035de9,0 0 24 24,XML VALID — VISUAL REVIEW PENDING
assets/icons/cookie.svg,deb1d9ca7dbc89f341e87625a155816e2b5fc94023831758771c64bf0c39a44a,0 0 24 24,XML VALID — VISUAL REVIEW PENDING
assets/icons/cooking-pot.svg,4b9f996c895243c1c0c79e412961ee3fd1d57c81b0ca69dfb661cfa32cf7b852,0 0 24 24,XML VALID — VISUAL REVIEW PENDING
assets/icons/copy-check.svg,ed5b0ae9c285a76bafbfeee25b672b83bfcb2d1bb252dc23d1c04a86f7658828,0 0 24 24,XML VALID — VISUAL REVIEW PENDING
assets/icons/copy-minus.svg,f41e9fc63cb972725169dc9aa960bcc3b8b05e83e0c4586d7cf0baaf0ec86b16,0 0 24 24,XML VALID — VISUAL REVIEW PENDING
assets/icons/copy-plus.svg,93d4768819da526a75a6be57fde715be621e8740e8f93ead0a54cc09dfba9c74,0 0 24 24,XML VALID — VISUAL REVIEW PENDING
assets/icons/copy-slash.svg,2b5d95faadc1220625a82673394a47e5bca617243f0df71de2752431f581aaa1,0 0 24 24,XML VALID — VISUAL REVIEW PENDING
assets/icons/copy-x.svg,33807e0be9084b99cd66ab0573fb214ff536982b44a0272a9ee5a17afab19998,0 0 24 24,XML VALID — VISUAL REVIEW PENDING
assets/icons/copy.svg,23b5405292c64fd6ccb1ed401519bfbc033329f19eb94fa4e7d777e9b6b86d7a,0 0 24 24,XML VALID — VISUAL REVIEW PENDING
assets/icons/copyleft.svg,0ffbeda69da2a24ee88baf94e0f3c0adceb62192afe96ff9540fde47db593571,0 0 24 24,XML VALID — VISUAL REVIEW PENDING
assets/icons/copyright.svg,b7c482d36c9083bec7816eb124303722bad8da2de4d0a454efd6481f9bc341c6,0 0 24 24,XML VALID — VISUAL REVIEW PENDING
assets/icons/corner-down-left.svg,49ad79cc76a74a1ae6ebbf1b08a26aa174714e36c4b61d1acd06e0b6c5ba824f,0 0 24 24,XML VALID — VISUAL REVIEW PENDING
assets/icons/corner-down-right.svg,efcc5e54a025ed93896a0ca29fdfa000fd476e5fe428bfb6068cb94ea5908f0d,0 0 24 24,XML VALID — VISUAL REVIEW PENDING
assets/icons/corner-left-down.svg,f21afe14197eeef0143453b799db6e934df5d9e85ba64d34641960159745774a,0 0 24 24,XML VALID — VISUAL REVIEW PENDING
assets/icons/corner-left-up.svg,8fb67311b282dd42bec2314784ef74c6c1356c493ca55a7fb23fff71c5f1e5e1,0 0 24 24,XML VALID — VISUAL REVIEW PENDING
assets/icons/corner-right-down.svg,0059a5bcb8ef394d90f453252708fc5de5d22688ddca4501b7a560b98ad5f951,0 0 24 24,XML VALID — VISUAL REVIEW PENDING
assets/icons/corner-right-up.svg,5ad1f988857e2d9581e4049a5729ff441bae07e7a86a43eed256777c5aa4e963,0 0 24 24,XML VALID — VISUAL REVIEW PENDING
assets/icons/corner-up-left.svg,ca7c18b46ad657ecbad6b6fa3358172275b206d56c351dff4dd510ed625f6619,0 0 24 24,XML VALID — VISUAL REVIEW PENDING
assets/icons/corner-up-right.svg,04fa8547b0c5ad18087dbabc2abc7df336a65736c7a0f130141375497dba1159,0 0 24 24,XML VALID — VISUAL REVIEW PENDING
assets/icons/cpu.svg,7e4756b11012218caa4fea3350349f5caeefbaa15f27106e728e1ee10afadef2,0 0 24 24,XML VALID — VISUAL REVIEW PENDING
assets/icons/creative-commons.svg,bb87ee2d422cba4ce0fb94a78bc652f5832890c038be072bf06fd179d61be027,0 0 24 24,XML VALID — VISUAL REVIEW PENDING
assets/icons/credit-card.svg,70ad20ca4dace828437ee6676ef93cf93d206c02578d525faf02f06c1bb0724f,0 0 24 24,XML VALID — VISUAL REVIEW PENDING
assets/icons/croissant.svg,f55b19284e12a11a666daa028f6e2b54144ff1670781096754c8c5ddf09f780b,0 0 24 24,XML VALID — VISUAL REVIEW PENDING
assets/icons/crop.svg,2c784e6ae8bb12f07ffa9474257ad42794e8bc0e6e686750ec1fa849e7406bf8,0 0 24 24,XML VALID — VISUAL REVIEW PENDING
assets/icons/cross.svg,518976ba17e99fbf997b78f80f9366cf87706a0827d6b2e56695131191dbbf1a,0 0 24 24,XML VALID — VISUAL REVIEW PENDING
assets/icons/crosshair.svg,6ce2b648af2d78523d6152512fd8a977d2717ab37585243ab7b96f3b08aa8377,0 0 24 24,XML VALID — VISUAL REVIEW PENDING
assets/icons/crown.svg,5892d2a81903938f2d55c3a42da21c961cbd46d0d5d938235f9b3b273a38812c,0 0 24 24,XML VALID — VISUAL REVIEW PENDING
assets/icons/cuboid.svg,ae514615da5cdf62225d7fa479f10b12eecabc4e62f1a3275a27c7daf32e2641,0 0 24 24,XML VALID — VISUAL REVIEW PENDING
assets/icons/cup-soda.svg,091dd4940600a6285d98ee45034378d58af89b4da1fec472dcc2dfbfa69a5a16,0 0 24 24,XML VALID — VISUAL REVIEW PENDING
assets/icons/curly-braces.svg,4dfb39cef7d4b92b8e276e2700ea8031066244961b35f03eb680d02d609d51c6,0 0 24 24,XML VALID — VISUAL REVIEW PENDING
assets/icons/currency.svg,eae0b0ebc13f368f48d2f93b1d927848f9fee31ffa08b780b9a8719646c4c62a,0 0 24 24,XML VALID — VISUAL REVIEW PENDING
assets/icons/cylinder.svg,120b04bf78b19c46055e6ea181e605d1ae9b4afb778c0057fad121d6b74f1904,0 0 24 24,XML VALID — VISUAL REVIEW PENDING
assets/icons/dam.svg,fe3e8d88ebef72ffdc103e505481e74027805d57df7942d55a60468ac7cfbef1,0 0 24 24,XML VALID — VISUAL REVIEW PENDING
assets/icons/database-backup.svg,bda524374c989b4a00ae12a3a69cc614d6187ed82bb3b7f6780685fe3dd23623,0 0 24 24,XML VALID — VISUAL REVIEW PENDING
assets/icons/database-zap.svg,8bc619960d3d68aca70fd3d4b7077eb337d6887b75928cba413d8a9df2ae89e2,0 0 24 24,XML VALID — VISUAL REVIEW PENDING
assets/icons/database.svg,1d426cdeb42f67768cb7d6632abdbf5a1bbdcadcf8744fb59dd6d035147fbde4,0 0 24 24,XML VALID — VISUAL REVIEW PENDING
assets/icons/decimals-arrow-left.svg,81fd121e4a9a8c0df633e8309e6f2198462588bbaac77e5a021edf5d3039d8e3,0 0 24 24,XML VALID — VISUAL REVIEW PENDING
assets/icons/decimals-arrow-right.svg,0b0b424e9a985bfa6f035947bb3d32f11898d04fd048bfb9a90b6ab703b64ccf,0 0 24 24,XML VALID — VISUAL REVIEW PENDING
assets/icons/delete.svg,aae1b563cb8622fb3517dcaedebc231461c55055d210894662fe038546fff604,0 0 24 24,XML VALID — VISUAL REVIEW PENDING
assets/icons/dessert.svg,f69734d11354571a21d1306d3f4e65ac574e7374bd469501736f4ce7d2a38ed3,0 0 24 24,XML VALID — VISUAL REVIEW PENDING
assets/icons/diameter.svg,651defc426fee0c5c3e8084a632055e8bc79710cc364db2fc956812be2433662,0 0 24 24,XML VALID — VISUAL REVIEW PENDING
assets/icons/diamond-minus.svg,d19b562379547e93e265649f3b84e85e32687d363ef1491daec91931d36c9d57,0 0 24 24,XML VALID — VISUAL REVIEW PENDING
assets/icons/diamond-percent.svg,61916403df5d626dfcac9818d61ec483757e7cffdd4de15fd318b806ce62d6e3,0 0 24 24,XML VALID — VISUAL REVIEW PENDING
assets/icons/diamond-plus.svg,f3ac124ba2a7c46fa92145b9cf66d4deb77225126683147ecf858adf7222218c,0 0 24 24,XML VALID — VISUAL REVIEW PENDING
assets/icons/diamond.svg,25085efe7b9847d648e99431aee989eadab28ece032f656d33a64cf0a4857c53,0 0 24 24,XML VALID — VISUAL REVIEW PENDING
assets/icons/dice-1.svg,94fec419ddbb351b29456d4adfea44e54a24b4703f55c9ff7ea619514eace7e5,0 0 24 24,XML VALID — VISUAL REVIEW PENDING
assets/icons/dice-2.svg,5ebd717d5e2271fc31f7b74d11db08106dce0aa9f387301025bd85ef6e3578b5,0 0 24 24,XML VALID — VISUAL REVIEW PENDING
assets/icons/dice-3.svg,58cdd58a6c26499faece1af12f6a4cc80cc3812c045086942b9c677fc5e0485c,0 0 24 24,XML VALID — VISUAL REVIEW PENDING
assets/icons/dice-4.svg,4578aa1ca40bc625a1f4bace84f85e1d4617a17bce4692426d71d2c39ac25774,0 0 24 24,XML VALID — VISUAL REVIEW PENDING
assets/icons/dice-5.svg,757ed52dda493ee10a86ac40e37fef6108fba0e41447294d50661188f0048fcc,0 0 24 24,XML VALID — VISUAL REVIEW PENDING
assets/icons/dice-6.svg,be1947ca8e43adbb7776a8063e091fdb14bd1e0298aab34be3c6bdeef4758156,0 0 24 24,XML VALID — VISUAL REVIEW PENDING
assets/icons/dices.svg,642523d22cc77c0295f14bc9c972a3eba6cfb102835cdf9ebe08cbce180918b8,0 0 24 24,XML VALID — VISUAL REVIEW PENDING
assets/icons/diff.svg,be5e1958ccc217dc2a4bfc5be842e77535e600140f7d4525fad9a955b20b118a,0 0 24 24,XML VALID — VISUAL REVIEW PENDING
assets/icons/disc-2.svg,a393e8d7dd4c9e76648088890de4c83398eac2e282e7b31d2997f1d57c5a187d,0 0 24 24,XML VALID — VISUAL REVIEW PENDING
assets/icons/disc-3.svg,4bd58a7a772f3be8b107accdce2f6f6ba827dbe6e256235836b9332f1bd34642,0 0 24 24,XML VALID — VISUAL REVIEW PENDING
assets/icons/disc-album.svg,0800cd873e465f07f20f1770c4f38fb873a4493785e1b15b9f611d2d97107c0b,0 0 24 24,XML VALID — VISUAL REVIEW PENDING
assets/icons/disc.svg,0c179d144d92d2e8d9fb78f2f8fdb5063be047053cbf9637c007e775927ea6d3,0 0 24 24,XML VALID — VISUAL REVIEW PENDING
assets/icons/divide-circle.svg,23ada1bbcfcf994b549c09b231ecd34f58efe535e13510ee8a2c139e5a4c63bd,0 0 24 24,XML VALID — VISUAL REVIEW PENDING
assets/icons/divide-square.svg,089cdeb4e8463ac4ee2855341dc565f7093d5b27c50d4ce7c1f063ef74251387,0 0 24 24,XML VALID — VISUAL REVIEW PENDING
assets/icons/divide.svg,21c884c59a4416445f1573de5bfbc69b54a685ac1e6c4cc7df49245283a51864,0 0 24 24,XML VALID — VISUAL REVIEW PENDING
assets/icons/dna-off.svg,918d0656947fd8fdea4e917aae97739e31984966e2429f049fb09aa86162fd09,0 0 24 24,XML VALID — VISUAL REVIEW PENDING
assets/icons/dna.svg,5287b5bf254db19169237b9b2cce564ca51923d5a1963620d169e5f7aa0fa424,0 0 24 24,XML VALID — VISUAL REVIEW PENDING
assets/icons/dock.svg,767660fcc3d59a494cbe3946379ec7a762d676405d5e0cc7a6fadde25ee2e99c,0 0 24 24,XML VALID — VISUAL REVIEW PENDING
assets/icons/dog.svg,3f35d74291dacee0fc18c67cf855fc632e9a830b4ab882797c80ff418a3512a4,0 0 24 24,XML VALID — VISUAL REVIEW PENDING
assets/icons/dollar-sign.svg,59d82c72e17d6fbba6f24ce424cc5cf96dc786fb063f107f86b973c0a3cd7593,0 0 24 24,XML VALID — VISUAL REVIEW PENDING
assets/icons/donut.svg,7397786e60c43111f930165593cdccaf6968298553cc11478a38646c312bf76e,0 0 24 24,XML VALID — VISUAL REVIEW PENDING
assets/icons/door-closed-locked.svg,7139e49960a42a1d9a5affad3d83d70c6b26d8a1596e2fb662c1e14c7fcd6ce4,0 0 24 24,XML VALID — VISUAL REVIEW PENDING
assets/icons/door-closed.svg,6e482e0ca318095e9b41e317553c063aae7be9c8ecc476cac085fe53271aee82,0 0 24 24,XML VALID — VISUAL REVIEW PENDING
assets/icons/door-open.svg,8164df11899bddd1a4d7a85e0efdd651d09e9b265ae3308213d9749903348be1,0 0 24 24,XML VALID — VISUAL REVIEW PENDING
assets/icons/dot-square.svg,076f0298c124ae900e5c023c19d7e0bf8604cbbb4aa6cabf74837950355d39b0,0 0 24 24,XML VALID — VISUAL REVIEW PENDING
assets/icons/dot.svg,3a0df64c3caa240f340ddb840828e9731f74a6ac76d540035d201266a6c01a8e,0 0 24 24,XML VALID — VISUAL REVIEW PENDING
assets/icons/download-cloud.svg,d6e84e05b201d8092b05368883f6e6458b608944e1b88813491e7e6c93a61244,0 0 24 24,XML VALID — VISUAL REVIEW PENDING
assets/icons/download.svg,9ba9fe1b905a5e372a6343fea33bbb9dce7dbafa39e3cf4c10e9041498291710,0 0 24 24,XML VALID — VISUAL REVIEW PENDING
assets/icons/drafting-compass.svg,eceb54eec69ef471b3351d34829b24b2a37a99fba7a98fa8f1aeb8ef1315e1e8,0 0 24 24,XML VALID — VISUAL REVIEW PENDING
assets/icons/drama.svg,8bf89b8de805f3259430dc25251e7e1ac4bc099fad3973b823abad379e982f0d,0 0 24 24,XML VALID — VISUAL REVIEW PENDING
assets/icons/dribbble.svg,33ddbb759d6c130b4ca4b56d13071a177685bd3b215617e860257d0c58e8a2cf,0 0 24 24,XML VALID — VISUAL REVIEW PENDING
assets/icons/drill.svg,aa632d6d3dabc4ad4b8867e2e03c6fd53ead7b9582b2c798b41ddedda908d465,0 0 24 24,XML VALID — VISUAL REVIEW PENDING
assets/icons/drone.svg,252c96df4d23c7d39cdcc999a3268ad244bbe82d4ddedbaa49ce421f7b389731,0 0 24 24,XML VALID — VISUAL REVIEW PENDING
assets/icons/droplet-off.svg,bb41f325421cf79d7d12229723b77561ffc794080547c3e0759aa31ff11d1f19,0 0 24 24,XML VALID — VISUAL REVIEW PENDING
assets/icons/droplet.svg,fe9e591ed25e929795508b43b9ba1726cb701c7a64fadd245630dce990704019,0 0 24 24,XML VALID — VISUAL REVIEW PENDING
assets/icons/droplets.svg,7d85ce5f1252edb1bd9832eee54239d7306f039821d05c01f50d6a7a25a90512,0 0 24 24,XML VALID — VISUAL REVIEW PENDING
assets/icons/drum.svg,c6544f269b82021ebba29a0f4674954881b75c8978c667ab15c3ebd33acd2da8,0 0 24 24,XML VALID — VISUAL REVIEW PENDING
assets/icons/drumstick.svg,21814b31d2bc022231c419952dd0188e62c82b598c73cda451d81bfd3a843f6e,0 0 24 24,XML VALID — VISUAL REVIEW PENDING
assets/icons/dumbbell.svg,171042cca033cb4642120a8d44502b4f2dc7f52f3a673f3249946bd7fed29133,0 0 24 24,XML VALID — VISUAL REVIEW PENDING
assets/icons/ear-off.svg,2ca380714782e08be7ece7a25dd479ddba766bebaab42c0f8781a4654d038336,0 0 24 24,XML VALID — VISUAL REVIEW PENDING
assets/icons/ear.svg,2c648e9200525f2fc1176e95e01eab1d30023ea5824752268210bd4761715fca,0 0 24 24,XML VALID — VISUAL REVIEW PENDING
assets/icons/earth-lock.svg,af645e2ecbb6fb6a24642b01c6f798b7485927f075720cfdbad080ab76a2592c,0 0 24 24,XML VALID — VISUAL REVIEW PENDING
assets/icons/earth.svg,d57d8c5ba4765b7b77cd442cc77aefe56bcc901f9106c1a7fdd1c1a068f2e811,0 0 24 24,XML VALID — VISUAL REVIEW PENDING
assets/icons/eclipse.svg,e3896dbe1651106f7e01fe288195cbf3eb4d0e7ef1d9f3f5502d2809e09e0402,0 0 24 24,XML VALID — VISUAL REVIEW PENDING
assets/icons/edit-2.svg,5aa04a0e2c47f9dd733d7b261961672e2c83c4353998d92fc72eafc4da8b9fa3,0 0 24 24,XML VALID — VISUAL REVIEW PENDING
assets/icons/edit-3.svg,890ff0f10858fac17c371ca7c8c639bb42eae2ef684a3f81a77c60a7e13704bf,0 0 24 24,XML VALID — VISUAL REVIEW PENDING
assets/icons/edit.svg,038ddd8ee30e9bdd7092087eb7c86a75f3b59990dfc2935eda67d292f9d25c7b,0 0 24 24,XML VALID — VISUAL REVIEW PENDING
assets/icons/egg-fried.svg,0e6796c07a5ef3a02751b4fb38ee3c3d7ee5b8e66b4b65fa560710fe566e37a9,0 0 24 24,XML VALID — VISUAL REVIEW PENDING
assets/icons/egg-off.svg,d74e08e6181fa52667100a1e9c959dfb0693ea5310510f692e9bb6b2cc29c710,0 0 24 24,XML VALID — VISUAL REVIEW PENDING
assets/icons/egg.svg,fb2c4c037796701f4007ffb5faa51d277eb05b01ce3479fbf747a923bdc5fe6b,0 0 24 24,XML VALID — VISUAL REVIEW PENDING
assets/icons/ellipsis-vertical.svg,41ec1ca829ca0d23280c0d6262c33df7b666331c4d39e3592efe70da015b1291,0 0 24 24,XML VALID — VISUAL REVIEW PENDING
assets/icons/ellipsis.svg,6c6b6da9af9573b75cd09249059228271ad2601f6b15c5d40f3fb33bfdbcf969,0 0 24 24,XML VALID — VISUAL REVIEW PENDING
assets/icons/equal-approximately.svg,0e9d09e597556a180fcd0ee99d0e74c90f081a4611ac2cf46fdfc2bf8e991c52,0 0 24 24,XML VALID — VISUAL REVIEW PENDING
assets/icons/equal-not.svg,b49f2f0ab1315d64e1fd375cceaef4f40c8421c77f1927893c8119c4e7151201,0 0 24 24,XML VALID — VISUAL REVIEW PENDING
assets/icons/equal-square.svg,7b0df2a796b40c5ea707915992e9dce26c90dc3450a85e29db28fe32d291b0fb,0 0 24 24,XML VALID — VISUAL REVIEW PENDING
assets/icons/equal.svg,55b84c855bd912b3f3b250538948a717a65fc38cd210282443161343a63b26ce,0 0 24 24,XML VALID — VISUAL REVIEW PENDING
assets/icons/eraser.svg,216b0dabb96ea191f744e09395bfea0cbd4e8bb5c4e4273acff031d0f17e7ec9,0 0 24 24,XML VALID — VISUAL REVIEW PENDING
assets/icons/ethernet-port.svg,a72559b3d0e0ee22e73b49bee5727f8539389ba028fcc2d2024368a4599d207a,0 0 24 24,XML VALID — VISUAL REVIEW PENDING
assets/icons/euro.svg,5dca3e424022b66ed92567d672b55ed06c753c6aa08b18ed96fb4a2d69d173fc,0 0 24 24,XML VALID — VISUAL REVIEW PENDING
assets/icons/ev-charger.svg,9d25aed575496938818d36518ab31e69dbbb7318e77cbd35207a9dbf58b99fd7,0 0 24 24,XML VALID — VISUAL REVIEW PENDING
assets/icons/expand.svg,813f84a2c45a9d7667134a76c653549fd08936d0b85d2b3fe485673f9d19039a,0 0 24 24,XML VALID — VISUAL REVIEW PENDING
assets/icons/external-link.svg,6d875f333265607aad43e21b79879bb382c54a22a362c86c7efe550862885698,0 0 24 24,XML VALID — VISUAL REVIEW PENDING
assets/icons/eye-closed.svg,3447cb32931128c85ab24c4d08acb5f5a913dc88a5e94ca37814bd550f55eabc,0 0 24 24,XML VALID — VISUAL REVIEW PENDING
assets/icons/eye-off.svg,f970d44bd37f2cb8e593ff1fec1bae12a08f236fc76c7f1625169ca6bf0737c8,0 0 24 24,XML VALID — VISUAL REVIEW PENDING
assets/icons/eye.svg,3e53b20500c7f02fa95006109743f8ca2b144d9688c5cfef15a2ae64e927ce28,0 0 24 24,XML VALID — VISUAL REVIEW PENDING
assets/icons/facebook.svg,ec460b0e5f28fa75a499e04badc1b1f71e78a8b77388af3ec2a2009421881c7a,0 0 24 24,XML VALID — VISUAL REVIEW PENDING
assets/icons/factory.svg,9d2f7410c8715d8fbbb7f6fbf06ff2321a2363a39cbb65d7162283b6a69c3976,0 0 24 24,XML VALID — VISUAL REVIEW PENDING
assets/icons/fan.svg,c1ac63e9eaca4ca051b30c249414a32fcbcd69046226df5d95068e46a86150b7,0 0 24 24,XML VALID — VISUAL REVIEW PENDING
assets/icons/fast-forward.svg,7260b09e8199df4f291812512de5bcddd6983cb845cc3ce88b35e7ab59400673,0 0 24 24,XML VALID — VISUAL REVIEW PENDING
assets/icons/feather.svg,cd2a46ea524abd5c79da484e12642ca2ba3ab52981db6f6216b76b118a744e6e,0 0 24 24,XML VALID — VISUAL REVIEW PENDING
assets/icons/fence.svg,e58dac7d87b49c440a1b10d55a54c3890b215ad707caf6b60d31be733c807256,0 0 24 24,XML VALID — VISUAL REVIEW PENDING
assets/icons/ferris-wheel.svg,73b69e8d926bfcde2ad0975766cb7e3c54207f4acdb6dd2c75c6902236de3cfa,0 0 24 24,XML VALID — VISUAL REVIEW PENDING
assets/icons/figma.svg,85ea6889145d0901126154ea2ad6d466cb7e270a833035406997008ea79257fd,0 0 24 24,XML VALID — VISUAL REVIEW PENDING
assets/icons/file-archive.svg,676f7c22bf2c17ea8eb863e2de16213a9900be89e3c541b6ff280fa8c56f49f3,0 0 24 24,XML VALID — VISUAL REVIEW PENDING
assets/icons/file-audio-2.svg,8cdb9881978dcded8bd666d33b9085d5a3822f68abf3cab4e83a8b4ad3e69003,0 0 24 24,XML VALID — VISUAL REVIEW PENDING
assets/icons/file-audio.svg,ce3fd8eeccee0b192c2c06bd7745677708a9f614f557d6b83c1762676d26c60c,0 0 24 24,XML VALID — VISUAL REVIEW PENDING
assets/icons/file-axis-3-d.svg,14d30dfe7f9bd1c95b34ba5946f68579418222c6044aa7a4a17e388a696b1106,0 0 24 24,XML VALID — VISUAL REVIEW PENDING
assets/icons/file-axis-3d.svg,4166554849fabec0a65859aab3687da70874d35cc7c70e4c3e84cb31c2f208a6,0 0 24 24,XML VALID — VISUAL REVIEW PENDING
assets/icons/file-badge-2.svg,cc0dbfd2b5fba0ecbff00cabdd20ba4211d1c1dc9898b043848db83f4b1ded5c,0 0 24 24,XML VALID — VISUAL REVIEW PENDING
assets/icons/file-badge.svg,6796a3604a0a503ccb929efd026d4da740fd9f7f382f7a00c14b03bef5826ba8,0 0 24 24,XML VALID — VISUAL REVIEW PENDING
assets/icons/file-bar-chart-2.svg,32f8468d52f9c918a65e9060e611c18f036bca17573fbf35e3b31d32c7e6db2a,0 0 24 24,XML VALID — VISUAL REVIEW PENDING
assets/icons/file-bar-chart.svg,0653825e4f839e341af350104ebb07c7d233e43df8c883d4a2de82701a9f4068,0 0 24 24,XML VALID — VISUAL REVIEW PENDING
assets/icons/file-box.svg,25b77813d60ac388a1105d820543f2b75d874b169ce975e19a815be663f52a5f,0 0 24 24,XML VALID — VISUAL REVIEW PENDING
assets/icons/file-chart-column-increasing.svg,621bb33918b2abb76b77956a7ba33aed7d61f96d27cea9adea6255dadd504c16,0 0 24 24,XML VALID — VISUAL REVIEW PENDING
assets/icons/file-chart-column.svg,4c5ace1b9b0639aa5502ea9b1d3cb528412f8b034e3f1fb3b13603fb1f91f64c,0 0 24 24,XML VALID — VISUAL REVIEW PENDING
assets/icons/file-chart-line.svg,1e0950c6c545a1cc6eda47fa5c787b0f3b5ac1b02fbab3f41809d3652c7dc8b3,0 0 24 24,XML VALID — VISUAL REVIEW PENDING
assets/icons/file-chart-pie.svg,529ac583900493649c00a226af04fba77859b2fcd2cc0b94b9b4459b9eb5a702,0 0 24 24,XML VALID — VISUAL REVIEW PENDING
assets/icons/file-check-2.svg,26a97fd33a36313d96de40a1fead5166076855621bce36c7cae43d937b2438b5,0 0 24 24,XML VALID — VISUAL REVIEW PENDING
assets/icons/file-check.svg,ff05ff24cfabadc668d400f40fd2a57794494efb531d25a6b61b3f6088fe174b,0 0 24 24,XML VALID — VISUAL REVIEW PENDING
assets/icons/file-clock.svg,5813ecab70592026fb9b5816f89fdfa3040a4e9352404bb4f2c70ebfba5a2a6d,0 0 24 24,XML VALID — VISUAL REVIEW PENDING
assets/icons/file-code-2.svg,6a00d6b8af4080dcda966760722645baa1a28f143b8a24f6fb408b89801a7568,0 0 24 24,XML VALID — VISUAL REVIEW PENDING
assets/icons/file-code.svg,d833bc99e710b3cd573fcd8a00b9235f8ca52fb196746d701d4dcee809227388,0 0 24 24,XML VALID — VISUAL REVIEW PENDING
assets/icons/file-cog-2.svg,eac02936d37c4be7a96f3cf7f919caa74f822da259c9615c5915b904ad26ef25,0 0 24 24,XML VALID — VISUAL REVIEW PENDING
assets/icons/file-cog.svg,11663c7595ccc17c31fd606cca8aa81ec3aadd08361253203aeca8090d502855,0 0 24 24,XML VALID — VISUAL REVIEW PENDING
assets/icons/file-diff.svg,b445398e63df89fe15854c30de3a5b74a8bd97f3115efe08d8015cf30eb1329e,0 0 24 24,XML VALID — VISUAL REVIEW PENDING
assets/icons/file-digit.svg,8ab189a099c0aec6cef06bd6e4047934571c99196764dfe9815b18862060af73,0 0 24 24,XML VALID — VISUAL REVIEW PENDING
assets/icons/file-down.svg,ff494e3851e5fa81d6c4a39f9875643076dc63047f4e5a3190d68f81ba842802,0 0 24 24,XML VALID — VISUAL REVIEW PENDING
assets/icons/file-edit.svg,ff7d6f289c441214a221e5af1448808a50a47f7414f944ae1d33a71a4063fd75,0 0 24 24,XML VALID — VISUAL REVIEW PENDING
assets/icons/file-heart.svg,1941673b7fbc73572a60e266e9a38583f79a78f164f4a5ceb9beb157d380751f,0 0 24 24,XML VALID — VISUAL REVIEW PENDING
assets/icons/file-image.svg,9d02f30e11e7c712be653355c65581a08f5c96c6d7d5f35d5f55f98147101354,0 0 24 24,XML VALID — VISUAL REVIEW PENDING
assets/icons/file-input.svg,cf68508e8a5cd08e233f1f5de6c8c0e0b7fb865fcf2d70467e09490241fdd019,0 0 24 24,XML VALID — VISUAL REVIEW PENDING
assets/icons/file-json-2.svg,5982776a6e6854c4c38ba9321a9b0975473c23f4d427ead1107575f01581f560,0 0 24 24,XML VALID — VISUAL REVIEW PENDING
assets/icons/file-json.svg,fe37f17e67e8710ada26c3baf31bf41c634f07f06706412338bab7a7bec9ceaf,0 0 24 24,XML VALID — VISUAL REVIEW PENDING
assets/icons/file-key-2.svg,244c046ab9a835e5e0f6ae5b66c0e0cb7298606fa42d1ebc342f3440673f0fcd,0 0 24 24,XML VALID — VISUAL REVIEW PENDING
assets/icons/file-key.svg,42c57eea743ad74d62f58137fa4f957921c6fb915b0976d86d3df0705e527672,0 0 24 24,XML VALID — VISUAL REVIEW PENDING
assets/icons/file-line-chart.svg,d662c57a16fbbb412475e1b6cd2f0d956da9d526405b7950188508e86b9ef46e,0 0 24 24,XML VALID — VISUAL REVIEW PENDING
assets/icons/file-lock-2.svg,448cbacf49acd645c938ba239e6dfe93ac07f846032c579f6c318662f2422afa,0 0 24 24,XML VALID — VISUAL REVIEW PENDING
assets/icons/file-lock.svg,18d59351577671af6b67a816f8a9d3aaf0f2672e08e31e1650de1bbd94fe2f66,0 0 24 24,XML VALID — VISUAL REVIEW PENDING
assets/icons/file-minus-2.svg,4a74b8b1ef580bc919a8db188a05498151ded059674533289a1cad069712ee74,0 0 24 24,XML VALID — VISUAL REVIEW PENDING
assets/icons/file-minus.svg,c0df2ce439a09c9e479b5ab4078b3dcc60c20f36aaa7f29f60943642f056645d,0 0 24 24,XML VALID — VISUAL REVIEW PENDING
assets/icons/file-music.svg,b937f50577216dd431f68d0bf96fb45f995374157da6faf44de8e828cbe3fc20,0 0 24 24,XML VALID — VISUAL REVIEW PENDING
assets/icons/file-output.svg,0cedc64eebc32e9e09ce79a6da70d80300dac56df5fc486fcc8a95150a3430d5,0 0 24 24,XML VALID — VISUAL REVIEW PENDING
assets/icons/file-pen-line.svg,3ad046c92afe28a13bc6331a8f63fde5a2066c78c41978a9db6a36098b97f321,0 0 24 24,XML VALID — VISUAL REVIEW PENDING
assets/icons/file-pen.svg,f76b91efc5550e1bce6b7dd260870860fc5a7f59c8dd197f4f0f9ce15844be22,0 0 24 24,XML VALID — VISUAL REVIEW PENDING
assets/icons/file-pie-chart.svg,a69c9f9d22b1b702d2651f70e0ba903e307c268b2e49624b8816675d38d72dbb,0 0 24 24,XML VALID — VISUAL REVIEW PENDING
assets/icons/file-play.svg,7efa6749eadcdd0a118baaba4fc44d8d95566d77082bccaa001ee484bfac32eb,0 0 24 24,XML VALID — VISUAL REVIEW PENDING
assets/icons/file-plus-2.svg,b0ad8ca9865022a3a41f38061bdece71f13a621387702561f715bed045dd9732,0 0 24 24,XML VALID — VISUAL REVIEW PENDING
assets/icons/file-plus.svg,b8d3fc4dddef150ecb3a0f6f6852c2f56993a48901761716d6c0f4b4e3494f6d,0 0 24 24,XML VALID — VISUAL REVIEW PENDING
assets/icons/file-question-mark.svg,1e551129b993423b8a84b19e70280cd1ffb3709e17d53df03df7f940bca27094,0 0 24 24,XML VALID — VISUAL REVIEW PENDING
assets/icons/file-question.svg,a4aea7b97d7b5208b3327d7893d16df3ae9507dfc6ac9a66a060262d78af96e9,0 0 24 24,XML VALID — VISUAL REVIEW PENDING
assets/icons/file-scan.svg,9d1b8816c6514d5bc55596a17535e15bb2454215a7d1c9ae3a77fe4f40276e7d,0 0 24 24,XML VALID — VISUAL REVIEW PENDING
assets/icons/file-search-2.svg,3256a09f6012081c449e096c78d59a055b5c41902c29d069cafe776cc9d54526,0 0 24 24,XML VALID — VISUAL REVIEW PENDING
assets/icons/file-search.svg,ed006508e9ecfc2e6650441074c8c1f25770f964641dd97aaf623047d9a339f2,0 0 24 24,XML VALID — VISUAL REVIEW PENDING
assets/icons/file-signature.svg,a9afc5907ff2e421192333b8446f71f2adf08e339aa77312737b2f4c8a904f2e,0 0 24 24,XML VALID — VISUAL REVIEW PENDING
assets/icons/file-sliders.svg,dc9d3498656a01b21a530f14920eca4e33abba5c247ff318454690dfd1b40e08,0 0 24 24,XML VALID — VISUAL REVIEW PENDING
assets/icons/file-spreadsheet.svg,a0f979c6e787e6c32fd8698b475880d5b17783d7c9fb3bd7846e535291652519,0 0 24 24,XML VALID — VISUAL REVIEW PENDING
assets/icons/file-stack.svg,027a92a83dc66e0316e7da09f4d246413cb613be3d4620cd373efd9784ee5b5e,0 0 24 24,XML VALID — VISUAL REVIEW PENDING
assets/icons/file-symlink.svg,fb734bbf300d574d7612152b8127044abd112ec8c1eb2386de70da32a91259f4,0 0 24 24,XML VALID — VISUAL REVIEW PENDING
assets/icons/file-terminal.svg,f6e47d12004e1194c14c4c504bbec3c09a47390a381a7bd0993f80c8c837d2b4,0 0 24 24,XML VALID — VISUAL REVIEW PENDING
assets/icons/file-text.svg,51cb99c14bd1fd235963a688efef3ff23b117acc920efd68337eae9fc0501e6d,0 0 24 24,XML VALID — VISUAL REVIEW PENDING
assets/icons/file-type-2.svg,55f274858e193e176a07fcb5f7140f4b4196b423fc25230c07e9364c02077583,0 0 24 24,XML VALID — VISUAL REVIEW PENDING
assets/icons/file-type.svg,f7e1fa0ae58a4d8296ad693f5dcc56b3169676ec950c1c702f80676340a56861,0 0 24 24,XML VALID — VISUAL REVIEW PENDING
assets/icons/file-up.svg,c8e0777175d0453d96b7e12ccd79350399e583c8cd5abc36ddb4a69592276815,0 0 24 24,XML VALID — VISUAL REVIEW PENDING
assets/icons/file-user.svg,6c4d4af803df206928c9b7ff5b1705055dd052861182b177bb80135fe5314f58,0 0 24 24,XML VALID — VISUAL REVIEW PENDING
assets/icons/file-video-2.svg,fea8935ec4a1228fca4aa77f24f24ebe8321ed1e60f077fff4f238cc64458ddf,0 0 24 24,XML VALID — VISUAL REVIEW PENDING
assets/icons/file-video-camera.svg,28b1858b5636fa84c02c39d8268896780e8bb42ea740dd6f038000621a1d7dbb,0 0 24 24,XML VALID — VISUAL REVIEW PENDING
assets/icons/file-video.svg,a1a5fe9cedcbdfc7ba59b01796786565a34d05d5fa1f20a89f8246b308d1af4b,0 0 24 24,XML VALID — VISUAL REVIEW PENDING
assets/icons/file-volume-2.svg,77fc389a6a5c3fc3296580b8e94be006b9fad4f7708242cb23452758f46db94b,0 0 24 24,XML VALID — VISUAL REVIEW PENDING
assets/icons/file-volume.svg,89cc1665787fd3568496ef550604218190ea79e8111a00ad5d55053d984e89ac,0 0 24 24,XML VALID — VISUAL REVIEW PENDING
assets/icons/file-warning.svg,e92b50f345b61ad5f3b788bb4a7c6e12f9adbc8b1046fd0a3c06c267bf03b98a,0 0 24 24,XML VALID — VISUAL REVIEW PENDING
assets/icons/file-x-2.svg,956235c08c60c111ef1582e0e93967bfbe79ab9d5ffe65405031c72bff5ca760,0 0 24 24,XML VALID — VISUAL REVIEW PENDING
assets/icons/file-x.svg,399d6c4a1df846c3df571ca096b323efb031638e4045884cfd8e34e5d7220edd,0 0 24 24,XML VALID — VISUAL REVIEW PENDING
assets/icons/file.svg,79aee66f44cc8937cb2ccdfd49bdc3b7d383fb42f2dbd2c5638be86813b15c73,0 0 24 24,XML VALID — VISUAL REVIEW PENDING
assets/icons/files.svg,df0f5e92d9e4a1631d41447587fbb8471f5ca31a7b937a89f18cfd0d6de57a39,0 0 24 24,XML VALID — VISUAL REVIEW PENDING
assets/icons/film.svg,6c9ab69f136980191a031db5c3b651faf7faf63db7d37f119b5cf098b37d5760,0 0 24 24,XML VALID — VISUAL REVIEW PENDING
assets/icons/filter-x.svg,36e376cee25ad93980fd3a9ea9e73e45ad0cfee51fe3b6bdafaea53250b32039,0 0 24 24,XML VALID — VISUAL REVIEW PENDING
assets/icons/filter.svg,95fe6c6719e56e819f382d0808fca78fb4ecf02756868f2cf044b327db8d5d11,0 0 24 24,XML VALID — VISUAL REVIEW PENDING
assets/icons/fingerprint.svg,f1a199d3a57fe2607a1f04bb67a3b88a29e08c758d52fc577e53bbac2a404b38,0 0 24 24,XML VALID — VISUAL REVIEW PENDING
assets/icons/fire-extinguisher.svg,bec3ee9dc4322f75dc1362adb5b0e6157156f7f0786de43365190bf40112e667,0 0 24 24,XML VALID — VISUAL REVIEW PENDING
assets/icons/fish-off.svg,1f7b48148ee635156fd2ff7d47bef5f6f41164f35726de7b65441dd714aacbae,0 0 24 24,XML VALID — VISUAL REVIEW PENDING
assets/icons/fish-symbol.svg,17ed9d9825acec6ec9f45b46ee1171eedf0721c145f76566178936e917744470,0 0 24 24,XML VALID — VISUAL REVIEW PENDING
assets/icons/fish.svg,f4c99c7e6a801f49a1df6089d0e69f62ab36800df9f7bc4611de9c93ade65afe,0 0 24 24,XML VALID — VISUAL REVIEW PENDING
assets/icons/flag-off.svg,ff0309a9e019b052e842093a62278727011af47aafb712f6f0619c14fd5e8586,0 0 24 24,XML VALID — VISUAL REVIEW PENDING
assets/icons/flag-triangle-left.svg,197b9e0b2fcf3bf80c9bb158f95410f820cab6b1ed7b6dfb356b18e325348029,0 0 24 24,XML VALID — VISUAL REVIEW PENDING
assets/icons/flag-triangle-right.svg,6a3d59572c3d69a66bbffaa6dee56893fb7a7cd5f6a460076b6ed56a0621d0c2,0 0 24 24,XML VALID — VISUAL REVIEW PENDING
assets/icons/flag.svg,3fe85d510111d6bd628f54b3eeaf8cff16f150bbb53e107fe7b091995248ddce,0 0 24 24,XML VALID — VISUAL REVIEW PENDING
assets/icons/flame-kindling.svg,9a96bc37f3225cd095617b5d88d7879f0172ba3849dacde6de5aa78ff765f361,0 0 24 24,XML VALID — VISUAL REVIEW PENDING
assets/icons/flame.svg,6651651663936a3e7f5887d0861c8fea62d20bd979588540e3bc541cfa26c097,0 0 24 24,XML VALID — VISUAL REVIEW PENDING
assets/icons/flashlight-off.svg,9d16587d2ca9e11463d3d178cdf43d42a8a3ef801a2d69e9c0077521c3dcec00,0 0 24 24,XML VALID — VISUAL REVIEW PENDING
assets/icons/flashlight.svg,6f3550fd4135b92c6345bdf41b2f0dbfec8912000abe7b8020aa1b589103f313,0 0 24 24,XML VALID — VISUAL REVIEW PENDING
assets/icons/flask-conical-off.svg,80b1f436c2f12098d6e5de610eeaf034f96d32d9a5c3bcddbec20d7b94752ce6,0 0 24 24,XML VALID — VISUAL REVIEW PENDING
assets/icons/flask-conical.svg,ca978f61d7e84e984acf82c84b68b5e697264b88db7f346ea343e85c84cad824,0 0 24 24,XML VALID — VISUAL REVIEW PENDING
assets/icons/flask-round.svg,2a5f5153056387525f3055872c3f5ab020e9d3c3d574268de6db4d09400cf550,0 0 24 24,XML VALID — VISUAL REVIEW PENDING
assets/icons/flip-horizontal-2.svg,ec7e42ed3c07947db561af769d2b20431df4544105c7ba5ad16f40a10bdafc1e,0 0 24 24,XML VALID — VISUAL REVIEW PENDING
assets/icons/flip-horizontal.svg,5582d80e837dc6e52c1ed7755a4ceef3710ec9502a7595b660d67a053934441d,0 0 24 24,XML VALID — VISUAL REVIEW PENDING
assets/icons/flip-vertical-2.svg,2af05fabdd9e52f94630b884037b9643f52f8125540fa3a85e787dd357f6dcb1,0 0 24 24,XML VALID — VISUAL REVIEW PENDING
assets/icons/flip-vertical.svg,bf55fa204539b1c1c80e22d370d09267e5417d682e486a157bf373f2c2bb97d3,0 0 24 24,XML VALID — VISUAL REVIEW PENDING
assets/icons/flower-2.svg,b8cffc530c66dbcd89238ae0abdf1f64d8ffac4878cf546fa6d293eb62457be6,0 0 24 24,XML VALID — VISUAL REVIEW PENDING
assets/icons/flower.svg,bee51db46a352f080371c73024096990074b24b7de0303e95115fbd620105d31,0 0 24 24,XML VALID — VISUAL REVIEW PENDING
assets/icons/focus.svg,b9eb8955c68863d41f406a94e4fa7d645f6586eef26b68b5f781b18632ac30b1,0 0 24 24,XML VALID — VISUAL REVIEW PENDING
assets/icons/fold-horizontal.svg,70a53f91072052f9bec3f0022ea6f9a45d423a6e8c83eb0ccbb56ca5566b9d2d,0 0 24 24,XML VALID — VISUAL REVIEW PENDING
assets/icons/fold-vertical.svg,c48e1c08b32740101f8d664a2ba28a1efccb0ea1ce7726bff34aa3fec1a9f89d,0 0 24 24,XML VALID — VISUAL REVIEW PENDING
assets/icons/folder-archive.svg,002ac02cf751fff3d388ce1c85d65fdf86772ee65600d4506a14d483cc3cf30c,0 0 24 24,XML VALID — VISUAL REVIEW PENDING
assets/icons/folder-check.svg,094b6ec149d4d739bdd308e73698c194e285e7ba6c7389be69712ace7e13be69,0 0 24 24,XML VALID — VISUAL REVIEW PENDING
assets/icons/folder-clock.svg,60281d1c6a486894002718c83f27aeb1ca7c9ae71da1b20e31ce4f121f29796b,0 0 24 24,XML VALID — VISUAL REVIEW PENDING
assets/icons/folder-closed.svg,6600706d26474fedb42ab68c64bacfd7e798e8a9ca1815126b62c0fcdab60c7b,0 0 24 24,XML VALID — VISUAL REVIEW PENDING
assets/icons/folder-code.svg,c937fdc6b4cdbf72b47aeb46a02ce90c7dc49855508ab523248dc8619a1141e1,0 0 24 24,XML VALID — VISUAL REVIEW PENDING
assets/icons/folder-cog-2.svg,614886679c9aedf42b86425be06c06a0a5e3e00a0f880589c6415b8a86175caf,0 0 24 24,XML VALID — VISUAL REVIEW PENDING
assets/icons/folder-cog.svg,06f393f6130c06354672cfdaf49454b2a2390573e46d13d1309413b2abe33aa2,0 0 24 24,XML VALID — VISUAL REVIEW PENDING
assets/icons/folder-dot.svg,2c2ca4846438936ccb8c3dcbf78cd68e81071d5333c8388c9a8d4b64c5f515f3,0 0 24 24,XML VALID — VISUAL REVIEW PENDING
assets/icons/folder-down.svg,4ebb1b5a9660ce0ab1ad71a8df8e980cfc0ad2915409720ecc03dfdab8a1ec76,0 0 24 24,XML VALID — VISUAL REVIEW PENDING
assets/icons/folder-edit.svg,08fc42a75ae6fb39c901698bad80a967665080b8e5bcf4d8ea53a55feb4d021c,0 0 24 24,XML VALID — VISUAL REVIEW PENDING
assets/icons/folder-git-2.svg,1ee0ad5712e97317e0674521ca38d67456f84cdaf58544989cd07edc7047edcd,0 0 24 24,XML VALID — VISUAL REVIEW PENDING
assets/icons/folder-git.svg,6e5d52609380e024dccb3bb14860fc4321abdf157e00b872a970035057a63516,0 0 24 24,XML VALID — VISUAL REVIEW PENDING
assets/icons/folder-heart.svg,700c4809411d5928e06274a2ddb5d3f8e58f5bff831f27f0b05e502062697ffe,0 0 24 24,XML VALID — VISUAL REVIEW PENDING
assets/icons/folder-input.svg,587d79e7ecac2a4e9d2305eb013c626740c434a04de862df814bb9bd8a0b33b9,0 0 24 24,XML VALID — VISUAL REVIEW PENDING
assets/icons/folder-kanban.svg,e2487269df3141d6f0fd8653ed6795f9958b392f4369d1cd26aafee81d04aa7d,0 0 24 24,XML VALID — VISUAL REVIEW PENDING
assets/icons/folder-key.svg,146287533eb0108702d049c4f03e769ba62e5762a39128048b6a86af86c5b0ee,0 0 24 24,XML VALID — VISUAL REVIEW PENDING
assets/icons/folder-lock.svg,162da393e1c00cc273e43bd261b6272626731ffb79def4cb9979e6a786877312,0 0 24 24,XML VALID — VISUAL REVIEW PENDING
assets/icons/folder-minus.svg,5c93029b39b63b1c91f263b70d1f8f84c68cd73967f14213f9bf9f84f4e73d03,0 0 24 24,XML VALID — VISUAL REVIEW PENDING
assets/icons/folder-open-dot.svg,9a5ff5356f3a277aeadceb7ee249dfedbee326e1a583778639c06ea8d067ea07,0 0 24 24,XML VALID — VISUAL REVIEW PENDING
assets/icons/folder-open.svg,9707e831c19434a57d1006647b5b56f59e8e62ffa5557e366b12be79db6fa9c0,0 0 24 24,XML VALID — VISUAL REVIEW PENDING
assets/icons/folder-output.svg,7f5a918b1216f2cdad4a3cf72d5a6728bb575793bf3c637d22a76518fb736e02,0 0 24 24,XML VALID — VISUAL REVIEW PENDING
assets/icons/folder-pen.svg,57f4fa29ccc402e0034310661370d1c0036e43017a16dbb394a69d8046a69129,0 0 24 24,XML VALID — VISUAL REVIEW PENDING
assets/icons/folder-plus.svg,62bd7590270be79786e0a412bdcff588ec7f93896a2897019731159f6b7e2f9a,0 0 24 24,XML VALID — VISUAL REVIEW PENDING
assets/icons/folder-root.svg,94716a12b98bcf7b4e7b8836eabef1018c01e7ef914442c35c891943fe4b6052,0 0 24 24,XML VALID — VISUAL REVIEW PENDING
assets/icons/folder-search-2.svg,e47bab3db6e71b133d59cf7782d92ce1459637d337cecfc32b553408633c80b1,0 0 24 24,XML VALID — VISUAL REVIEW PENDING
assets/icons/folder-search.svg,61d57a5b70bb4ca68246f63c1071615afb391cd4e2e0921c2c03913b5cdf2d45,0 0 24 24,XML VALID — VISUAL REVIEW PENDING
assets/icons/folder-symlink.svg,b877635894217431ae933fe820e274c7ca73142a1198d94747e0579265803b15,0 0 24 24,XML VALID — VISUAL REVIEW PENDING
assets/icons/folder-sync.svg,2fe9e2703b7320643af0551812b218459e44b9ad31f4711665634f68dbbb94c8,0 0 24 24,XML VALID — VISUAL REVIEW PENDING
assets/icons/folder-tree.svg,d8b2a31af35099f79a213d952e965750478085d4958d5ea20ea1813e89db0b0f,0 0 24 24,XML VALID — VISUAL REVIEW PENDING
assets/icons/folder-up.svg,f81f996e817584d37b3f06e5440f4b6ae4e2907b1bcd3fa3c4794e0423263a97,0 0 24 24,XML VALID — VISUAL REVIEW PENDING
assets/icons/folder-x.svg,64eef8ac3c14c0840ae8ecb23535ab2e1c9340fc90a530ad4aed8165b345656f,0 0 24 24,XML VALID — VISUAL REVIEW PENDING
assets/icons/folder.svg,635e8834a30b8fa00600d431d589c208eb142418b2d794473bbeab88503d170b,0 0 24 24,XML VALID — VISUAL REVIEW PENDING
assets/icons/folders.svg,5f191a50c87150af762978f47919bf8ec4b263a37a0ef263781cabff3f91f4d9,0 0 24 24,XML VALID — VISUAL REVIEW PENDING
assets/icons/footprints.svg,e05c577b16706cc7272a88243580e9ab9745a008026a0df61287a322089ae053,0 0 24 24,XML VALID — VISUAL REVIEW PENDING
assets/icons/fork-knife-crossed.svg,6a809ee1f5a4fd071e5d7050b33d6d5dc231da67d23ab76849ca7007df806ca0,0 0 24 24,XML VALID — VISUAL REVIEW PENDING
assets/icons/fork-knife.svg,09b05a66e273fe8a3cff22ac86667abb8cdec9bb482225ba383e875b06888cc3,0 0 24 24,XML VALID — VISUAL REVIEW PENDING
assets/icons/forklift.svg,80ca72d3ff24ef20980ad96b02267b9381d3d2f9185b24f3fa38a92bcb7fe8ca,0 0 24 24,XML VALID — VISUAL REVIEW PENDING
assets/icons/form-input.svg,74fced3ce8b5978be587a7341eeadbf5b912a1fcb8d04038d9aeff0caeced55b,0 0 24 24,XML VALID — VISUAL REVIEW PENDING
assets/icons/forward.svg,f6efa41c9fef1286ac8a25b06d05c3f622c9bcc8bcb407bd21742bd926914f1a,0 0 24 24,XML VALID — VISUAL REVIEW PENDING
assets/icons/frame.svg,a32314deb8159ca9b1b63cf1e758ea677c11a091722c3e539704df332573a171,0 0 24 24,XML VALID — VISUAL REVIEW PENDING
assets/icons/framer.svg,caef7686961c5c33f6b58344e24cdc75223c21a5be3e89f576e17bfde875d170,0 0 24 24,XML VALID — VISUAL REVIEW PENDING
assets/icons/frown.svg,f479734424ac013bc7d1fca63cafeb11856035aa5ac36719dd1f2c9c7d9db237,0 0 24 24,XML VALID — VISUAL REVIEW PENDING
assets/icons/fuel.svg,c4c47512ef29af12cf57e4d9fb77728f6ce2f2b622a9827381208db99ecd3ed9,0 0 24 24,XML VALID — VISUAL REVIEW PENDING
assets/icons/fullscreen.svg,e45925c6d3e8cb161725a56a9273a258f6902389efcb7bb14fd4e0b16e427df5,0 0 24 24,XML VALID — VISUAL REVIEW PENDING
assets/icons/function-square.svg,26e40890f0565ffcbda69e6f5a9ebe7b0e55cabd4a08feee7c85385d4c567d2b,0 0 24 24,XML VALID — VISUAL REVIEW PENDING
assets/icons/funnel-plus.svg,878803cb1e5d7510d06496a4dfe6213820ec44fe4d6a2eccc4d55f743946fc02,0 0 24 24,XML VALID — VISUAL REVIEW PENDING
assets/icons/funnel-x.svg,0385dcc1e1af15562e877527ff37b9386949c9740527dd8c30e26540d485834d,0 0 24 24,XML VALID — VISUAL REVIEW PENDING
assets/icons/funnel.svg,a49094f21ef855ba100b46f77d2c454f9d43fe5d86252c16c7e28f6afcd3e239,0 0 24 24,XML VALID — VISUAL REVIEW PENDING
assets/icons/gallery-horizontal-end.svg,93895b9465b1fb5a3e4bb687b69aa1f423b4e8e822f061a1ca5c58628b0b67fb,0 0 24 24,XML VALID — VISUAL REVIEW PENDING
assets/icons/gallery-horizontal.svg,b6195fe5a2ca7c9bd9a0c71cb4962cf23dad97d29a47680e62941391e5ba1a8f,0 0 24 24,XML VALID — VISUAL REVIEW PENDING
assets/icons/gallery-thumbnails.svg,2a5e939deed7cc5275bec06503b36e423beb0a2cba51e5db2cce448c92a18844,0 0 24 24,XML VALID — VISUAL REVIEW PENDING
assets/icons/gallery-vertical-end.svg,58066732b88b19e68f51dbdd57bc6ac8dab1235616c4ce14f89d745420576397,0 0 24 24,XML VALID — VISUAL REVIEW PENDING
assets/icons/gallery-vertical.svg,2ff3cad3615e69baf475812e8a9f01c55706379879685b9353d857443576062a,0 0 24 24,XML VALID — VISUAL REVIEW PENDING
assets/icons/gamepad-2.svg,7827da70a7a629d95cc9319b821b4c65205dc7e2e77c89cf4aaaf28c3d716dc8,0 0 24 24,XML VALID — VISUAL REVIEW PENDING
assets/icons/gamepad.svg,4930f5a131a5cf2f8f8faa0bb4d2fcba80f0cf0870b64c2a1d103451ec8cca80,0 0 24 24,XML VALID — VISUAL REVIEW PENDING
assets/icons/gantt-chart-square.svg,c8fe26921530cfdb9196a693fb517182ce9de162a6a64d6d8c322b2b56bf7ab9,0 0 24 24,XML VALID — VISUAL REVIEW PENDING
assets/icons/gantt-chart.svg,fc68c75b24f025ba4a790a49451200f1b5f1357251e6138a32b3e0651e64b731,0 0 24 24,XML VALID — VISUAL REVIEW PENDING
assets/icons/gauge-circle.svg,c058e8ae0d4c6700ed45578721667825b61ddfc453d61a7e16c220609a8c696d,0 0 24 24,XML VALID — VISUAL REVIEW PENDING
assets/icons/gauge.svg,c5173c4000bd5aeb1873f673929ad9f4ac146a79c183203d486e8f4b27c63e48,0 0 24 24,XML VALID — VISUAL REVIEW PENDING
assets/icons/gavel.svg,ad68839e872fed59b19d3fd63c9ab6fec5f6d0829ab7188715b9f2fc142a777e,0 0 24 24,XML VALID — VISUAL REVIEW PENDING
assets/icons/gem.svg,7938edb0302d7a9ad90d8e295bb648361e6b78d9ee98f995fa83bb9cf572772a,0 0 24 24,XML VALID — VISUAL REVIEW PENDING
assets/icons/georgian-lari.svg,66ef0527a4678abe46a4310582e4ae8eab7d8b901f556c331b1f17593aa10a8a,0 0 24 24,XML VALID — VISUAL REVIEW PENDING
assets/icons/ghost.svg,bbb7f4be55040b4ecbf8d50b3912ac2020e9330cf3fde07789f8abc792431f26,0 0 24 24,XML VALID — VISUAL REVIEW PENDING
assets/icons/gift.svg,32ce52824fac31477eea8900a8dfe5a1759f06c8edbb5999422a8b9b2d8404e4,0 0 24 24,XML VALID — VISUAL REVIEW PENDING
assets/icons/git-branch-plus.svg,9be74f93cb5d1c108335f19fc4c2d499e7f76c98adb4f46dc259f91375084fd0,0 0 24 24,XML VALID — VISUAL REVIEW PENDING
assets/icons/git-branch.svg,e15e697330ece6898e1ff267f2a4e676dd7d97072c6a23eefd1f46802fecf1aa,0 0 24 24,XML VALID — VISUAL REVIEW PENDING
assets/icons/git-commit-horizontal.svg,ea0d16fc7ab94ffc36c4d4b04fac28c93823bada41b7324fd2898816a6b70d93,0 0 24 24,XML VALID — VISUAL REVIEW PENDING
assets/icons/git-commit-vertical.svg,498d89cf8ee8b16798ad0740482c4af4f7104c4d3677d07dba082ba2e7edc029,0 0 24 24,XML VALID — VISUAL REVIEW PENDING
assets/icons/git-commit.svg,6cd94069067f5f8c45882926ca43680d278f5aeec5c1a06e31cff8c8a429432e,0 0 24 24,XML VALID — VISUAL REVIEW PENDING
assets/icons/git-compare-arrows.svg,483146c53e937be4aaf4efa7a3167cfcd2fc7f700af8c2f15569341998883358,0 0 24 24,XML VALID — VISUAL REVIEW PENDING
assets/icons/git-compare.svg,30ee2fac0c4dd896132893b6e6266bd5f8b7aa5a4b32c968ff86b86fd2a3fab1,0 0 24 24,XML VALID — VISUAL REVIEW PENDING
assets/icons/git-fork.svg,a873bc6be98873c30c13a6c0e1e4c0e0e6f8bfa23278414ac264d5075437b391,0 0 24 24,XML VALID — VISUAL REVIEW PENDING
assets/icons/git-graph.svg,889bf5ea526b72f6f484c9e265bdc812ff93419bb9f572d1625c514720a427c8,0 0 24 24,XML VALID — VISUAL REVIEW PENDING
assets/icons/git-merge.svg,525c8115fb1a247b49b44a645fc808dbee4fd380dad282b4dcefbb6f1715a64c,0 0 24 24,XML VALID — VISUAL REVIEW PENDING
assets/icons/git-pull-request-arrow.svg,f1e697688fa0dacc3aa05aae0576db00063d1fc6a9f12223e771398bc478b454,0 0 24 24,XML VALID — VISUAL REVIEW PENDING
assets/icons/git-pull-request-closed.svg,67688838bf0ecd48c5c1236a6332e0b7a6a9e2b30e1ea838ac753d972c9833e1,0 0 24 24,XML VALID — VISUAL REVIEW PENDING
assets/icons/git-pull-request-create-arrow.svg,bfa8b917b6142c258af253b1cbd480abef8329113fea9d8322f5762626f7c138,0 0 24 24,XML VALID — VISUAL REVIEW PENDING
assets/icons/git-pull-request-create.svg,d7c5c4e157e60618aa32b67cdc9b1f405ba743e92d959b1a99de67c43cc91556,0 0 24 24,XML VALID — VISUAL REVIEW PENDING
assets/icons/git-pull-request-draft.svg,b81b50f259c7ab194bb932736eb9461dddbb6f67ffbb31d1dcc10153461ba459,0 0 24 24,XML VALID — VISUAL REVIEW PENDING
assets/icons/git-pull-request.svg,eefda167218668448f6f55691bfe5595098f6275288dc73152cd27513ba4fd62,0 0 24 24,XML VALID — VISUAL REVIEW PENDING
assets/icons/github.svg,69cbb7e8ffc2ce63d51c642c5c0edf08edc4e86b78e5974e9ce48ec508512041,0 0 24 24,XML VALID — VISUAL REVIEW PENDING
assets/icons/gitlab.svg,84fd5866511b782c1a1ae565f7f42c255c82f777b2cd65fa33ace80ea2140ace,0 0 24 24,XML VALID — VISUAL REVIEW PENDING
assets/icons/glass-water.svg,204fa209aa9d45d2c702ef0e05bda3b6ff3f0ee00e354070a15c9638efa26e19,0 0 24 24,XML VALID — VISUAL REVIEW PENDING
assets/icons/glasses.svg,fbab6389ab6b735b5949c93642c559536a1d173214bf293b0dd4683dacaadb3d,0 0 24 24,XML VALID — VISUAL REVIEW PENDING
assets/icons/globe-2.svg,6bc3222e0b44c8e6a8b61984c8abdfa1f3d66029a10f507d56585cf2c4a86309,0 0 24 24,XML VALID — VISUAL REVIEW PENDING
assets/icons/globe-lock.svg,b36aff2d007cd3971262244ee86d0a124e9f73730407a4e7e2c0f486a6b78f72,0 0 24 24,XML VALID — VISUAL REVIEW PENDING
assets/icons/globe.svg,ee899a905f965004e90373f30082f070fc15a1ec9b40bdbf1c3e32ca38388e2a,0 0 24 24,XML VALID — VISUAL REVIEW PENDING
assets/icons/goal.svg,200ae3edb53ecc1fa2c5313d7d356db2231437f43e33e07495da721d0807374b,0 0 24 24,XML VALID — VISUAL REVIEW PENDING
assets/icons/gpu.svg,3b547fe3f7418bf1536bbd4aec111c384b30eba92af46e37e21e52bd5f3f19f2,0 0 24 24,XML VALID — VISUAL REVIEW PENDING
assets/icons/grab.svg,2fd3dcd782e15b8013d563f9923bfb4580a653c14bf3fffb141a7bb7de8994b9,0 0 24 24,XML VALID — VISUAL REVIEW PENDING
assets/icons/graduation-cap.svg,bd44255ecc1fb40e18945448dab77991a695583862e82d0efb580d913ed95a66,0 0 24 24,XML VALID — VISUAL REVIEW PENDING
assets/icons/grape.svg,b1d867ed6299c89fa5d50daf8d3a8815b2bdefcf4aea568f40c2f79bade0bac1,0 0 24 24,XML VALID — VISUAL REVIEW PENDING
assets/icons/grid-2-x-2-check.svg,cdfc6ccc975ec65e8955b5d03edf4455d32ddb9439ecde15f9e9ff1771bd04c0,0 0 24 24,XML VALID — VISUAL REVIEW PENDING
assets/icons/grid-2-x-2-plus.svg,5dd8d032f474ce325c95303aa1966218a354459d3f38c802de188d5b4ba32be0,0 0 24 24,XML VALID — VISUAL REVIEW PENDING
assets/icons/grid-2-x-2-x.svg,763fba8444f793dd97fcd4eee5a415b963a76cf96b26df79326229fa5f573ec8,0 0 24 24,XML VALID — VISUAL REVIEW PENDING
assets/icons/grid-2-x-2.svg,c10e52c42d2ba0fdb0fcf1529598e90baef099e25dbd4277b6144023c89c0a70,0 0 24 24,XML VALID — VISUAL REVIEW PENDING
assets/icons/grid-2x2-check.svg,5d772fbb8084aacfb6b6b0f8a0b2469a1008eda38078cdc6b158b3f4aaf3f477,0 0 24 24,XML VALID — VISUAL REVIEW PENDING
assets/icons/grid-2x2-plus.svg,35281e0e52fe2b8215f52599ae7239966ce405778f383e936b6879a513e05a4b,0 0 24 24,XML VALID — VISUAL REVIEW PENDING
assets/icons/grid-2x2-x.svg,94575de1943420f055427e1df954ab0e7d90380f91208ce8f95682b671ccc36f,0 0 24 24,XML VALID — VISUAL REVIEW PENDING
assets/icons/grid-2x2.svg,09715935027fa682e0bd0194811824ea2702613c1e0cad647d6b7361d970f1f2,0 0 24 24,XML VALID — VISUAL REVIEW PENDING
assets/icons/grid-3-x-3.svg,8a7181f26bef161ea5cbb8facdebd0a67ac6d689ccf56ec360a847810d14172e,0 0 24 24,XML VALID — VISUAL REVIEW PENDING
assets/icons/grid-3x2.svg,83aa393133e447834450b12ca08cfd49d7a681d010e25f763457beb189538192,0 0 24 24,XML VALID — VISUAL REVIEW PENDING
assets/icons/grid-3x3.svg,1967510f200ed791fe7f0f78c16ed0b0303f2e8cc21c632d69ed6b57a4462723,0 0 24 24,XML VALID — VISUAL REVIEW PENDING
assets/icons/grid.svg,d269fab3e4b12440a78c2497d9d52ece74ecd742a7142f9a86379e52bcf9314a,0 0 24 24,XML VALID — VISUAL REVIEW PENDING
assets/icons/grip-horizontal.svg,7c837fda338e21c8ab85ba84ca21bf9f0d4289b7c6c2d40c77b4c725eff1a8e6,0 0 24 24,XML VALID — VISUAL REVIEW PENDING
assets/icons/grip-vertical.svg,b2880dc663560f65143c6a35b879ae7a3efa37a93a123b6f12caf4cc8131acff,0 0 24 24,XML VALID — VISUAL REVIEW PENDING
assets/icons/grip.svg,687ad892abf9500d34b8ed2246848d514c4c28386438b9244d53b5bbb532408f,0 0 24 24,XML VALID — VISUAL REVIEW PENDING
assets/icons/group.svg,a2ee4d8061bce85e2f66f4c5c81895c143b02f0121a4a909432cf3bb75e647da,0 0 24 24,XML VALID — VISUAL REVIEW PENDING
assets/icons/guitar.svg,df0bf93c677a8e3383b33abadcbf51ba79ce71e7ec3a5eae79dbf822b94cb0f0,0 0 24 24,XML VALID — VISUAL REVIEW PENDING
assets/icons/ham.svg,4db7c6b0b1e3b7b34d3be1c0f5f6784d1538382435824a1b6dc093d16eb5c3ed,0 0 24 24,XML VALID — VISUAL REVIEW PENDING
assets/icons/hamburger.svg,f955498c99d7893dc96bfbbf6e6f77f8ffe2ad5801ed0a0f42d4ea61f0c76c23,0 0 24 24,XML VALID — VISUAL REVIEW PENDING
assets/icons/hammer.svg,fb625bf0e6e2aac707e4a0a509eaf783ca82dd90ba32ba0135f9b22754e8f14c,0 0 24 24,XML VALID — VISUAL REVIEW PENDING
assets/icons/hand-coins.svg,93e1374a17e5dc59f48ecda8333d810b74fcfbbc06bdb81df9a6d7465386f451,0 0 24 24,XML VALID — VISUAL REVIEW PENDING
assets/icons/hand-fist.svg,87e79eeecc6e39054bf1bdbee6339266247762c8aa2a03127229d0923dd1e0a9,0 0 24 24,XML VALID — VISUAL REVIEW PENDING
assets/icons/hand-grab.svg,755a74345342b7e6395b3c0dd9a95ad90c8fec9dbeefd9ae66689b122b2f816f,0 0 24 24,XML VALID — VISUAL REVIEW PENDING
assets/icons/hand-heart.svg,370ce430c123b17da5af8455bda42ae6423c16591196507fd7baae299532bd4c,0 0 24 24,XML VALID — VISUAL REVIEW PENDING
assets/icons/hand-helping.svg,7d514262c2eafcad6377b18eaab93d038e776c370395775e274936a715f044df,0 0 24 24,XML VALID — VISUAL REVIEW PENDING
assets/icons/hand-metal.svg,e03199b2237a86166ab284231638b00314e79ca089b49f85d9c5a4028c0b078d,0 0 24 24,XML VALID — VISUAL REVIEW PENDING
assets/icons/hand-platter.svg,68f3d04adafecead27a6234d0cd45cd978dc1756d619844092f200288c1c49c5,0 0 24 24,XML VALID — VISUAL REVIEW PENDING
assets/icons/hand.svg,c5c8c99330a3718fe65618981df4fdcd7be2804536ca3e80973e62c31bf924c8,0 0 24 24,XML VALID — VISUAL REVIEW PENDING
assets/icons/handbag.svg,023bd506f093618830e2602d9311e2f1490fd3bef54fc15f17a3a3f98ee17afc,0 0 24 24,XML VALID — VISUAL REVIEW PENDING
assets/icons/handshake.svg,685e05ba919132fd9ba0c7bfdc709ceffaba0abb22063d6be31f1318ae4fe622,0 0 24 24,XML VALID — VISUAL REVIEW PENDING
assets/icons/hard-drive-download.svg,54e1d3571f79af6041aac9e6872f0e856cc27d1d055207e0fb6d5b3021cec261,0 0 24 24,XML VALID — VISUAL REVIEW PENDING
assets/icons/hard-drive-upload.svg,1c18869d858c03d089f982aecd2044e26668709e839e07f30d4030d624f43853,0 0 24 24,XML VALID — VISUAL REVIEW PENDING
assets/icons/hard-drive.svg,d0c2fa982071f067e0c8a9880f09b13a9b97c8df0a5406454e6517e2693c4bdc,0 0 24 24,XML VALID — VISUAL REVIEW PENDING
assets/icons/hard-hat.svg,027a4d3ad6c4761128d6e99be3688438ece0c55fa74dae3f8cba8624ed941e7d,0 0 24 24,XML VALID — VISUAL REVIEW PENDING
assets/icons/hash.svg,f8ac913b25ef75c94f601f7244073deb87aee00a285c69caf88bf68169095005,0 0 24 24,XML VALID — VISUAL REVIEW PENDING
assets/icons/hat-glasses.svg,c39b814c41c8e96c2704772228df3aa49668f267f4fdeaf5b0ec5eb5d7540452,0 0 24 24,XML VALID — VISUAL REVIEW PENDING
assets/icons/haze.svg,b228d5e40141911e879e0c6a9c13b0d74c1426e3a3932458c93d3e13618027dc,0 0 24 24,XML VALID — VISUAL REVIEW PENDING
assets/icons/hdmi-port.svg,bc3aa1bd8215daa7e97879a53c63078d0b6dedfce3d9591a3768655048e1da51,0 0 24 24,XML VALID — VISUAL REVIEW PENDING
assets/icons/heading-1.svg,24f52952007798520c9452650248faec8c956dab32c2d23d5945ff9084590f3e,0 0 24 24,XML VALID — VISUAL REVIEW PENDING
assets/icons/heading-2.svg,621eb62ec70e914b0b71cb40e0c9f2b46e56bc318d0b30b1a59ee7c29730f442,0 0 24 24,XML VALID — VISUAL REVIEW PENDING
assets/icons/heading-3.svg,ade2f21802221bb3e1f31b5bf02c8a2489d28720016a75fd450535819b21b903,0 0 24 24,XML VALID — VISUAL REVIEW PENDING
assets/icons/heading-4.svg,9a6bedde8e1c96027330620f8d7e5199b0170f70997407e5111e36593fe2bf44,0 0 24 24,XML VALID — VISUAL REVIEW PENDING
assets/icons/heading-5.svg,b5956c26e44f1338005b41f9b61ecd7406f7711e8e040ab12d543672e0fb6fbc,0 0 24 24,XML VALID — VISUAL REVIEW PENDING
assets/icons/heading-6.svg,cb74ed0b46cf6ff5492c1d558eee82b7830ba52fa2bd4f0860bb0a39176f2c05,0 0 24 24,XML VALID — VISUAL REVIEW PENDING
assets/icons/heading.svg,18c421b78151e013d3912eee5c6e44ec2ea7764becab3512b1d35b90d3220035,0 0 24 24,XML VALID — VISUAL REVIEW PENDING
assets/icons/headphone-off.svg,81ef243e9ea9f2817d0543db9382f4238a30b200c14ac4a1961d78701a6d264c,0 0 24 24,XML VALID — VISUAL REVIEW PENDING
assets/icons/headphones.svg,08a516b0dd3cb88d04501adfc486954ce96f6efb97fba4f0c8c6c1dffe6aba19,0 0 24 24,XML VALID — VISUAL REVIEW PENDING
assets/icons/headset.svg,046d252b5985f3b6ad5149f0f3af89a8cedfa271a92af478481bf3c9fe9976bb,0 0 24 24,XML VALID — VISUAL REVIEW PENDING
assets/icons/heart-crack.svg,66846d58d05f1f83b1e9af5e3b566c2733308017f7222f7c00508737df6d347c,0 0 24 24,XML VALID — VISUAL REVIEW PENDING
assets/icons/heart-handshake.svg,311dc24c8765c81ced5164f6be12e881027707991874dbfb422405fd4a785d8e,0 0 24 24,XML VALID — VISUAL REVIEW PENDING
assets/icons/heart-minus.svg,5a14b3d026d128ba34155352bc3d7ef79882176b4661f8233af683dd8630c8fb,0 0 24 24,XML VALID — VISUAL REVIEW PENDING
assets/icons/heart-off.svg,c93c614d80ef99811f86d1bcb37ee8dae968124d0445994474d74c4dc3ec4aad,0 0 24 24,XML VALID — VISUAL REVIEW PENDING
assets/icons/heart-plus.svg,27b56d42d550e5b6cdf222d8ed8444344f26738eda0ae0ba1713d64a7c5e0208,0 0 24 24,XML VALID — VISUAL REVIEW PENDING
assets/icons/heart-pulse.svg,29b3002022cb965df3301e1f4beb84baf9c3dbb0b626cdc003551db144d01af1,0 0 24 24,XML VALID — VISUAL REVIEW PENDING
assets/icons/heart.svg,c52c6d6fb099f8869a4249baa91d36ec7c201aa84345a61e49fb866786ecd9ce,0 0 24 24,XML VALID — VISUAL REVIEW PENDING
assets/icons/heater.svg,f09056ccc1ced0a322fa789128be6d96b15e302efee88ad7037faed514c5e7e1,0 0 24 24,XML VALID — VISUAL REVIEW PENDING
assets/icons/help-circle.svg,8e191e732b125cf3d8432c059164fb06e658f3128ced4d79a54fa937d00d5b2b,0 0 24 24,XML VALID — VISUAL REVIEW PENDING
assets/icons/helping-hand.svg,d37d980ce9a91287ca5974f3ac2ca2fd73fbabaf327060abf6171f8caeafcd5d,0 0 24 24,XML VALID — VISUAL REVIEW PENDING
assets/icons/hexagon.svg,34a33b09073b786184a77c798ca5e6396423cc799ab8180e49742c5875e8298b,0 0 24 24,XML VALID — VISUAL REVIEW PENDING
assets/icons/highlighter.svg,608ae7e0ab783572ace376db6a8e5ca2d465cb6c2cd46cea92272d94cc4fd48b,0 0 24 24,XML VALID — VISUAL REVIEW PENDING
assets/icons/history.svg,167a151e3114125e65a27f956894174dd72844d5e5074bcd08a7d655d71fe200,0 0 24 24,XML VALID — VISUAL REVIEW PENDING
assets/icons/home.svg,59773d47b0ab20ef603705a39cc5c0dc782fbe6633d7778e6343937a0b5b62ce,0 0 24 24,XML VALID — VISUAL REVIEW PENDING
assets/icons/hop-off.svg,f3b992c6ac812af8ee6f89e8a753b5d7988994d8dd6c424560afccc80136e8bf,0 0 24 24,XML VALID — VISUAL REVIEW PENDING
assets/icons/hop.svg,0a7e0419b491d0c5a7d3d5c90113d2c9a2860b04b6b4328497ccf06f4b7617cd,0 0 24 24,XML VALID — VISUAL REVIEW PENDING
assets/icons/hospital.svg,5f96bd3da75a03a81c8fca0ee1d7cf025aca0626e0ccf4e41ce6013007aef80d,0 0 24 24,XML VALID — VISUAL REVIEW PENDING
assets/icons/hotel.svg,f0641035b632cea7263bb1fac9989a0eb15dd636408500726e9300a3289ab4c8,0 0 24 24,XML VALID — VISUAL REVIEW PENDING
assets/icons/hourglass.svg,808025cbf959c902ffa41d7b53bf87cb49ab7e16fab62de7d2ad25784f060a2b,0 0 24 24,XML VALID — VISUAL REVIEW PENDING
assets/icons/house-heart.svg,aef0d75d916ba601d2c5d6670438a7bd497e1ca053c73db00fbf37b8d565d9ad,0 0 24 24,XML VALID — VISUAL REVIEW PENDING
assets/icons/house-plug.svg,10cdaddddb5d73af9ccadf5fb1b3775f4ae8da6a276e2af325afa9e2e2cb59ce,0 0 24 24,XML VALID — VISUAL REVIEW PENDING
assets/icons/house-plus.svg,8108d3010514eb0efa472344a982c537eee71fa2f2b5d33a9175cfdce78aa899,0 0 24 24,XML VALID — VISUAL REVIEW PENDING
assets/icons/house-wifi.svg,bbd11db354fb5d2f8a2b8d2e5bba1c32ad47582f7eb230fa80b4535fe042e284,0 0 24 24,XML VALID — VISUAL REVIEW PENDING
assets/icons/house.svg,b3b80c6a7ac7bd92b6b2a2a70c8c0ede5b10bbaa50994771929312f1d5820f86,0 0 24 24,XML VALID — VISUAL REVIEW PENDING
assets/icons/ice-cream-2.svg,3c6e89e4d110cdcdfe8e6bf074ad45d371d451f8744d3ff4ec7e019c3dd8bbfc,0 0 24 24,XML VALID — VISUAL REVIEW PENDING
assets/icons/ice-cream-bowl.svg,ce545e609f0dd7ccfa66d3a70d1aba9bc6f1f681393d4696504075737e0ea07d,0 0 24 24,XML VALID — VISUAL REVIEW PENDING
assets/icons/ice-cream-cone.svg,7eb1d904380a49e94e6867e6561806eb7dac62287fac183488b2b4ad38407910,0 0 24 24,XML VALID — VISUAL REVIEW PENDING
assets/icons/ice-cream.svg,4f806a69538851759517498fd616617f4c204fced3ed1ba7f0bbef088588f6fc,0 0 24 24,XML VALID — VISUAL REVIEW PENDING
assets/icons/id-card-lanyard.svg,b197a9ba18559f213259b1d1a798fb0d2594748e4fb87463acefc56f00bc6aea,0 0 24 24,XML VALID — VISUAL REVIEW PENDING
assets/icons/id-card.svg,0a4634bd51d03e293ba3d75946979eb7c13627564d5107c658eb93d290960f3b,0 0 24 24,XML VALID — VISUAL REVIEW PENDING
assets/icons/image-down.svg,749b6ea80fc7e74d2e8a9e3e9efdc79601514b282e7bf1dccbdbd1762738e04a,0 0 24 24,XML VALID — VISUAL REVIEW PENDING
assets/icons/image-minus.svg,bc8b1630d46fdfb718417772a60c1c8e1f47f0833c82c3e0b7e9b1850557f02d,0 0 24 24,XML VALID — VISUAL REVIEW PENDING
assets/icons/image-off.svg,e12641f7c2a5be907b97c6d849be713f6d2d78c1789c444c9d2dd34d8434cfd0,0 0 24 24,XML VALID — VISUAL REVIEW PENDING
assets/icons/image-play.svg,1401868a8a8dd4fdf710ae81eb3f4c28ecae05f3739da0c855b01816477548a4,0 0 24 24,XML VALID — VISUAL REVIEW PENDING
assets/icons/image-plus.svg,60ff3178bd905e2e7b6b33dbc9b62b1cc9022063b08181c27583ebb1e4fcf50b,0 0 24 24,XML VALID — VISUAL REVIEW PENDING
assets/icons/image-up.svg,20a971a20903366cafe46fff69a040336f3b5860eadb6fdf878812662137f138,0 0 24 24,XML VALID — VISUAL REVIEW PENDING
assets/icons/image-upscale.svg,327ac8bfdba9f497247cf8caf9bc57e3cb33a2c9e492d8a75316d2d0dd938878,0 0 24 24,XML VALID — VISUAL REVIEW PENDING
assets/icons/image.svg,1169d00eb32a01eda1063e4b957aee20aa6b467f0230651d18de605f4114ef62,0 0 24 24,XML VALID — VISUAL REVIEW PENDING
assets/icons/images.svg,bf7e3babfa91e45e39e00c6431e2b64933cc2111fbdcdb7e41ad5443be1d9aed,0 0 24 24,XML VALID — VISUAL REVIEW PENDING
assets/icons/import.svg,13bac07109dd7636552dfbbe1071724b0903db99f64b93946f407ffb9b3d48e2,0 0 24 24,XML VALID — VISUAL REVIEW PENDING
assets/icons/inbox.svg,420fb942fb5eea6e5ae3c4fa95e5e0311f5e893d965edf1c5ebe04dcd600a4dc,0 0 24 24,XML VALID — VISUAL REVIEW PENDING
assets/icons/indent-decrease.svg,7bfed76b524d40aec604146b24fee82d1e49c06abbff1bbcd582a0ce2ff05775,0 0 24 24,XML VALID — VISUAL REVIEW PENDING
assets/icons/indent-increase.svg,6381fc698b77050c9d5659efda0afc19add91bd2d2cef0e275baac433ab3b0d1,0 0 24 24,XML VALID — VISUAL REVIEW PENDING
assets/icons/indent.svg,35e5eca4382b7a18faf6b3615eecef856a8db65f7d7baf87ec3e990ec905291a,0 0 24 24,XML VALID — VISUAL REVIEW PENDING
assets/icons/indian-rupee.svg,6e91ff41880535c6589ffa3403b548ce908b816f189c02cab880e138eb0d7cde,0 0 24 24,XML VALID — VISUAL REVIEW PENDING
assets/icons/infinity.svg,e9c0668dc0619f6383c86eae87ec3eb9424f2ea8d4993ac561cc30a010a63864,0 0 24 24,XML VALID — VISUAL REVIEW PENDING
assets/icons/info.svg,187d84ec4832238c7e4870f617f371abdb141863a7b4f61de40fda567177daa6,0 0 24 24,XML VALID — VISUAL REVIEW PENDING
assets/icons/inspect.svg,c1e9082e26b5ddf0c2177cc6d7fdd5608e7b8ce770aa68b737f480d8e057a439,0 0 24 24,XML VALID — VISUAL REVIEW PENDING
assets/icons/inspection-panel.svg,79704d81bbbd758b06b6742cc28fb57fad60791be34d4778a077e076835bf08b,0 0 24 24,XML VALID — VISUAL REVIEW PENDING
assets/icons/instagram.svg,c9bfcf9359b1d6e5a0470f9a31d59f15acfa8ad29d1d79dda2bc0583155c00df,0 0 24 24,XML VALID — VISUAL REVIEW PENDING
assets/icons/italic.svg,333fbf4b535f134af5677e3055eba174653a69f0c57f7bdf5a45150e3778510e,0 0 24 24,XML VALID — VISUAL REVIEW PENDING
assets/icons/iteration-ccw.svg,bb6ee7639610c26d550e3d4e6a4634b47414966e292f80023b25a32b7f0cc3fe,0 0 24 24,XML VALID — VISUAL REVIEW PENDING
assets/icons/iteration-cw.svg,26635e4b39e73d572e00e0e78d50df5066a63a4a331cb294503f53545eeb0a96,0 0 24 24,XML VALID — VISUAL REVIEW PENDING
assets/icons/japanese-yen.svg,79fe607cba3af0872668a262bf9dde9851bdae944195f5777c3e03d63c4a42b7,0 0 24 24,XML VALID — VISUAL REVIEW PENDING
assets/icons/joystick.svg,ce5a78b2c78d94fe907c0da636af8e23e8d0bed3bde00b8d0a0f414accda2352,0 0 24 24,XML VALID — VISUAL REVIEW PENDING
assets/icons/kanban-square-dashed.svg,201b20f4d07b8c3433f860cf7ddeb5412444682b1121929f5f59d24bb0194027,0 0 24 24,XML VALID — VISUAL REVIEW PENDING
assets/icons/kanban-square.svg,aad608f1798bf6b92effebcc4cc897966673ea10b88c07bbcc604580cc8f1e93,0 0 24 24,XML VALID — VISUAL REVIEW PENDING
assets/icons/kanban.svg,d75b9ba886c994042d5d6992ebb57d2022872c57ec97996fba037f4798ac2203,0 0 24 24,XML VALID — VISUAL REVIEW PENDING
assets/icons/kayak.svg,6e057fb40ed41ec7ed42f948bc38645fcbcd6ccf20556c69d8b881f3362f4448,0 0 24 24,XML VALID — VISUAL REVIEW PENDING
assets/icons/key-round.svg,eb23d83b933236ea748ae93cbebf8c2fe5cbf753c6e9da29e2863a23c8f419fd,0 0 24 24,XML VALID — VISUAL REVIEW PENDING
assets/icons/key-square.svg,fd51dcfc35a40f4f2a43684b80707dc187ad209b2a0e985e7f55af2532583b91,0 0 24 24,XML VALID — VISUAL REVIEW PENDING
assets/icons/key.svg,008311a073909983af144325618638c2095a08916f893d4c913abbbc87c5a8a2,0 0 24 24,XML VALID — VISUAL REVIEW PENDING
assets/icons/keyboard-music.svg,0d8636bc656b3ea91ffb3120b929fccb787d292a4e296927bb31b87fe27c4682,0 0 24 24,XML VALID — VISUAL REVIEW PENDING
assets/icons/keyboard-off.svg,2b610d906648e14b3f7561bbdb54f2d9c8d1504249f8e936e979dbfb9ea5e09d,0 0 24 24,XML VALID — VISUAL REVIEW PENDING
assets/icons/keyboard.svg,f5db692c328425e5f99c846fd18b174a34d22456569eb33f94eb51c7a2ebea8d,0 0 24 24,XML VALID — VISUAL REVIEW PENDING
assets/icons/lamp-ceiling.svg,c08164440b3c94cb8d81ba9d68e4ee8154356739e397ccd4aa691723c6966caf,0 0 24 24,XML VALID — VISUAL REVIEW PENDING
assets/icons/lamp-desk.svg,1edab4c8e21a1a1bb606fd718751aff8e529747315cabf4d85fa7af0410fe289,0 0 24 24,XML VALID — VISUAL REVIEW PENDING
assets/icons/lamp-floor.svg,e01541d2d011db36780fa06feeb8a359f0602403deda36960be5c1cee91d7673,0 0 24 24,XML VALID — VISUAL REVIEW PENDING
assets/icons/lamp-wall-down.svg,cccdda04d22526bcaae7b22f2d6110ee0d7a68a62c16b1d11f393486314175c8,0 0 24 24,XML VALID — VISUAL REVIEW PENDING
assets/icons/lamp-wall-up.svg,4e73f18b799529357d37217dbfe2140ef7433de4ed20fb7d1c50ac7c8063abc8,0 0 24 24,XML VALID — VISUAL REVIEW PENDING
assets/icons/lamp.svg,c9c767cc0d8a2a142c9b0ee761454f0952de177293a5b82c209a81edafeff556,0 0 24 24,XML VALID — VISUAL REVIEW PENDING
assets/icons/land-plot.svg,a78ea3930e9f59b7494cf60a73ff93df81eaea0ec2716dba918998dea33c0b0b,0 0 24 24,XML VALID — VISUAL REVIEW PENDING
assets/icons/landmark.svg,c0379d36fe5da70592dff8399d5b9ff79aa66aeb2da8ec11ca3bfac0d489a062,0 0 24 24,XML VALID — VISUAL REVIEW PENDING
assets/icons/languages.svg,58c4664e028a0decdd4cadb8a0e14b28b030618809a019fe3206a148479f3343,0 0 24 24,XML VALID — VISUAL REVIEW PENDING
assets/icons/laptop-2.svg,7ed809ed6602dde73b784c3b08a658e7a1b831e306d0a1a8559d3a23929f5c93,0 0 24 24,XML VALID — VISUAL REVIEW PENDING
assets/icons/laptop-minimal-check.svg,57db91cbc0dbbd49fc10bede377c44ff1d319d915b14cb01004f4cec8edda4c7,0 0 24 24,XML VALID — VISUAL REVIEW PENDING
assets/icons/laptop-minimal.svg,ce8cf54cbfa570876a43f64c56816bb8fa3941f8a105c96915cf104917b8bcd5,0 0 24 24,XML VALID — VISUAL REVIEW PENDING
assets/icons/laptop.svg,6bce783addcf1bc810380b2218e90e6ec448c33db0164972c6dc18672267c45b,0 0 24 24,XML VALID — VISUAL REVIEW PENDING
assets/icons/lasso-select.svg,1af66a2016dd06017331b4cb5d35fc720781b69b1f60fa19e10c25093ba0a869,0 0 24 24,XML VALID — VISUAL REVIEW PENDING
assets/icons/lasso.svg,9ea794b3097e37b2c04268f5022180f9533db3eb60c8e9035bcd71d025cf74ce,0 0 24 24,XML VALID — VISUAL REVIEW PENDING
assets/icons/laugh.svg,c70acf584a4d78553fa19ed7a03f84158bfe33401eb586a63e66c56ee6ce4bf9,0 0 24 24,XML VALID — VISUAL REVIEW PENDING
assets/icons/layers-2.svg,f3b0b0f38a6a66df1520e880655ff51012d9722ad5b4af49b380923ab85958f3,0 0 24 24,XML VALID — VISUAL REVIEW PENDING
assets/icons/layers-3.svg,2cfd418365c273e84e503479f5afe7dcc8afad3e95ed4f4714ee0a87f18d0b1e,0 0 24 24,XML VALID — VISUAL REVIEW PENDING
assets/icons/layers.svg,d3247d6552fe9083f0f106ea532077829bc216eefbde0fd38c94d9163711b7eb,0 0 24 24,XML VALID — VISUAL REVIEW PENDING
assets/icons/layout-dashboard.svg,571906b0ff2109ab64e6949c560778c0d13b2a1fb9f9bd2767c9f339c34062e5,0 0 24 24,XML VALID — VISUAL REVIEW PENDING
assets/icons/layout-grid.svg,17538b8f42209ab32b622388c1050fa21b7af82c16f93a716bc979cc48edc308,0 0 24 24,XML VALID — VISUAL REVIEW PENDING
assets/icons/layout-list.svg,fe11549dede29dd6c1028e37ba747470a52a0f98cddd5a220daeda155a4159a6,0 0 24 24,XML VALID — VISUAL REVIEW PENDING
assets/icons/layout-panel-left.svg,b0729ed1cb27ddfe4905c0beeecfd1947c298af0816f5ac4b680b5a2cb4281cc,0 0 24 24,XML VALID — VISUAL REVIEW PENDING
assets/icons/layout-panel-top.svg,3070480a5caf22a1e2cb8d9cfdc02699091cf6e61575de6cd90f4532277dd875,0 0 24 24,XML VALID — VISUAL REVIEW PENDING
assets/icons/layout-template.svg,7225a292cc604006e6f815eb2fdbf95d2a771e8f130f0b767760b34bc1005bfc,0 0 24 24,XML VALID — VISUAL REVIEW PENDING
assets/icons/layout.svg,b0f6d38102d6d31957aaea18238f7d64b8c0f81c4ba9efbdcbe5ae4b295f58cd,0 0 24 24,XML VALID — VISUAL REVIEW PENDING
assets/icons/leaf.svg,c7d04b1c87be75e4839543a70eb0236543e7f0054492eb79070bfbcb3b4cbf54,0 0 24 24,XML VALID — VISUAL REVIEW PENDING
assets/icons/leafy-green.svg,c7ddb84d6fdc7309f1d50b38e7d195fe06fd4a90952c96c1f0ea951254f650a0,0 0 24 24,XML VALID — VISUAL REVIEW PENDING
assets/icons/lectern.svg,3b58c45d71686aae7f2da2dbe865c4d3827bc591c7ec1c94d1d14d0c34a31e35,0 0 24 24,XML VALID — VISUAL REVIEW PENDING
assets/icons/letter-text.svg,f9122f38371eef2944bc0764913c22e9fdde40b66b539707a7ba6da17c742141,0 0 24 24,XML VALID — VISUAL REVIEW PENDING
assets/icons/library-big.svg,5ccc4b06a0295bc4bdc7c191591627710806ff2c844cb42e5d3ef313db1dfd10,0 0 24 24,XML VALID — VISUAL REVIEW PENDING
assets/icons/library-square.svg,9a50518ef005b8b4af2357a9ae6943a4cf5e8cd72b01f2738c4d2a5702e38d9e,0 0 24 24,XML VALID — VISUAL REVIEW PENDING
assets/icons/library.svg,7101e7bc7652e88df86be2699f24ba103e044250db88152a8fd8f7d7c6dcb815,0 0 24 24,XML VALID — VISUAL REVIEW PENDING
assets/icons/life-buoy.svg,d84d8c134d50d9631341a950e10c9acf606137d4ada4c82443509bdd2cab2849,0 0 24 24,XML VALID — VISUAL REVIEW PENDING
assets/icons/ligature.svg,a213bb9a62da8828238e02a29f54eb187931826bcf468785ce5d16908e8b5ae3,0 0 24 24,XML VALID — VISUAL REVIEW PENDING
assets/icons/lightbulb-off.svg,f928029a7b5a4604c84f8631c405a8998621ffc66f4b740052e17a7c975e8ff0,0 0 24 24,XML VALID — VISUAL REVIEW PENDING
assets/icons/lightbulb.svg,1dcba6007b2b3f8024a27fc8486b5a898274f51b07bedae3b3c9db243d911a54,0 0 24 24,XML VALID — VISUAL REVIEW PENDING
assets/icons/line-chart.svg,576a4882e475a46b4ce27c77069d3209f1e584157d53d08f65201db12f4d9c58,0 0 24 24,XML VALID — VISUAL REVIEW PENDING
assets/icons/line-squiggle.svg,e856fea3c22381e7601edab05fa7d6f57e8723c03f942a6ebca13f524e6d53f6,0 0 24 24,XML VALID — VISUAL REVIEW PENDING
assets/icons/link-2-off.svg,cacd9cda0e089ffea9c83ffc3b988acdbd486e97edf4b3ea43e716c6160899c8,0 0 24 24,XML VALID — VISUAL REVIEW PENDING
assets/icons/link-2.svg,320d509ab810e5abc98a660cf872716de36e61308b92f2e475dd815deb4e5534,0 0 24 24,XML VALID — VISUAL REVIEW PENDING
assets/icons/link.svg,9576c82b8242c3ba77027c23d10714a972331616eea1a395c3867f1abed9f878,0 0 24 24,XML VALID — VISUAL REVIEW PENDING
