File,SHA256,ViewBox,Disposition
assets/icons/tabler/outline/square-letter-r.svg,c91b03063a6d37357d888abc803fc04cd7e9ced814eb59d2f770671b22718549,0 0 24 24,XML VALID — VISUAL REVIEW PENDING
assets/icons/tabler/outline/square-letter-s.svg,759782dac95a1f5eb09057625ae57fed7a548ce6687bab5b31de88bba8864aa0,0 0 24 24,XML VALID — VISUAL REVIEW PENDING
assets/icons/tabler/outline/square-letter-t.svg,74947487f371a2c2a1a26be8a3fc7ed7d288f94338e38cdef59e8192d663ea4a,0 0 24 24,XML VALID — VISUAL REVIEW PENDING
assets/icons/tabler/outline/square-letter-u.svg,7ffbab4c95867774a76858cd8106ccbea3e2400443c3aabcd9d1b731b8d831d2,0 0 24 24,XML VALID — VISUAL REVIEW PENDING
assets/icons/tabler/outline/square-letter-v.svg,6a9300c6ddb58f8a0e3bd5087e7fdada9ebc47a8261358c1e7390c62b91eaa23,0 0 24 24,XML VALID — VISUAL REVIEW PENDING
assets/icons/tabler/outline/square-letter-w.svg,211b0adfa45cfb446970f18d9eebd00d2f1542d6fee3731eebdf5ce22b11fee0,0 0 24 24,XML VALID — VISUAL REVIEW PENDING
assets/icons/tabler/outline/square-letter-x.svg,1d014de1a6e9cf0538fc89933da8fb9326c374fde4da182d528e280cac2e4bac,0 0 24 24,XML VALID — VISUAL REVIEW PENDING
assets/icons/tabler/outline/square-letter-y.svg,42614c5328a6e523176a5c3ab9a94043b5f48464a97c4c3ef656b6d2c348d40c,0 0 24 24,XML VALID — VISUAL REVIEW PENDING
assets/icons/tabler/outline/square-letter-z.svg,23da731ad92a01f24d9c087d8dff7cc3ad0dcfab6fb18d761cc65fec4426c887,0 0 24 24,XML VALID — VISUAL REVIEW PENDING
assets/icons/tabler/outline/square-minus.svg,1378529813fb3e17d21e318a70ecd74c4cd01c9d4554dfa09c25104d378d1d00,0 0 24 24,XML VALID — VISUAL REVIEW PENDING
assets/icons/tabler/outline/square-number-0.svg,8579c7fd04d630e9f5b4a4abd3d0f5f4c575adc987916083f75d86c42c8ec2f7,0 0 24 24,XML VALID — VISUAL REVIEW PENDING
assets/icons/tabler/outline/square-number-1.svg,285f9e37e4cfe97b7a9ad47dd032824684a9f44ead6dd09fd1553b8ca4d3c96e,0 0 24 24,XML VALID — VISUAL REVIEW PENDING
assets/icons/tabler/outline/square-number-2.svg,e66ebd0e9a7e150529bdb00ea96fb024f2cc3dc91ede73290a4f1b280ff543c9,0 0 24 24,XML VALID — VISUAL REVIEW PENDING
assets/icons/tabler/outline/square-number-3.svg,3eac9b847c13326e421a74b2ead29718ab1542549b7548a68ce17e598d44fead,0 0 24 24,XML VALID — VISUAL REVIEW PENDING
assets/icons/tabler/outline/square-number-4.svg,378526f9527f8bcf5f7c367f144d033a52781b205e8aadf8b3a483261101b32a,0 0 24 24,XML VALID — VISUAL REVIEW PENDING
assets/icons/tabler/outline/square-number-5.svg,719a88dbc882aa70694d626b07cc9c30e7ff5a3075d4080e8bb972bacf43103c,0 0 24 24,XML VALID — VISUAL REVIEW PENDING
assets/icons/tabler/outline/square-number-6.svg,4e3659a0f1e59831e30a843c0536dcbe5da71912e57d09fa6d581079f6300b35,0 0 24 24,XML VALID — VISUAL REVIEW PENDING
assets/icons/tabler/outline/square-number-7.svg,9bd18fda17f781b63417012c8ebf6108ca0bcb7d258cc4c5b8d5ae101a9e0509,0 0 24 24,XML VALID — VISUAL REVIEW PENDING
assets/icons/tabler/outline/square-number-8.svg,8eec177cd28d0cf02048aad4fa538bd52183ea30168dc9c2f86b6c8aeb0fe873,0 0 24 24,XML VALID — VISUAL REVIEW PENDING
assets/icons/tabler/outline/square-number-9.svg,24f5530abfc3c29ab4fd5a668cb6a23d5e5c13823454405ebcf0da6f20de99ac,0 0 24 24,XML VALID — VISUAL REVIEW PENDING
assets/icons/tabler/outline/square-off.svg,c0a3cc90f5767ca2f216b83c0692279037d76459011eaad87a68b0fdf923b9e9,0 0 24 24,XML VALID — VISUAL REVIEW PENDING
assets/icons/tabler/outline/square-percentage.svg,f831a8e80aa461f4c2db7875832c53887579e69a7c0347dedda5a7f3ba702fa0,0 0 24 24,XML VALID — VISUAL REVIEW PENDING
assets/icons/tabler/outline/square-plus-2.svg,fe49034e1bf864cc2707516015112de38f857c3ed435725e2c0771d1b4fa35a1,0 0 24 24,XML VALID — VISUAL REVIEW PENDING
assets/icons/tabler/outline/square-plus.svg,6ebddfa6df784567dc3b8ca6b59a01a16cb8c68148e357e74ef2471a5063d1c4,0 0 24 24,XML VALID — VISUAL REVIEW PENDING
assets/icons/tabler/outline/square-root-2.svg,68b64718259cb21495a9698d697e7f6ad87f8b494d8a077c160b3504d58db174,0 0 24 24,XML VALID — VISUAL REVIEW PENDING
assets/icons/tabler/outline/square-root.svg,4bf48c0f6b5288d480f53273f70ff29d1b87bcd6732f2f5a4300dac2976d84ec,0 0 24 24,XML VALID — VISUAL REVIEW PENDING
assets/icons/tabler/outline/square-rotated-forbid-2.svg,a0ce1f9c8d6a54d6f9f5baffbbb89cf41e2ab5b9bff7e942dbf17ab4aa6cc93d,0 0 24 24,XML VALID — VISUAL REVIEW PENDING
assets/icons/tabler/outline/square-rotated-forbid.svg,9552fed9076f1886bad4da2264da4215ef1c65720f223d95521a510a04991010,0 0 24 24,XML VALID — VISUAL REVIEW PENDING
assets/icons/tabler/outline/square-rotated-off.svg,26fa934e742ac548406a5a2911b83bb1744989e18af4189e036182dcb2eb1306,0 0 24 24,XML VALID — VISUAL REVIEW PENDING
assets/icons/tabler/outline/square-rotated.svg,6fe7004885886449078e0e40285d074269d36bff40dc0f4ea022aa111e0a1750,0 0 24 24,XML VALID — VISUAL REVIEW PENDING
assets/icons/tabler/outline/square-rounded-arrow-down.svg,e6b6ad2d791f18fff15fce55ec1b8b8e503f6e535f9c3d4fe4f4058db7b2f1a6,0 0 24 24,XML VALID — VISUAL REVIEW PENDING
assets/icons/tabler/outline/square-rounded-arrow-left.svg,6b9fcba948514a5677e291782c93236794ef2200aa43ece79d5964e01317235e,0 0 24 24,XML VALID — VISUAL REVIEW PENDING
assets/icons/tabler/outline/square-rounded-arrow-right.svg,a6ec1cbfe3eaa9f2ab1a8347f3c06e4e92ee474b6d82b6907dc036e872c9585c,0 0 24 24,XML VALID — VISUAL REVIEW PENDING
assets/icons/tabler/outline/square-rounded-arrow-up.svg,257f875d434e41a13357b1bf209fd3d84b0b59b6a36135969117ebe185af2168,0 0 24 24,XML VALID — VISUAL REVIEW PENDING
assets/icons/tabler/outline/square-rounded-check.svg,f1a502d1d837c13e69d407416fbd782daf4671a5aeead7c5d6cac0eb0d3957c5,0 0 24 24,XML VALID — VISUAL REVIEW PENDING
assets/icons/tabler/outline/square-rounded-chevron-down.svg,46195ce24d83140c53542fa6bdced353eaa48ad324286d577b6dac0c7530e350,0 0 24 24,XML VALID — VISUAL REVIEW PENDING
assets/icons/tabler/outline/square-rounded-chevron-left.svg,43a10fc1bd4269b2081c21258f00b2e10b49970a7d8f488862df70f2776d4310,0 0 24 24,XML VALID — VISUAL REVIEW PENDING
assets/icons/tabler/outline/square-rounded-chevron-right.svg,f84bbf8a595c4734cbc27ae085391f359be53b173715c7d696c7cd5a9059cc6a,0 0 24 24,XML VALID — VISUAL REVIEW PENDING
assets/icons/tabler/outline/square-rounded-chevron-up.svg,01f2f6593baedffb488caee0637168c1a7f8d17f56254f9f03c3260021c3314c,0 0 24 24,XML VALID — VISUAL REVIEW PENDING
assets/icons/tabler/outline/square-rounded-chevrons-down.svg,d3eef43d6b3789985dccbfb5b62a91a43f42b3b374e44e441427c86d0a2623b9,0 0 24 24,XML VALID — VISUAL REVIEW PENDING
assets/icons/tabler/outline/square-rounded-chevrons-left.svg,dbd95eeb7e5505315e87b39fcab131e150d29627fd92ce0670d31b289cca8966,0 0 24 24,XML VALID — VISUAL REVIEW PENDING
assets/icons/tabler/outline/square-rounded-chevrons-right.svg,7e2cc6a1332f31ad6ac6dbbb1d3cb9d4743eb85ae73977291b30bc8ed2d335d6,0 0 24 24,XML VALID — VISUAL REVIEW PENDING
assets/icons/tabler/outline/square-rounded-chevrons-up.svg,8c50898abb7ff2f25021a9ec6171e2390cae9fff9e02b92de37b1b2398c49cd3,0 0 24 24,XML VALID — VISUAL REVIEW PENDING
assets/icons/tabler/outline/square-rounded-letter-a.svg,e8afeb7f727a3bd7f702b81713c57467ecbe4c880bf24eae7bcff9c89f33b3cd,0 0 24 24,XML VALID — VISUAL REVIEW PENDING
assets/icons/tabler/outline/square-rounded-letter-b.svg,88fa84e0f0e400fd580cf819c0119fce0d56d6e1daceaa20ec33da142655f287,0 0 24 24,XML VALID — VISUAL REVIEW PENDING
assets/icons/tabler/outline/square-rounded-letter-c.svg,9e82ae8ee967809806c4fa9a57032239e2060ae1e2d6805b9e663ee32fb48171,0 0 24 24,XML VALID — VISUAL REVIEW PENDING
assets/icons/tabler/outline/square-rounded-letter-d.svg,ee47032fb180ebc430bd1dafa2ab125688b199eb218966948ff6c03490614e19,0 0 24 24,XML VALID — VISUAL REVIEW PENDING
assets/icons/tabler/outline/square-rounded-letter-e.svg,a69f9103fcf39ea80af7a165757f3e5c8b26925039a9d7e8d5d1a5a8433c1015,0 0 24 24,XML VALID — VISUAL REVIEW PENDING
assets/icons/tabler/outline/square-rounded-letter-f.svg,0c32a3abe976b9492a8d0882ed7e363fbb17f75791c11fc5f92e9e0d4663dcda,0 0 24 24,XML VALID — VISUAL REVIEW PENDING
assets/icons/tabler/outline/square-rounded-letter-g.svg,dc830cd5e3426f43a7ef42f7315b6483ab5d4d0633ba93572cc524c8e9bfe9be,0 0 24 24,XML VALID — VISUAL REVIEW PENDING
assets/icons/tabler/outline/square-rounded-letter-h.svg,9d9a940ce5db19fc0381168a9b4a6078cd64f73ac6feebc40499c323ec304297,0 0 24 24,XML VALID — VISUAL REVIEW PENDING
assets/icons/tabler/outline/square-rounded-letter-i.svg,0d793934344da9a0ced73bfb94b7bf2d4efbd92f1f5941ff0299dcc00284aef9,0 0 24 24,XML VALID — VISUAL REVIEW PENDING
assets/icons/tabler/outline/square-rounded-letter-j.svg,f4d46925ef257995a9113ae45062bddf1e0a48f659813e7b7351e88348e4fd12,0 0 24 24,XML VALID — VISUAL REVIEW PENDING
assets/icons/tabler/outline/square-rounded-letter-k.svg,379ffe5926e4d4a673e292beb2bea8eba1c42b5938b362d9ec592c05455759ef,0 0 24 24,XML VALID — VISUAL REVIEW PENDING
assets/icons/tabler/outline/square-rounded-letter-l.svg,aaf4031285427f8d9c0f6957d707415c2032eb720c19a7d61ebbbba1e7ffe7df,0 0 24 24,XML VALID — VISUAL REVIEW PENDING
assets/icons/tabler/outline/square-rounded-letter-m.svg,1bec40e388d18e0f9a6696d2848d42630f3628b3579fe0585a56c768e12f5f65,0 0 24 24,XML VALID — VISUAL REVIEW PENDING
assets/icons/tabler/outline/square-rounded-letter-n.svg,c0b84a162c7a9540db93c225eb21e82bd28d38143db5732e516d36704a3328aa,0 0 24 24,XML VALID — VISUAL REVIEW PENDING
assets/icons/tabler/outline/square-rounded-letter-o.svg,e3196685cd30da7ef2563fb218e4374dda09c1ee27adfc3718a469ccdd12c86c,0 0 24 24,XML VALID — VISUAL REVIEW PENDING
assets/icons/tabler/outline/square-rounded-letter-p.svg,5b2d5ad7b88a67525d7b8c11d6410394970998a88bc424a0551f75b74c39e475,0 0 24 24,XML VALID — VISUAL REVIEW PENDING
assets/icons/tabler/outline/square-rounded-letter-q.svg,5ff8806ed77b18c058e71450fa219a737029d600f30e3e09b74204d9c6e11591,0 0 24 24,XML VALID — VISUAL REVIEW PENDING
assets/icons/tabler/outline/square-rounded-letter-r.svg,7fa696f7073339b0ca1f459e86f0d1b9dc72d792c9d9067e7f94bbe646aef022,0 0 24 24,XML VALID — VISUAL REVIEW PENDING
assets/icons/tabler/outline/square-rounded-letter-s.svg,41768c7879d85dfd44081c72de509f0ee45df3cb017dc25de6e7bee277cd7a07,0 0 24 24,XML VALID — VISUAL REVIEW PENDING
assets/icons/tabler/outline/square-rounded-letter-t.svg,3156553788302832a94d68fb00faa7e784ba628f2dbd222689b0c17647b9d1de,0 0 24 24,XML VALID — VISUAL REVIEW PENDING
assets/icons/tabler/outline/square-rounded-letter-u.svg,eb543c25980550c06e72e10f72cd2f96b82a03d340829f2bad912a31be1d6bfd,0 0 24 24,XML VALID — VISUAL REVIEW PENDING
assets/icons/tabler/outline/square-rounded-letter-v.svg,27d28ce618098f87ddfa133e86940161503e43390e712c34c9dba42246949ec6,0 0 24 24,XML VALID — VISUAL REVIEW PENDING
assets/icons/tabler/outline/square-rounded-letter-w.svg,b8581782775b205ac8d2d6559a7600b021b59eb2523dc4f30e074704592f2724,0 0 24 24,XML VALID — VISUAL REVIEW PENDING
assets/icons/tabler/outline/square-rounded-letter-x.svg,5924b8d694bdaa504e28009be49446ec9978129e202945ea4e312e9c6eac3e1b,0 0 24 24,XML VALID — VISUAL REVIEW PENDING
assets/icons/tabler/outline/square-rounded-letter-y.svg,256f65c4c7cc4f5c2adf851afca3f2f2fe3f6c97201c9274ebecea65007f1472,0 0 24 24,XML VALID — VISUAL REVIEW PENDING
assets/icons/tabler/outline/square-rounded-letter-z.svg,be55a2b3ff2e0602f821b14fc6b907a386356315f6778fefcd656603e3477bb0,0 0 24 24,XML VALID — VISUAL REVIEW PENDING
assets/icons/tabler/outline/square-rounded-minus-2.svg,f1d8545982bf5da89d2386b2f243b9c7c3beeae2a948f0c8a7b3ced931c77a07,0 0 24 24,XML VALID — VISUAL REVIEW PENDING
assets/icons/tabler/outline/square-rounded-minus.svg,2c3909d154bc2732c29d9e5019105c71a93cf81e6762da873b6207aa2cb11c0a,0 0 24 24,XML VALID — VISUAL REVIEW PENDING
assets/icons/tabler/outline/square-rounded-number-0.svg,3652e1715e74e35b3b482405f13215a54f5d5c89113c7c857134a32bb0d77f40,0 0 24 24,XML VALID — VISUAL REVIEW PENDING
assets/icons/tabler/outline/square-rounded-number-1.svg,cef9efec64381c11603c6bcad97f767760c96c8e927e314bdee6cecd6b740f68,0 0 24 24,XML VALID — VISUAL REVIEW PENDING
assets/icons/tabler/outline/square-rounded-number-2.svg,e36399ada1c0c7123881dd5c169ff6bf1f0058da1db69f2ef1f5751e72d97cf6,0 0 24 24,XML VALID — VISUAL REVIEW PENDING
assets/icons/tabler/outline/square-rounded-number-3.svg,79772dd9dd400e759b36bf8ff86e1fefdc6962d32e971d6cb9bd5cf333b69bb4,0 0 24 24,XML VALID — VISUAL REVIEW PENDING
assets/icons/tabler/outline/square-rounded-number-4.svg,7494ed242e534bd2447cffb465afbf2530f794977d228ca16fa0aedb5c04f0f4,0 0 24 24,XML VALID — VISUAL REVIEW PENDING
assets/icons/tabler/outline/square-rounded-number-5.svg,8b4edb226f09099ad8ae62527aa5b71e4ce167513ea07a7076a92965c286cc1b,0 0 24 24,XML VALID — VISUAL REVIEW PENDING
assets/icons/tabler/outline/square-rounded-number-6.svg,5f903b7fd97f913e46e7e08072c0c79de1d081496cb91502833be5d2d57c86b0,0 0 24 24,XML VALID — VISUAL REVIEW PENDING
assets/icons/tabler/outline/square-rounded-number-7.svg,675e28175d60aa800dfa6a2f40d213e3da44942aa3a26c67ff78a75ea63c4d1c,0 0 24 24,XML VALID — VISUAL REVIEW PENDING
assets/icons/tabler/outline/square-rounded-number-8.svg,8d7593f8840331c5becea6c97a41756c60a2faafd1f9eb299b0cc8825e5e6b05,0 0 24 24,XML VALID — VISUAL REVIEW PENDING
assets/icons/tabler/outline/square-rounded-number-9.svg,af128096f147eb066bc4c51abd2cc74c23fad34ad43131c125bc760ddd8b2d59,0 0 24 24,XML VALID — VISUAL REVIEW PENDING
assets/icons/tabler/outline/square-rounded-percentage.svg,b2cf2e306ff09aed15e1d8fe0213d0c3d812cccd58429457e3a24d7ce1defa17,0 0 24 24,XML VALID — VISUAL REVIEW PENDING
assets/icons/tabler/outline/square-rounded-plus-2.svg,9dd99179d75c480f527b69d122dcb5732f211b074de3f2950d0b73d06ac08251,0 0 24 24,XML VALID — VISUAL REVIEW PENDING
assets/icons/tabler/outline/square-rounded-plus.svg,64bce54cfb06a69e227cf76eb624cae9c7b235df0371f17f7f8800dd316c3250,0 0 24 24,XML VALID — VISUAL REVIEW PENDING
assets/icons/tabler/outline/square-rounded-x.svg,c1ce138148752db81498fd5ae77989315afdc2a69c0ed7c5dcdedbfa0249b445,0 0 24 24,XML VALID — VISUAL REVIEW PENDING
assets/icons/tabler/outline/square-rounded.svg,ddf814cc7676a03f4e306db3abc73f7c4f692cb9246f3d7e415fb962b397f90f,0 0 24 24,XML VALID — VISUAL REVIEW PENDING
assets/icons/tabler/outline/square-toggle-horizontal.svg,c4c7ec2867e7cf8c64e76cc0a3dde0842664b5a6c0cc1ead48a25ba2b9e5664c,0 0 24 24,XML VALID — VISUAL REVIEW PENDING
assets/icons/tabler/outline/square-toggle.svg,e2fc4db6f52c9db038a259b37fc8144f8937834824c5b68870472726518b1303,0 0 24 24,XML VALID — VISUAL REVIEW PENDING
assets/icons/tabler/outline/square-x.svg,44cb4715e40953a6632d5a51c8f964b776b6bae44910801ae20d996c27dd37b2,0 0 24 24,XML VALID — VISUAL REVIEW PENDING
assets/icons/tabler/outline/square.svg,9b7d60dc17b42e0262d9da65bd789356d0f43c55ec8b5201700da939ca64a239,0 0 24 24,XML VALID — VISUAL REVIEW PENDING
assets/icons/tabler/outline/squares-diagonal.svg,8ab6b157c374026b831af8a39281f16f25219357143365941fbd230a990cc0eb,0 0 24 24,XML VALID — VISUAL REVIEW PENDING
assets/icons/tabler/outline/squares-selected.svg,53757d280d07eadd1ad7fb15e07acca2493986e377ab088ed008f273ff0383cd,0 0 24 24,XML VALID — VISUAL REVIEW PENDING
assets/icons/tabler/outline/squares.svg,f2e1022c2bc8468518fde7d19f2c9eebdbf9d93a3802c90b7e72baffb18df2ac,0 0 24 24,XML VALID — VISUAL REVIEW PENDING
assets/icons/tabler/outline/stack-2.svg,f50a521eeceea1ead08d1515460360b6388b1985066a0ee268701a3d529223aa,0 0 24 24,XML VALID — VISUAL REVIEW PENDING
assets/icons/tabler/outline/stack-3.svg,211920ba53b15c85bdacd137c4e819bc2e01270ca3c9532cb180530d322b5a03,0 0 24 24,XML VALID — VISUAL REVIEW PENDING
assets/icons/tabler/outline/stack-back.svg,552975155ec4382c7bbb77e067b8e3c9fb99329b6ddefa5958c99c71597fa1fb,0 0 24 24,XML VALID — VISUAL REVIEW PENDING
assets/icons/tabler/outline/stack-backward.svg,ca5c76e38b16f04742b5ac4cbc6f6fe37c0aae6f14fa503aa53a30236f97532f,0 0 24 24,XML VALID — VISUAL REVIEW PENDING
assets/icons/tabler/outline/stack-forward.svg,a137fab33f1bab04f8a0457ef960e47001491525f53161188ef807e4c587b6d4,0 0 24 24,XML VALID — VISUAL REVIEW PENDING
assets/icons/tabler/outline/stack-front.svg,fd2e29423059ac8335c99ce0dc7bfab6f91b83ca18824660cce7d791b2a8ca02,0 0 24 24,XML VALID — VISUAL REVIEW PENDING
assets/icons/tabler/outline/stack-middle.svg,94f26aa68f2e1494b44e1743d95d4cd6458b2bad30ec014ff0853f33d69602a7,0 0 24 24,XML VALID — VISUAL REVIEW PENDING
assets/icons/tabler/outline/stack-pop.svg,0ae0e8c6a3878dc22c4cb498d94edf72ef9aeccbc7f819ef8b4cf8ae5f980a09,0 0 24 24,XML VALID — VISUAL REVIEW PENDING
assets/icons/tabler/outline/stack-push.svg,16da07026d8fcc8b7fefb2573d5322bed2c375d1b57322c17d5a535b1cb48fee,0 0 24 24,XML VALID — VISUAL REVIEW PENDING
assets/icons/tabler/outline/stack.svg,2b20dbb811d8feed6879e8d8a805a63c13c7ac5dc92904429ed5ce3a63c1a380,0 0 24 24,XML VALID — VISUAL REVIEW PENDING
assets/icons/tabler/outline/stairs-down.svg,e31e2d61e17b237e9131c49282a1c22d11eae6773ae9d095b07e14aa4702e887,0 0 24 24,XML VALID — VISUAL REVIEW PENDING
assets/icons/tabler/outline/stairs-up.svg,8d4c021619f5a2480c054653873f797c7c49908eb6881f853f006a4188655c3d,0 0 24 24,XML VALID — VISUAL REVIEW PENDING
assets/icons/tabler/outline/stairs.svg,23cde358b5e774178e228b25c5ce6a71ddfb7a905eaa839d6e33cb261c5e074d,0 0 24 24,XML VALID — VISUAL REVIEW PENDING
assets/icons/tabler/outline/star-half.svg,41c1d8c0ada46f2b8ec62db0eb9def711a893408907e605dcd5b008005905357,0 0 24 24,XML VALID — VISUAL REVIEW PENDING
assets/icons/tabler/outline/star-off.svg,6e3fa231420822a42c09376ad4f98d9cca6ab0bcbd44f5dcf5bbebf3d5e1c17d,0 0 24 24,XML VALID — VISUAL REVIEW PENDING
assets/icons/tabler/outline/star.svg,78d7dc8447bc61bc2792cb5426f9a9eff35d9eba762488787ed4a9919a7a50ab,0 0 24 24,XML VALID — VISUAL REVIEW PENDING
assets/icons/tabler/outline/stars-off.svg,1a19ea4f2f442fc8e0aeba412e638a1cd94b1370ceec0cb3ad4ce89a3f23e1c4,0 0 24 24,XML VALID — VISUAL REVIEW PENDING
assets/icons/tabler/outline/stars.svg,fa117e90383ab0cc40007d1e08dca08d2e50c32e115fe11ecd14b8fa8c56f404,0 0 24 24,XML VALID — VISUAL REVIEW PENDING
assets/icons/tabler/outline/status-change.svg,905179b650dae665302ec8e65aee824cef058ae02c4f43d6af6f660e9f8cae0a,0 0 24 24,XML VALID — VISUAL REVIEW PENDING
assets/icons/tabler/outline/steam.svg,bfd54d12fcb806de6f8121878ca32ef3bc617a8714b48b91789f8c7d99a07b7a,0 0 24 24,XML VALID — VISUAL REVIEW PENDING
assets/icons/tabler/outline/steering-wheel-off.svg,f7149e921fa9f89b3964d7c7aad689452c5be8a12a37b80427362a017b47ca97,0 0 24 24,XML VALID — VISUAL REVIEW PENDING
assets/icons/tabler/outline/steering-wheel.svg,fccc69a5cb8fb8714cae204ac168478c2f2f970eea91cbe374af90bb55c3b8b1,0 0 24 24,XML VALID — VISUAL REVIEW PENDING
assets/icons/tabler/outline/step-into.svg,005cb9663ee74638c280c40efa8e078a663d1a226c7ff246e2d5a8a6d722349e,0 0 24 24,XML VALID — VISUAL REVIEW PENDING
assets/icons/tabler/outline/step-out.svg,8008e119363bcab6ad28f3abd27653c11a1088cba0e1fcb6307fd07dd96b9836,0 0 24 24,XML VALID — VISUAL REVIEW PENDING
assets/icons/tabler/outline/stereo-glasses.svg,501e549391905f305d3104bc9cbae6f19a6bfca8a9f3331db3c2dccd535ceff0,0 0 24 24,XML VALID — VISUAL REVIEW PENDING
assets/icons/tabler/outline/stethoscope-off.svg,2f770531a6bf10e55d40a68695b2d265b84ee67fe53dc1f42086035aa9574aa7,0 0 24 24,XML VALID — VISUAL REVIEW PENDING
assets/icons/tabler/outline/stethoscope.svg,389d19833e52b397bdd4230ba0a595c71f343b7c0f337d6a79001f5870c879e1,0 0 24 24,XML VALID — VISUAL REVIEW PENDING
assets/icons/tabler/outline/sticker-2.svg,97995b719bdb685ff27ac27036176d5b3644f6976cc3d1f6497b32f11dbe3e7d,0 0 24 24,XML VALID — VISUAL REVIEW PENDING
assets/icons/tabler/outline/sticker.svg,61c80846844e6104d67ee7520d910fcb8b6341418d08171786b29321851a04f3,0 0 24 24,XML VALID — VISUAL REVIEW PENDING
assets/icons/tabler/outline/stopwatch.svg,af0e6c6dcd4f03bfc680455c5a1304da5fd4d6e8b95de290260f44424551f02d,0 0 24 24,XML VALID — VISUAL REVIEW PENDING
assets/icons/tabler/outline/storm-off.svg,83ed96605175aa834ae20723073788148be1bef42cd57eff19657e5c6ed97228,0 0 24 24,XML VALID — VISUAL REVIEW PENDING
assets/icons/tabler/outline/storm.svg,9ec188bf75ec7c01b5250222acabf61e47833c41850c0ce9dde0b6c807ff5015,0 0 24 24,XML VALID — VISUAL REVIEW PENDING
assets/icons/tabler/outline/stretching-2.svg,717795ac409ac60a155bc970461afff2409a74099d49bc4761f4943d55f6178a,0 0 24 24,XML VALID — VISUAL REVIEW PENDING
assets/icons/tabler/outline/stretching.svg,ca88f25267830d8cf50879df8284319c071fcd9340678702bf49ebd1e1ed73d6,0 0 24 24,XML VALID — VISUAL REVIEW PENDING
assets/icons/tabler/outline/strikethrough.svg,c4afca81599392531cd011dbd051391989170d10d4a38b5bbf9afa8c3d619910,0 0 24 24,XML VALID — VISUAL REVIEW PENDING
assets/icons/tabler/outline/submarine.svg,7911ae409098825f094fb61c9d66a8e202eabccebc6d952abdb1661fb0b8380a,0 0 24 24,XML VALID — VISUAL REVIEW PENDING
assets/icons/tabler/outline/subscript.svg,f6771a701ad35b3cab091893c761b2eafaf70ae1d20bbd3e402d4f09449f1f7c,0 0 24 24,XML VALID — VISUAL REVIEW PENDING
assets/icons/tabler/outline/subtask.svg,67402e2b4bc062b249a22753030eeefdb2cd39d7d56e14c546b994db4422bcc7,0 0 24 24,XML VALID — VISUAL REVIEW PENDING
assets/icons/tabler/outline/sum-off.svg,9f3624617de3b1be2676dacab76a7d8afbcd99ac2dde2642b8c67dba002d764f,0 0 24 24,XML VALID — VISUAL REVIEW PENDING
assets/icons/tabler/outline/sum.svg,46699a4ea0fb54e23a960f40443d4f00aa7124cf538617bb903ff721229f9e94,0 0 24 24,XML VALID — VISUAL REVIEW PENDING
assets/icons/tabler/outline/sun-electricity.svg,74a036e08fe8fdc5007662ce2edd2857172aec012e8c866b465227f63e6f674a,0 0 24 24,XML VALID — VISUAL REVIEW PENDING
assets/icons/tabler/outline/sun-high.svg,a74aed5c1b82b14312af86fbb13c9dba6d38105ae1792ab2275ac3441c784971,0 0 24 24,XML VALID — VISUAL REVIEW PENDING
assets/icons/tabler/outline/sun-low.svg,01ec2437e4543bcfb4768b9822b8b9fef8dcf454a0524cdcaee4c2e66712c43c,0 0 24 24,XML VALID — VISUAL REVIEW PENDING
assets/icons/tabler/outline/sun-moon.svg,33e4603b5c7d0f36fa223727bf4e0be8e403078f6fb954080c2aca6e91b2bba8,0 0 24 24,XML VALID — VISUAL REVIEW PENDING
assets/icons/tabler/outline/sun-off.svg,891f358e368d20efdc48aebea5ace02ee309cd00dede0b6ae9ce705b49b91b7d,0 0 24 24,XML VALID — VISUAL REVIEW PENDING
assets/icons/tabler/outline/sun-wind.svg,9f234db11d0a1d5e5f7f8072de5b763b6695f13015ead81d9accd56741ba69fd,0 0 24 24,XML VALID — VISUAL REVIEW PENDING
assets/icons/tabler/outline/sun.svg,142a67bb7961f0e7bf545a52bead547d13bae58360746739a8dfa3efb6a032b0,0 0 24 24,XML VALID — VISUAL REVIEW PENDING
assets/icons/tabler/outline/sunglasses.svg,6759f6efa2c90c9aa3a23b4b97418053235d4febe61fb349aca63873409282dd,0 0 24 24,XML VALID — VISUAL REVIEW PENDING
assets/icons/tabler/outline/sunrise.svg,3a8813d3cea0d8ba906a3f73d5a84ef469f34acd635c6b8589f6583e88caafb0,0 0 24 24,XML VALID — VISUAL REVIEW PENDING
assets/icons/tabler/outline/sunset-2.svg,d0aae71cd8db0847dedf27dfdb74a22ade716e9a7f4ca6076e7d2852d7d53c5e,0 0 24 24,XML VALID — VISUAL REVIEW PENDING
assets/icons/tabler/outline/sunset.svg,921ba2184bed452d2c0256970c7dabb6d34159ae1cfe71bf0bb8f9dc38723365,0 0 24 24,XML VALID — VISUAL REVIEW PENDING
assets/icons/tabler/outline/superscript.svg,17c3e0b546bf78e9433655f026f54effdddb4f5908ee78a2a647d789178706ea,0 0 24 24,XML VALID — VISUAL REVIEW PENDING
assets/icons/tabler/outline/svg.svg,5c1222decb2ba66757cf9e78f67d43648a44cdeb70cdc505fa5a41362a855d62,0 0 24 24,XML VALID — VISUAL REVIEW PENDING
assets/icons/tabler/outline/swimming.svg,bdedd6c2861c7f803eddbcc1e62e12cb7b7da23623ef7a47507aa1ff3e29310f,0 0 24 24,XML VALID — VISUAL REVIEW PENDING
assets/icons/tabler/outline/swipe-down.svg,0a07f36f13bfd09cab697363539b19af4b77755b9b87cbe62f944697293e514e,0 0 24 24,XML VALID — VISUAL REVIEW PENDING
assets/icons/tabler/outline/swipe-left.svg,3d9411ef63f8b052112a62504f5d2f81774e16b6fa1275ef76b4e5ac5e572471,0 0 24 24,XML VALID — VISUAL REVIEW PENDING
assets/icons/tabler/outline/swipe-right.svg,912a732d9865753149eab74444c776c0e4bb4e54125411a0f7af7c004eb54961,0 0 24 24,XML VALID — VISUAL REVIEW PENDING
assets/icons/tabler/outline/swipe-up.svg,ba31d785421609214d5838502f828f15073d7a2da7715d380a9517e5e7087aef,0 0 24 24,XML VALID — VISUAL REVIEW PENDING
assets/icons/tabler/outline/swipe.svg,aca8b7444d3f72a79076bdfc2bed586efa0a9e099abc540a0d1114634f7b30be,0 0 24 24,XML VALID — VISUAL REVIEW PENDING
assets/icons/tabler/outline/switch-2.svg,a3c85cf3825b8613b85cee8e0606e12963cb57e526c26d21651f3fa811d65e6a,0 0 24 24,XML VALID — VISUAL REVIEW PENDING
assets/icons/tabler/outline/switch-3.svg,f7580fba5b4d1cdc6eba881f8a0b965a0256670f28c4db2ad6cde0e1ea9031f4,0 0 24 24,XML VALID — VISUAL REVIEW PENDING
assets/icons/tabler/outline/switch-horizontal.svg,42bb2af6c7746f2950536a75f0d8dc14b7f3b13372372f742b6e03a9836badd3,0 0 24 24,XML VALID — VISUAL REVIEW PENDING
assets/icons/tabler/outline/switch-vertical.svg,e112a942aa2f48eeae0b6afc40d67316c82fd07c7f004cc941904e34b10cef8a,0 0 24 24,XML VALID — VISUAL REVIEW PENDING
assets/icons/tabler/outline/switch.svg,dc9427fcd87fd45d08740d9b1b0ba7a8a0ce36d489a03c03ca5b35c42b644927,0 0 24 24,XML VALID — VISUAL REVIEW PENDING
assets/icons/tabler/outline/sword-off.svg,a6a4d5216f3fa0b893d586f16b2ab5992da0a0f5a3111986c1a224c5cb823abc,0 0 24 24,XML VALID — VISUAL REVIEW PENDING
assets/icons/tabler/outline/sword.svg,8e2de7222debe29932d40332925e5ec1ad7b34df3625a35eb9b0b2eb030f6cf7,0 0 24 24,XML VALID — VISUAL REVIEW PENDING
assets/icons/tabler/outline/swords.svg,1e30f21a5f6223ae90b97f4e9a0a3532027430415f4295fa9b247a6151e65b0f,0 0 24 24,XML VALID — VISUAL REVIEW PENDING
assets/icons/tabler/outline/table-alias.svg,efff64fcf2869a3ad0ddec881efafe3f742b2dc694b0fa1d358e8261e2ae62d9,0 0 24 24,XML VALID — VISUAL REVIEW PENDING
assets/icons/tabler/outline/table-column.svg,f28933705ac066acd9fc205043b000ae897461d2df8944e6191e128c00036534,0 0 24 24,XML VALID — VISUAL REVIEW PENDING
assets/icons/tabler/outline/table-dashed.svg,25670e9fa8295bed9ef24faa1b195ec5506cd9d9a7d516758b95e35179596f57,0 0 24 24,XML VALID — VISUAL REVIEW PENDING
assets/icons/tabler/outline/table-down.svg,0ec7dc76abcd8e5358439ab8e6686cb9f3232df13e017e8132cef93aaffbdc0d,0 0 24 24,XML VALID — VISUAL REVIEW PENDING
assets/icons/tabler/outline/table-export.svg,953dfd1876a293ce351b623bb5651625742a2e31578284cc5ef003623650c0c9,0 0 24 24,XML VALID — VISUAL REVIEW PENDING
assets/icons/tabler/outline/table-heart.svg,b89de8b4afea123de893e010bd22a7e094d4043d05844d9168bf10568ba0c245,0 0 24 24,XML VALID — VISUAL REVIEW PENDING
assets/icons/tabler/outline/table-import.svg,0e3729bdce695d4c3fe1761d3451e3f18664268a44fd1372e98c877a18097d86,0 0 24 24,XML VALID — VISUAL REVIEW PENDING
assets/icons/tabler/outline/table-minus.svg,826d8cbacab60367d5640317c9f18f05194877e2c367f9a213946e010977a927,0 0 24 24,XML VALID — VISUAL REVIEW PENDING
assets/icons/tabler/outline/table-off.svg,05eda4391eb311b09aa71259587b405c06aa0ff7b91b03f54405ac5a66153f3d,0 0 24 24,XML VALID — VISUAL REVIEW PENDING
assets/icons/tabler/outline/table-options.svg,58bfeb860e543eed895ac1d17d2faa979bb10b2d05d2299c7ed74dcad7d73c6f,0 0 24 24,XML VALID — VISUAL REVIEW PENDING
assets/icons/tabler/outline/table-plus.svg,89f2c71bbd2f175a287b4882cd34be094979a076174a55f0458561e8e8d8ffe5,0 0 24 24,XML VALID — VISUAL REVIEW PENDING
assets/icons/tabler/outline/table-row.svg,6992bc628fa6ecc8f008b966730ba2195c94eb05e0ed50dbeecb26fc258d2320,0 0 24 24,XML VALID — VISUAL REVIEW PENDING
assets/icons/tabler/outline/table-share.svg,83c3a95272aef94b0bf944cfd8bbeb3d3374d49da121ee786255ed992af9185b,0 0 24 24,XML VALID — VISUAL REVIEW PENDING
assets/icons/tabler/outline/table-shortcut.svg,e87f66f9e64a3f22464b323fb98c71c9594d2dc3605c57c7f1b987215706a64c,0 0 24 24,XML VALID — VISUAL REVIEW PENDING
assets/icons/tabler/outline/table-spark.svg,72e54252fee24a1dd47785379e064aa3ce0942f3bdd86cdf2ea08ff916948f27,0 0 24 24,XML VALID — VISUAL REVIEW PENDING
assets/icons/tabler/outline/table.svg,dcd7fcbc95d852fce2499ec170c12cde26bc146feeb32c410d9833be37eaa1f2,0 0 24 24,XML VALID — VISUAL REVIEW PENDING
assets/icons/tabler/outline/tag-minus.svg,323640e9d80810897ba82f685e5b96ba2a91fbe02eb6f1c4672cd959f7233db8,0 0 24 24,XML VALID — VISUAL REVIEW PENDING
assets/icons/tabler/outline/tag-off.svg,472a53fe2f6bdd5e73939a0226d0a2886d6f50caa0e398da9424aef77b10e0c9,0 0 24 24,XML VALID — VISUAL REVIEW PENDING
assets/icons/tabler/outline/tag-plus.svg,718a23f989e9d2f65746fd8f3e57a9e22cce8f3a205cccf7c0024c0115460169,0 0 24 24,XML VALID — VISUAL REVIEW PENDING
assets/icons/tabler/outline/tag-starred.svg,45ef75ac8a4c1fe57a93c117db7a209b21061b4067990821a09b4af14286067c,0 0 24 24,XML VALID — VISUAL REVIEW PENDING
assets/icons/tabler/outline/tag.svg,96b90605ae422a9778de2748fdf9c661753a4890f26f794f641608de62daa558,0 0 24 24,XML VALID — VISUAL REVIEW PENDING
assets/icons/tabler/outline/tags-off.svg,4ee9d4d29bc52a31a3cb2c185f67a90fce4f0e56ba131b6ed3751305baa0ad1f,0 0 24 24,XML VALID — VISUAL REVIEW PENDING
assets/icons/tabler/outline/tags.svg,556073579389ddb3e8d0be5c74d01efc83d41ed7ae5857a8ffd4016a6dfe0776,0 0 24 24,XML VALID — VISUAL REVIEW PENDING
assets/icons/tabler/outline/tallymark-1.svg,eac0b498419bd1858bdb644f69e673b4c03fe233c23fe0bf6a58b1cea4b66c89,0 0 24 24,XML VALID — VISUAL REVIEW PENDING
assets/icons/tabler/outline/tallymark-2.svg,d6839df058d99d771b7d50efa2c13eb464891ff0e131fd5f2bad86ecf34d4091,0 0 24 24,XML VALID — VISUAL REVIEW PENDING
assets/icons/tabler/outline/tallymark-3.svg,d836ac5017f5ac99cc355609febaaa0a3ff28c8dafa3e786346190fd4b0b8bd8,0 0 24 24,XML VALID — VISUAL REVIEW PENDING
assets/icons/tabler/outline/tallymark-4.svg,67abec75dc852b8e90c43ef4b7deaaa17cfca34c55336dd370023a35a69f2604,0 0 24 24,XML VALID — VISUAL REVIEW PENDING
assets/icons/tabler/outline/tallymarks.svg,b932adb6131136258f359e12d5c9be1574115f1cf6debeb718bae821444ad182,0 0 24 24,XML VALID — VISUAL REVIEW PENDING
assets/icons/tabler/outline/tank.svg,abc95bd5189f6fd8473f785adf0d0b272cef58765d41aa636791d1a46aa84a0b,0 0 24 24,XML VALID — VISUAL REVIEW PENDING
assets/icons/tabler/outline/target-arrow.svg,08f65695353a671357565595ce244f7fc59c4db79577e4150de31cdbd8342734,0 0 24 24,XML VALID — VISUAL REVIEW PENDING
assets/icons/tabler/outline/target-off.svg,47776279b97a6d76cfe05c8a950db92c8069d8d3bd790aa094bae63c9aa01a46,0 0 24 24,XML VALID — VISUAL REVIEW PENDING
assets/icons/tabler/outline/target.svg,d24800b4c0e8729efda5720749b31cd285071fa45b635ebb8b83bc37f4041419,0 0 24 24,XML VALID — VISUAL REVIEW PENDING
assets/icons/tabler/outline/tax-euro.svg,e78e85aa6de267bd59c3526b3e774baa226f20837c91b6de69be3d8a806ec440,0 0 24 24,XML VALID — VISUAL REVIEW PENDING
assets/icons/tabler/outline/tax-pound.svg,9c11b84cb40e9d964b8875e571e015e882e35daac3f65833f0cdf7d5cb71ab62,0 0 24 24,XML VALID — VISUAL REVIEW PENDING
assets/icons/tabler/outline/tax.svg,c18e3fca938015175a1361e28f61c0f472097f6fe854c4e9dd0554e3e42a6b53,0 0 24 24,XML VALID — VISUAL REVIEW PENDING
assets/icons/tabler/outline/teapot.svg,ea2c1388879bb121755a8fbb59080d55f0715a5ba491035d4a79b80ab6006c66,0 0 24 24,XML VALID — VISUAL REVIEW PENDING
assets/icons/tabler/outline/telescope-off.svg,26b71003acf7e8fa39649251c822b5e9a4e047910cadfe40ffa68117e8bedd83,0 0 24 24,XML VALID — VISUAL REVIEW PENDING
assets/icons/tabler/outline/telescope.svg,9d37a2fa380386348c89120f23d7585ad295d767c396d9553e9cfac4beeaebd0,0 0 24 24,XML VALID — VISUAL REVIEW PENDING
assets/icons/tabler/outline/temperature-celsius.svg,bbb51fe3528c62b3c5960aeeb2ad674743496975c8ac388eb1723ee41bd6afa2,0 0 24 24,XML VALID — VISUAL REVIEW PENDING
assets/icons/tabler/outline/temperature-fahrenheit.svg,510dade1bb2e04129d24fcccead5e0f5a526abfa0a6cb0aab22cc483df4cd3c1,0 0 24 24,XML VALID — VISUAL REVIEW PENDING
assets/icons/tabler/outline/temperature-minus.svg,1614766906de22eb71fd7bf5d3ccd81b0f79969db303f52a947ca41864875ae1,0 0 24 24,XML VALID — VISUAL REVIEW PENDING
assets/icons/tabler/outline/temperature-off.svg,d0aae9121b16b6d9cfe1266b5b683823b92f9de6358fece40330c552647849e8,0 0 24 24,XML VALID — VISUAL REVIEW PENDING
assets/icons/tabler/outline/temperature-plus.svg,eccaf7705ac4f914285332ff9a3a0ddba81abafbd0da542145c9d47610ff8c52,0 0 24 24,XML VALID — VISUAL REVIEW PENDING
assets/icons/tabler/outline/temperature-snow.svg,76004bae3af5b993311a9f839f9de73d84877f743c21908595f338b81b64f67c,0 0 24 24,XML VALID — VISUAL REVIEW PENDING
assets/icons/tabler/outline/temperature-sun.svg,b2915c905a9461c38dc0810a52bea402a3bfe83132e09392076e469af01daa0f,0 0 24 24,XML VALID — VISUAL REVIEW PENDING
assets/icons/tabler/outline/temperature.svg,e84ebfd99cd1a18f50990f5920bb45cab061e9faf474796715e4105e8289067e,0 0 24 24,XML VALID — VISUAL REVIEW PENDING
assets/icons/tabler/outline/template-off.svg,e7b811e9041439b90f8796e3f3677b47804429ccbf807c02bfcbe6ebbb6028c4,0 0 24 24,XML VALID — VISUAL REVIEW PENDING
assets/icons/tabler/outline/template.svg,40021ce16a1ec56a551c8ad655a39495a6a30b94eade1d7a86f7685e722f6cbf,0 0 24 24,XML VALID — VISUAL REVIEW PENDING
assets/icons/tabler/outline/tent-off.svg,42a09b3f13d2776d1719d570dcd67cb9ae85cae7279ed3fd5ea648c6278d67f0,0 0 24 24,XML VALID — VISUAL REVIEW PENDING
assets/icons/tabler/outline/tent.svg,8d274edd563e2724be5257786e23c84a4ca2aad7fcb5e48905d48ce53b1bbe2d,0 0 24 24,XML VALID — VISUAL REVIEW PENDING
assets/icons/tabler/outline/terminal-2.svg,deeacc83c5bb6d3bae10e72ca20c36dbd407856b4217d850132947362688940f,0 0 24 24,XML VALID — VISUAL REVIEW PENDING
assets/icons/tabler/outline/terminal.svg,9814d315597c10c655e7bd0d98fafaf6c761fe3809e3cbcd052d992c71fd15bd,0 0 24 24,XML VALID — VISUAL REVIEW PENDING
assets/icons/tabler/outline/test-pipe-2.svg,c58299613a5dded5c0c2309f63deeb45961c99c7d9ffe065292d42eff906903c,0 0 24 24,XML VALID — VISUAL REVIEW PENDING
assets/icons/tabler/outline/test-pipe-off.svg,939d62b8b4997832c5db04d4ae9effe8a2aba3c353907835793572c7fd490157,0 0 24 24,XML VALID — VISUAL REVIEW PENDING
assets/icons/tabler/outline/test-pipe.svg,a9fa508c35f07bc45133aef5e8745bb6e0faae531fbe6ea5d04c7a5924aa99a9,0 0 24 24,XML VALID — VISUAL REVIEW PENDING
assets/icons/tabler/outline/tex.svg,292e84b99e1402bb202572ba8de376429fa43095cbb4bc6e0fd5485427098baf,0 0 24 24,XML VALID — VISUAL REVIEW PENDING
assets/icons/tabler/outline/text-caption.svg,73316e569c8d208067f45a24a39ebbf162deb855f9f1fa361191514d9cb90e73,0 0 24 24,XML VALID — VISUAL REVIEW PENDING
assets/icons/tabler/outline/text-color.svg,f961b690308808dfdd2497e0ec1450206eace0b005fa751d35873c61daeca6bc,0 0 24 24,XML VALID — VISUAL REVIEW PENDING
assets/icons/tabler/outline/text-decrease.svg,4bcf58ddf97e454f4a6ae36036f6982e85be97780712776472d10bcb7e1ce623,0 0 24 24,XML VALID — VISUAL REVIEW PENDING
assets/icons/tabler/outline/text-direction-ltr.svg,30f982cf7c628830748cdbdedfb54a77f7b322eba8f332a0e888fbf441e2a59b,0 0 24 24,XML VALID — VISUAL REVIEW PENDING
assets/icons/tabler/outline/text-direction-rtl.svg,cf51cc39dbe2808ee56311c7d0a2bc4381e941ca529e108e7497ff38b614e0ba,0 0 24 24,XML VALID — VISUAL REVIEW PENDING
assets/icons/tabler/outline/text-grammar.svg,6ddbc9f6767b9eba954de83dde722431e35e84bf9e86206f48a8d77c12d192a4,0 0 24 24,XML VALID — VISUAL REVIEW PENDING
assets/icons/tabler/outline/text-increase.svg,37e3507a1d0c02383d7029b9a0ce10f88f5ecbd46be80a972dbcc412f56899dc,0 0 24 24,XML VALID — VISUAL REVIEW PENDING
assets/icons/tabler/outline/text-orientation.svg,de047713e3d6f8cb07baa2bbf6a6b5cbf0fa0d1995108ea0e493943f4f81bfc1,0 0 24 24,XML VALID — VISUAL REVIEW PENDING
assets/icons/tabler/outline/text-plus.svg,fc1eb82b207cacfda736784e5817fdfdce1e1b9e0710c9ea3e9342644dfd54d6,0 0 24 24,XML VALID — VISUAL REVIEW PENDING
assets/icons/tabler/outline/text-recognition.svg,daf0e7d57c63cb03640b56bf4575fec3f282f71d1f1611bf0daad5a31c290bbf,0 0 24 24,XML VALID — VISUAL REVIEW PENDING
assets/icons/tabler/outline/text-resize.svg,bc25b115bff795b63bcacf6ec57a938b513444cad5155b7037e8cb4747f6df79,0 0 24 24,XML VALID — VISUAL REVIEW PENDING
assets/icons/tabler/outline/text-scan-2.svg,5db9730e4b68edcc6f1fda73134cc44fc479297448d8df731eb6e8e77fa598cf,0 0 24 24,XML VALID — VISUAL REVIEW PENDING
assets/icons/tabler/outline/text-size.svg,2263180b4fc16759f968f7de04b54a3216a42641454f84334da079cd3780488a,0 0 24 24,XML VALID — VISUAL REVIEW PENDING
assets/icons/tabler/outline/text-spellcheck.svg,d17d20ef13c813761fcdcdbce344770cf2afb33690173ce0ab05e25943eb1c7d,0 0 24 24,XML VALID — VISUAL REVIEW PENDING
assets/icons/tabler/outline/text-wrap-column.svg,6045bfc4c64f5ebf47046de16556d3840818aa04242ede38005d1840bc3b78a8,0 0 24 24,XML VALID — VISUAL REVIEW PENDING
assets/icons/tabler/outline/text-wrap-disabled.svg,fb8393b383bb5e4e379c86b5b917fcf64559f489ae5fddb1aa6de0e0f6b4f6d4,0 0 24 24,XML VALID — VISUAL REVIEW PENDING
assets/icons/tabler/outline/text-wrap.svg,3e7419ca32d38b3595682f32fe0604c7d5b189333534e83d80912eb2dca8ed5d,0 0 24 24,XML VALID — VISUAL REVIEW PENDING
assets/icons/tabler/outline/texture.svg,8750b1c89d756e861755aa5323fa912b073c67924e428ce3e7b2903789c3b1b7,0 0 24 24,XML VALID — VISUAL REVIEW PENDING
assets/icons/tabler/outline/theater.svg,bd9364cb210ed62746ea6b8520c0f530c6162d5e94030d94f9349af0c52aa43e,0 0 24 24,XML VALID — VISUAL REVIEW PENDING
assets/icons/tabler/outline/thermometer.svg,5e78231f4744d80116c0193105207fc949432bf1ee1d4c14d3751ea69997e32c,0 0 24 24,XML VALID — VISUAL REVIEW PENDING
assets/icons/tabler/outline/thumb-down-off.svg,90dbee757a362d59b7ba3725ce1ead1b8e6e190fda506513768714bb804cf7dd,0 0 24 24,XML VALID — VISUAL REVIEW PENDING
assets/icons/tabler/outline/thumb-down.svg,cb29996daca5b9e2a57827bf0e3b45747df734487fe480eddc931cdb1d54c006,0 0 24 24,XML VALID — VISUAL REVIEW PENDING
assets/icons/tabler/outline/thumb-up-off.svg,b529ab43546d44919249a3062423856b9dbcef7c554050ba88ce21d1208dddae,0 0 24 24,XML VALID — VISUAL REVIEW PENDING
assets/icons/tabler/outline/thumb-up.svg,8071a34ecfee9a30efa4122487874824731dcee49bd712d80ff2eb5f5e6fc09d,0 0 24 24,XML VALID — VISUAL REVIEW PENDING
assets/icons/tabler/outline/tic-tac.svg,8209b49d46d2cfb567f089bb3d423bc6c963b392103080f43ed2663f0545ca04,0 0 24 24,XML VALID — VISUAL REVIEW PENDING
assets/icons/tabler/outline/ticket-off.svg,286606b564e757864133f0f74a7afff5c8b218062c054d2dc79980aea1fe31ec,0 0 24 24,XML VALID — VISUAL REVIEW PENDING
assets/icons/tabler/outline/ticket.svg,f676df0185875731c47028a0f4139cf6b4e38072288d187d99496bb00bd2f1b0,0 0 24 24,XML VALID — VISUAL REVIEW PENDING
assets/icons/tabler/outline/tie.svg,e86796e78e9500b3642be8143448c9eb45aa4e663605f8d49a96937a0f8d977f,0 0 24 24,XML VALID — VISUAL REVIEW PENDING
assets/icons/tabler/outline/tilde.svg,99a90473454e3f447008d928d619fdf1b2b5695d23dfb6626687bfdff0718dfc,0 0 24 24,XML VALID — VISUAL REVIEW PENDING
assets/icons/tabler/outline/tilt-shift-off.svg,e56aca67852e1820b15d03941c9fdbef982ddc477462f061104a50d37dbff0f1,0 0 24 24,XML VALID — VISUAL REVIEW PENDING
assets/icons/tabler/outline/tilt-shift.svg,038e70d0c471bd3371b33699c670f4bf0a9effb2de2821f570c504a653a9d94f,0 0 24 24,XML VALID — VISUAL REVIEW PENDING
assets/icons/tabler/outline/time-duration-0.svg,03f50854ff0a2325aa81b198a2555c13708d8ca96c8373d9c62a51a6050cd275,0 0 24 24,XML VALID — VISUAL REVIEW PENDING
assets/icons/tabler/outline/time-duration-10.svg,2eb6114a69d6d0cbcf546a01c11c636a3541c7ddc982b54e0937b02d179a1a97,0 0 24 24,XML VALID — VISUAL REVIEW PENDING
assets/icons/tabler/outline/time-duration-15.svg,7ce0c44a08b00f291237bc2518d77ca1430cd6c25974f9b7608dd2b194c5be16,0 0 24 24,XML VALID — VISUAL REVIEW PENDING
assets/icons/tabler/outline/time-duration-30.svg,0d280e0bdff7fe5a44b691bf3005cbd3d7315eee366dd3ce15259b5c5d6475d4,0 0 24 24,XML VALID — VISUAL REVIEW PENDING
assets/icons/tabler/outline/time-duration-45.svg,4277645256db28409fb8cca559d4392925335dcf1fcb705ea85150bde5bf0230,0 0 24 24,XML VALID — VISUAL REVIEW PENDING
assets/icons/tabler/outline/time-duration-5.svg,63f2a487c4975779b6680f746e4380ac185a5181568811eedcb871f7ee52003e,0 0 24 24,XML VALID — VISUAL REVIEW PENDING
assets/icons/tabler/outline/time-duration-60.svg,1f963bc2307810ed644b0e926d4766886f544f4c37985778a628f472bfa768fb,0 0 24 24,XML VALID — VISUAL REVIEW PENDING
assets/icons/tabler/outline/time-duration-90.svg,ee527e7723ae39cc4d1fcec516ba13640256adce483d56b910f1b16d2ee435ca,0 0 24 24,XML VALID — VISUAL REVIEW PENDING
assets/icons/tabler/outline/time-duration-off.svg,aa914521dc3577ce01450d2de519645327a960eac20a5f153f27db2e013c06ab,0 0 24 24,XML VALID — VISUAL REVIEW PENDING
assets/icons/tabler/outline/timeline-event-exclamation.svg,b5fe305950e3bcdfd662b531e2fcbc546f304ede145ca59d5bb2479641f7a1f2,0 0 24 24,XML VALID — VISUAL REVIEW PENDING
assets/icons/tabler/outline/timeline-event-minus.svg,abd254713531efb4ee921f5733f9d882436cf7373bd391357982eca2ca106781,0 0 24 24,XML VALID — VISUAL REVIEW PENDING
assets/icons/tabler/outline/timeline-event-plus.svg,0e39bf86c8c2e74cc44c6317d7f317ed77bf3a9c44b976844b4cd739aeda3fa8,0 0 24 24,XML VALID — VISUAL REVIEW PENDING
assets/icons/tabler/outline/timeline-event-text.svg,d7dfe984da735a6452ba3887c61665bf520cdac51fc29b7c4450d0709e00b3b1,0 0 24 24,XML VALID — VISUAL REVIEW PENDING
assets/icons/tabler/outline/timeline-event-x.svg,9ade5e4702fca245fd904bb910949349bf65814e70016ac9272378d2c9276149,0 0 24 24,XML VALID — VISUAL REVIEW PENDING
assets/icons/tabler/outline/timeline-event.svg,dd1c24e5b62715c24bee370f752613862057d4b27bc17b6bac7d59246e6f3bf4,0 0 24 24,XML VALID — VISUAL REVIEW PENDING
assets/icons/tabler/outline/timeline.svg,37bb4e641918a5829b870e06114dd4dd1c8b2904c43b8871de5b6b73d8ff525e,0 0 24 24,XML VALID — VISUAL REVIEW PENDING
assets/icons/tabler/outline/timezone.svg,a8f92ebd2f306e43a6c44f83b2afe921667cc21066a52eb96f70c9859a5dc831,0 0 24 24,XML VALID — VISUAL REVIEW PENDING
assets/icons/tabler/outline/tip-jar-euro.svg,49e01f159d1ce5fe52f4b7da8ccc93edfdb762506493ba5ff0f843ece6ed1f87,0 0 24 24,XML VALID — VISUAL REVIEW PENDING
assets/icons/tabler/outline/tip-jar-pound.svg,1f69734247b477b3b48b5cf0fef2f297efd8e7e46791321e70aa95f68e3b5de5,0 0 24 24,XML VALID — VISUAL REVIEW PENDING
assets/icons/tabler/outline/tip-jar.svg,db8870360914d637b0f7842f4d8bb86867dcc491a9228973cf1aa1e25cab0df7,0 0 24 24,XML VALID — VISUAL REVIEW PENDING
assets/icons/tabler/outline/tir.svg,5f2a417f540281295e6b4d41b4c50bce77abe9a83df87a4e61606a127909f409,0 0 24 24,XML VALID — VISUAL REVIEW PENDING
assets/icons/tabler/outline/toggle-left.svg,ce5fdfb64abce882dcb7bfb25db55d7429c60a2807dee9f976419dac06bcf689,0 0 24 24,XML VALID — VISUAL REVIEW PENDING
assets/icons/tabler/outline/toggle-right.svg,5f50e08ed2a03841aa9291534982ef46201edede1efd2be3bcabc3dfe63acbe0,0 0 24 24,XML VALID — VISUAL REVIEW PENDING
assets/icons/tabler/outline/toilet-paper-off.svg,76cbf824c8235d2a5f717c7c1636650c082dd25819dda6e4dd6553376a0be3ba,0 0 24 24,XML VALID — VISUAL REVIEW PENDING
assets/icons/tabler/outline/toilet-paper.svg,9a707c413af7ab83f876548bf555cbafeb1779e697b3a9a77930867523d91adc,0 0 24 24,XML VALID — VISUAL REVIEW PENDING
assets/icons/tabler/outline/toml.svg,9ec4c86db3a6ad0b27df6b4fefcfba22abe2b43f2168e4f5b42aa6f2399f51d1,0 0 24 24,XML VALID — VISUAL REVIEW PENDING
assets/icons/tabler/outline/tool.svg,1dcaab0ce0f60891665e4eab8bc2501dd9e23eb361e891c9c4053a28158c8f6a,0 0 24 24,XML VALID — VISUAL REVIEW PENDING
assets/icons/tabler/outline/tools-kitchen-2-off.svg,b33a2dd0bbd867e713a12c00834baf555d0546312f2bfdfd85a9908a8eb8dda1,0 0 24 24,XML VALID — VISUAL REVIEW PENDING
assets/icons/tabler/outline/tools-kitchen-2.svg,331c362a555bf25f8346637ca3e24b4e89c9494dea775cec4edc7d6ce02af91b,0 0 24 24,XML VALID — VISUAL REVIEW PENDING
assets/icons/tabler/outline/tools-kitchen-3.svg,59cc5f1b037f5d10495ca3fcc8ee755b6b3864c5c3091ff34fc53916978e9c09,0 0 24 24,XML VALID — VISUAL REVIEW PENDING
assets/icons/tabler/outline/tools-kitchen-off.svg,dce3287c74817b4c2edfebdb4b4e95a8b8182b2472f6d19bd60b16bdb5602cba,0 0 24 24,XML VALID — VISUAL REVIEW PENDING
assets/icons/tabler/outline/tools-kitchen.svg,8dbec40f9e55e2ecdea8d903aa723b1939c1179b1195cbd1522347f352849f36,0 0 24 24,XML VALID — VISUAL REVIEW PENDING
assets/icons/tabler/outline/tools-off.svg,2109fd3c03b0b10e35505e795247191e9698bca0bbd2acb03df5075359cad982,0 0 24 24,XML VALID — VISUAL REVIEW PENDING
assets/icons/tabler/outline/tools.svg,6177ae64607c6ca989536aabb063af35df9707713b03d6c9ec54ea0b084b8767,0 0 24 24,XML VALID — VISUAL REVIEW PENDING
assets/icons/tabler/outline/tooltip.svg,68767797bdd4bd821ff1c3f5cee1cfb421034d3a34c6424346d5babd0f62084b,0 0 24 24,XML VALID — VISUAL REVIEW PENDING
assets/icons/tabler/outline/topology-bus.svg,7e6165454fd7868a635de3717dd4d0efd9de4d5cd6b4faf8122be745318c6ec0,0 0 24 24,XML VALID — VISUAL REVIEW PENDING
assets/icons/tabler/outline/topology-complex.svg,64046de589603f931f329f88dcac8eaed1645b2bd007062e4df7bacc68a396dc,0 0 24 24,XML VALID — VISUAL REVIEW PENDING
assets/icons/tabler/outline/topology-full-hierarchy.svg,cd580ab7a6d7f1f8707951ccf9568dfefce3782f928292f75ca8c29eff2d2285,0 0 24 24,XML VALID — VISUAL REVIEW PENDING
assets/icons/tabler/outline/topology-full.svg,1a23df5c3bf818ae70e0d286d06d2f685f0bacb79e0ee2c56a99a6c3677e5dcb,0 0 24 24,XML VALID — VISUAL REVIEW PENDING
assets/icons/tabler/outline/topology-ring-2.svg,99809ee3623beb459fad68a33734cbd63e750d875eeaf25e09d166b0e8f803ad,0 0 24 24,XML VALID — VISUAL REVIEW PENDING
assets/icons/tabler/outline/topology-ring-3.svg,f012185240b343eab5646da6dbf63e1a643c76a236f850e68b83dbd725857541,0 0 24 24,XML VALID — VISUAL REVIEW PENDING
assets/icons/tabler/outline/topology-ring.svg,fe4c0e5aca1c4b349b39dcc2215481f4afc64b9ed8c00fdf65d964a1a0003ce1,0 0 24 24,XML VALID — VISUAL REVIEW PENDING
assets/icons/tabler/outline/topology-star-2.svg,8dd51f0d076995bac8ee7edcae9ce511e01bbfb47b8b3c8854d01fee7c36837c,0 0 24 24,XML VALID — VISUAL REVIEW PENDING
assets/icons/tabler/outline/topology-star-3.svg,8703eb2c8cc5f3846ce56ae641fe0aefacb2a5676da3c3990ae2c24cb335687b,0 0 24 24,XML VALID — VISUAL REVIEW PENDING
assets/icons/tabler/outline/topology-star-ring-2.svg,c2dc962809f3f6797ca4829dab01c5c18fc7cd39c9a3ae547f7e52ad88b38dae,0 0 24 24,XML VALID — VISUAL REVIEW PENDING
assets/icons/tabler/outline/topology-star-ring-3.svg,c77d2f201d6c247f05c398e19adbe2c6118796012bbbc1b0c7fca75ce9f58add,0 0 24 24,XML VALID — VISUAL REVIEW PENDING
assets/icons/tabler/outline/topology-star-ring.svg,0db9eea7e455a03a1d8deb66e5bef7c6e042956ce210576c09dc5a358d1b6f88,0 0 24 24,XML VALID — VISUAL REVIEW PENDING
assets/icons/tabler/outline/topology-star.svg,5159988e62427ead5a6ce21c53f32b49b0de0fde9381a66575a846d02e578aa7,0 0 24 24,XML VALID — VISUAL REVIEW PENDING
assets/icons/tabler/outline/torii.svg,8b9ecce9fa702a0df87f5f9314c376704339ccd4e0a09f7caeea60cbe08ca492,0 0 24 24,XML VALID — VISUAL REVIEW PENDING
assets/icons/tabler/outline/tornado.svg,20328855b4ee98e790c2d0f3e04a6f33eda98457fbc83d4ccc6d621785fbc091,0 0 24 24,XML VALID — VISUAL REVIEW PENDING
assets/icons/tabler/outline/tournament.svg,70a3e00d5acb3051bf4cafc6cd470918f0a8656b4dc382761bea0613bca1bfd4,0 0 24 24,XML VALID — VISUAL REVIEW PENDING
assets/icons/tabler/outline/tower-off.svg,f889588e66cb027ed45c4be748ae7a620397067450bfcd461af614087ffb6af7,0 0 24 24,XML VALID — VISUAL REVIEW PENDING
assets/icons/tabler/outline/tower.svg,389e8402aa6e727d435f84f5711f3b667e2f08d98fbf1a658c47d6f6b2b2291c,0 0 24 24,XML VALID — VISUAL REVIEW PENDING
assets/icons/tabler/outline/track.svg,967d24f9e3f454dbdac46d9c16a567c1a3f15357cde85e930cc0ee78c2ed64e1,0 0 24 24,XML VALID — VISUAL REVIEW PENDING
assets/icons/tabler/outline/tractor.svg,9f0e79fe4b2f13db2e1b508c502bf781210a1f066de1971912dd7edd02b27357,0 0 24 24,XML VALID — VISUAL REVIEW PENDING
assets/icons/tabler/outline/trademark.svg,4607560208bcd155c7e0c95cc20e3f98d1d5beb96d3e4081bf2a3d612e00bbf6,0 0 24 24,XML VALID — VISUAL REVIEW PENDING
assets/icons/tabler/outline/traffic-cone-off.svg,b1654120f0119c21dfc81560b3a2fbb94d99fdee93fa6e3296390fb6140ec80f,0 0 24 24,XML VALID — VISUAL REVIEW PENDING
assets/icons/tabler/outline/traffic-cone.svg,ca080dbf302923cff7b0aa50a1a5a11c4a15e68361365820cf5f31382852290b,0 0 24 24,XML VALID — VISUAL REVIEW PENDING
assets/icons/tabler/outline/traffic-lights-off.svg,127b533f25583439e54d7ecc159aca353eb588432b68549f488aa8ebcda87948,0 0 24 24,XML VALID — VISUAL REVIEW PENDING
assets/icons/tabler/outline/traffic-lights.svg,75ab396e8c8d32660aee8e5937d21a6a62700387af49d37d6e659c62e03e8e68,0 0 24 24,XML VALID — VISUAL REVIEW PENDING
assets/icons/tabler/outline/train.svg,a6e6fd7af8d90276a2b4ce618f2c5cce9648552bdee09e86284ed54450745551,0 0 24 24,XML VALID — VISUAL REVIEW PENDING
assets/icons/tabler/outline/transaction-bitcoin.svg,022e3fe1dce22bcfce7ac54314dd68c1c0370083003337a50a5caaf8ae7ed1e0,0 0 24 24,XML VALID — VISUAL REVIEW PENDING
assets/icons/tabler/outline/transaction-dollar.svg,2c557fdab09a955adc29c9c3aec4a165d7a71cef2e2ccaeab4423b234b62548c,0 0 24 24,XML VALID — VISUAL REVIEW PENDING
assets/icons/tabler/outline/transaction-euro.svg,ddc1ae91f4b69ef19d8b34ac8216770c06a621b4268b93058766b81583235f19,0 0 24 24,XML VALID — VISUAL REVIEW PENDING
assets/icons/tabler/outline/transaction-pound.svg,5b94fd7e7d566058958f36b32f948b85140b63d120137b5110eb3b4ddd46461d,0 0 24 24,XML VALID — VISUAL REVIEW PENDING
assets/icons/tabler/outline/transaction-rupee.svg,4ccdfc8abc4bc67350ecc305280cae024f7157548eea35eb228b1e398587c80e,0 0 24 24,XML VALID — VISUAL REVIEW PENDING
assets/icons/tabler/outline/transaction-yen.svg,83c5662717761f9596dd264fe1c4d6e02bde7eef58c11fee8d76afadc0ed1de0,0 0 24 24,XML VALID — VISUAL REVIEW PENDING
assets/icons/tabler/outline/transaction-yuan.svg,2ab1ff21f7443438d1f66d68378724f965f05470fac2d69afad2cda35caf27bd,0 0 24 24,XML VALID — VISUAL REVIEW PENDING
assets/icons/tabler/outline/transfer-in.svg,129b9949d8d6ac6c77b93750cc5ff61565fea60e73422e0e9259a6e6292ac638,0 0 24 24,XML VALID — VISUAL REVIEW PENDING
assets/icons/tabler/outline/transfer-out.svg,ee7450ffb0c82689792fce25b861f82a5bf463f15a0c55d4292b907c17ba9d34,0 0 24 24,XML VALID — VISUAL REVIEW PENDING
assets/icons/tabler/outline/transfer-vertical.svg,43b16b94687e6066e66ce9a53d3051a3589f13dd77fec03058de06df1e5f9e0d,0 0 24 24,XML VALID — VISUAL REVIEW PENDING
assets/icons/tabler/outline/transfer.svg,92f15603404b6b0f90170b42b6a9bf08faeea1d751c89318ab92ef682029d9c0,0 0 24 24,XML VALID — VISUAL REVIEW PENDING
assets/icons/tabler/outline/transform-point-bottom-left.svg,ae1dacc4045f760817a5ee8df918ddc035933c20740af4267c4f875d5388f5dc,0 0 24 24,XML VALID — VISUAL REVIEW PENDING
assets/icons/tabler/outline/transform-point-bottom-right.svg,e212671913b8705c9da13c596cc07b577b39b32795b98cad85754e944c00c89b,0 0 24 24,XML VALID — VISUAL REVIEW PENDING
assets/icons/tabler/outline/transform-point-top-left.svg,4718dc1c325ee5fbf0c1a07107058c95535b8723b1b95f61938fb6f378aa271e,0 0 24 24,XML VALID — VISUAL REVIEW PENDING
assets/icons/tabler/outline/transform-point-top-right.svg,c70e1893d1601762bce6bea7b2d9129f7e9e927de6cee0624b86af426be63db6,0 0 24 24,XML VALID — VISUAL REVIEW PENDING
assets/icons/tabler/outline/transform-point.svg,85d32ee8dc4cb06fc1463871ad6b972b529d91feee9cd611f43bccbae0a710cf,0 0 24 24,XML VALID — VISUAL REVIEW PENDING
assets/icons/tabler/outline/transform.svg,8b8870c0117c1add0a966633fbdd9d4bbbd2d903ae5aa9b98db884999a42bdb7,0 0 24 24,XML VALID — VISUAL REVIEW PENDING
assets/icons/tabler/outline/transition-bottom.svg,434caf900bd040f9560a1eb27d67d528a607743ba0010f2b4aead7ddf25b219b,0 0 24 24,XML VALID — VISUAL REVIEW PENDING
assets/icons/tabler/outline/transition-left.svg,731d1e9f7642adbc0451ca6489b909dd3ab17fe29784eab5e87eb49eac5ac6fb,0 0 24 24,XML VALID — VISUAL REVIEW PENDING
assets/icons/tabler/outline/transition-right.svg,5564642e484e0e1cabd9c30514b19e752c8a397c02a52948f87ebbd3283bfb52,0 0 24 24,XML VALID — VISUAL REVIEW PENDING
assets/icons/tabler/outline/transition-top.svg,24a21bec8950e8e63f66fa65cf3add5d84ab292ebff3f083ea4ad293690b5504,0 0 24 24,XML VALID — VISUAL REVIEW PENDING
assets/icons/tabler/outline/trash-off.svg,7375451b34fa20001951f52b9e58c6d76652bf8f142b42176b3cc5d7c4274025,0 0 24 24,XML VALID — VISUAL REVIEW PENDING
assets/icons/tabler/outline/trash-x.svg,9c681f711eecb790fdbed9cc16e737e4f361724e21873be194d483f1e132d7bc,0 0 24 24,XML VALID — VISUAL REVIEW PENDING
assets/icons/tabler/outline/trash.svg,acfac7efca0c1b3502c63c16f836e4fce669e8af995255b688e90dccaa489dc0,0 0 24 24,XML VALID — VISUAL REVIEW PENDING
assets/icons/tabler/outline/treadmill.svg,29d646a0358e7086e6ca8d1de264566be01ab4b3437d49d745ac0d8ef5c0fad6,0 0 24 24,XML VALID — VISUAL REVIEW PENDING
assets/icons/tabler/outline/tree.svg,8a59e184aed536595512f71bac304920ad974c66416e3e8c295c6b5f1e154f2e,0 0 24 24,XML VALID — VISUAL REVIEW PENDING
assets/icons/tabler/outline/trees.svg,68e80f0b405eafcb58970997077c0a422a18527728c685c1b33ff0f4814e35d8,0 0 24 24,XML VALID — VISUAL REVIEW PENDING
assets/icons/tabler/outline/trekking.svg,f7fa2cc7c2ad2d3144c367095f447a00dd9bb2c41433e6319c8c1dc56995e72c,0 0 24 24,XML VALID — VISUAL REVIEW PENDING
assets/icons/tabler/outline/trending-down-2.svg,343f4ff8482c7aa3f78f1a88a7f99f390589a9f09033fe871690d890d7619146,0 0 24 24,XML VALID — VISUAL REVIEW PENDING
assets/icons/tabler/outline/trending-down-3.svg,59391d4492caf70dc6a56b813c86d5075e7734e87618419a819e0068f40a7c5f,0 0 24 24,XML VALID — VISUAL REVIEW PENDING
assets/icons/tabler/outline/trending-down.svg,a59b638cb8615ed8402c3ac748326abbfd30eefda9bac30b0ccd634a0f1edb9f,0 0 24 24,XML VALID — VISUAL REVIEW PENDING
assets/icons/tabler/outline/trending-up-2.svg,2af73fd3b6dfeed4f69fea503d37393306f0b5466a26948c9d046464bf69a2cf,0 0 24 24,XML VALID — VISUAL REVIEW PENDING
assets/icons/tabler/outline/trending-up-3.svg,72961285db0a976d2540b7ff94ebdd07d7a4d244343a4f77bd4f4f089ed61453,0 0 24 24,XML VALID — VISUAL REVIEW PENDING
assets/icons/tabler/outline/trending-up.svg,9f3450dacfd6baa2d955f4ab00f22345efbbcbd32710b558bd0399b42a648d06,0 0 24 24,XML VALID — VISUAL REVIEW PENDING
assets/icons/tabler/outline/triangle-inverted.svg,4226e55276f49648fdb4f4f7a0e2955c2a3a1f5ebe68c6598a5937c50d0de103,0 0 24 24,XML VALID — VISUAL REVIEW PENDING
assets/icons/tabler/outline/triangle-minus-2.svg,478c4c7e47352f6eaec03a5d1f659cea524d31f43e52debd066e0e450d1d2fa2,0 0 24 24,XML VALID — VISUAL REVIEW PENDING
assets/icons/tabler/outline/triangle-minus.svg,517539fb219b31408ee51d093bcf2c012ed0c6d7801dfcfdc398d3b010ffb89e,0 0 24 24,XML VALID — VISUAL REVIEW PENDING
assets/icons/tabler/outline/triangle-off.svg,2e7cc7a3e169590490670af039bf721f9ba8545b54cbd8684b7beecad398546d,0 0 24 24,XML VALID — VISUAL REVIEW PENDING
assets/icons/tabler/outline/triangle-plus-2.svg,6cabe5ee257e70d6a730c1c2c0598280875e46b3a44c020aa977a9c170205522,0 0 24 24,XML VALID — VISUAL REVIEW PENDING
assets/icons/tabler/outline/triangle-plus.svg,6aef86060c2ce6e3f91f929e0c130f2fee9265b10290d869996ca3aabff019a8,0 0 24 24,XML VALID — VISUAL REVIEW PENDING
assets/icons/tabler/outline/triangle-square-circle.svg,ad938674811c04499d77b4b07168551eb55cc970c61acb68ce073205fb1014f0,0 0 24 24,XML VALID — VISUAL REVIEW PENDING
assets/icons/tabler/outline/triangle.svg,006be498988f058fcf87f264e615e1e4c099450108d1cc733af405ee3c8d8b2c,0 0 24 24,XML VALID — VISUAL REVIEW PENDING
assets/icons/tabler/outline/triangles.svg,4b6bc188fb917bdf13b79eb75a4ac18a836e7161ed54b25595e82c2317cbeb5b,0 0 24 24,XML VALID — VISUAL REVIEW PENDING
assets/icons/tabler/outline/trident.svg,4de9974c68f7cfd03d4c6081e8a2dc02efcfa531a04492369e25593a3fbc3d0f,0 0 24 24,XML VALID — VISUAL REVIEW PENDING
assets/icons/tabler/outline/trolley.svg,4eb11262d059a036815c4a295e6970e7ac94259fe58e38f9808751cb0ed3349b,0 0 24 24,XML VALID — VISUAL REVIEW PENDING
assets/icons/tabler/outline/trophy-off.svg,56f64da9683443fe7ed0cab6256f17569b7d5526d528c61faf17c055fe885cd2,0 0 24 24,XML VALID — VISUAL REVIEW PENDING
assets/icons/tabler/outline/trophy.svg,0301bfa132366bd784b146e8aa3549d303ec792f89a5ce1f8101f6486b50f57c,0 0 24 24,XML VALID — VISUAL REVIEW PENDING
assets/icons/tabler/outline/trowel.svg,28f880f8bab6192b28ac29bc7bfeda3f36e5fe7f212dbc844590aaed43897b9c,0 0 24 24,XML VALID — VISUAL REVIEW PENDING
assets/icons/tabler/outline/truck-delivery.svg,2cf35dde01e9f270db2e3bca5a9371434e8dcac4087d82c86b14d442726f4c0e,0 0 24 24,XML VALID — VISUAL REVIEW PENDING
assets/icons/tabler/outline/truck-loading.svg,f32a886d611bf02eae88caf5516e059179857065c52b7c1b382240878b0401b4,0 0 24 24,XML VALID — VISUAL REVIEW PENDING
assets/icons/tabler/outline/truck-off.svg,c3ca18dc1d322cbf3a445508ae93e02469eae6913918cb770cfae7783d52e029,0 0 24 24,XML VALID — VISUAL REVIEW PENDING
assets/icons/tabler/outline/truck-return.svg,e0f28de13c5040d6fb47ca89c78b286f4dc01159bc9c9a0c7aa38989c2daba31,0 0 24 24,XML VALID — VISUAL REVIEW PENDING
assets/icons/tabler/outline/truck.svg,f74b89b7640a9bd374e191c9aaedb24485a393c576302211832d6b5b941c17ad,0 0 24 24,XML VALID — VISUAL REVIEW PENDING
assets/icons/tabler/outline/txt.svg,1e08fcff8a4953dcd8a224cd46a5b5d19ba948efeaa023f1b03f290d6614d9cb,0 0 24 24,XML VALID — VISUAL REVIEW PENDING
assets/icons/tabler/outline/typeface.svg,57db34e5de0cd175aedb1e5e076b059522c666b0b2a01ef7d67bba4ca2309a2b,0 0 24 24,XML VALID — VISUAL REVIEW PENDING
assets/icons/tabler/outline/typography-off.svg,51bfeab77911db7eaf9614552c53dbef6b5952bf81c3c6692ecdffc71b3a5cf3,0 0 24 24,XML VALID — VISUAL REVIEW PENDING
assets/icons/tabler/outline/typography.svg,ab7b329f14a699adfb7f40b2c15717b66daabbf10130b3a808f46338df6b3321,0 0 24 24,XML VALID — VISUAL REVIEW PENDING
assets/icons/tabler/outline/u-turn-left.svg,3d36ed2a1db53fdd65319b8034a52e780ba8a13fb651b08b06e3b96cdbeab7b5,0 0 24 24,XML VALID — VISUAL REVIEW PENDING
assets/icons/tabler/outline/u-turn-right.svg,b6f3a098cb3bb455f1415f0d8a3ea7c485d03b4236878eaa4939aefdf946888e,0 0 24 24,XML VALID — VISUAL REVIEW PENDING
assets/icons/tabler/outline/ufo-off.svg,f0556ace21cdf17860532017aa156b48a05b63623fad7911ba34eb797ea56925,0 0 24 24,XML VALID — VISUAL REVIEW PENDING
assets/icons/tabler/outline/ufo.svg,8814b8d1b9495b3caf46982562cd35c11858622c978bd309046fb76c8380802e,0 0 24 24,XML VALID — VISUAL REVIEW PENDING
assets/icons/tabler/outline/uhd.svg,09f9583da67c6a41c0201a5b9a31f7036bbc93045fea54ed086c732640966607,0 0 24 24,XML VALID — VISUAL REVIEW PENDING
assets/icons/tabler/outline/umbrella-2.svg,32e83f991718e9b8a33c29f16c69456ad478a31f5ab81414e09d8a466402e265,0 0 24 24,XML VALID — VISUAL REVIEW PENDING
assets/icons/tabler/outline/umbrella-closed-2.svg,199f22f431b08365782ae27c0fc80d65eec5b5ebf860f94d02f0ec3914df4f60,0 0 24 24,XML VALID — VISUAL REVIEW PENDING
assets/icons/tabler/outline/umbrella-closed.svg,ddf36f54eb5108e7b3f2f4c8d0218674036803fc0a4bbd19d4b0e16a9db2bd63,0 0 24 24,XML VALID — VISUAL REVIEW PENDING
assets/icons/tabler/outline/umbrella-off.svg,21aab43a4b485e47fdc74833b92510f01582293a48bee3aa8a8e483edf2240aa,0 0 24 24,XML VALID — VISUAL REVIEW PENDING
assets/icons/tabler/outline/umbrella.svg,e497804fb8d706ce4e267c0409290368316e11ff4c01c2446cd8b3ff27867417,0 0 24 24,XML VALID — VISUAL REVIEW PENDING
assets/icons/tabler/outline/underline.svg,76fa0d934d9947d0c193582360907132a89d3351422efcabc6932b495b01630c,0 0 24 24,XML VALID — VISUAL REVIEW PENDING
assets/icons/tabler/outline/universe.svg,69c781edde4aa1fbe3f36c1622ccf1a456c764ada2b8a64f7d31219ded93eec0,0 0 24 24,XML VALID — VISUAL REVIEW PENDING
assets/icons/tabler/outline/unlink.svg,90c75558ef76cddd10f4f4c957e07e4f4f0a5ad0181cacabd8bd16f59e435b5c,0 0 24 24,XML VALID — VISUAL REVIEW PENDING
assets/icons/tabler/outline/upload.svg,76b2ad8a612335ebcbcea68fe79882bfece30fa577c2cb347f09f710c85d47b6,0 0 24 24,XML VALID — VISUAL REVIEW PENDING
assets/icons/tabler/outline/urgent.svg,ac7c8b787c3c5b9b4771c5a60320f1f7d7a41f4668cd0bf05673718a774baa3e,0 0 24 24,XML VALID — VISUAL REVIEW PENDING
assets/icons/tabler/outline/usb.svg,0dd3dce1a17944128672979838c76dc84d51ac35500fb3c8989ca0f5e2046d58,0 0 24 24,XML VALID — VISUAL REVIEW PENDING
assets/icons/tabler/outline/user-bitcoin.svg,7ba6a46551daf3068c0637e74482b7c30ac89e82d2c1f17a373fae687f7a7f19,0 0 24 24,XML VALID — VISUAL REVIEW PENDING
assets/icons/tabler/outline/user-bolt.svg,2ef453e00b38b3ed7bf3d7a71eade8ddc1c6f5112bcd50f655b65b13f7cb0f3f,0 0 24 24,XML VALID — VISUAL REVIEW PENDING
assets/icons/tabler/outline/user-cancel.svg,8dee608ad20ccb2d201e8a8a2314a3de84d7e439ac213938dddbaa02fbef42fa,0 0 24 24,XML VALID — VISUAL REVIEW PENDING
assets/icons/tabler/outline/user-check.svg,5f7dd36c6546e74a975c600ed2596027e145795f70280a8fcd3034bca5b57084,0 0 24 24,XML VALID — VISUAL REVIEW PENDING
assets/icons/tabler/outline/user-circle.svg,e759496e507bc691aaa845daca91ffd03b32d357b1cf81d9a2439c961d3a5e12,0 0 24 24,XML VALID — VISUAL REVIEW PENDING
assets/icons/tabler/outline/user-code.svg,28272055cdf8a0db8a8d44a1cbc8032cc939320e7a3b2cf16dd71daac0b7380b,0 0 24 24,XML VALID — VISUAL REVIEW PENDING
assets/icons/tabler/outline/user-cog.svg,64f3853117ec29775e136b708516904b401d979ce24797a4b254bddaabb66f8c,0 0 24 24,XML VALID — VISUAL REVIEW PENDING
assets/icons/tabler/outline/user-dollar.svg,50d57ee62c9e8ff65a99d548cbbf47080d9f085aeae2460fa6e3d471aa90b77a,0 0 24 24,XML VALID — VISUAL REVIEW PENDING
assets/icons/tabler/outline/user-down.svg,1b1bf2ebca444ec6c44f757bf1bce30e8f9c837c0725eeca31f6df928346fbeb,0 0 24 24,XML VALID — VISUAL REVIEW PENDING
assets/icons/tabler/outline/user-edit.svg,7898f1bfb6e9cd1c530ec576000332ebdc5476ec7ceb1ba8092860919fa6bc69,0 0 24 24,XML VALID — VISUAL REVIEW PENDING
assets/icons/tabler/outline/user-exclamation.svg,72992e71bbeba1307b9f3c05de27ca7ff0b21c8b492573014fb7e7449eaafb49,0 0 24 24,XML VALID — VISUAL REVIEW PENDING
assets/icons/tabler/outline/user-heart.svg,29a6355cfa70e1ccccd9208fd3be37383b79f97a99173600dd0ed80c59e08ecd,0 0 24 24,XML VALID — VISUAL REVIEW PENDING
assets/icons/tabler/outline/user-hexagon.svg,5654ad5640b9ed00c27c72b4c0e17c7f9a1c6be9f25b3f42d146c8dfd5268440,0 0 24 24,XML VALID — VISUAL REVIEW PENDING
assets/icons/tabler/outline/user-minus.svg,92357fd07d86413f7f710e1b3a55f0965d6eefb82d96a9ea7504d363e7a90b30,0 0 24 24,XML VALID — VISUAL REVIEW PENDING
assets/icons/tabler/outline/user-off.svg,3980762aa76b203bf6711cd1884e94a5ab04b3b4f91d9ed632206c1116e11d26,0 0 24 24,XML VALID — VISUAL REVIEW PENDING
assets/icons/tabler/outline/user-pause.svg,0c5dd3dfc5d4471d4c2452144c46d9cfe16f629c6288cc8605994859ac8a820e,0 0 24 24,XML VALID — VISUAL REVIEW PENDING
assets/icons/tabler/outline/user-pentagon.svg,e4e151b8e1ce059e885008dec781457b456cfc6dade3907085c11d56cfd1ef6d,0 0 24 24,XML VALID — VISUAL REVIEW PENDING
assets/icons/tabler/outline/user-pin.svg,01fefaccdc21eab5732ba6d8d30800f9122928456360b75d842c0ad83f7aafee,0 0 24 24,XML VALID — VISUAL REVIEW PENDING
assets/icons/tabler/outline/user-plus.svg,ba948a2d4eb75030fd38896fa8c9d6a7c74ed9c10a0bd6f50d60e77da5e85ea0,0 0 24 24,XML VALID — VISUAL REVIEW PENDING
assets/icons/tabler/outline/user-question.svg,7c78f236a1ada008f4728a2dedad53a2bedcef71471a31efcfd7ee58f69e43a3,0 0 24 24,XML VALID — VISUAL REVIEW PENDING
assets/icons/tabler/outline/user-scan.svg,1edf638c06689c7d1bca258be3f36c9df82530d98d06a4037da2c79467d097e0,0 0 24 24,XML VALID — VISUAL REVIEW PENDING
assets/icons/tabler/outline/user-screen.svg,4d9fc2052e30716b6360d187c7e2985fd8bc42f36bc8cdcd9976003b528c4e9e,0 0 24 24,XML VALID — VISUAL REVIEW PENDING
assets/icons/tabler/outline/user-search.svg,6bca891f4317f3293a4ab2c749f0b70d1c987261aaa047999bdbfa136bef0b9a,0 0 24 24,XML VALID — VISUAL REVIEW PENDING
assets/icons/tabler/outline/user-share.svg,38771e55bba89b2739d89022b347f4fa98438c19270aa62828b48e8bb6e863e2,0 0 24 24,XML VALID — VISUAL REVIEW PENDING
assets/icons/tabler/outline/user-shield.svg,f2507137aae351e21b2429dd472a79479881f87a427bb321af7e065fe2fe8477,0 0 24 24,XML VALID — VISUAL REVIEW PENDING
assets/icons/tabler/outline/user-square-rounded.svg,7ad0ebf445b0d64fc1c813f1b525cec3b7f8cc2e990c6189626f9db8534cc0bd,0 0 24 24,XML VALID — VISUAL REVIEW PENDING
assets/icons/tabler/outline/user-square.svg,61978ebe5895dd786f6a27bdd7f2e7b8b4e2439073a05ae0cd6c9e94c79a0b1c,0 0 24 24,XML VALID — VISUAL REVIEW PENDING
assets/icons/tabler/outline/user-star.svg,bc3c1290f0d12683e22ba6bb6c6b2cee240cf8f21b204c3840344057d41bac94,0 0 24 24,XML VALID — VISUAL REVIEW PENDING
assets/icons/tabler/outline/user-up.svg,a781f7d5dbe419271fd553377f0c1db0482bdb9ecc86addd3c98ac864290033a,0 0 24 24,XML VALID — VISUAL REVIEW PENDING
assets/icons/tabler/outline/user-x.svg,b4dbe22c6d1d719590207fa7ec8b569284fa2d8dda5d031cec593d6c686c5ef9,0 0 24 24,XML VALID — VISUAL REVIEW PENDING
assets/icons/tabler/outline/user.svg,c429637bd26b5be9949e6ee0306b317994a22b3ee65cf297f6ef7ada642f173e,0 0 24 24,XML VALID — VISUAL REVIEW PENDING
assets/icons/tabler/outline/users-group.svg,e87f43f208eac0008f5cce4b1e33b39458831dad155137bdd9b80ac9fa83331e,0 0 24 24,XML VALID — VISUAL REVIEW PENDING
assets/icons/tabler/outline/users-minus.svg,0941adf5304cbe13d3b7b7702262cfd7c63ebb41643c9a2980a79dded35192f9,0 0 24 24,XML VALID — VISUAL REVIEW PENDING
assets/icons/tabler/outline/users-plus.svg,74e1fcc4ac33fef02dfcb37248bf58a0edfd09afee150a12209365eedb3a5056,0 0 24 24,XML VALID — VISUAL REVIEW PENDING
assets/icons/tabler/outline/users.svg,e3b3f9a797451260ab75f7a46ff02832f582167ad0bd1cb2d08ae7dfcfdbafae,0 0 24 24,XML VALID — VISUAL REVIEW PENDING
assets/icons/tabler/outline/uv-index.svg,6b07c824e9c8c08bc7453cdeb48bbb287f1685645ac535cbf0371d2ca490f091,0 0 24 24,XML VALID — VISUAL REVIEW PENDING
assets/icons/tabler/outline/ux-circle.svg,67cdd4976bf5ed1093aebb6460ee3e5b05dd528f8665a8219c4d8ec708efbce2,0 0 24 24,XML VALID — VISUAL REVIEW PENDING
assets/icons/tabler/outline/vaccine-bottle-off.svg,1e59d5bc1151c1083db3e6eb5b29280c02846d8854295323256c2730b0627a29,0 0 24 24,XML VALID — VISUAL REVIEW PENDING
assets/icons/tabler/outline/vaccine-bottle.svg,aa983845fe3c46fbdcdeea7f4d3498c8a05713fc53bfd53b19734d6ab9ccfb07,0 0 24 24,XML VALID — VISUAL REVIEW PENDING
assets/icons/tabler/outline/vaccine-off.svg,f83883bad88172c444db3e1ad95b1f49bfbb86bd4c5ce2f20675e88eaa3c015c,0 0 24 24,XML VALID — VISUAL REVIEW PENDING
assets/icons/tabler/outline/vaccine.svg,0ab5292ccc320f93444a5c3347dd775019932cdd2ef1fba3a962520a90a878d6,0 0 24 24,XML VALID — VISUAL REVIEW PENDING
assets/icons/tabler/outline/vacuum-cleaner.svg,cfd3f25ccb9318193a387a013519fa955c12e3b9c08d7edd016f3a0e0d3097ea,0 0 24 24,XML VALID — VISUAL REVIEW PENDING
assets/icons/tabler/outline/variable-minus.svg,608de688bc5dae0de881bd182f6b383e12775abcde016aa7b4f1c1dcbed42213,0 0 24 24,XML VALID — VISUAL REVIEW PENDING
assets/icons/tabler/outline/variable-off.svg,e26220f98100d510a7baf3679d80294b4d119cd3bab2c2f46c5e72ff8f70836a,0 0 24 24,XML VALID — VISUAL REVIEW PENDING
assets/icons/tabler/outline/variable-plus.svg,ba11162041733f1d8bf9c84a7a844c9068eca1183961502014f74d4471e6855d,0 0 24 24,XML VALID — VISUAL REVIEW PENDING
assets/icons/tabler/outline/variable.svg,705ca1c589836aa521d44d022e943d05650509f5b59c6ab47d231ef9cc60c93e,0 0 24 24,XML VALID — VISUAL REVIEW PENDING
assets/icons/tabler/outline/vector-bezier-2.svg,f0571392212e987325b40ba8ab460466a14c9884340ba6230757875a62b524e9,0 0 24 24,XML VALID — VISUAL REVIEW PENDING
assets/icons/tabler/outline/vector-bezier-arc.svg,7afc4f476a6e92cf6a2df87b0f1fd0c5c6dda4f9afef798403b3801ca29a37df,0 0 24 24,XML VALID — VISUAL REVIEW PENDING
assets/icons/tabler/outline/vector-bezier-circle.svg,ec91d6c9dd67e6c79fa3da053926b05b37246ada634b4674cd82382d7706ad33,0 0 24 24,XML VALID — VISUAL REVIEW PENDING
assets/icons/tabler/outline/vector-bezier.svg,034d27faa3ab515c4dae493706baecc9b90d316262c035e669f6a1cc4af45cbe,0 0 24 24,XML VALID — VISUAL REVIEW PENDING
assets/icons/tabler/outline/vector-off.svg,8dc81b9dfa51a81e111eb6b0611b467203256beb54b1068dcbe4d6105d6778c9,0 0 24 24,XML VALID — VISUAL REVIEW PENDING
assets/icons/tabler/outline/vector-spline.svg,e2cbba7bff0b086175285be4a58a3d75f1f11d265991561f12b0d1cc8a041a0c,0 0 24 24,XML VALID — VISUAL REVIEW PENDING
assets/icons/tabler/outline/vector-triangle-off.svg,45254bdcd43ef1497542f7830529b00ec66de655fff43750dee4406e0cd32173,0 0 24 24,XML VALID — VISUAL REVIEW PENDING
assets/icons/tabler/outline/vector-triangle.svg,2f34da8935cfb2c6454acb5f3f7a9a900524f8cad77f48741c492c6f798441d7,0 0 24 24,XML VALID — VISUAL REVIEW PENDING
assets/icons/tabler/outline/vector.svg,82f04d618b90ec5973c135b59a469664ae19aef0beb0e4cfe1b6dd95572c9ae2,0 0 24 24,XML VALID — VISUAL REVIEW PENDING
assets/icons/tabler/outline/venus.svg,ebc9c2a5c04d7333e00a71e7e1624b817eaf8afa25aabafdfc9d460fb5c656fc,0 0 24 24,XML VALID — VISUAL REVIEW PENDING
assets/icons/tabler/outline/versions-off.svg,ac7ed62d56420f840cf3f399d3854ee6a2f4eb78eeb732b9d86229e1259ad2be,0 0 24 24,XML VALID — VISUAL REVIEW PENDING
assets/icons/tabler/outline/versions.svg,7ccc69255e5625df3e36df61c1a9891ab1943abcbcb768d54af94582fcb4bc3e,0 0 24 24,XML VALID — VISUAL REVIEW PENDING
assets/icons/tabler/outline/video-minus.svg,fb8a6cccb4a8a60cf038461eab7869b5323d87bf73c324ff8711f38577a175b2,0 0 24 24,XML VALID — VISUAL REVIEW PENDING
assets/icons/tabler/outline/video-off.svg,71657b0fc671012ffa2d6d9cbeb1d48557691a4d2ba6a609763aeda16dbed43e,0 0 24 24,XML VALID — VISUAL REVIEW PENDING
assets/icons/tabler/outline/video-plus.svg,e2d7ca029b2c9a7e99dbd06d15b2c7352d5c857e639c52496743c634328fb960,0 0 24 24,XML VALID — VISUAL REVIEW PENDING
assets/icons/tabler/outline/video.svg,5392e4e1232d7573f2cfd1e54e51b7d8fc09a467a512fa130609760b001af681,0 0 24 24,XML VALID — VISUAL REVIEW PENDING
assets/icons/tabler/outline/view-360-arrow.svg,728f58698d7eab127b1e03278a095b15860fda17cde8686a36af6d8256084f67,0 0 24 24,XML VALID — VISUAL REVIEW PENDING
assets/icons/tabler/outline/view-360-number.svg,be3167ab776396be1ce3f2b47460afe7e11b8bdf6fdfe8e54e780ebbdfb210dc,0 0 24 24,XML VALID — VISUAL REVIEW PENDING
assets/icons/tabler/outline/view-360-off.svg,8f56cce3b442a370120a16c0e651e1983c4bc92bb25e85c068263578c2596258,0 0 24 24,XML VALID — VISUAL REVIEW PENDING
assets/icons/tabler/outline/view-360.svg,19c7382f2bd136e14f4cdf976e6f73c91cd7cf22aa61be39a6552adcb09c8df4,0 0 24 24,XML VALID — VISUAL REVIEW PENDING
assets/icons/tabler/outline/viewfinder-off.svg,5caa246e783dc417f675e96d9bab82dcb5cd32427dcd5e67c2fdadd1904ff6e7,0 0 24 24,XML VALID — VISUAL REVIEW PENDING
assets/icons/tabler/outline/viewfinder.svg,d2c983297b90a9babf4fad0c2eed593569e7624bd8ac7e26f2d09ea61bb641cb,0 0 24 24,XML VALID — VISUAL REVIEW PENDING
assets/icons/tabler/outline/viewport-narrow.svg,9fdf968874b22912ba34ec999b11ce4210c4b3768c56d0ea59fc2c9604fc36d2,0 0 24 24,XML VALID — VISUAL REVIEW PENDING
assets/icons/tabler/outline/viewport-short.svg,7266daacdd552803b436c7c76e064e6ec6f662979d1e8307d40f052da9f35405,0 0 24 24,XML VALID — VISUAL REVIEW PENDING
assets/icons/tabler/outline/viewport-tall.svg,9a3cfa0ad4838b952211ea14334a282b28f80c01e696360ce6f5f21a02be4505,0 0 24 24,XML VALID — VISUAL REVIEW PENDING
assets/icons/tabler/outline/viewport-wide.svg,d40d45572dc28196f17c55bc70c3145673dfde0a6cd9809504cbbdcd937f4f28,0 0 24 24,XML VALID — VISUAL REVIEW PENDING
assets/icons/tabler/outline/vinyl.svg,eeb0e6f364882dd9421a3c0007296d7ace87e131c2bb4500e7a4dd35c88dc60e,0 0 24 24,XML VALID — VISUAL REVIEW PENDING
assets/icons/tabler/outline/vip-off.svg,d449f5e4bd7707ad7b189a6e749e70e39967826dc02380124c3354fff7a2fe10,0 0 24 24,XML VALID — VISUAL REVIEW PENDING
assets/icons/tabler/outline/vip.svg,d78a19df01ac2aa226b6a9fed7855d7aaa59d1ccfa619cddad537d1b0aec36d6,0 0 24 24,XML VALID — VISUAL REVIEW PENDING
assets/icons/tabler/outline/virus-off.svg,cbec82c74071773a8731d080e24d15c173704ce4b403a450011f85da38484504,0 0 24 24,XML VALID — VISUAL REVIEW PENDING
assets/icons/tabler/outline/virus-search.svg,c1f5333b840e54f102bebf1270c8d44273038e8b88161275f7d715aae1102e33,0 0 24 24,XML VALID — VISUAL REVIEW PENDING
assets/icons/tabler/outline/virus.svg,ce1d57200fcc1d3b673fb70524ea870040c907fb2ce831713fc8404c0d746b00,0 0 24 24,XML VALID — VISUAL REVIEW PENDING
assets/icons/tabler/outline/vocabulary-off.svg,f91ab41b7db8df695f81d2ee9185d1f122aeb4181ee90fcc00fb07c46f851b3c,0 0 24 24,XML VALID — VISUAL REVIEW PENDING
assets/icons/tabler/outline/vocabulary.svg,e1563277628601f0d6fb73d719092a0feb48f8101026a436b55ad54234cc6dcd,0 0 24 24,XML VALID — VISUAL REVIEW PENDING
assets/icons/tabler/outline/volcano.svg,a0f7b521e93edaa02708fe782ff6b6331b7014b0ea5151afe22d3c1bd1c42321,0 0 24 24,XML VALID — VISUAL REVIEW PENDING
assets/icons/tabler/outline/volume-2.svg,9d4eda6db1f67a1138562e04b3f2ccbe05ec447896643d7972cd0ea27e325539,0 0 24 24,XML VALID — VISUAL REVIEW PENDING
assets/icons/tabler/outline/volume-3.svg,d62efa6674773441af8d1cf639ecdfe01d170b824316dfc545c66ef144c6184c,0 0 24 24,XML VALID — VISUAL REVIEW PENDING
assets/icons/tabler/outline/volume-off.svg,a5d5e836eddb375a71547bbf3eef327239c2ba8642a3f270659436c8bfd4989d,0 0 24 24,XML VALID — VISUAL REVIEW PENDING
assets/icons/tabler/outline/volume.svg,ac1d2d050ce52800be9923f4ad56f2ced80cabfa968ced3c7de702a554fece50,0 0 24 24,XML VALID — VISUAL REVIEW PENDING
assets/icons/tabler/outline/vs.svg,f0df21c28d6c5124d359fac8da0a22440eb67ef9dcddc9948c720f1221aaea54,0 0 24 24,XML VALID — VISUAL REVIEW PENDING
assets/icons/tabler/outline/walk.svg,1f2ec74f5c7adaa806fa7c1096aa1e53561f256f73c5533252fbad4ff76cd62a,0 0 24 24,XML VALID — VISUAL REVIEW PENDING
assets/icons/tabler/outline/wall-off.svg,166b93742b38a1bd011eddf394f625fbf993c572391b679436fc73af3db4c9eb,0 0 24 24,XML VALID — VISUAL REVIEW PENDING
assets/icons/tabler/outline/wall.svg,10f8f140d54d89483cb3bd0696e065635bef1dc7343533ded11e287771789f95,0 0 24 24,XML VALID — VISUAL REVIEW PENDING
assets/icons/tabler/outline/wallet-off.svg,45bfb37bf1601cc7df616e73c8111512cb25ee6b2de97709b951acffc98ec70c,0 0 24 24,XML VALID — VISUAL REVIEW PENDING
assets/icons/tabler/outline/wallet.svg,fc4822d3e5b041d29d5dfd06be107361073b72d002889331df780aa421d4d46d,0 0 24 24,XML VALID — VISUAL REVIEW PENDING
assets/icons/tabler/outline/wallpaper-off.svg,9eea6cc0e5943a577d7268fa5b2332cef3ad67414a11148d2a556096fccdcd27,0 0 24 24,XML VALID — VISUAL REVIEW PENDING
assets/icons/tabler/outline/wallpaper.svg,aab6ee20ba4f79aff2d7ec5f6fc0af895ba40e2cc4772887c734bf1bcad6b975,0 0 24 24,XML VALID — VISUAL REVIEW PENDING
assets/icons/tabler/outline/wand-off.svg,361ccceb80bcd1f2716115a1018eef59ab34a1753d01e56c9bf4925e641c6271,0 0 24 24,XML VALID — VISUAL REVIEW PENDING
assets/icons/tabler/outline/wand.svg,f17a83aa58fb478bac8725a0970f9a4dff207a7921f2135bd5459c664ef064f7,0 0 24 24,XML VALID — VISUAL REVIEW PENDING
assets/icons/tabler/outline/wash-dry-1.svg,8b73e3f8baf2bd847bf2e67dd7fe7e879e617b6656c1c0a016cf048f7645b1ee,0 0 24 24,XML VALID — VISUAL REVIEW PENDING
assets/icons/tabler/outline/wash-dry-2.svg,682febc1c5c49aa2b540dd627e7c88629b4c87a8453befc7a618e93e8a9db724,0 0 24 24,XML VALID — VISUAL REVIEW PENDING
assets/icons/tabler/outline/wash-dry-3.svg,94b9632ef570dc0ea14239aee7cbd65bdbe00ff2007c4c61698f6a39687d4dc8,0 0 24 24,XML VALID — VISUAL REVIEW PENDING
assets/icons/tabler/outline/wash-dry-a.svg,83a1d6d6f4ee0d269190d2718734824597df552ceee0b70ebb0d50e98702262d,0 0 24 24,XML VALID — VISUAL REVIEW PENDING
assets/icons/tabler/outline/wash-dry-dip.svg,419806efee56aace53f291180ded9547726d325ccaf1711c564c03ccc9281966,0 0 24 24,XML VALID — VISUAL REVIEW PENDING
assets/icons/tabler/outline/wash-dry-f.svg,797390be5aca6d782123ad705fd2320e604258d13fc3642195a10bc42d18e8f1,0 0 24 24,XML VALID — VISUAL REVIEW PENDING
assets/icons/tabler/outline/wash-dry-flat.svg,190adf2bca5836105e46ca416561cecf7e0e8292b81a1724f336fdbbe9cea450,0 0 24 24,XML VALID — VISUAL REVIEW PENDING
assets/icons/tabler/outline/wash-dry-hang.svg,e16f63e73ed97cd02b533eeeac2babbfef2c3a5c868879b5d3f02f1e6146e49e,0 0 24 24,XML VALID — VISUAL REVIEW PENDING
assets/icons/tabler/outline/wash-dry-off.svg,8af4d428e717d520d36604c92c3f53edf0840dd1709fef58fc1171303774eaa2,0 0 24 24,XML VALID — VISUAL REVIEW PENDING
assets/icons/tabler/outline/wash-dry-p.svg,d5432d5b5e8fba19526f4e1da17b551b9d0d5a210db3c3b7c9e172b8f3cd3608,0 0 24 24,XML VALID — VISUAL REVIEW PENDING
assets/icons/tabler/outline/wash-dry-shade.svg,d508ca2d8418eb8ce8e2244acfa919a29b7c107898676f1da7613a6065c61ebd,0 0 24 24,XML VALID — VISUAL REVIEW PENDING
assets/icons/tabler/outline/wash-dry-w.svg,e970390dac80c6906767f7e3a1b6e1399085dc418737040c0ccaae7cbc840655,0 0 24 24,XML VALID — VISUAL REVIEW PENDING
assets/icons/tabler/outline/wash-dry.svg,c9fb2eb888231d76347fccd83022036f91586f644e364890792c36f0062602b2,0 0 24 24,XML VALID — VISUAL REVIEW PENDING
assets/icons/tabler/outline/wash-dryclean-off.svg,2a374ddaa0e1fe9952bae96ad3316750abb5d70fc8e991313bc01acd0e2c3a4d,0 0 24 24,XML VALID — VISUAL REVIEW PENDING
assets/icons/tabler/outline/wash-dryclean.svg,2dd730096d631222a809aec12beb756e30dc21b2bf1f901b1ee383fa77025be4,0 0 24 24,XML VALID — VISUAL REVIEW PENDING
assets/icons/tabler/outline/wash-eco.svg,08fa24a2e28c995930156f76907312f81037eb32c5daa3b597251209a851c732,0 0 24 24,XML VALID — VISUAL REVIEW PENDING
assets/icons/tabler/outline/wash-gentle.svg,35fe7b77a5b8987acefb0e5f69e2424b7ca74ef54e2140621631e7988c8f25bd,0 0 24 24,XML VALID — VISUAL REVIEW PENDING
assets/icons/tabler/outline/wash-hand.svg,3cce9e4f0c25e30fa120c1408ca1b8cf482ad90e141fdc4bd55767d3fe90d739,0 0 24 24,XML VALID — VISUAL REVIEW PENDING
assets/icons/tabler/outline/wash-machine.svg,547aa0019eb34ddbf2efc9fa875543d747dc61b0f9c016153dfea22b1ce88207,0 0 24 24,XML VALID — VISUAL REVIEW PENDING
assets/icons/tabler/outline/wash-off.svg,cd080e5e8f7b584d9db4cc9a20bcd1293064b5efe9d13a3186d31b8e068520f8,0 0 24 24,XML VALID — VISUAL REVIEW PENDING
assets/icons/tabler/outline/wash-press.svg,f2f8a5cdf1c1bf75e05f2650c84fb0dca21a5120af5a113115f60e3eb36e3912,0 0 24 24,XML VALID — VISUAL REVIEW PENDING
assets/icons/tabler/outline/wash-temperature-1.svg,17eea5b6c5dfd65bcdac825f1dd727851fb77c4bef4402ad4f819d79c266714f,0 0 24 24,XML VALID — VISUAL REVIEW PENDING
assets/icons/tabler/outline/wash-temperature-2.svg,37098bf6a7d3988c02ec8e56fae5bbb82a7823e1afa404484d92407c8effeda1,0 0 24 24,XML VALID — VISUAL REVIEW PENDING
assets/icons/tabler/outline/wash-temperature-3.svg,1d5a72111c8f178d9fd1ea5b3c26568ebc83dd2100b0662d576d8c8d9c206475,0 0 24 24,XML VALID — VISUAL REVIEW PENDING
assets/icons/tabler/outline/wash-temperature-4.svg,17c374b4f3cd5549c476a765d4d82fdf4dc62f3eb4db2b49ef8ba6f1fd2c12be,0 0 24 24,XML VALID — VISUAL REVIEW PENDING
assets/icons/tabler/outline/wash-temperature-5.svg,8ecb6664ab8fec1cc6cf8dde2321a6942f16a7dbf9925b625d87ec0789526573,0 0 24 24,XML VALID — VISUAL REVIEW PENDING
assets/icons/tabler/outline/wash-temperature-6.svg,966d5258b6668be56b05e118bafed0468eeb570d8fe3ad12f54d1283724d00a9,0 0 24 24,XML VALID — VISUAL REVIEW PENDING
assets/icons/tabler/outline/wash-tumble-dry.svg,94f99ffe5ebd0240573bb3d11b8d30a90f004c89613e1bdb7bc98b7a974b5d99,0 0 24 24,XML VALID — VISUAL REVIEW PENDING
assets/icons/tabler/outline/wash-tumble-off.svg,ae81dd99e139a85504369d86b45690b71a353133f592b6a17df9504ae4a9697d,0 0 24 24,XML VALID — VISUAL REVIEW PENDING
assets/icons/tabler/outline/wash.svg,603ca4eb09efaecd4933fc79e2c6726641e2205eb1fdd1208548afd70ad6d86e,0 0 24 24,XML VALID — VISUAL REVIEW PENDING
assets/icons/tabler/outline/waterpolo.svg,97199243aefd36245d4bc31c8e88783501a9940934a7a705414f656cbb86b817,0 0 24 24,XML VALID — VISUAL REVIEW PENDING
assets/icons/tabler/outline/wave-saw-tool.svg,17aec31edec806ff43ad07a8a8503dae2018c5ff6a013a626065abad1bea24f3,0 0 24 24,XML VALID — VISUAL REVIEW PENDING
assets/icons/tabler/outline/wave-sine.svg,7745ef423d3872ad7a87040d131d244a9ec8135bb469ec5f8bbab8e2eeeda17d,0 0 24 24,XML VALID — VISUAL REVIEW PENDING
assets/icons/tabler/outline/wave-square.svg,54fc863577c50b741fc6dec691c0bf2d2bcb38334a7e356b3743237d723357a0,0 0 24 24,XML VALID — VISUAL REVIEW PENDING
assets/icons/tabler/outline/waves-electricity.svg,be082b28761f7e0a2632b44556ffa1b93946f1a2a8b6517310ec3319bb67694c,0 0 24 24,XML VALID — VISUAL REVIEW PENDING
assets/icons/tabler/outline/webhook-off.svg,ccd0eea42604b01a01f6027ed0a028f1f48bdac09f8baf71464ad8e7dfe6a17a,0 0 24 24,XML VALID — VISUAL REVIEW PENDING
assets/icons/tabler/outline/webhook.svg,f442bea524166af25a99bfd860731739a723be67cadd25db58c922dbd18a464a,0 0 24 24,XML VALID — VISUAL REVIEW PENDING
assets/icons/tabler/outline/weight.svg,941198343c29493e2b532bc6f14014a0e1a0ebcdc52779192f75674d62821fe8,0 0 24 24,XML VALID — VISUAL REVIEW PENDING
assets/icons/tabler/outline/wheat-off.svg,21bb357583f39c12ffc940c05debda83c9c862ad03c3bfb10edc010a20f4477e,0 0 24 24,XML VALID — VISUAL REVIEW PENDING
assets/icons/tabler/outline/wheat.svg,0b840fb2d68ed88d0b99fc97a500367c235a5086c69593ccc05f11222af8fd2f,0 0 24 24,XML VALID — VISUAL REVIEW PENDING
assets/icons/tabler/outline/wheel.svg,d292408171f95f9d0db2012694dafe6b35e39a8c2b74080c21ead4932f90a349,0 0 24 24,XML VALID — VISUAL REVIEW PENDING
assets/icons/tabler/outline/wheelchair-off.svg,b86d4e5117692f15e706e6b356898923e46f6213c8664ea719b7ed7cd59e33b9,0 0 24 24,XML VALID — VISUAL REVIEW PENDING
assets/icons/tabler/outline/wheelchair.svg,4cec0967509fc523eb129d7fc73941f56da20497c47b7b9c0c51083a99cbdfc8,0 0 24 24,XML VALID — VISUAL REVIEW PENDING
assets/icons/tabler/outline/whirl.svg,a9a8f77eb6a461fefe492692b8a12467d01ecd5f464c4d642ca187102ec4e87b,0 0 24 24,XML VALID — VISUAL REVIEW PENDING
assets/icons/tabler/outline/wifi-0.svg,c7a76da52e355d5e0947da28a8e9e490ffe87a3546d3f8a1d6d384bc515421fd,0 0 24 24,XML VALID — VISUAL REVIEW PENDING
assets/icons/tabler/outline/wifi-1.svg,24da27dd1925bac052c675e6cf1f38bec8874ae01294d1a11930f9c26543e302,0 0 24 24,XML VALID — VISUAL REVIEW PENDING
assets/icons/tabler/outline/wifi-2.svg,11b6e45bfe50b061d5585bcfed132ee99568ca2a5cf4d5ef39e1d9a129a3936b,0 0 24 24,XML VALID — VISUAL REVIEW PENDING
assets/icons/tabler/outline/wifi-off.svg,cc30c5ef05b3103a20b28db9506c307258821ce58bd3cf41648c495ca4497d0f,0 0 24 24,XML VALID — VISUAL REVIEW PENDING
assets/icons/tabler/outline/wifi.svg,52dafe710f7926b1bceb781a45730be2d586e7ca6ca78033bc7ec913e8a899da,0 0 24 24,XML VALID — VISUAL REVIEW PENDING
assets/icons/tabler/outline/wind-electricity.svg,bfcc09ffde80c6ee9af7e16205034a1def8dd6e75aaa874bd88f449a43112d0d,0 0 24 24,XML VALID — VISUAL REVIEW PENDING
assets/icons/tabler/outline/wind-off.svg,a3b186ecebf1d868eb1890f7b6f579d620c0db557e7abad61f288d6d7b2fc82d,0 0 24 24,XML VALID — VISUAL REVIEW PENDING
assets/icons/tabler/outline/wind.svg,e32a8519cab06c15301f48e40903305dc98267cb0e61ac1eae472cb9d3fc0d05,0 0 24 24,XML VALID — VISUAL REVIEW PENDING
assets/icons/tabler/outline/windmill-off.svg,58eb773f7cbfb07f3d1267f2e9623cf19c41f6a7fdd97d08ce162b246d8891a9,0 0 24 24,XML VALID — VISUAL REVIEW PENDING
assets/icons/tabler/outline/windmill.svg,e36b6b21e12aaf9fbe38a79ad25b41c376f4772690d48028dc55920523c36e38,0 0 24 24,XML VALID — VISUAL REVIEW PENDING
assets/icons/tabler/outline/window-maximize.svg,374383923fb7d9107eb7fece33c7558bd06a5c2c206e2b8c1f4481a505f0bac1,0 0 24 24,XML VALID — VISUAL REVIEW PENDING
assets/icons/tabler/outline/window-minimize.svg,0f3603659027923cf56ea904a038b2a5073acf276edb50f7a3ef351410917388,0 0 24 24,XML VALID — VISUAL REVIEW PENDING
assets/icons/tabler/outline/window-off.svg,15f71ced73c6eb3c50f8b47235ef4983bf8c277a227976dfacfcae44739242d8,0 0 24 24,XML VALID — VISUAL REVIEW PENDING
assets/icons/tabler/outline/window.svg,d66c9d117a947cb44b280125bbe4b7a0d78fb2d85e0e834afd20966984e694cc,0 0 24 24,XML VALID — VISUAL REVIEW PENDING
assets/icons/tabler/outline/windsock.svg,cdc64a3cd639f50018a8463692fc719de9f0a17bdb52db2de7619ee385142ef9,0 0 24 24,XML VALID — VISUAL REVIEW PENDING
assets/icons/tabler/outline/wiper-wash.svg,3a0e64f674b96d5bbfbba31482ba2aadcba6f09d7faf35828dcc55f4083a9d5d,0 0 24 24,XML VALID — VISUAL REVIEW PENDING
assets/icons/tabler/outline/wiper.svg,03a717775eaf83c84727a9438c0d57dea65999fa8943a1caa1583e09c0dfaa83,0 0 24 24,XML VALID — VISUAL REVIEW PENDING
assets/icons/tabler/outline/woman.svg,b12c9e0edf170c11b7b031b51885e828f53670068f9be3acddc09dbb129de859,0 0 24 24,XML VALID — VISUAL REVIEW PENDING
assets/icons/tabler/outline/wood.svg,73ebc130e9b26b255c4e4b2ace783825dbf1cd972691e8a202cda6f609409b89,0 0 24 24,XML VALID — VISUAL REVIEW PENDING
assets/icons/tabler/outline/world-bolt.svg,269aa286d9de25e39fee19eb2f3aa23e1660feeddd17a9b5b42cbfb19403d5e7,0 0 24 24,XML VALID — VISUAL REVIEW PENDING
assets/icons/tabler/outline/world-cancel.svg,1cf27cc50f39058e5fb527eb069e9550109d1fc52f59c234ffabd070c75d30b7,0 0 24 24,XML VALID — VISUAL REVIEW PENDING
assets/icons/tabler/outline/world-check.svg,16f2bfdaead8c6e25f60eac6ef49d1eb80087eac9d7b326b9f6e77c67fa422db,0 0 24 24,XML VALID — VISUAL REVIEW PENDING
assets/icons/tabler/outline/world-code.svg,a92f6c23458b81e2a3229742a506ab2b63573a46d0fce3a64adfd35d8ff9ad47,0 0 24 24,XML VALID — VISUAL REVIEW PENDING
assets/icons/tabler/outline/world-cog.svg,0a6841075ba6e9aab2d0110a71e47631a002b2042d85c6ba4ba7eee2637972aa,0 0 24 24,XML VALID — VISUAL REVIEW PENDING
assets/icons/tabler/outline/world-dollar.svg,a80b3d4d0b3bf9d94401ce0705ea288b18fa0408233a969f24034bbd4d01aa59,0 0 24 24,XML VALID — VISUAL REVIEW PENDING
assets/icons/tabler/outline/world-down.svg,43027d8811872be09ea67356ab4b0d0fcb68e606dff2ae3ab4f61de15b04c7f4,0 0 24 24,XML VALID — VISUAL REVIEW PENDING
assets/icons/tabler/outline/world-download.svg,c13953386db8c7cdec84344c75b6fb1499a27566b2ec496066cd8080c89b3794,0 0 24 24,XML VALID — VISUAL REVIEW PENDING
assets/icons/tabler/outline/world-exclamation.svg,dff980d36ba88ffcff32614b34d5688d91f0d55e9fc6c91ee5bd5446ce0d9da5,0 0 24 24,XML VALID — VISUAL REVIEW PENDING
assets/icons/tabler/outline/world-heart.svg,9abde0e8bc289c2baf63038a04d760f7e1c18c0ce89744f3d7851d9098b7c328,0 0 24 24,XML VALID — VISUAL REVIEW PENDING
assets/icons/tabler/outline/world-latitude.svg,4ffda82ceaf22349bd6aa29aaef0ae27dc974f725f281ca0406ba45ec6c19ff2,0 0 24 24,XML VALID — VISUAL REVIEW PENDING
assets/icons/tabler/outline/world-longitude.svg,0e4c4a5119d982dc6ff698b6d6d6f00a4340168262728d02bdf042e4f2cc7904,0 0 24 24,XML VALID — VISUAL REVIEW PENDING
assets/icons/tabler/outline/world-minus.svg,f9c72927f71423938fd08c7b79a8bef9441277dfedf02046b4f91acdc3284273,0 0 24 24,XML VALID — VISUAL REVIEW PENDING
assets/icons/tabler/outline/world-off.svg,5f1d05d94a5e9d467e185b85ef4a7ec2f8195c99a25173e92e82c5d13fa7575e,0 0 24 24,XML VALID — VISUAL REVIEW PENDING
assets/icons/tabler/outline/world-pause.svg,5f19129d13168255383eb9203402530779ba03c29e504952e09ca67e23fb187b,0 0 24 24,XML VALID — VISUAL REVIEW PENDING
assets/icons/tabler/outline/world-pin.svg,242514c362e4b925340a71bce3fb70e73e348b3323f3314a29ac18ee104c2c20,0 0 24 24,XML VALID — VISUAL REVIEW PENDING
assets/icons/tabler/outline/world-plus.svg,19ac43edbe491b5b7e5ddb6b278ae5711e8ac9f4bd131ae2e72d4b541f342a56,0 0 24 24,XML VALID — VISUAL REVIEW PENDING
assets/icons/tabler/outline/world-question.svg,75e18c57c575259f60f3476143550b8a252a0933d5ac1ea46929a3d8665a4d87,0 0 24 24,XML VALID — VISUAL REVIEW PENDING
assets/icons/tabler/outline/world-search.svg,900e5e3ae05dbbc279d964edca74a22634ff850ed8935a6704e608e41d240e22,0 0 24 24,XML VALID — VISUAL REVIEW PENDING
assets/icons/tabler/outline/world-share.svg,6b4dcda777007c6885fa5a467bd9f57ce460a10d4fb3b2fbd1f592f53d0e6738,0 0 24 24,XML VALID — VISUAL REVIEW PENDING
assets/icons/tabler/outline/world-star.svg,423677740fad16fc2380a94d497229734d43254488bafa22e3805fe786679d7d,0 0 24 24,XML VALID — VISUAL REVIEW PENDING
assets/icons/tabler/outline/world-up.svg,769aa9d6951e4202be462f145c7d6f6335a77f0e3853fbe94d62d9df4ca8f37f,0 0 24 24,XML VALID — VISUAL REVIEW PENDING
assets/icons/tabler/outline/world-upload.svg,884d6701e2c915be13f1dd86db82ba9edddaac3c8c74be2dae8e7b7b3fd59d74,0 0 24 24,XML VALID — VISUAL REVIEW PENDING
assets/icons/tabler/outline/world-www.svg,0b923a966e260f1bfaa869bde18a56546325b6c15a9fa185f463e2c69904f6cc,0 0 24 24,XML VALID — VISUAL REVIEW PENDING
assets/icons/tabler/outline/world-x.svg,41b443966a6eb24ac8847fef3a98d8454ce85a4ed402c2df7f8161f1d9715bf6,0 0 24 24,XML VALID — VISUAL REVIEW PENDING
assets/icons/tabler/outline/world.svg,254cf68112db142d3bd2897b940f70ebbd303671849db0c5e92aec686d205ba2,0 0 24 24,XML VALID — VISUAL REVIEW PENDING
assets/icons/tabler/outline/wrecking-ball.svg,21394ef672edb49a59857c7e2aedd8a5417cedcec5f130c3a13ab98a447e7bae,0 0 24 24,XML VALID — VISUAL REVIEW PENDING
assets/icons/tabler/outline/writing-off.svg,5104b147133e89956f78005765d89aaedd0e33b03b2e020043dcb06e25b62f01,0 0 24 24,XML VALID — VISUAL REVIEW PENDING
assets/icons/tabler/outline/writing-sign-off.svg,79f281582216ecfcb70dd9e0fd72d9699f19dae72e9c8c9ea92f0a43dd15cd30,0 0 24 24,XML VALID — VISUAL REVIEW PENDING
assets/icons/tabler/outline/writing-sign.svg,11883b704fb9212988f915efeba151dddc721c8ed436c33c0b523a05fc3483da,0 0 24 24,XML VALID — VISUAL REVIEW PENDING
assets/icons/tabler/outline/writing.svg,e613a1df88224412e520cb0e48b8ff822c7e4780a0e7941b4b61a48e78eb866e,0 0 24 24,XML VALID — VISUAL REVIEW PENDING
assets/icons/tabler/outline/x-power-y.svg,76c46a501d4fb545ec5525ad7348c60ac34139a680dba9a1096a5df60630affd,0 0 24 24,XML VALID — VISUAL REVIEW PENDING
assets/icons/tabler/outline/x.svg,b71b2c0e17697c41893d00e222a6244a3d3cbb3cd2b40496ce7f58e21db44664,0 0 24 24,XML VALID — VISUAL REVIEW PENDING
assets/icons/tabler/outline/xbox-a.svg,84d3071982435109cdd43aac5546dc18d5d8dc0887095dcc8362148507be8198,0 0 24 24,XML VALID — VISUAL REVIEW PENDING
assets/icons/tabler/outline/xbox-b.svg,fcd0df8672ba7a4e0fa83fdd3efd5c4e87eff6182e8eab96a94988a6efa4bb76,0 0 24 24,XML VALID — VISUAL REVIEW PENDING
assets/icons/tabler/outline/xbox-x.svg,3bf0d82df6a8d12314d7f1638f4171db728f1779ba9b4b427aa15dd781fd9666,0 0 24 24,XML VALID — VISUAL REVIEW PENDING
assets/icons/tabler/outline/xbox-y.svg,40650330fdbf2fb2da5ce4ce3544676040f1735e2e6ccfe869591c82552ce354,0 0 24 24,XML VALID — VISUAL REVIEW PENDING
assets/icons/tabler/outline/xd.svg,a4f3349be4a90d31dc9fd1291c7af8b67efabc03cd8bb23795cd94ca6c44b0b3,0 0 24 24,XML VALID — VISUAL REVIEW PENDING
assets/icons/tabler/outline/xxx.svg,6b86fb3ded1f5d3e8bb68fa0feeb0bdaa11b3a94e610c9ab5b5761dbf4f53b92,0 0 24 24,XML VALID — VISUAL REVIEW PENDING
assets/icons/tabler/outline/yin-yang.svg,7bcf1e7b8c652f8d8903583d7bc8e7c6bab0fa7b64820af35947ec86b2110dbc,0 0 24 24,XML VALID — VISUAL REVIEW PENDING
assets/icons/tabler/outline/yoga.svg,cf78d9e8bedc70ae1d250416d557b9cf49619c99e3f8678278ef2ad94859dce0,0 0 24 24,XML VALID — VISUAL REVIEW PENDING
assets/icons/tabler/outline/zeppelin-off.svg,20c353962757db7b7f8ae0ea14352318d97409800a88c2fa89684ac288d2779e,0 0 24 24,XML VALID — VISUAL REVIEW PENDING
assets/icons/tabler/outline/zeppelin.svg,729fb2a2e5b30e0e54f2c80c2e69d4243d9cf666fee1377c90778f6f3d9ec0c9,0 0 24 24,XML VALID — VISUAL REVIEW PENDING
assets/icons/tabler/outline/zip.svg,81167c3bd030c2ac5497ffb89db3b7c81daf2c49481c948194d9b48edbc6e4bb,0 0 24 24,XML VALID — VISUAL REVIEW PENDING
assets/icons/tabler/outline/zodiac-aquarius.svg,b0818e248796beb8d744f01f47c91cbb9eff10c672fecda6c139e966152dd49f,0 0 24 24,XML VALID — VISUAL REVIEW PENDING
assets/icons/tabler/outline/zodiac-aries.svg,44cb5b6995ab05db2a62838f5c22d32349e97a0da85aa013fc5f2c6120f1e16f,0 0 24 24,XML VALID — VISUAL REVIEW PENDING
assets/icons/tabler/outline/zodiac-cancer.svg,da647f48f3d040afb5a7afa848f019f18de25dfce1a6fecd0ecad5df1dfb87bb,0 0 24 24,XML VALID — VISUAL REVIEW PENDING
assets/icons/tabler/outline/zodiac-capricorn.svg,a87a98e1ae1278def3071414c8e53f4507918d19bd6dc3fc85d944494facfc4b,0 0 24 24,XML VALID — VISUAL REVIEW PENDING
assets/icons/tabler/outline/zodiac-gemini.svg,08ef142406185c58f4cabcdb24e606e51608409177ff24d8b214c5a19e71212d,0 0 24 24,XML VALID — VISUAL REVIEW PENDING
assets/icons/tabler/outline/zodiac-leo.svg,75038b0b9da4936e6b8ebdf95e90fbce217515037cab705b1f33f3d86b9c5da1,0 0 24 24,XML VALID — VISUAL REVIEW PENDING
assets/icons/tabler/outline/zodiac-libra.svg,841344209021ed333fac5351613f7dcb3d5bcf3d4fe0e013442ec299c9c34464,0 0 24 24,XML VALID — VISUAL REVIEW PENDING
assets/icons/tabler/outline/zodiac-pisces.svg,f0c235e96bc1d311fad505061476b1d358177dafb9e961d89710b51d203d1ea9,0 0 24 24,XML VALID — VISUAL REVIEW PENDING
assets/icons/tabler/outline/zodiac-sagittarius.svg,3ba37795621b3fa2780f9321b46cbc83fa1f040d8752517267fed5818b981eb1,0 0 24 24,XML VALID — VISUAL REVIEW PENDING
assets/icons/tabler/outline/zodiac-scorpio.svg,0bd02087c194a15e31e5df3ea968545f54cc9654c9e724a1999b20fcfc993937,0 0 24 24,XML VALID — VISUAL REVIEW PENDING
assets/icons/tabler/outline/zodiac-taurus.svg,111122a5bb4983db7232deab09c3658313360ff24b237559d6e226307d609756,0 0 24 24,XML VALID — VISUAL REVIEW PENDING
assets/icons/tabler/outline/zodiac-virgo.svg,914c0fc5354f2867ab7b4f7dda05528ac9a0b715fb4bd8deaf9e85040f592805,0 0 24 24,XML VALID — VISUAL REVIEW PENDING
assets/icons/tabler/outline/zoom-cancel.svg,1f4b1cd48f635f46e968fdf6563a601e855cd4592ba7e3ef1d38e9edc43dc4ad,0 0 24 24,XML VALID — VISUAL REVIEW PENDING
assets/icons/tabler/outline/zoom-check.svg,7d905d8d278ffecf60b2a6f3c648a9d1edaf7761cc09ce806b0583d87b837742,0 0 24 24,XML VALID — VISUAL REVIEW PENDING
assets/icons/tabler/outline/zoom-code.svg,129302310fe7e31ea5da06033692489c0e69d930bae72cac9e8557c31547750e,0 0 24 24,XML VALID — VISUAL REVIEW PENDING
assets/icons/tabler/outline/zoom-exclamation.svg,d20e459be0a139e49be210d0cdb858cf6dec2fee2b67d3ed153bff4a7bd14cc9,0 0 24 24,XML VALID — VISUAL REVIEW PENDING
assets/icons/tabler/outline/zoom-in-area.svg,6d64c6e4fd515af5e8a2c1557788a5138008b3f547ddb624e3acc1ee249d5bb3,0 0 24 24,XML VALID — VISUAL REVIEW PENDING
assets/icons/tabler/outline/zoom-in.svg,04757cde2058b73dd3cd241f180cff913f65b5b33631c1dc98843e4a7eaab218,0 0 24 24,XML VALID — VISUAL REVIEW PENDING
assets/icons/tabler/outline/zoom-money.svg,fdcb80400a31b841115bc81afd075b4b1bd808ac91a70019a3b2ffce6b2bbdb2,0 0 24 24,XML VALID — VISUAL REVIEW PENDING
assets/icons/tabler/outline/zoom-out-area.svg,5bd92c41a11acd2dbb491629d4d1451ae80bb44497a71287fcec490680df1eb1,0 0 24 24,XML VALID — VISUAL REVIEW PENDING
assets/icons/tabler/outline/zoom-out.svg,5cc351a1e0df754454dd5290143477e0c00500c1b2fa42ccc3a105e6fed99eaa,0 0 24 24,XML VALID — VISUAL REVIEW PENDING
assets/icons/tabler/outline/zoom-pan.svg,73855b6e5f200ca81b0508ce524704e64fa8bd697509a6f24fe7058910dbe497,0 0 24 24,XML VALID — VISUAL REVIEW PENDING
assets/icons/tabler/outline/zoom-question.svg,06f028c1465b3a5ba2d9c0f60349753fc6c9555817d05b3e7931f9f10fce6380,0 0 24 24,XML VALID — VISUAL REVIEW PENDING
assets/icons/tabler/outline/zoom-replace.svg,e9498d5eea3da9208f9c7f300ce91dc85440628817999c3ef9332f27cfed01f5,0 0 24 24,XML VALID — VISUAL REVIEW PENDING
assets/icons/tabler/outline/zoom-reset.svg,d6c87b08a0fe4edd964852134f90b8f6d0411b448cb14ce72965e9e6b650e8fe,0 0 24 24,XML VALID — VISUAL REVIEW PENDING
assets/icons/tabler/outline/zoom-scan.svg,ec74730e2c04c9019534c25fccb493925a0e31c47bb2254353a45c2144d1be43,0 0 24 24,XML VALID — VISUAL REVIEW PENDING
assets/icons/tabler/outline/zoom.svg,11db6ed878ac4c06e80627b9fe0ddba16f3f2250ca3219e5aa93d1eb2b3314bf,0 0 24 24,XML VALID — VISUAL REVIEW PENDING
assets/icons/tabler/outline/zzz-off.svg,af278f81c499ae19e443dbb4375dc4109103a07d48ba4a6b0f9e306e40133ee9,0 0 24 24,XML VALID — VISUAL REVIEW PENDING
assets/icons/tabler/outline/zzz.svg,f3f4b4c5ed84cb71c34eb66b3f3f1b2bc5975e8cbf45ea070906a7545eeb2b0f,0 0 24 24,XML VALID — VISUAL REVIEW PENDING
assets/icons/tablet-smartphone.svg,8d1d6bed5605fa57ff29dbf8070ebbd355a01dc44545281d34bfa51062eda70f,0 0 24 24,XML VALID — VISUAL REVIEW PENDING
assets/icons/tablet.svg,0614c0bf38182c393f9ed5abe282dd901029d2bd336b10988018f776a76ea885,0 0 24 24,XML VALID — VISUAL REVIEW PENDING
assets/icons/tablets.svg,c889c82240faf3879522762d693aaf81842e2ae212f844a9bf55ba4a3a0db371,0 0 24 24,XML VALID — VISUAL REVIEW PENDING
assets/icons/tag.svg,382e69fd40cc2b84257713295ba61b245b5a0326e86105481c2ddef930823b27,0 0 24 24,XML VALID — VISUAL REVIEW PENDING
assets/icons/tags.svg,d95873db2e421558834ac5456c1eac47b5d49548305164b7814fde1841d85d83,0 0 24 24,XML VALID — VISUAL REVIEW PENDING
assets/icons/tally-1.svg,39a8b9ab96a6338b7ac8ee984f4604827e8f9279bfb23e7c4f67b8bc084d9b15,0 0 24 24,XML VALID — VISUAL REVIEW PENDING
assets/icons/tally-2.svg,bf4b7fbd410d0b273ccf3f74a44fcf4c67549be48a97ca25ac45deafb7c97d31,0 0 24 24,XML VALID — VISUAL REVIEW PENDING
assets/icons/tally-3.svg,c1f400dc675f4edbfcb97771dade732f3f5292688ac5d37d5a003954bced39ac,0 0 24 24,XML VALID — VISUAL REVIEW PENDING
assets/icons/tally-4.svg,d9ff69bc29d872eb7854244effa3d4ab03c5a8d4b680b7bfd5af2734a2a47986,0 0 24 24,XML VALID — VISUAL REVIEW PENDING
assets/icons/tally-5.svg,88cc89176f6aee29d109d6e73fb2ea55267ae566208455290f9f02fff1a13f2d,0 0 24 24,XML VALID — VISUAL REVIEW PENDING
assets/icons/tangent.svg,a12017efc694167dfffe8314d6de497f8517e9cbbd82067a4c1b9eb7c42577af,0 0 24 24,XML VALID — VISUAL REVIEW PENDING
assets/icons/target.svg,d8bff543bbc1ad23ef744546da299316c1d2b500ddc58530c31dc971c9f7e344,0 0 24 24,XML VALID — VISUAL REVIEW PENDING
assets/icons/telescope.svg,faae3508b75166933a26dfef31a97b2c228fce42aec84833dd80235c09b7c54a,0 0 24 24,XML VALID — VISUAL REVIEW PENDING
assets/icons/tent-tree.svg,84c846051644adda5861ae80584123d9724ecadc1549a2b76b58c41eefdaf8e7,0 0 24 24,XML VALID — VISUAL REVIEW PENDING
assets/icons/tent.svg,d17f4c7ec610c19357580865e645fae241dd8f35950414c08f07ba2a1a9ca3bd,0 0 24 24,XML VALID — VISUAL REVIEW PENDING
assets/icons/terminal-square.svg,f07aa042034178e7f7f1f5dd83230a525b6a7fe264331d0c21a5bfc4d7851356,0 0 24 24,XML VALID — VISUAL REVIEW PENDING
assets/icons/terminal.svg,84a926b7917a48ca678443b16124ec62f8bdae2a3027622363e112cfd31cad8d,0 0 24 24,XML VALID — VISUAL REVIEW PENDING
assets/icons/test-tube-2.svg,da3c6205760dd5425f1751a39842d3c390213ea04f1245488e3a465aba648fac,0 0 24 24,XML VALID — VISUAL REVIEW PENDING
assets/icons/test-tube-diagonal.svg,7f8446d9db826d1641f4413e5a81c8174b4b6adff9fbf4ed0596fea58c56f121,0 0 24 24,XML VALID — VISUAL REVIEW PENDING
assets/icons/test-tube.svg,f3956642a515cc663b97a8a9a79fd726b151dc79002e7ebf2719092a8aebb9c0,0 0 24 24,XML VALID — VISUAL REVIEW PENDING
assets/icons/test-tubes.svg,708eb48d3e350769f789e0cb1d09973b6113fe40a46693ab1091730a6926ba0a,0 0 24 24,XML VALID — VISUAL REVIEW PENDING
assets/icons/text-align-center.svg,c1ba8be28c7e2f4d8ad2a32444d638cae9a278a3c9bee1f9b97f7ca9bdaf37e7,0 0 24 24,XML VALID — VISUAL REVIEW PENDING
assets/icons/text-align-end.svg,66fc0d97b63061e0363ed9211e6177685630b2e06f5848b76d3405ac59b63da2,0 0 24 24,XML VALID — VISUAL REVIEW PENDING
assets/icons/text-align-justify.svg,8b36f5002c38826884a1eaeca46d78330007a185b53987d4988d15f803d86d9d,0 0 24 24,XML VALID — VISUAL REVIEW PENDING
assets/icons/text-align-start.svg,25b9b792d80a52d86570e66dd506301cd667fe5bee7e0694e5e141bbd0903503,0 0 24 24,XML VALID — VISUAL REVIEW PENDING
assets/icons/text-cursor-input.svg,89c32cf057003618e20978e874b4ac63016b05246b87c194dcadac47c4930ce6,0 0 24 24,XML VALID — VISUAL REVIEW PENDING
assets/icons/text-cursor.svg,ada7a4dc197e3f98a9b0bf0bcdafef6098af0fc456aa0ad73cbffd0a75fc792f,0 0 24 24,XML VALID — VISUAL REVIEW PENDING
assets/icons/text-initial.svg,b465da44d93ebd71b93194b543b39d1ee33048244f901e2a0bded26c315ad5cb,0 0 24 24,XML VALID — VISUAL REVIEW PENDING
assets/icons/text-quote.svg,eb1eac3c66de0926da3f230e99f5f44388d48d24dac123b9d4511c7043116b63,0 0 24 24,XML VALID — VISUAL REVIEW PENDING
assets/icons/text-search.svg,b57f9719d66b86914423c6cc2e296865ca1ad9cd3dce3d323d634863779d5b75,0 0 24 24,XML VALID — VISUAL REVIEW PENDING
assets/icons/text-select.svg,c63da41eb4e0b327a4864ade4d8bde3383d01002310cce878b0b89810d79b501,0 0 24 24,XML VALID — VISUAL REVIEW PENDING
assets/icons/text-selection.svg,ac71865405fecbe4dd67dde8f3c104bdb65036920e11e33597c7565907f3898b,0 0 24 24,XML VALID — VISUAL REVIEW PENDING
assets/icons/text-wrap.svg,9b8cd522c6dcfc5be526b1f4ca035e21f9dfe04527bbecfe77ae2ec4d0d67343,0 0 24 24,XML VALID — VISUAL REVIEW PENDING
assets/icons/text.svg,c676825f409e5d34412aabbcec89196494288204c8f6a755cd99dedfef2422e7,0 0 24 24,XML VALID — VISUAL REVIEW PENDING
assets/icons/theater.svg,c8b969d18ef6e64572d1579dba79255b7b82ffa697dfb305a4a5e6ed81b53c4c,0 0 24 24,XML VALID — VISUAL REVIEW PENDING
assets/icons/thermometer-snowflake.svg,f0797ccaf48641a3ea3913c1f19610a8b07d8a45a7baa66848f86d65bc361533,0 0 24 24,XML VALID — VISUAL REVIEW PENDING
assets/icons/thermometer-sun.svg,56e85c0b8cc01f2f5ade3fa59875c979f9a06a9e18627feba8fc965b875b4f78,0 0 24 24,XML VALID — VISUAL REVIEW PENDING
assets/icons/thermometer.svg,96f129d45dac27762c3b8efdfffa53161e5e6a0bd6d04440d185db168496c9da,0 0 24 24,XML VALID — VISUAL REVIEW PENDING
assets/icons/thumbs-down.svg,df820ddd88731850e803aadc183efa2ddf4dd46ff0ed5aafc415124d56f09c96,0 0 24 24,XML VALID — VISUAL REVIEW PENDING
assets/icons/thumbs-up.svg,bd94ced84f4399a94c21b36ade9c569da1eb616c38e7b7724cba0752d5921b90,0 0 24 24,XML VALID — VISUAL REVIEW PENDING
assets/icons/ticket-check.svg,7c6eb2242a666bc5328280c4c1e7925b2a827ee1467c1b91dd9a156e3eb00a59,0 0 24 24,XML VALID — VISUAL REVIEW PENDING
assets/icons/ticket-minus.svg,3997afec4bf10c343c188f96ea501722a844fcc12fdafee9946b6e682e76579b,0 0 24 24,XML VALID — VISUAL REVIEW PENDING
assets/icons/ticket-percent.svg,4017a4a3985ff4673f824e6687d369596bc6e18a425ee45b07487174a92f0a6a,0 0 24 24,XML VALID — VISUAL REVIEW PENDING
assets/icons/ticket-plus.svg,df9b9b2dce069230fdc1550880e677fa61be86aeef31db031b6de5c77333a5f6,0 0 24 24,XML VALID — VISUAL REVIEW PENDING
assets/icons/ticket-slash.svg,7c26fbbc3fd1f2911a27438bc603d3884e34f21fb512afa5074c71482c3bf113,0 0 24 24,XML VALID — VISUAL REVIEW PENDING
assets/icons/ticket-x.svg,c8f55ee6c0a769a511a10726614b904918c4fe21ab0a13e76ed4f9f8919359c9,0 0 24 24,XML VALID — VISUAL REVIEW PENDING
assets/icons/ticket.svg,da34c175163962257358fa56c7c829c508a4f19b418dcfe684b6fa9e2c6c1890,0 0 24 24,XML VALID — VISUAL REVIEW PENDING
assets/icons/tickets-plane.svg,dad4c655985af0579a62cff3edcf76b06476843ee0d241524732ed3951b03be8,0 0 24 24,XML VALID — VISUAL REVIEW PENDING
assets/icons/tickets.svg,fa4668a2ffcffb797581512fe329f6c3eeb83a5a6ae2a0f0a743862522e28dfb,0 0 24 24,XML VALID — VISUAL REVIEW PENDING
assets/icons/timer-off.svg,3e79acf23dfa7dd050a5435b103d11ef6c18422f61ea11265f51ff358913d9a9,0 0 24 24,XML VALID — VISUAL REVIEW PENDING
assets/icons/timer-reset.svg,683cff56c89e6c5723233032eadacd7ee98ee7629d7c2df97dd1f2269516190c,0 0 24 24,XML VALID — VISUAL REVIEW PENDING
assets/icons/timer.svg,c2e99398e7188c959502c47213a505ff98e86f87e2420623cbc876b6031bd0ec,0 0 24 24,XML VALID — VISUAL REVIEW PENDING
assets/icons/toggle-left.svg,77e9252783d3f84c2e06547748077754abe43087a035b6a4800de70df7c0d660,0 0 24 24,XML VALID — VISUAL REVIEW PENDING
assets/icons/toggle-right.svg,e2541b702fb7a5b8c48a7f4cbdae3341348c7ddf25307e0a17a539c52359ec07,0 0 24 24,XML VALID — VISUAL REVIEW PENDING
assets/icons/toilet.svg,a53a36c7773b9d254df7a4b6eda1d12a82ba531101b06f8cc5f87388c1c8c130,0 0 24 24,XML VALID — VISUAL REVIEW PENDING
assets/icons/tool-case.svg,738f2cef22a914285a7cc85053f5e253fcd61e6658fe9cafac2a141312b07951,0 0 24 24,XML VALID — VISUAL REVIEW PENDING
assets/icons/tornado.svg,13baa422701797bb7060f210ead8f324cfee4d884a792bdf9d4bd97ff5a769a9,0 0 24 24,XML VALID — VISUAL REVIEW PENDING
assets/icons/torus.svg,5643cfe756f9e67b9939f8223cdec12b2b7b9bfb85606c1ac7931f6ea3eba7c7,0 0 24 24,XML VALID — VISUAL REVIEW PENDING
assets/icons/touchpad-off.svg,f919fd1b82ab3d42425badf4996a757c81d32295ca882986a4e6babdf8cef106,0 0 24 24,XML VALID — VISUAL REVIEW PENDING
assets/icons/touchpad.svg,8be590db39cded0330d6fe3f145d1cd2b50acd65e89a961245beacbc94fa78c3,0 0 24 24,XML VALID — VISUAL REVIEW PENDING
assets/icons/tower-control.svg,0d0d9630829451cc868e976ffd08807babe48d13996c5a69be510b7b1cd277ff,0 0 24 24,XML VALID — VISUAL REVIEW PENDING
assets/icons/toy-brick.svg,25e825f6c0c3072b39124b4f9f5da1efae287f711991d718e78826d2dc7b8bbe,0 0 24 24,XML VALID — VISUAL REVIEW PENDING
assets/icons/tractor.svg,420a9e28c8dc332ed4db5d1c3f7552a62a0eeb2ab914c08b4625f82004cfa1ff,0 0 24 24,XML VALID — VISUAL REVIEW PENDING
assets/icons/traffic-cone.svg,643e21c5e25aec23aaf10c4052ee5bb3c5a84d45b072ece597cb1dab35286365,0 0 24 24,XML VALID — VISUAL REVIEW PENDING
assets/icons/train-front-tunnel.svg,5b2f956b68d938ae4f195b805de815c2b2bbd34778a55bc4298193944a6471d9,0 0 24 24,XML VALID — VISUAL REVIEW PENDING
assets/icons/train-front.svg,d084271ef4706a8071a56aaca00bb052211839bc360671275f5786824a15027d,0 0 24 24,XML VALID — VISUAL REVIEW PENDING
assets/icons/train-track.svg,f713187e67d687727d47725f6afe0c183ce9b9110486ae15ae35dc401d55519f,0 0 24 24,XML VALID — VISUAL REVIEW PENDING
assets/icons/train.svg,2489561ce41c2117d934ac6cb4f5c7e779a0904f41a317308a0d83ca9d3e2393,0 0 24 24,XML VALID — VISUAL REVIEW PENDING
assets/icons/tram-front.svg,af7587cb2b71771c41c198d026421f09186c60e64ac853d40ab48d3533411cf2,0 0 24 24,XML VALID — VISUAL REVIEW PENDING
assets/icons/transgender.svg,50ad1cf23c99ea6904050a02ddfde25dace1eb402b16af54a91d79b09911f0bc,0 0 24 24,XML VALID — VISUAL REVIEW PENDING
assets/icons/trash-2.svg,834759694b5a0d19ef956c88bb9a212e176117fd6088425fdb3958af9a2c9ec4,0 0 24 24,XML VALID — VISUAL REVIEW PENDING
assets/icons/trash.svg,cd9d6c9f58808112e2c6f0aeb3f1d98a1e97a7c260a73e287c2c2390442eff5f,0 0 24 24,XML VALID — VISUAL REVIEW PENDING
assets/icons/tree-deciduous.svg,6416c61b70fdf01715cde3375d0992e846ab89dd8cb3d3fd3b26ed5976589561,0 0 24 24,XML VALID — VISUAL REVIEW PENDING
assets/icons/tree-palm.svg,9404663d6873f3e1b7b59cac711b5e769069de1112b79f716a79d07758e4bed7,0 0 24 24,XML VALID — VISUAL REVIEW PENDING
assets/icons/tree-pine.svg,5fe374dc1b5f9ae8bd3a5390347553f5808e098b6081d360f74126dfa6e6d2bb,0 0 24 24,XML VALID — VISUAL REVIEW PENDING
assets/icons/trees.svg,9ba4fa42411182580958a948af5454538d6aa0c6fe801cd89a5f05fdf3e59a99,0 0 24 24,XML VALID — VISUAL REVIEW PENDING
assets/icons/trello.svg,d4885ce63e25f7bc56f73cc7d1374e9ec56077b5ea241cf9dc3bcd2a1d2f90e1,0 0 24 24,XML VALID — VISUAL REVIEW PENDING
assets/icons/trending-down.svg,da8c8b8a3a3b4908ce0c27dd7e83e26f9dda3f998e003137bf0b4550f150e89e,0 0 24 24,XML VALID — VISUAL REVIEW PENDING
assets/icons/trending-up-down.svg,648de91c37e7f3e881c97724bffaf036166bbf846acb24eaef24765daf20dcd5,0 0 24 24,XML VALID — VISUAL REVIEW PENDING
assets/icons/trending-up.svg,857fd917c4596cfe011d00d68dfdec1e7ef76584b682f9faccf05730260213b4,0 0 24 24,XML VALID — VISUAL REVIEW PENDING
assets/icons/triangle-alert.svg,b96aed86c7b297d61c43d95fda5031c7514667836fdb727d397a5672014e753a,0 0 24 24,XML VALID — VISUAL REVIEW PENDING
assets/icons/triangle-dashed.svg,f7a818eb1270b7822991e121738d8096f5aaa7043d6b2321ecd5abc22a180219,0 0 24 24,XML VALID — VISUAL REVIEW PENDING
assets/icons/triangle-right.svg,f3d1a824f25f18449944e9ef4790bb38f2dfaaf3de2b16e13263715eb2e93bac,0 0 24 24,XML VALID — VISUAL REVIEW PENDING
assets/icons/triangle.svg,c4b2415b78c09dac1ab3c6a986f81a8917ba26268a8dd6e330e5e9f6d4fd08f5,0 0 24 24,XML VALID — VISUAL REVIEW PENDING
assets/icons/trophy.svg,1ba9e85c2b6a1704db1936bc6844c3b34bd915ac3ef7afc8fa239cc707543a02,0 0 24 24,XML VALID — VISUAL REVIEW PENDING
assets/icons/truck-electric.svg,b24e48cc90e8f06b5379963ecc37bb442a2cb96f58f15dda232c65b78eaa1de7,0 0 24 24,XML VALID — VISUAL REVIEW PENDING
assets/icons/truck.svg,f9ad22e4f3e196fb2aa6356a27ce8ef272148b8297deae1a09620aa25b971f50,0 0 24 24,XML VALID — VISUAL REVIEW PENDING
assets/icons/turkish-lira.svg,4e2cc4960222ea6b6a3d2b1e8d02c7b9d1d650ab83f9191a1e543b7f861fc983,0 0 24 24,XML VALID — VISUAL REVIEW PENDING
assets/icons/turntable.svg,b84c8334455138943d550a86fbef97057135278b6d5dc6a47520d6e999a73fb3,0 0 24 24,XML VALID — VISUAL REVIEW PENDING
assets/icons/turtle.svg,194e85d717312ec8b5256a098b49855205b2ad46ed75de933d203736d8f666da,0 0 24 24,XML VALID — VISUAL REVIEW PENDING
assets/icons/tv-2.svg,df3f2c22d8284a3bba80b53263ebdc906d05aad954a297b1d2ae2e57e0859d0e,0 0 24 24,XML VALID — VISUAL REVIEW PENDING
assets/icons/tv-minimal-play.svg,c62a4f45998e6aa45a3af16a0d5cbb93ab822cfe0f53fce53746ae0d3d713308,0 0 24 24,XML VALID — VISUAL REVIEW PENDING
assets/icons/tv-minimal.svg,1967e30b72779d2bab3e442a2e121f8fb82fe98c6aca1d416d5715db035c8cab,0 0 24 24,XML VALID — VISUAL REVIEW PENDING
assets/icons/tv.svg,b85126181d406b7f21f3955982f0266a5e7e7c3b3d32dc8939f6e42f7e9515ca,0 0 24 24,XML VALID — VISUAL REVIEW PENDING
assets/icons/twitch.svg,d1ecf34813ed01c328bb6cc408d90b7b0690f0bbd6d92e70094703a3eff2c3dc,0 0 24 24,XML VALID — VISUAL REVIEW PENDING
assets/icons/twitter.svg,69aed2dacc4a46ef1112af5618cc5d06633a171701e4a6d89daa39fbcae3eeb8,0 0 24 24,XML VALID — VISUAL REVIEW PENDING
assets/icons/type-outline.svg,a128aaf3bd2c006d589829da8b85d9d49b55ef50b3a3fdff1f8660967e86df8d,0 0 24 24,XML VALID — VISUAL REVIEW PENDING
assets/icons/type.svg,e9f06035551fd088d7c5ac923793b7a054e1f0943951afda7276b4d6ac15d469,0 0 24 24,XML VALID — VISUAL REVIEW PENDING
assets/icons/umbrella-off.svg,7e68f4bec179b4f7609c22ac60260ae4543dbaf0df6d7519d0a9551e91f0a377,0 0 24 24,XML VALID — VISUAL REVIEW PENDING
assets/icons/umbrella.svg,65d1d629fbe5cf105da78d1bc3ac3d600b58e3e69fc01b59604ff32999d2494d,0 0 24 24,XML VALID — VISUAL REVIEW PENDING
assets/icons/underline.svg,8b923bb7b4ee3621bf18b362babf52f4c975527a514d49eee14aa302d736198f,0 0 24 24,XML VALID — VISUAL REVIEW PENDING
assets/icons/undo-2.svg,090150ba8d03dcf4760840b308e216df48a39e1f4eb2c40e8226a92284322649,0 0 24 24,XML VALID — VISUAL REVIEW PENDING
assets/icons/undo-dot.svg,250f07e342bdd686459962f43de6ac0e524f2ea56484f9b3cd93f1a102ebbef2,0 0 24 24,XML VALID — VISUAL REVIEW PENDING
assets/icons/undo.svg,0cd29002297743de8b38c9450a0c2cbf3659fa8f633849c645d2abb7d758494a,0 0 24 24,XML VALID — VISUAL REVIEW PENDING
assets/icons/unfold-horizontal.svg,864f40386b2e731061719f347c67697bd800fa77435aeb5536096ae241f26099,0 0 24 24,XML VALID — VISUAL REVIEW PENDING
assets/icons/unfold-vertical.svg,71792083c809af82ad6205f3b2e35af5c1f0a35d4de6a05310f2b2f721e054ef,0 0 24 24,XML VALID — VISUAL REVIEW PENDING
assets/icons/ungroup.svg,84fcd1429cb33ede0e26309b0bdd2d4c80a94486422d7ee200da285c39ca2be7,0 0 24 24,XML VALID — VISUAL REVIEW PENDING
assets/icons/university.svg,b65f7a8f590c9efc92d5507dee663e98579845855be0e2906317001c79fa0de7,0 0 24 24,XML VALID — VISUAL REVIEW PENDING
assets/icons/unlink-2.svg,d24f2a7276158a8bab5b312e5ae434fd2277fad33ad8c28d6232351d92fd8555,0 0 24 24,XML VALID — VISUAL REVIEW PENDING
assets/icons/unlink.svg,0e969caabe03bf1e09e6b57588aa01b0b0629c6cca0dfd815c6264d22e85ab33,0 0 24 24,XML VALID — VISUAL REVIEW PENDING
assets/icons/unlock-keyhole.svg,33950d10374238eae363638d4214f69f054592ea0c0f1445795c2ae1fd773145,0 0 24 24,XML VALID — VISUAL REVIEW PENDING
assets/icons/unlock.svg,ad626b5c61c08ca668c17d6361a79aa0b25b3c00958ea24b7cf0a8a2eb0b0c62,0 0 24 24,XML VALID — VISUAL REVIEW PENDING
assets/icons/unplug.svg,4c9ae08f3a2b21aa65d722f35bde9d6ff25ba4c1274b1d21b99dcdb1058515f8,0 0 24 24,XML VALID — VISUAL REVIEW PENDING
assets/icons/upload-cloud.svg,3cf9671d1e2df583430b10c4cee0f3288f05ade5c30ff018b1767df5c2f3341e,0 0 24 24,XML VALID — VISUAL REVIEW PENDING
assets/icons/upload.svg,d4da6dc25fe6f2cfe76dad3cc0d9393d56d235a7f6da4f1e999998599542f47a,0 0 24 24,XML VALID — VISUAL REVIEW PENDING
assets/icons/usb.svg,29299cc89e68ea71975d133cc2fa95b94262924c7485b0ae6f3509c0abe22f41,0 0 24 24,XML VALID — VISUAL REVIEW PENDING
assets/icons/user-2.svg,9dec2e7073d67761f02631fb2ac3cea45939c4ebcc12ba18f32e5c75aefa8f0c,0 0 24 24,XML VALID — VISUAL REVIEW PENDING
assets/icons/user-check-2.svg,165303119731ff6a52245771715464a87fddf7513c18192bcc1730729613c01d,0 0 24 24,XML VALID — VISUAL REVIEW PENDING
assets/icons/user-check.svg,8615909e6492f2dbd00139b563acc8cf66c4785da2d43a1a3c21566fc87da95a,0 0 24 24,XML VALID — VISUAL REVIEW PENDING
assets/icons/user-circle-2.svg,7e100354a9760c5b5ec0126842819e0e87335dd0c055dd301684959fd35f9093,0 0 24 24,XML VALID — VISUAL REVIEW PENDING
assets/icons/user-circle.svg,7d732a96e9e73545b8c8f36e23cd622c474b6d42fa0a0aae32d2f04f3adc9716,0 0 24 24,XML VALID — VISUAL REVIEW PENDING
assets/icons/user-cog-2.svg,1ee6dab6d8a1d41b16ba601e8593bbe850a40c93948541850e2cdf1752a72b6a,0 0 24 24,XML VALID — VISUAL REVIEW PENDING
assets/icons/user-cog.svg,9e8423ffc80e365649502669c557b4d12853c271a1d0215cff2f7ea4f1b8bed5,0 0 24 24,XML VALID — VISUAL REVIEW PENDING
assets/icons/user-lock.svg,0d3dccae4295d57bf063b912310394cadebcfae87f6076aad518b528ade59fdd,0 0 24 24,XML VALID — VISUAL REVIEW PENDING
assets/icons/user-minus-2.svg,7cb00b4dcd6ae0411e45dc28d31387500d169f16f55e4a978b8ea476131fbad8,0 0 24 24,XML VALID — VISUAL REVIEW PENDING
assets/icons/user-minus.svg,2a4b3fbcdc7946f99cba68482d4b27ae81e4b1b53e96c4d685c11b61e67c4d18,0 0 24 24,XML VALID — VISUAL REVIEW PENDING
assets/icons/user-pen.svg,29b74d2b22adaf4ed5fe161d3722caa90160e043cea5f33d83ba5264dd4b4cd7,0 0 24 24,XML VALID — VISUAL REVIEW PENDING
assets/icons/user-plus-2.svg,996725945c77fdac318ea14846624b96e435acea1cab17936fbfe67edbb74030,0 0 24 24,XML VALID — VISUAL REVIEW PENDING
assets/icons/user-plus.svg,4e808767d1ec74ea06aad0572e145c00660bbcd6643a02e9fa8e7b7f6d9b180b,0 0 24 24,XML VALID — VISUAL REVIEW PENDING
assets/icons/user-round-check.svg,403566c1f749355bfa6c98fd81d0801862baea909420829188b8c4610fb02bd5,0 0 24 24,XML VALID — VISUAL REVIEW PENDING
assets/icons/user-round-cog.svg,8fde95abefd4ebcaf45143745fcd95faab977572ed447f42d6554a13a50251e9,0 0 24 24,XML VALID — VISUAL REVIEW PENDING
assets/icons/user-round-minus.svg,0c9229c7622f581eb460cb9871f836f4d4526a19dd9ef47366eb26bda5eb55ae,0 0 24 24,XML VALID — VISUAL REVIEW PENDING
assets/icons/user-round-pen.svg,344be15bc77ec5af5b0ad38844de031644e33d59606aa89b841678c16fb9a856,0 0 24 24,XML VALID — VISUAL REVIEW PENDING
assets/icons/user-round-plus.svg,25be2be5d871eb147a88088cacbcc8c55521eb1b4950d2ccb81d5056c8960a51,0 0 24 24,XML VALID — VISUAL REVIEW PENDING
assets/icons/user-round-search.svg,5bd776f5b4b4eacf040aa090f93319c73222003af43a431dc990e3a509097765,0 0 24 24,XML VALID — VISUAL REVIEW PENDING
assets/icons/user-round-x.svg,ebe78fb0447d2394ee9635c9e3a19f41e039c4639ab63fe9322ab3fd911b2882,0 0 24 24,XML VALID — VISUAL REVIEW PENDING
assets/icons/user-round.svg,2cb3c8ac31bce822f78613a072d70e50ef320f858012547e414a9485e576bea0,0 0 24 24,XML VALID — VISUAL REVIEW PENDING
assets/icons/user-search.svg,6796a32081dabf4e3313c0f1a5ffd280086c414a6d08cd47a16738c66855e42b,0 0 24 24,XML VALID — VISUAL REVIEW PENDING
assets/icons/user-square-2.svg,9dbefbc057d0642abfa37b6933184e1a1097f5cb69455ef3128ff62b665fe687,0 0 24 24,XML VALID — VISUAL REVIEW PENDING
assets/icons/user-square.svg,eefd828f79aba16c157cb0d9aa9f2d144b90ca4ac10be089f2781e13ac23b2db,0 0 24 24,XML VALID — VISUAL REVIEW PENDING
assets/icons/user-star.svg,2fa6af442a4cee2ae1300a96984b18379bcae9d0a25b56fff43af9f53ed6e5cc,0 0 24 24,XML VALID — VISUAL REVIEW PENDING
assets/icons/user-x-2.svg,a4fa63e2bf15f76be3c7556c507705aae7d365bc78a36aaf6b85a94a159b2c80,0 0 24 24,XML VALID — VISUAL REVIEW PENDING
assets/icons/user-x.svg,be834324ddd2608b4161f48b8f5a1a9a52540c45f2dc8be0d760d61751116500,0 0 24 24,XML VALID — VISUAL REVIEW PENDING
assets/icons/user.svg,436620f036047948790aaea01a80d0527464518186cd9624070cd957c561117c,0 0 24 24,XML VALID — VISUAL REVIEW PENDING
assets/icons/users-2.svg,1fd3047f1724e718c9a8f098f7fb63bb50b80140aabd854d4d83d55b0a8d3622,0 0 24 24,XML VALID — VISUAL REVIEW PENDING
assets/icons/users-round.svg,12c2e882e74b10608fecff84fb8c39e8d5d942169cd8f1be34a69e7a46a961da,0 0 24 24,XML VALID — VISUAL REVIEW PENDING
assets/icons/users.svg,6ca824400d3625aaa0325c69926a7b1444f4f173e1f5a960840ac938871fe9ea,0 0 24 24,XML VALID — VISUAL REVIEW PENDING
assets/icons/utensils-crossed.svg,833dcd1b8fc0a65527571ab11fb47a540042b3b9e2c34c5f10d2c44cdbbbd605,0 0 24 24,XML VALID — VISUAL REVIEW PENDING
assets/icons/utensils.svg,754356c9c914b2467eb4bb3d64e6e9e1cedf652cca994fe7f5d55d160ab9ec1b,0 0 24 24,XML VALID — VISUAL REVIEW PENDING
assets/icons/utility-pole.svg,5345a95b7b86d9959059dc05a4891578f70c5ecba77eb939a3f9d4f0450bab51,0 0 24 24,XML VALID — VISUAL REVIEW PENDING
assets/icons/variable.svg,b2c711ec42468ebef26e2201692c75b7ddc3ada28f6f64c7dfd7ace4f8ea9078,0 0 24 24,XML VALID — VISUAL REVIEW PENDING
assets/icons/vault.svg,492c19753e40d9493a931cf1cf3f028b570e008c034b2ad29f9c2eba7810c83c,0 0 24 24,XML VALID — VISUAL REVIEW PENDING
assets/icons/vector-square.svg,81388ca81f616cc342bd44746060ed74116f38857163fda3f19697e370402f19,0 0 24 24,XML VALID — VISUAL REVIEW PENDING
assets/icons/vegan.svg,f6a21da905af935dbcd8a504af3f047ef36acb9a984d990327ad0e980138cce6,0 0 24 24,XML VALID — VISUAL REVIEW PENDING
assets/icons/venetian-mask.svg,cb64ab5b270aaf6c5f4ce33a55edb4c2e061d3e73a4c5a12abf0c1762bccc79a,0 0 24 24,XML VALID — VISUAL REVIEW PENDING
assets/icons/venus-and-mars.svg,f6bf574b1e538ba697a9019d9d1f9880dd4f2d405d68b09fcd376994c2ba2861,0 0 24 24,XML VALID — VISUAL REVIEW PENDING
assets/icons/venus.svg,fc670a97e66a428408e321c4269c9db69eb721b1e3007eb76a3f6579ead5c372,0 0 24 24,XML VALID — VISUAL REVIEW PENDING
assets/icons/verified.svg,2e968d0e02447617606bb42c83a26c5763e64aca3ed2898c5ecc8160cc7751d3,0 0 24 24,XML VALID — VISUAL REVIEW PENDING
assets/icons/vibrate-off.svg,b06499bceec09fde3389f31e51a2f351c8315aea0c8f1ad348cc0cc9708df052,0 0 24 24,XML VALID — VISUAL REVIEW PENDING
assets/icons/vibrate.svg,0dbbc96e4bee313f81e1096f0170d7e804850d0b9c685442ccc5e0e61168cf11,0 0 24 24,XML VALID — VISUAL REVIEW PENDING
assets/icons/video-off.svg,c6732431574739f0f7fee76ac6788100af2d763407e9f6d2fb27298bb8f0845a,0 0 24 24,XML VALID — VISUAL REVIEW PENDING
assets/icons/video.svg,609a46211c2ccbbfd26c9f35c8a45cd1698eb83439e0775d8221b36d3a993c66,0 0 24 24,XML VALID — VISUAL REVIEW PENDING
assets/icons/videotape.svg,0ece056208a9c2b20f80cef33bfc9ba7db2716a2156df9df483d65c164486f6e,0 0 24 24,XML VALID — VISUAL REVIEW PENDING
assets/icons/view.svg,b2d528c529a37f488b7b55829babfbf5fd3b68cb896d994f40b86100e3dc7c13,0 0 24 24,XML VALID — VISUAL REVIEW PENDING
assets/icons/voicemail.svg,e5f04cd459b57854c8359e115857a9b41a0690de9c646077a3dc87c0cdb4dadd,0 0 24 24,XML VALID — VISUAL REVIEW PENDING
assets/icons/volleyball.svg,2123cdfcb1bfb96d7de4708d76249b1d17182d5cb8fa96d9ac9e9d3747b1c3af,0 0 24 24,XML VALID — VISUAL REVIEW PENDING
assets/icons/volume-1.svg,a72a2c9e629e7d4c4fabe60256e472167c7d0585d470cb5b0307af3987f5219b,0 0 24 24,XML VALID — VISUAL REVIEW PENDING
assets/icons/volume-2.svg,7f6f3caa369d307523b4ec6b64507a9ee92ea0b7a5e8d15f191ccbba34a490bb,0 0 24 24,XML VALID — VISUAL REVIEW PENDING
assets/icons/volume-off.svg,a5b50386f8a1a273e466b92cec3f0ab59ebfc8015f482dc69284d759fed20e86,0 0 24 24,XML VALID — VISUAL REVIEW PENDING
assets/icons/volume-x.svg,075b55b02b2cbabfb76ed9312a55e262dee910fb76e42c19544de72b08a0999d,0 0 24 24,XML VALID — VISUAL REVIEW PENDING
assets/icons/volume.svg,66c18cbab1c23dd48079a647ba19ea8aa5028fd197d2a9d5217567a087f93e61,0 0 24 24,XML VALID — VISUAL REVIEW PENDING
assets/icons/vote.svg,0be638699ea2ff317a917a7ba3b6018f81d637f334c1e6eea558e57de9eb648d,0 0 24 24,XML VALID — VISUAL REVIEW PENDING
assets/icons/wallet-2.svg,08bd52c7e0763dae8ebad35127d7be4dc5a9c49eab466d71eea72f76c1e01cba,0 0 24 24,XML VALID — VISUAL REVIEW PENDING
assets/icons/wallet-cards.svg,47356b857f66d10c9e17d749f0bcb10cec53d48a1014b446ff415c1a70665645,0 0 24 24,XML VALID — VISUAL REVIEW PENDING
assets/icons/wallet-minimal.svg,53ca82a703d0e21c85549014c95b96bac843e6274625a8ce2ebb96631cb088ca,0 0 24 24,XML VALID — VISUAL REVIEW PENDING
assets/icons/wallet.svg,f33191edb67b688948e79fe4f35f104f3afa93a410e92e249006afa3fe4c1538,0 0 24 24,XML VALID — VISUAL REVIEW PENDING
assets/icons/wallpaper.svg,6133500fdac36dddbd031c6a3f103d97bf16a3d8ea5b44b88a369d86f7a58273,0 0 24 24,XML VALID — VISUAL REVIEW PENDING
assets/icons/wand-2.svg,10baaecaea7811483c9efd3d9b3b8c3827153444bae53d272becc2cbdd8ae18b,0 0 24 24,XML VALID — VISUAL REVIEW PENDING
assets/icons/wand-sparkles.svg,692d463485e5581e7552db629ab52ae064d14b682873d7569b8a6f8fe9ccdadb,0 0 24 24,XML VALID — VISUAL REVIEW PENDING
assets/icons/wand.svg,8d6c31e8a35cfde12f5b418eb45a7746eb37c7ee9143ead04ca1066c855eb590,0 0 24 24,XML VALID — VISUAL REVIEW PENDING
assets/icons/warehouse.svg,a7138f16ce67d8bc7eb7fa51b653b2f08b1ced07361a3fd82b7132c26cc5755f,0 0 24 24,XML VALID — VISUAL REVIEW PENDING
assets/icons/washing-machine.svg,0e2fdde801d6f24ab28dcfa1f93f44de6e4a9829e642f8ed11ea214b9360becd,0 0 24 24,XML VALID — VISUAL REVIEW PENDING
assets/icons/watch.svg,ff32a0bd90d0879267b17070de0cf8c96e3cc9959f5fda5f688a2d5c5aa3966a,0 0 24 24,XML VALID — VISUAL REVIEW PENDING
assets/icons/waves-ladder.svg,0d93c61198e0fb87daa198571e1df43d4f41c89c74a819b34ff062b60f375b75,0 0 24 24,XML VALID — VISUAL REVIEW PENDING
assets/icons/waves.svg,4f5fec793cd87b120a48c84c8880011693fb71b9306af3ce2e57a8df67e5193c,0 0 24 24,XML VALID — VISUAL REVIEW PENDING
assets/icons/waypoints.svg,39489f8b25c51b49735b4341ad179cc43fd8e3e7525c1f97602caf5c45d13bef,0 0 24 24,XML VALID — VISUAL REVIEW PENDING
assets/icons/webcam.svg,5b47a5445af2bc75c09ff8c993dd13e1642c6b27f55a39081e0527af2f24fc26,0 0 24 24,XML VALID — VISUAL REVIEW PENDING
assets/icons/webhook-off.svg,195983963bffead61d743e4cc203075c0758b13427b7c62397f4f13f0bb578f2,0 0 24 24,XML VALID — VISUAL REVIEW PENDING
assets/icons/webhook.svg,b8b821ca157a3eee4c6a253bc3053b5084cfc5e88b76bdca3a868b5d4f4061b1,0 0 24 24,XML VALID — VISUAL REVIEW PENDING
assets/icons/weight.svg,32c9c7dd5525798ec3410e401db90a125e9591f58371e337af69024c76bb8bc1,0 0 24 24,XML VALID — VISUAL REVIEW PENDING
assets/icons/wheat-off.svg,9620ddfe23af0f480842707f8ae8ea982d78b08005e270b48213203d32e86018,0 0 24 24,XML VALID — VISUAL REVIEW PENDING
assets/icons/wheat.svg,21d6b34f4bc6166b0b436e1ddba38c28239df5569f450807fb61f26c59312ab9,0 0 24 24,XML VALID — VISUAL REVIEW PENDING
assets/icons/whole-word.svg,5fa344e766f36a2af30b8160d18814daa98e51173b3ba61b0908f7af6d06b078,0 0 24 24,XML VALID — VISUAL REVIEW PENDING
assets/icons/wifi-cog.svg,42325ac28caa23a733396a441fd9647422a37a8a048222c2583a9ad05d6abe62,0 0 24 24,XML VALID — VISUAL REVIEW PENDING
assets/icons/wifi-high.svg,e83a870bdd086ef18c9269d6f58e25bf67d86591efd545f82aff200ba59d6d34,0 0 24 24,XML VALID — VISUAL REVIEW PENDING
assets/icons/wifi-low.svg,1b192709f6ebbbd6570f7c24ddb19370007afd27fecbeb2ebdf1e95b04d75cf4,0 0 24 24,XML VALID — VISUAL REVIEW PENDING
assets/icons/wifi-off.svg,a024847cc892945cc8a63ded265493477c783660f3704b73fc2e1257050171c4,0 0 24 24,XML VALID — VISUAL REVIEW PENDING
assets/icons/wifi-pen.svg,e7ec21df06e3eadf4e244c813c0b1d2977e9683540d1e3450520a86caac2658f,0 0 24 24,XML VALID — VISUAL REVIEW PENDING
assets/icons/wifi-sync.svg,6b6336ea081f6dd94b060fb78ed844ae36f849a3d40faed818b0c8b4c898d7f9,0 0 24 24,XML VALID — VISUAL REVIEW PENDING
assets/icons/wifi-zero.svg,23178aff95cfefc0c882c39b99cbab3c8e448b9ada2dbbe4928763d3b991e7b9,0 0 24 24,XML VALID — VISUAL REVIEW PENDING
assets/icons/wifi.svg,1019f3b3d75249b4989c4ab6adea58277b565b61699f53852b603494ac3bbd8e,0 0 24 24,XML VALID — VISUAL REVIEW PENDING
assets/icons/wind-arrow-down.svg,65540bbbfb8d0631788209c5cd661203326cb1c15e66f59bd0fd075cafa6cc76,0 0 24 24,XML VALID — VISUAL REVIEW PENDING
assets/icons/wind.svg,de4c389902bdd084bc91efb0a63758d93967417cef7bc474e9be42bb8b6e676d,0 0 24 24,XML VALID — VISUAL REVIEW PENDING
assets/icons/wine-off.svg,986935e3d6a2a490fbb6f859b9ce3755fd6b148f650c7f0f9ef208c612b97984,0 0 24 24,XML VALID — VISUAL REVIEW PENDING
assets/icons/wine.svg,ec640b13a08674d37345625963f5c8e437af543dc0fd2be1995453387068f9cd,0 0 24 24,XML VALID — VISUAL REVIEW PENDING
assets/icons/workflow.svg,e4060049add68c5fd7dff97238fd0dbdfdafdc16d719a8dbff176738e1abe321,0 0 24 24,XML VALID — VISUAL REVIEW PENDING
assets/icons/worm.svg,d99a392a98d8359df19e8c99d5139eb53689cdc7c709daddde831c54eeef4398,0 0 24 24,XML VALID — VISUAL REVIEW PENDING
assets/icons/wrap-text.svg,886402e8489e748bc81e904d60f08b5a0743f0faaf9038147990cfc392cf71e4,0 0 24 24,XML VALID — VISUAL REVIEW PENDING
assets/icons/wrench.svg,7f48c7a5a373fc372f80f604367d2bc1c3ab4c948c3f90e19bb643031820602a,0 0 24 24,XML VALID — VISUAL REVIEW PENDING
assets/icons/x-circle.svg,3b6fc1ac52b063ac8d3fe168e2751e48e5571cfee50777d95d4cb85aa400e10e,0 0 24 24,XML VALID — VISUAL REVIEW PENDING
assets/icons/x-octagon.svg,7836f8bdf986caffeba72a23902ff3ae6a60b210e8326ab5c395230d0baced27,0 0 24 24,XML VALID — VISUAL REVIEW PENDING
assets/icons/x-square.svg,59f75782ddcb6f0d9fe61257ee8fe3f18bb0bba52048f04429cc182973854481,0 0 24 24,XML VALID — VISUAL REVIEW PENDING
assets/icons/x.svg,c3bd57137dddf33689e1eb861a52f2159c21944a49b3645a5c1787f8551e4c81,0 0 24 24,XML VALID — VISUAL REVIEW PENDING
assets/icons/youtube.svg,1e5eb7a0e34a9c92d80a69cb67faeed5f9051ca1835892ce40523d9989eef473,0 0 24 24,XML VALID — VISUAL REVIEW PENDING
assets/icons/zap-off.svg,777a8c59946cd4ba82524a26a1a7554fdd42745144512bf1f094760c38f0aab8,0 0 24 24,XML VALID — VISUAL REVIEW PENDING
assets/icons/zap.svg,80e53081adf497cdcc99a5153a2420518891c7fc5b8b6f1237b83f7287e3b8d1,0 0 24 24,XML VALID — VISUAL REVIEW PENDING
assets/icons/zoom-in.svg,21b0af6ffda6e19f29b408fd143ccca656b4d5dabbaea0a431841045f0ddd182,0 0 24 24,XML VALID — VISUAL REVIEW PENDING
assets/icons/zoom-out.svg,237e40c94f1c679ea5af854f9db77adae97dc7379d85058c52f3df0a51acdbcf,0 0 24 24,XML VALID — VISUAL REVIEW PENDING
