File,SHA256,ViewBox,Disposition
assets/icons/tabler/outline/axis-y.svg,1021c057a12be8640bbcdcbb367e3f659c58cc1bde9140eb64aac5d8921481a8,0 0 24 24,XML VALID — VISUAL REVIEW PENDING
assets/icons/tabler/outline/baby-bottle.svg,3fdd2c0f9c6634e1155f21788df357dd641bb8a2359d9b0dc256f1b858503e0d,0 0 24 24,XML VALID — VISUAL REVIEW PENDING
assets/icons/tabler/outline/baby-carriage.svg,60e98b7ae944c5caa4dcd327b40ca16ef01a38ff92d361c9921e88149f10b70a,0 0 24 24,XML VALID — VISUAL REVIEW PENDING
assets/icons/tabler/outline/background.svg,dff82797ae29de464011629c9340e33c8e260933a039b8ea75f610f635a3471f,0 0 24 24,XML VALID — VISUAL REVIEW PENDING
assets/icons/tabler/outline/backhoe.svg,a34c6c84cfc9f4ea489980192f572632a47ff044353b84955b6d44c22e69bfe6,0 0 24 24,XML VALID — VISUAL REVIEW PENDING
assets/icons/tabler/outline/backpack-off.svg,d9f6f840fdb712cd34e00ab6fa8b5ff8cd12994c312f61037df02c965151b470,0 0 24 24,XML VALID — VISUAL REVIEW PENDING
assets/icons/tabler/outline/backpack.svg,447d21666996b3f3be3e4437e92361ce40036fd622ca6bbf024d8296b0452d0f,0 0 24 24,XML VALID — VISUAL REVIEW PENDING
assets/icons/tabler/outline/backslash.svg,df49823c10d9d13ae0d313dd86bad0a444034f6d24deae6ffd61f459651f0458,0 0 24 24,XML VALID — VISUAL REVIEW PENDING
assets/icons/tabler/outline/backspace.svg,89938ee46fbc93ef2a4479d6669505d02cb6d5e83817f74e2aee468cc5d232be,0 0 24 24,XML VALID — VISUAL REVIEW PENDING
assets/icons/tabler/outline/badge-2k.svg,25816bb0139a47a42d853e2fad11a5576536bdd51284c72834456f1de8231db9,0 0 24 24,XML VALID — VISUAL REVIEW PENDING
assets/icons/tabler/outline/badge-3d.svg,4de290e260b5c10818f27e1f11e62b022bf84a7bf39126277a6a86e7f8f580ef,0 0 24 24,XML VALID — VISUAL REVIEW PENDING
assets/icons/tabler/outline/badge-3k.svg,7c4f075aaacafb0a5414ac7e80e75aee4ef287b002b9141534a51fdbf80a9aac,0 0 24 24,XML VALID — VISUAL REVIEW PENDING
assets/icons/tabler/outline/badge-4k.svg,f4943962284b9f5cdd4ae58b9c94ee7fdfadf126c7d54fc4e573a4ac155960dc,0 0 24 24,XML VALID — VISUAL REVIEW PENDING
assets/icons/tabler/outline/badge-5k.svg,d8d43b5408be9f64a6d0a628e724a98b1f0580675a9d3f939dd7119399b3edff,0 0 24 24,XML VALID — VISUAL REVIEW PENDING
assets/icons/tabler/outline/badge-8k.svg,00c5c31e789e018316ccb7d3045163c7b33962ebf5052dfe27a8fb4a9bb2e25c,0 0 24 24,XML VALID — VISUAL REVIEW PENDING
assets/icons/tabler/outline/badge-ad-off.svg,330f9492c6703bb30285b4ede980b314012f051ed590e199aed9f781078b7448,0 0 24 24,XML VALID — VISUAL REVIEW PENDING
assets/icons/tabler/outline/badge-ad.svg,54e1e3aadbfca3c6f271bef9714fb8389d5974498f85ebef6d77037af35129fd,0 0 24 24,XML VALID — VISUAL REVIEW PENDING
assets/icons/tabler/outline/badge-ar.svg,0b3abf983b919fa4aad2290e1e283ce2b28157aceb8325c86ec17fad0d89f7ef,0 0 24 24,XML VALID — VISUAL REVIEW PENDING
assets/icons/tabler/outline/badge-cc.svg,2894a6490eadc1d255d0bc0180a45522e6c42977d5d848a09ca08d4549bbeea7,0 0 24 24,XML VALID — VISUAL REVIEW PENDING
assets/icons/tabler/outline/badge-hd.svg,3c18f38852b656946ebf33ec0d3f98e1f23e05822f94ad74bfdf7b0be745059a,0 0 24 24,XML VALID — VISUAL REVIEW PENDING
assets/icons/tabler/outline/badge-off.svg,c7ad7af0e0b4b46ad6dc3021710210897a91b834801362e17d5184973065f486,0 0 24 24,XML VALID — VISUAL REVIEW PENDING
assets/icons/tabler/outline/badge-sd.svg,25cd9a583169b2da9a2b056acb4961683093f690f40541654a945bc19c31c4e9,0 0 24 24,XML VALID — VISUAL REVIEW PENDING
assets/icons/tabler/outline/badge-tm.svg,b983742bb662d5cd02501777fca6d657dfac3f1c19456f1baa858d34b1cbf5d8,0 0 24 24,XML VALID — VISUAL REVIEW PENDING
assets/icons/tabler/outline/badge-vo.svg,6a1397839ba0f9f2dba098846bcf67d7e68db9c4d8b55657a17420435fe670f4,0 0 24 24,XML VALID — VISUAL REVIEW PENDING
assets/icons/tabler/outline/badge-vr.svg,0c691d86bc1c3ceef4ca7ebb7fa6899245dce578a3a3f9446f605cb383388ecd,0 0 24 24,XML VALID — VISUAL REVIEW PENDING
assets/icons/tabler/outline/badge-wc.svg,8b27490f18f119807506da7019c0a9251a3caa45f20685e456f698a3f874eda2,0 0 24 24,XML VALID — VISUAL REVIEW PENDING
assets/icons/tabler/outline/badge.svg,586ce9d04ad3dcb0fe36fa586820b45976741ad4efdd038246a3cad80cecbf09,0 0 24 24,XML VALID — VISUAL REVIEW PENDING
assets/icons/tabler/outline/badges-off.svg,561bb58d5df974694bd17fd2eb0da83313b523bb1f2ddfa81d65f8f2be0f02c2,0 0 24 24,XML VALID — VISUAL REVIEW PENDING
assets/icons/tabler/outline/badges.svg,d80f3ae4bb65d5877b7dbfb93600ed48e468b0f08bcae2971648de5f68134eff,0 0 24 24,XML VALID — VISUAL REVIEW PENDING
assets/icons/tabler/outline/baguette.svg,6ceb273a091fa7a08ae493e816fc6f6999fd8de9531317bc2d34d4791ae87bc6,0 0 24 24,XML VALID — VISUAL REVIEW PENDING
assets/icons/tabler/outline/ball-american-football-off.svg,c34dedcb530f3aee4de3bda2e56dbe1183335461e9ce766f893a346a82a5ca52,0 0 24 24,XML VALID — VISUAL REVIEW PENDING
assets/icons/tabler/outline/ball-american-football.svg,36058566bfd635ed66fa33ee775a347e7c60b83f2c1fc6308bd5746f9a710775,0 0 24 24,XML VALID — VISUAL REVIEW PENDING
assets/icons/tabler/outline/ball-baseball.svg,59eb3e0f6e787c3d2a8e31d256bd2c41417783ddcc5b4a0a3af60221e6a35dce,0 0 24 24,XML VALID — VISUAL REVIEW PENDING
assets/icons/tabler/outline/ball-basketball.svg,01b151341d430ca959b2ad7194a8fdb926853c5221fe0296d616dd1474d3f5dc,0 0 24 24,XML VALID — VISUAL REVIEW PENDING
assets/icons/tabler/outline/ball-bowling.svg,e0a35fe1f38f1f5afcfcc22f1e8f273d9a9c991e215a6d9376bddc3bc3bbefa9,0 0 24 24,XML VALID — VISUAL REVIEW PENDING
assets/icons/tabler/outline/ball-football-off.svg,87b3c851509af97d5189bfce006b2f0cb95ea32fe36ae7ceb3f5bc1810e6bd57,0 0 24 24,XML VALID — VISUAL REVIEW PENDING
assets/icons/tabler/outline/ball-football.svg,0c5678e7a0c6644f7fe680f0b75b97feb4fa238df5f9a7fe8e546b1edc92031c,0 0 24 24,XML VALID — VISUAL REVIEW PENDING
assets/icons/tabler/outline/ball-tennis.svg,08a7899924c1fd82562a289da4416654376e08e818a11be0d251e4f38943f699,0 0 24 24,XML VALID — VISUAL REVIEW PENDING
assets/icons/tabler/outline/ball-volleyball.svg,cfea0dd180de8339aeade39409a2e530d586e970f454bd6a9c9cd7f892d8a61b,0 0 24 24,XML VALID — VISUAL REVIEW PENDING
assets/icons/tabler/outline/balloon-off.svg,e6041e8d550b3d878f2572157237faa80833e75765339bb62761ad6b44db5122,0 0 24 24,XML VALID — VISUAL REVIEW PENDING
assets/icons/tabler/outline/balloon.svg,770045041a2690e8f8c6fe29b056809cec42e88501db5c25b1bfaf294e85d996,0 0 24 24,XML VALID — VISUAL REVIEW PENDING
assets/icons/tabler/outline/ballpen-off.svg,bb0fcbf664e6e8dd9fbb8d031ebcc237dc22f14c124498c6267fd2b04f0b7868,0 0 24 24,XML VALID — VISUAL REVIEW PENDING
assets/icons/tabler/outline/ballpen.svg,0cc7bd624f295d5b2f830cf1d28391aee07cd16af21825b88207f0c2007223c3,0 0 24 24,XML VALID — VISUAL REVIEW PENDING
assets/icons/tabler/outline/ban.svg,8334c6230217e36198ed6984cfc25789fe93946554144fd3f646d20886f6b6d2,0 0 24 24,XML VALID — VISUAL REVIEW PENDING
assets/icons/tabler/outline/bandage-off.svg,1f16554e30e4daec44d0feb71db7ba296a0b9aa56356569e9b4fce1e0f1175ae,0 0 24 24,XML VALID — VISUAL REVIEW PENDING
assets/icons/tabler/outline/bandage.svg,6c20d06326079c49829962a9a172a6c5b3407b5df9a74c0b9867d717b9325ee1,0 0 24 24,XML VALID — VISUAL REVIEW PENDING
assets/icons/tabler/outline/barbell-off.svg,3f94e719396355f08879b1592a44e96cb73ab1226543d7b9cc47fdd7254dfffe,0 0 24 24,XML VALID — VISUAL REVIEW PENDING
assets/icons/tabler/outline/barbell.svg,9a4305c38d04193862f011d4cbb7c8b6d4b562fbd3da42e79f8be3bb42b69be5,0 0 24 24,XML VALID — VISUAL REVIEW PENDING
assets/icons/tabler/outline/barcode-off.svg,923f96530bf650ff5923e9fde739bd5f144b7959f2414768a97cddf7407bb629,0 0 24 24,XML VALID — VISUAL REVIEW PENDING
assets/icons/tabler/outline/barcode.svg,bfb344bf1e395eb751e5ed840184e6efb81b5eb119235670ca974510245d6a04,0 0 24 24,XML VALID — VISUAL REVIEW PENDING
assets/icons/tabler/outline/barrel-off.svg,dde670884ab854afde4c3ae0ebfd3caec28e21a912f130ad4ce79cc3a513ebd3,0 0 24 24,XML VALID — VISUAL REVIEW PENDING
assets/icons/tabler/outline/barrel.svg,2de630aee2e25af451ef94a4af54067ac0aad6382b787166b5c37f88caac95d1,0 0 24 24,XML VALID — VISUAL REVIEW PENDING
assets/icons/tabler/outline/barrier-block-off.svg,e6aac20dd487a4fef2494037616b35bb0304ac717fded55128b5575ed87fad07,0 0 24 24,XML VALID — VISUAL REVIEW PENDING
assets/icons/tabler/outline/barrier-block.svg,b0456cd98b25b278b4fb04d67b43f1e6dd49c5d86631c135987ded5048e27af4,0 0 24 24,XML VALID — VISUAL REVIEW PENDING
assets/icons/tabler/outline/baseline-density-large.svg,48646a67c7acbd174601e90cde77b2cc4d4142abbac43b5c853d92a095c66039,0 0 24 24,XML VALID — VISUAL REVIEW PENDING
assets/icons/tabler/outline/baseline-density-medium.svg,cabd09692cc96e182f5acf6f8a4f3423bae7cb2996c9102b6baf16d3348034e8,0 0 24 24,XML VALID — VISUAL REVIEW PENDING
assets/icons/tabler/outline/baseline-density-small.svg,c9f9c14d8cb120d28853d74279b6e879f551c0a37233399d7f66e1a17868b156,0 0 24 24,XML VALID — VISUAL REVIEW PENDING
assets/icons/tabler/outline/baseline.svg,446bd493e7b928b563bd38f911de0bb9f2c6d7c5d555ffe48861a95e48b97b37,0 0 24 24,XML VALID — VISUAL REVIEW PENDING
assets/icons/tabler/outline/basket-bolt.svg,5436c24df701dbb44e39c0fcfa1a84a4533ecd9486ab335164da96d5a2af6388,0 0 24 24,XML VALID — VISUAL REVIEW PENDING
assets/icons/tabler/outline/basket-cancel.svg,5c854398c11997239d87270e50696e61dec7a48f977dacf6914a20501305e48e,0 0 24 24,XML VALID — VISUAL REVIEW PENDING
assets/icons/tabler/outline/basket-check.svg,3d77d934d1cdd513a59a58b137b062bdb9f4b7929a1b65f2e0d3a58988c431a8,0 0 24 24,XML VALID — VISUAL REVIEW PENDING
assets/icons/tabler/outline/basket-code.svg,28c919c2be076edcaa02812f52d1d532d9a0881000c5c82eb93309d213bbfb98,0 0 24 24,XML VALID — VISUAL REVIEW PENDING
assets/icons/tabler/outline/basket-cog.svg,fc2af7e270d1cb043b0a653e44d3e5015e2d625f953cf352c2273d27bff7fe61,0 0 24 24,XML VALID — VISUAL REVIEW PENDING
assets/icons/tabler/outline/basket-discount.svg,37c5ae119ffbb1863b53eded96093d56e62b9582a1b68ed5965dbfb0cf89f079,0 0 24 24,XML VALID — VISUAL REVIEW PENDING
assets/icons/tabler/outline/basket-dollar.svg,5029eb3a58dd88442cc840ee28729e87d18b0783d1e77cde6ed39cb3b4e7b078,0 0 24 24,XML VALID — VISUAL REVIEW PENDING
assets/icons/tabler/outline/basket-down.svg,0c6d4c3472e645c90e43d2521b914962f913d59df96c094056e8486c3da6b0ae,0 0 24 24,XML VALID — VISUAL REVIEW PENDING
assets/icons/tabler/outline/basket-exclamation.svg,99d9b1e9c449cd04c6c00b0a9d58f1bd4905aaa12c8b5ffb4999408926735660,0 0 24 24,XML VALID — VISUAL REVIEW PENDING
assets/icons/tabler/outline/basket-heart.svg,c6e2e6565733122f7837ea08c3e598961239c6769cd64032b3b39703ab24b488,0 0 24 24,XML VALID — VISUAL REVIEW PENDING
assets/icons/tabler/outline/basket-minus.svg,7a27911925d76a2f55b7409725f879837dbdfe8b68c304f5903978d63362a9f0,0 0 24 24,XML VALID — VISUAL REVIEW PENDING
assets/icons/tabler/outline/basket-off.svg,85ef3af4b6be63638df83a31381faf3a7b48ae1098e42013bb5cb76c9d9d5115,0 0 24 24,XML VALID — VISUAL REVIEW PENDING
assets/icons/tabler/outline/basket-pause.svg,baa9cb1d396c6353a14914df04c00f67bf119480075bcd6037449ebe1e6f705e,0 0 24 24,XML VALID — VISUAL REVIEW PENDING
assets/icons/tabler/outline/basket-pin.svg,5749cf6e26f958fd03ca1bcd8cd9476a20eae7e7346de584781618fd721c9332,0 0 24 24,XML VALID — VISUAL REVIEW PENDING
assets/icons/tabler/outline/basket-plus.svg,799a8b3a117c9f730c1eb7fc3ca13fc95621de38a066b931fe142afc23a8a3a6,0 0 24 24,XML VALID — VISUAL REVIEW PENDING
assets/icons/tabler/outline/basket-question.svg,f7904f08b97061ea523c6de8cb4480e6711ca821cd5fe8eb485e49cdad13381d,0 0 24 24,XML VALID — VISUAL REVIEW PENDING
assets/icons/tabler/outline/basket-search.svg,3e754198670341ab754a6293558b6806e05beb8b80338261da7d5cc945aa4de1,0 0 24 24,XML VALID — VISUAL REVIEW PENDING
assets/icons/tabler/outline/basket-share.svg,2e91efa85db29aeb6d3df798880b565654a3638900c46c4bbe4043198f2d5d22,0 0 24 24,XML VALID — VISUAL REVIEW PENDING
assets/icons/tabler/outline/basket-star.svg,772dd85945ae75465fdc118b7b2a2817a06e4f74800bceb3de6574b45daa5ec6,0 0 24 24,XML VALID — VISUAL REVIEW PENDING
assets/icons/tabler/outline/basket-up.svg,c9485b1a43725e9241b775831cd1397efa34502e988a05934f79e185aa09b936,0 0 24 24,XML VALID — VISUAL REVIEW PENDING
assets/icons/tabler/outline/basket-x.svg,b831d4293f2b63e5f01f102c416951738733ec53a7f170633513fce09ec162bf,0 0 24 24,XML VALID — VISUAL REVIEW PENDING
assets/icons/tabler/outline/basket.svg,d1c8c9633adfbfbfc674f7f16b891791cd20dbd170d6a165d518a8bcd5437570,0 0 24 24,XML VALID — VISUAL REVIEW PENDING
assets/icons/tabler/outline/bat.svg,f086a87ad12a22004fc579b52ad20dc3a414345d86b84a26e0e1b8e235080590,0 0 24 24,XML VALID — VISUAL REVIEW PENDING
assets/icons/tabler/outline/bath-off.svg,8aa036c694a60e1f80354ce59cce848ddba39892c3b735323d65000b98c86c96,0 0 24 24,XML VALID — VISUAL REVIEW PENDING
assets/icons/tabler/outline/bath.svg,ea3ede25755886530a1f99dbb7dc50f01c812ce9734107b1f84bde53912175f8,0 0 24 24,XML VALID — VISUAL REVIEW PENDING
assets/icons/tabler/outline/battery-1.svg,64c6d5a8ab94c2089baea18685b75f4ade49ee84f3ffe8d66391a9f488bf0f29,0 0 24 24,XML VALID — VISUAL REVIEW PENDING
assets/icons/tabler/outline/battery-2.svg,4ba3ef89f67c99379f52393fd17c39d8a733e5ab97e807a3a23d53f2addab844,0 0 24 24,XML VALID — VISUAL REVIEW PENDING
assets/icons/tabler/outline/battery-3.svg,ab5d022533b06205a3c07d75a48a33f57576708d78815613bce495846b05576d,0 0 24 24,XML VALID — VISUAL REVIEW PENDING
assets/icons/tabler/outline/battery-4.svg,5432ae9f4589abf63e44895e37755546e7301dc78d8374f6aebcb634ca62510e,0 0 24 24,XML VALID — VISUAL REVIEW PENDING
assets/icons/tabler/outline/battery-automotive.svg,6a630db276ae03b8a64bac6385b6e118dca92010083835dba6bf3c192d7765c8,0 0 24 24,XML VALID — VISUAL REVIEW PENDING
assets/icons/tabler/outline/battery-charging-2.svg,39eaa49056c800512c7bd26a629fb15a5d35e4e5ca5a94b3ee81783dc9e839bd,0 0 24 24,XML VALID — VISUAL REVIEW PENDING
assets/icons/tabler/outline/battery-charging.svg,23a3ba49d8887813a6d767b0b4775f6e01e7612e71b39d71859a751107afafaf,0 0 24 24,XML VALID — VISUAL REVIEW PENDING
assets/icons/tabler/outline/battery-eco.svg,09c347fee06ad4512a0d5681dd561493b0246a6fda055bc415fb6f05911bebce,0 0 24 24,XML VALID — VISUAL REVIEW PENDING
assets/icons/tabler/outline/battery-exclamation.svg,b69061ac42425ba8fd2f394acac8919e1518d378d96f5f699dd50f9cbe18891b,0 0 24 24,XML VALID — VISUAL REVIEW PENDING
assets/icons/tabler/outline/battery-off.svg,3b447a9725ad8be6314df80a13910c62d6292e0a198e16418cbba9a9ca1a0c21,0 0 24 24,XML VALID — VISUAL REVIEW PENDING
assets/icons/tabler/outline/battery-spark.svg,c72f8676bf32d45ca3ab6bc79740e6d228cc32da364fa24466f185801af3fa37,0 0 24 24,XML VALID — VISUAL REVIEW PENDING
assets/icons/tabler/outline/battery-vertical-1.svg,4065e9fac10413a409d501284e5a31752e0ecd55e6521ea799382a0c43142d9a,0 0 24 24,XML VALID — VISUAL REVIEW PENDING
assets/icons/tabler/outline/battery-vertical-2.svg,863c2ef0a6cf52ca131a91e83c10005c45e5b493556774eef1155879d56e55e0,0 0 24 24,XML VALID — VISUAL REVIEW PENDING
assets/icons/tabler/outline/battery-vertical-3.svg,56fc4a654546b57c5994395e6ebf2f3580b2a19efc5fded25df01cee20d117f0,0 0 24 24,XML VALID — VISUAL REVIEW PENDING
assets/icons/tabler/outline/battery-vertical-4.svg,7323a71c957b2eb7ff8de86b37829d08c99041ee25ba94f05d77c9065c55dd77,0 0 24 24,XML VALID — VISUAL REVIEW PENDING
assets/icons/tabler/outline/battery-vertical-charging-2.svg,c14b8a2a7cb0fb8772d79becd20de690644d2c1a5ea88600ec7a122f4b65f837,0 0 24 24,XML VALID — VISUAL REVIEW PENDING
assets/icons/tabler/outline/battery-vertical-charging.svg,8757e917621dde488c9a2b900b983a12f8ec7ec3223874f3591d96467dc1e415,0 0 24 24,XML VALID — VISUAL REVIEW PENDING
assets/icons/tabler/outline/battery-vertical-eco.svg,a4c68163ae3d090c18e1beafaf04b546f6eab4705584d13ecc20eccecd28f8b1,0 0 24 24,XML VALID — VISUAL REVIEW PENDING
assets/icons/tabler/outline/battery-vertical-exclamation.svg,e1307974f1abc4d4968a530ee61bb87a81a306f2a174aa021b22e5fcd4673171,0 0 24 24,XML VALID — VISUAL REVIEW PENDING
assets/icons/tabler/outline/battery-vertical-off.svg,ade32cae979a07a66635f670916ec86b5e04e58b386b1d6b32ca643b6540e844,0 0 24 24,XML VALID — VISUAL REVIEW PENDING
assets/icons/tabler/outline/battery-vertical.svg,ab63fc10e0b845c3daed038b1053e1af53e950e2c575cbf0f905e14104a8b366,0 0 24 24,XML VALID — VISUAL REVIEW PENDING
assets/icons/tabler/outline/battery.svg,395aea82bdfe1ab516c179599242e44f62bcbabacb0cbbf26ead38a158b1cffe,0 0 24 24,XML VALID — VISUAL REVIEW PENDING
assets/icons/tabler/outline/beach-off.svg,2715bdeb04ad98b2af94cf2a198a9d6068b7fc353878853db8c4ad65c2e9d223,0 0 24 24,XML VALID — VISUAL REVIEW PENDING
assets/icons/tabler/outline/beach.svg,945129790c7d8b91a95c949f30e8b81ee2056b74b5a7b851bc964971cd087a2d,0 0 24 24,XML VALID — VISUAL REVIEW PENDING
assets/icons/tabler/outline/bed-flat.svg,185bab0c3907290751ad953a758c708a1119df73a4e9c3222d2ad5c24d478418,0 0 24 24,XML VALID — VISUAL REVIEW PENDING
assets/icons/tabler/outline/bed-off.svg,ca21944682bb6e69504f4e4d21fbdf25f5fb0062e758f5035044edc1100fd7a1,0 0 24 24,XML VALID — VISUAL REVIEW PENDING
assets/icons/tabler/outline/bed.svg,bf38e8e548c22ca40b1eb913516058cb5e51c658a42a3821c90321afce0f185b,0 0 24 24,XML VALID — VISUAL REVIEW PENDING
assets/icons/tabler/outline/beer-off.svg,28b074ebe9bb6a242101a5281c4db886544f4260dc35337cf6626ba69ee6cffc,0 0 24 24,XML VALID — VISUAL REVIEW PENDING
assets/icons/tabler/outline/beer.svg,3f24d0d3f274256d3e74c3e19e8983f9bedd9bd079d94ab8abe18033f845156e,0 0 24 24,XML VALID — VISUAL REVIEW PENDING
assets/icons/tabler/outline/bell-bolt.svg,2431660380b3b822ea825a35171b0408b46e8740c0fb34657d9cc7754a8e8a5b,0 0 24 24,XML VALID — VISUAL REVIEW PENDING
assets/icons/tabler/outline/bell-cancel.svg,7295be95def9d2e93041639eb9a280910313732d6c048efb18000cbd68a0a037,0 0 24 24,XML VALID — VISUAL REVIEW PENDING
assets/icons/tabler/outline/bell-check.svg,3b10ae97b7d6f5038668294f8cc6a36f8fbf08cfc8906609b29bafcb1aaac570,0 0 24 24,XML VALID — VISUAL REVIEW PENDING
assets/icons/tabler/outline/bell-code.svg,c523c31eab3a56437ac9495159600b664c41a937abcea231da0de659917cabe0,0 0 24 24,XML VALID — VISUAL REVIEW PENDING
assets/icons/tabler/outline/bell-cog.svg,035db07267ec882c1475847ed287c4ee5a4ff3e8fcda9e3af71b9cfd67787234,0 0 24 24,XML VALID — VISUAL REVIEW PENDING
assets/icons/tabler/outline/bell-dollar.svg,a5b8d80e595927e80cd76405518268024eafac2c6a86a341697416efcbe6a2e6,0 0 24 24,XML VALID — VISUAL REVIEW PENDING
assets/icons/tabler/outline/bell-down.svg,da40cf9bcdf2d32d22890b56b3f37da47ce6c6ef7be0ab2e02007ab24db02645,0 0 24 24,XML VALID — VISUAL REVIEW PENDING
assets/icons/tabler/outline/bell-exclamation.svg,11d06623ee4e22e43d3ad157bd628c53241e127def3cacd43b24bc65fb844f72,0 0 24 24,XML VALID — VISUAL REVIEW PENDING
assets/icons/tabler/outline/bell-heart.svg,e009cc8982e2895657eebc5916283a976189a1609ead38380cbb6d949959478e,0 0 24 24,XML VALID — VISUAL REVIEW PENDING
assets/icons/tabler/outline/bell-minus.svg,6eb9b447b20803eee67662d34746e12d6ddcb1c344faf71b4137b7a09e1c26fc,0 0 24 24,XML VALID — VISUAL REVIEW PENDING
assets/icons/tabler/outline/bell-off.svg,8064fd7adb80af285bd79ce88eeb72bf965fbe9deb1e32f5e1f05c8deacca26c,0 0 24 24,XML VALID — VISUAL REVIEW PENDING
assets/icons/tabler/outline/bell-pause.svg,68caf7aa136309fe2732a4dee85f436804d1f0c7986b20a0c1385f8b15b42fd8,0 0 24 24,XML VALID — VISUAL REVIEW PENDING
assets/icons/tabler/outline/bell-pin.svg,291e7cf500113ac96923cdd28001fc1f0e9cf03e7948f1999e9cff52964c44c8,0 0 24 24,XML VALID — VISUAL REVIEW PENDING
assets/icons/tabler/outline/bell-plus.svg,e5d8655c878b6d0a74177e7c0df3c58da0b86351f577984b9e9147650931af72,0 0 24 24,XML VALID — VISUAL REVIEW PENDING
assets/icons/tabler/outline/bell-question.svg,b75aa022f6d1caa62c61293cab98c18481236bcca88f043e50f1ad696f058d1d,0 0 24 24,XML VALID — VISUAL REVIEW PENDING
assets/icons/tabler/outline/bell-ringing-2.svg,f59317de4cffed4018607a5d144d4d90db7a59d9ceae8b0c1d01f32cca6f00cc,0 0 24 24,XML VALID — VISUAL REVIEW PENDING
assets/icons/tabler/outline/bell-ringing.svg,baea7d816d9beba20d4ac3401af6b1969ca35bd04f9ac13ad05e2256e5170c02,0 0 24 24,XML VALID — VISUAL REVIEW PENDING
assets/icons/tabler/outline/bell-school.svg,0e4e678f0339dda29f8c56ceee89ed50921c55f67d5028c36c51adfb5b19f7a0,0 0 24 24,XML VALID — VISUAL REVIEW PENDING
assets/icons/tabler/outline/bell-search.svg,4dc9e028c3743e9aaaf59b3473d4320cd05dd16187783cb42760486a952f7870,0 0 24 24,XML VALID — VISUAL REVIEW PENDING
assets/icons/tabler/outline/bell-share.svg,ec306fe2c50c3fdf336b973eb7b33a27b0eedb207d4e8365ec65dcc2aca7f376,0 0 24 24,XML VALID — VISUAL REVIEW PENDING
assets/icons/tabler/outline/bell-star.svg,09c34b05ffe5fcfb1f99185367fdf287585c0d60828a4b7598dc72ea6e758618,0 0 24 24,XML VALID — VISUAL REVIEW PENDING
assets/icons/tabler/outline/bell-up.svg,873fe178deee5ce709284ff924525fefb019f996c6583e69dc41e600486eb0e5,0 0 24 24,XML VALID — VISUAL REVIEW PENDING
assets/icons/tabler/outline/bell-x.svg,eadcabd9620b102fa6ae07155f644b6095c1d82f4847224b21c26c54fd05a2e8,0 0 24 24,XML VALID — VISUAL REVIEW PENDING
assets/icons/tabler/outline/bell-z.svg,dea3e0fa1807dcafa87737e94f3dd312d34da8c898717cc377eca7e0033d8c5f,0 0 24 24,XML VALID — VISUAL REVIEW PENDING
assets/icons/tabler/outline/bell.svg,baefc2c6ef9042fc85551567bb72ca875a59c1259e902005f58caf37396e9d4e,0 0 24 24,XML VALID — VISUAL REVIEW PENDING
assets/icons/tabler/outline/beta.svg,e95ab3b18030cbdf3bfb251120546a354a52ad3892c539eff9fe1e2d47362e0b,0 0 24 24,XML VALID — VISUAL REVIEW PENDING
assets/icons/tabler/outline/bible.svg,7c21aede12b4a50a48cfeff045a9e18c18683327e6cfa1eb0ad99df18676c594,0 0 24 24,XML VALID — VISUAL REVIEW PENDING
assets/icons/tabler/outline/bike-off.svg,41759ad55198f5ad513226ae46309d33445f9cd7feb061764efce7714151447f,0 0 24 24,XML VALID — VISUAL REVIEW PENDING
assets/icons/tabler/outline/bike.svg,a92d36b511cf6c05f2d637f121885cb6378bc00966d5537df550f6144ce4e279,0 0 24 24,XML VALID — VISUAL REVIEW PENDING
assets/icons/tabler/outline/binary-off.svg,f0f49d958fa3478e93a3bffd695d7404dd7ecad2c568b392d02c5d2bc2bdb19e,0 0 24 24,XML VALID — VISUAL REVIEW PENDING
assets/icons/tabler/outline/binary-tree-2.svg,fa6cfdf2c582798504c8b3f9d2da900ff1bbfaba0b84888fd7616cb2125d326b,0 0 24 24,XML VALID — VISUAL REVIEW PENDING
assets/icons/tabler/outline/binary-tree.svg,c47190f50a7abf47b3b8efae3e0539370fd82bae529665932111bf2bf7998f0c,0 0 24 24,XML VALID — VISUAL REVIEW PENDING
assets/icons/tabler/outline/binary.svg,20da5c7826f848fe3de2d91a5580d94f9eea5cbad44497d75cf9d8505d053c2e,0 0 24 24,XML VALID — VISUAL REVIEW PENDING
assets/icons/tabler/outline/binoculars.svg,382649f9c74d45c0edbd0a1d53490fbf796d48c252f79ce4ab5597869b925603,0 0 24 24,XML VALID — VISUAL REVIEW PENDING
assets/icons/tabler/outline/biohazard-off.svg,21f2345edd7e9f23c38223b55f8e68260c9644f376172360f0da89086c7cc0ef,0 0 24 24,XML VALID — VISUAL REVIEW PENDING
assets/icons/tabler/outline/biohazard.svg,e0d7d6128a7c7c0a6b2174ed47971cb2d4ce6a0317d24a53d32ffb82142967d9,0 0 24 24,XML VALID — VISUAL REVIEW PENDING
assets/icons/tabler/outline/blade.svg,9f3e4ba4c1cd00114f2c4942738a4dae53f760bd5f890b293cfc5f64418ed5c1,0 0 24 24,XML VALID — VISUAL REVIEW PENDING
assets/icons/tabler/outline/bleach-chlorine.svg,3b48c085bceea67ad2b450f4b7644d19ceb9ff9aa840b3c5e3bcf6b39c66cf1d,0 0 24 24,XML VALID — VISUAL REVIEW PENDING
assets/icons/tabler/outline/bleach-no-chlorine.svg,2b4b406805dc8b984afe6b5b83dd436e690b77f0041370d9013185e53e060953,0 0 24 24,XML VALID — VISUAL REVIEW PENDING
assets/icons/tabler/outline/bleach-off.svg,ce08b94e18ace7a23d092d0f53a877d08aef2c463358e6342d46bcbb5476f616,0 0 24 24,XML VALID — VISUAL REVIEW PENDING
assets/icons/tabler/outline/bleach.svg,303da0f554864642bb39abf94ed1e6eca1373c9307646b255771eb1b9b7d850f,0 0 24 24,XML VALID — VISUAL REVIEW PENDING
assets/icons/tabler/outline/blend-mode.svg,f9f5ee6d19b2fb5b558d216c6c99073012d84e01c8c9da313185cf4a14201277,0 0 24 24,XML VALID — VISUAL REVIEW PENDING
assets/icons/tabler/outline/blender.svg,d6dbac37b444558f84805dbd6828b1f88179da09d0d3a86147924c4f0e2acad3,0 0 24 24,XML VALID — VISUAL REVIEW PENDING
assets/icons/tabler/outline/blob.svg,22a81f27a7ef746128ec87d6dbed796f4c6dbe59fa69c5ca2faf0f38bc8abadd,0 0 24 24,XML VALID — VISUAL REVIEW PENDING
assets/icons/tabler/outline/blockquote.svg,bc74e91372b57ea1a02f30998cd7c1189869ae784f6522a89673e30e4e51ae7b,0 0 24 24,XML VALID — VISUAL REVIEW PENDING
assets/icons/tabler/outline/blocks.svg,d22994094b4dcfbd38a16c2d917ec4184baa52813ef3cda0c6eb1ecf293758c5,0 0 24 24,XML VALID — VISUAL REVIEW PENDING
assets/icons/tabler/outline/bluetooth-connected.svg,3a57ebff3b3d0476249858b7a5ee747d8b6282c8e7c292a571d550ebcc72c43d,0 0 24 24,XML VALID — VISUAL REVIEW PENDING
assets/icons/tabler/outline/bluetooth-off.svg,4d9ee14319fd69ab6bcb9cc1b8087be85b649c8f172f99bc0d791194af1b3467,0 0 24 24,XML VALID — VISUAL REVIEW PENDING
assets/icons/tabler/outline/bluetooth-x.svg,9caa24e0f01f3f1cc4e2727456c33aba744ed26e6e4d8146b18cd599aa73e12a,0 0 24 24,XML VALID — VISUAL REVIEW PENDING
assets/icons/tabler/outline/bluetooth.svg,075ccb482424b552ab0973208496a5fe447f5835106c54b40a3c5a2b9bc54c34,0 0 24 24,XML VALID — VISUAL REVIEW PENDING
assets/icons/tabler/outline/blur-off.svg,321394c2d912282c141a3ae5e8f0c7ec030786655f8d1226a8b9213d29cdbcd5,0 0 24 24,XML VALID — VISUAL REVIEW PENDING
assets/icons/tabler/outline/blur.svg,96ae5df09aba08982660dd27b1261da9cc68c7ce7f614c2d4e2c167d33cd7a19,0 0 24 24,XML VALID — VISUAL REVIEW PENDING
assets/icons/tabler/outline/bmp.svg,67a6a720ff9d4618d38f9ce60c34cf924ba0dd537bee68526e61c1a1b4ad7a31,0 0 24 24,XML VALID — VISUAL REVIEW PENDING
assets/icons/tabler/outline/body-scan.svg,f86ab76a7a75fb4e089f6438aba06c2c1db95178f4e34f9d10f761cba3ff3f82,0 0 24 24,XML VALID — VISUAL REVIEW PENDING
assets/icons/tabler/outline/bold-off.svg,4f4523ff6b4297b8a77f8c0bc8072b0878ddc6fdfbd15deaa9951c425882fa71,0 0 24 24,XML VALID — VISUAL REVIEW PENDING
assets/icons/tabler/outline/bold.svg,c39c30cfb562b7c2f41cbb543bb710880c87b33218f89a8e964062592fded20d,0 0 24 24,XML VALID — VISUAL REVIEW PENDING
assets/icons/tabler/outline/bolt-off.svg,316be4c82d7cefe993c094233dd94d4e3f8e7843adec7ecb5091397804f83aec,0 0 24 24,XML VALID — VISUAL REVIEW PENDING
assets/icons/tabler/outline/bolt.svg,6a1d4f9acb691efd05aa721684adc014ca07cb124f51b0c7b8e0d058aeeb319f,0 0 24 24,XML VALID — VISUAL REVIEW PENDING
assets/icons/tabler/outline/bomb.svg,bf7bc9949b9cf8070c877f34380ab96332d1b990ed201711718a40a2547f80eb,0 0 24 24,XML VALID — VISUAL REVIEW PENDING
assets/icons/tabler/outline/bone-off.svg,983564695054a38f204d65f694d664d3d98c043bf634e9ecd685c5362c46865d,0 0 24 24,XML VALID — VISUAL REVIEW PENDING
assets/icons/tabler/outline/bone.svg,bcb50b3f4619dc8cbfea052268da1274a23627dcc1e19d1838fad6b80863075d,0 0 24 24,XML VALID — VISUAL REVIEW PENDING
assets/icons/tabler/outline/bong-off.svg,01a7d82d4f0c708b10110d102720bee0aa5c02d50a4245862226ade4ba6d9fbf,0 0 24 24,XML VALID — VISUAL REVIEW PENDING
assets/icons/tabler/outline/bong.svg,770029f16aac94e57f3d4d8cb030b3d0e7dae1b25e7327c1f88cfa1728c0c957,0 0 24 24,XML VALID — VISUAL REVIEW PENDING
assets/icons/tabler/outline/book-2.svg,06a0fc57a322ad0f4d919940a9788ee852f4a216f4d758d6511f8dee1a83e0d5,0 0 24 24,XML VALID — VISUAL REVIEW PENDING
assets/icons/tabler/outline/book-download.svg,f76b9d0d1358668750340dca1cc8ee096e1a7bf20a4956d1b22a2944679c5ee3,0 0 24 24,XML VALID — VISUAL REVIEW PENDING
assets/icons/tabler/outline/book-off.svg,5ff5777eedcf6a54e0ec0a7bfcc7829ec3f97d9720f98c3358f9567898f33fae,0 0 24 24,XML VALID — VISUAL REVIEW PENDING
assets/icons/tabler/outline/book-upload.svg,ecb33856e14428600730ffff927457ffd6ea6aa2535ea33800f2d0b8b7c46b8d,0 0 24 24,XML VALID — VISUAL REVIEW PENDING
assets/icons/tabler/outline/book.svg,73ab02c7b3b227458691b2fd71e6fee2521a6699071314b1e3fbd7b63c5ae1bc,0 0 24 24,XML VALID — VISUAL REVIEW PENDING
assets/icons/tabler/outline/bookmark-ai.svg,2582e618e8e0cffe7213cb8bbe3194bb7020fa888de0831f6a6d2b9d1663518f,0 0 24 24,XML VALID — VISUAL REVIEW PENDING
assets/icons/tabler/outline/bookmark-edit.svg,282693121af72878566854f08632ceb5f4d448c4876c08d112a54da3a9c3adbb,0 0 24 24,XML VALID — VISUAL REVIEW PENDING
assets/icons/tabler/outline/bookmark-minus.svg,7d202bb0f376769100601ce572cec1ed7d6436be64d4b33b2954cddfd250970d,0 0 24 24,XML VALID — VISUAL REVIEW PENDING
assets/icons/tabler/outline/bookmark-off.svg,c98ab6d3bd3aaebee963052b56e19d245b6ddcc3ed83e71553da81d667777ac7,0 0 24 24,XML VALID — VISUAL REVIEW PENDING
assets/icons/tabler/outline/bookmark-plus.svg,71f7645c5ebdb1a91828f29184a000480945a4d19df93d4164753c33a2fd530e,0 0 24 24,XML VALID — VISUAL REVIEW PENDING
assets/icons/tabler/outline/bookmark-question.svg,abb5488dc7bca516ceece86413da073912aba0fdfa3b49e0f65f0a975761e1e9,0 0 24 24,XML VALID — VISUAL REVIEW PENDING
assets/icons/tabler/outline/bookmark.svg,f32f3b6da859cbff57909f0067983e1510b3a3680bdd035e5ad9b437a7c6d240,0 0 24 24,XML VALID — VISUAL REVIEW PENDING
assets/icons/tabler/outline/bookmarks-off.svg,ed322f8466071e2701adc09a7d3261c7aae94ddc75a78f1a31e90bbe3e4c08b5,0 0 24 24,XML VALID — VISUAL REVIEW PENDING
assets/icons/tabler/outline/bookmarks.svg,1dbd217ede3a00c9343eb19a20883be68a2d33683301dd715386a59ba56d84ad,0 0 24 24,XML VALID — VISUAL REVIEW PENDING
assets/icons/tabler/outline/books-off.svg,5bdba8e43557d772f58876e9cd8d752b4ccaf600dc0fc787c9598c8e9c1e5079,0 0 24 24,XML VALID — VISUAL REVIEW PENDING
assets/icons/tabler/outline/books.svg,d12f0a03eefd08b57bfaa1c5f0ee6f822a04b51254b9c4aa3157b31e6e68ed52,0 0 24 24,XML VALID — VISUAL REVIEW PENDING
assets/icons/tabler/outline/boom.svg,353f936b18f3892ccbf6ecf3a5b7bbdc7ffc93316f7ee3b6ccba75d3befe1f55,0 0 24 24,XML VALID — VISUAL REVIEW PENDING
assets/icons/tabler/outline/border-all.svg,6b4e683f3aedf4d1584fda745b9323850ccf75288c7b56bfdd866a060742c74d,0 0 24 24,XML VALID — VISUAL REVIEW PENDING
assets/icons/tabler/outline/border-bottom-plus.svg,e8a12e4ae08fac9c2b9648816191804f1511d536dde937b01540b86cfbda44dc,0 0 24 24,XML VALID — VISUAL REVIEW PENDING
assets/icons/tabler/outline/border-bottom.svg,d7358e1f1258147debc699453d11b0997df4a4b6db22b1791f3039d90d3997bf,0 0 24 24,XML VALID — VISUAL REVIEW PENDING
assets/icons/tabler/outline/border-corner-ios.svg,6ca5569fae69ed2a9685cdd227d500af7ef29eb6bad3f5e67910636b28b03005,0 0 24 24,XML VALID — VISUAL REVIEW PENDING
assets/icons/tabler/outline/border-corner-pill.svg,bde78c94056745ccf0b82d5cf2326f3c5a203f00c0f063f13c351f02198e4ecd,0 0 24 24,XML VALID — VISUAL REVIEW PENDING
assets/icons/tabler/outline/border-corner-rounded.svg,565db40b20c4a413e75ffcf3f3106501be3f949dee6948e722f0cef2f210d38b,0 0 24 24,XML VALID — VISUAL REVIEW PENDING
assets/icons/tabler/outline/border-corner-square.svg,499768413602811f15b35ac4dd037cf8dbd2945946ae5a5bbbae869e5c1f7939,0 0 24 24,XML VALID — VISUAL REVIEW PENDING
assets/icons/tabler/outline/border-corners.svg,762782dfc38e4bf2d27635b2fcc85a1a46445841be1f716a278dfa0828d7883a,0 0 24 24,XML VALID — VISUAL REVIEW PENDING
assets/icons/tabler/outline/border-horizontal.svg,7e97433ecd77c5603ae921f5dc48ed871a215bd5a593da327b7bba8bfa7e9ac1,0 0 24 24,XML VALID — VISUAL REVIEW PENDING
assets/icons/tabler/outline/border-inner.svg,a8fd7ad86d89f8b5ac39d32650a5ec6e5afff224d1a4468301fd4477343152c8,0 0 24 24,XML VALID — VISUAL REVIEW PENDING
assets/icons/tabler/outline/border-left-plus.svg,45143f56886511ab037ddb9cab7513db0992e991ae6dd618bc92f7388d54b224,0 0 24 24,XML VALID — VISUAL REVIEW PENDING
assets/icons/tabler/outline/border-left.svg,862f5fcd21bee787a835472395212839cf81d59c02b175493a2bee56d8ac961b,0 0 24 24,XML VALID — VISUAL REVIEW PENDING
assets/icons/tabler/outline/border-none.svg,7555da5194d77b527c062e4976238b8ef644bd8cdb01f26165e8ba1c1a712009,0 0 24 24,XML VALID — VISUAL REVIEW PENDING
assets/icons/tabler/outline/border-outer.svg,8da9937fe85f340e71a95ec076fcbf536336e6990ea07e3431eddb592465665a,0 0 24 24,XML VALID — VISUAL REVIEW PENDING
assets/icons/tabler/outline/border-radius.svg,1be2eaf22e9ce688d40709eed739c35c1acb8836060af56797dcbc5112b9f042,0 0 24 24,XML VALID — VISUAL REVIEW PENDING
assets/icons/tabler/outline/border-right-plus.svg,27f671eab7fa3610b22a609ee5ed6e321bede9736f68911331407e2ad196fd47,0 0 24 24,XML VALID — VISUAL REVIEW PENDING
assets/icons/tabler/outline/border-right.svg,831cc93855ef3a9b58a51a1edb08083c95b2b549079cb220c9d0ce41f0f73a3b,0 0 24 24,XML VALID — VISUAL REVIEW PENDING
assets/icons/tabler/outline/border-sides.svg,00fb0d1024543a68a7c012a825f737512c50e1e02ebbc8d956ee414bfe829f6f,0 0 24 24,XML VALID — VISUAL REVIEW PENDING
assets/icons/tabler/outline/border-style-2.svg,9d388b59bde9c61f3026a54ed850dfc07040d74ad3d36bc7f6e19ac2c383dde4,0 0 24 24,XML VALID — VISUAL REVIEW PENDING
assets/icons/tabler/outline/border-style.svg,5e323da00cf2bd42cdaf1cf2236666235a367e0cda2d4617c04537820ef3349c,0 0 24 24,XML VALID — VISUAL REVIEW PENDING
assets/icons/tabler/outline/border-top-plus.svg,129f403e37ec712b384ccbff92d05d845b00b8f2196c76125b58d7fc71e1fa3b,0 0 24 24,XML VALID — VISUAL REVIEW PENDING
assets/icons/tabler/outline/border-top.svg,3a2cbdc6d9cffaa68a98b78325964e937ce17cf11abe14eeabe4ccefc306b920,0 0 24 24,XML VALID — VISUAL REVIEW PENDING
assets/icons/tabler/outline/border-vertical.svg,822236a82b7c3fcf63fe495c0303d3511bd1c94fe78e9baf902c31bdc7b58c40,0 0 24 24,XML VALID — VISUAL REVIEW PENDING
assets/icons/tabler/outline/bottle-off.svg,e45126a4b28154ea1d03c694107b040ca7fed14782c10f7817a46a432729c418,0 0 24 24,XML VALID — VISUAL REVIEW PENDING
assets/icons/tabler/outline/bottle.svg,a82ef3bc8830e8d19b8dddd71319e518a781767f92d290eae0b1620efa5bc4cc,0 0 24 24,XML VALID — VISUAL REVIEW PENDING
assets/icons/tabler/outline/bounce-left.svg,8ddd5a13003d09ad071a13f9c7570b788c0711d5d278a1c7b88fd944387ccd2a,0 0 24 24,XML VALID — VISUAL REVIEW PENDING
assets/icons/tabler/outline/bounce-right.svg,84a0f522ce73f6727886cf2911dfe95a71702bedaa319f1ccbcc334c2a9b06d6,0 0 24 24,XML VALID — VISUAL REVIEW PENDING
assets/icons/tabler/outline/bow.svg,1ef7f0bc07b7efb010e4f1ac3f06678f09cbb8fb9adf3b188dfd15cf28af09a9,0 0 24 24,XML VALID — VISUAL REVIEW PENDING
assets/icons/tabler/outline/bowl-chopsticks.svg,2d214dfb5334739675f011df0fe6607f1524269204f70ddb3395a5f042834013,0 0 24 24,XML VALID — VISUAL REVIEW PENDING
assets/icons/tabler/outline/bowl-spoon.svg,c8fbe208c63af55d6424469f912ad3a9eaac34b622c5458455b35a3d11e91867,0 0 24 24,XML VALID — VISUAL REVIEW PENDING
assets/icons/tabler/outline/bowl.svg,e7f21ac65f8a656819608d9daad2e22725a4b7994b20fbfac5c3ef71b3f485b0,0 0 24 24,XML VALID — VISUAL REVIEW PENDING
assets/icons/tabler/outline/bowling.svg,41835a67272c46517b0976c57f26b444923866afd337f677f718210851d85eea,0 0 24 24,XML VALID — VISUAL REVIEW PENDING
assets/icons/tabler/outline/box-align-bottom-left.svg,8458472f5c4cd81b917c6f689cc23d97c360f8fd78df9fd37c23b8165a9adce9,0 0 24 24,XML VALID — VISUAL REVIEW PENDING
assets/icons/tabler/outline/box-align-bottom-right.svg,fd7a88effed9b7e83c0d25db98f791ddcdfe0307f91cce69b294d3ebed07ee83,0 0 24 24,XML VALID — VISUAL REVIEW PENDING
assets/icons/tabler/outline/box-align-bottom.svg,a66a53dd105bf248fd89204e29b42daad61a359d796bb683546d941e5a84fb71,0 0 24 24,XML VALID — VISUAL REVIEW PENDING
assets/icons/tabler/outline/box-align-left.svg,6bbe90d0aecc3e153df4900c86a877b11bb8a9056d49a23eef6f3e21e61df93b,0 0 24 24,XML VALID — VISUAL REVIEW PENDING
assets/icons/tabler/outline/box-align-right.svg,8d0e54d7d393b917e500b6561dcb067679d350b5e69df40955e505f28b9d3f2a,0 0 24 24,XML VALID — VISUAL REVIEW PENDING
assets/icons/tabler/outline/box-align-top-left.svg,8ffb9fd6b48e66040f236d1da4acff4a8094452bb91b54f16cdd6d53792057d6,0 0 24 24,XML VALID — VISUAL REVIEW PENDING
assets/icons/tabler/outline/box-align-top-right.svg,edbba12fa76b79d3c649c73d156c91c21475716f9a2e9a9006ce3c06807fbeb6,0 0 24 24,XML VALID — VISUAL REVIEW PENDING
assets/icons/tabler/outline/box-align-top.svg,5cbdf5abd841279589097c4fc11596555b68a141f5f95a10268480f4b39634da,0 0 24 24,XML VALID — VISUAL REVIEW PENDING
assets/icons/tabler/outline/box-margin.svg,1465dea011713a26f021314cd0fb4c6a80a9ecbcdd369e0558d2a833991d2de3,0 0 24 24,XML VALID — VISUAL REVIEW PENDING
assets/icons/tabler/outline/box-model-2-off.svg,d23b49c0e5f9a5243681e656ed0bb34eb19a3f760b9608a8e45a0734b38098c8,0 0 24 24,XML VALID — VISUAL REVIEW PENDING
assets/icons/tabler/outline/box-model-2.svg,0599eac9f680b10b5f97b424d29742d1c96e3c4d02437ca4ac538883d3490b9b,0 0 24 24,XML VALID — VISUAL REVIEW PENDING
assets/icons/tabler/outline/box-model-off.svg,409bb0aab6915c20448d92ef1bb170c34ff24cca076bcc624582fe2cf0cfd5ee,0 0 24 24,XML VALID — VISUAL REVIEW PENDING
assets/icons/tabler/outline/box-model.svg,a6feee0fbf88c6b87ef479e4fb6bd0b693018e3d9d4a7043873bef286aff5885,0 0 24 24,XML VALID — VISUAL REVIEW PENDING
assets/icons/tabler/outline/box-multiple-0.svg,d53b42f2e09ac91a51e55de423fad01100c5fccc1d7c60b103f2e802f5871148,0 0 24 24,XML VALID — VISUAL REVIEW PENDING
assets/icons/tabler/outline/box-multiple-1.svg,6a20375ca3dd05f5175fdd3889f6c97879956947be9cc88fe9ddfcfd49e5c7cc,0 0 24 24,XML VALID — VISUAL REVIEW PENDING
assets/icons/tabler/outline/box-multiple-2.svg,a7253b5073b114dcf46babb93037184d6d44f1c040292549bbd4ce2ba9245949,0 0 24 24,XML VALID — VISUAL REVIEW PENDING
assets/icons/tabler/outline/box-multiple-3.svg,a679cd52b78aaed1f2f574bdf64e8b3bc18afebce3a8ffeceb1b367ec1d6b4d6,0 0 24 24,XML VALID — VISUAL REVIEW PENDING
assets/icons/tabler/outline/box-multiple-4.svg,1a3ed755b1b35a4755aaf79804b5a0d7f130054e5b5f0c3d70037932e8e43876,0 0 24 24,XML VALID — VISUAL REVIEW PENDING
assets/icons/tabler/outline/box-multiple-5.svg,7f4f0fe1a894f794bdc39375f74ebf392ad202333403c29c2a9514a25bda319d,0 0 24 24,XML VALID — VISUAL REVIEW PENDING
assets/icons/tabler/outline/box-multiple-6.svg,956c54fd95f1f951c95441fc75eaf7cb77ac6080c026c741daca30f4aded869c,0 0 24 24,XML VALID — VISUAL REVIEW PENDING
assets/icons/tabler/outline/box-multiple-7.svg,cee6e51fc704c03ae11aa297986911b628ca5d5d2d57656c66871437556fcfa3,0 0 24 24,XML VALID — VISUAL REVIEW PENDING
assets/icons/tabler/outline/box-multiple-8.svg,377d19b2a8e619dd731b0e5f1f831a423a51dfea830696a9a15ed019669aa4f1,0 0 24 24,XML VALID — VISUAL REVIEW PENDING
assets/icons/tabler/outline/box-multiple-9.svg,b5c26bab1f5aea73bfa360ce73e519c33ce1246d45e9717184d13331f10ac207,0 0 24 24,XML VALID — VISUAL REVIEW PENDING
assets/icons/tabler/outline/box-multiple.svg,df0891b8b7fa133171176bd1f312fac271ab6b4239d4a8af9bcab4bd8654118d,0 0 24 24,XML VALID — VISUAL REVIEW PENDING
assets/icons/tabler/outline/box-off.svg,f03749c9ab5a884aa140e0188ee072ffa781ec9ea7d00dc85eea93a115aa5bee,0 0 24 24,XML VALID — VISUAL REVIEW PENDING
assets/icons/tabler/outline/box-padding.svg,a208481a5586a2856af07c0cc7ba5494be740c25257f7f2b02796e96632e19ce,0 0 24 24,XML VALID — VISUAL REVIEW PENDING
assets/icons/tabler/outline/box.svg,7966224cb60efd55c35b9fd9779dd39de7046ccdb7d254940af8152adacf45bb,0 0 24 24,XML VALID — VISUAL REVIEW PENDING
assets/icons/tabler/outline/braces-off.svg,c511cb0319ed11b0ad71e69fde73c29ecf832209848a3b140168d254e6a99c8e,0 0 24 24,XML VALID — VISUAL REVIEW PENDING
assets/icons/tabler/outline/braces.svg,c050fe5797c105b61cf9a4045fc9430948326bda7f7f57ad096f46da7f429710,0 0 24 24,XML VALID — VISUAL REVIEW PENDING
assets/icons/tabler/outline/brackets-angle-off.svg,66920ffb96be486b770606ad251a3f639ce39e07b5f5a525c86ecf95e15c23a4,0 0 24 24,XML VALID — VISUAL REVIEW PENDING
assets/icons/tabler/outline/brackets-angle.svg,e4aede9c0133ae28fccea93fa7fef2b54547c4fed1598c595833af291113971c,0 0 24 24,XML VALID — VISUAL REVIEW PENDING
assets/icons/tabler/outline/brackets-contain-end.svg,02d2bcd54f340b9850836b5ae8d7a922c6f3bb88ef31bff21eab11d6944fe227,0 0 24 24,XML VALID — VISUAL REVIEW PENDING
assets/icons/tabler/outline/brackets-contain-start.svg,0193e4c94f13630f76ceb28898ed4318ea2e24a1831e78d0949b23bdc8e22a09,0 0 24 24,XML VALID — VISUAL REVIEW PENDING
assets/icons/tabler/outline/brackets-contain.svg,8e89abee11e7ac6b476106e65d0c70014fbf879cde3d56759512d2a6b4d1189d,0 0 24 24,XML VALID — VISUAL REVIEW PENDING
assets/icons/tabler/outline/brackets-off.svg,c6078e1e4f682d7f282c36287d2bd69ef87532cf66611aed842832a7b96aeebd,0 0 24 24,XML VALID — VISUAL REVIEW PENDING
assets/icons/tabler/outline/brackets.svg,84bafd0ab6a790b224cdd5da24e3bbbd57a68b899630f713fac7ba760ece5068,0 0 24 24,XML VALID — VISUAL REVIEW PENDING
assets/icons/tabler/outline/braille.svg,c2466c0f44c50fa8fc7c561cd19631e42e8c0d6e579aaa5cd0a1ba8c1667d011,0 0 24 24,XML VALID — VISUAL REVIEW PENDING
assets/icons/tabler/outline/brain.svg,46cf41277d643096249899df811ef823ff64d117426ce4bc4456d793c560bc1a,0 0 24 24,XML VALID — VISUAL REVIEW PENDING
assets/icons/tabler/outline/brand-4chan.svg,e5815cccbb92bedd2d309a2ce8fe15997c0dcb27bb2c3d7dd167d79286243949,0 0 24 24,XML VALID — VISUAL REVIEW PENDING
assets/icons/tabler/outline/brand-abstract.svg,bfa9be1251b24ab8e554b2e2ca0c08f88d7f0967088aafbde53883f15cd3ce44,0 0 24 24,XML VALID — VISUAL REVIEW PENDING
assets/icons/tabler/outline/brand-adobe-after-effect.svg,bd359a729bf6109d389373d23e80b98b7b59a2e57e2a38cb255015f23b95c429,0 0 24 24,XML VALID — VISUAL REVIEW PENDING
assets/icons/tabler/outline/brand-adobe-illustrator.svg,d1514364585f2bd050f833f0a885e6ec4aaefeb69cf81d6e347b8de15f4f1494,0 0 24 24,XML VALID — VISUAL REVIEW PENDING
assets/icons/tabler/outline/brand-adobe-indesign.svg,57be3c1af702c6dee48f97af51c7b846a0b5b96354d8b6a8507839532cb9fc33,0 0 24 24,XML VALID — VISUAL REVIEW PENDING
assets/icons/tabler/outline/brand-adobe-photoshop.svg,03d07bd77e80c2bb36cb9d0f37ded011d1c68adcb4309b2fac4b564bcea38536,0 0 24 24,XML VALID — VISUAL REVIEW PENDING
assets/icons/tabler/outline/brand-adobe-premier.svg,dbffe52ecabe801d974a8ccb78ce382110028d182f1d93db9f803e3de2f484f8,0 0 24 24,XML VALID — VISUAL REVIEW PENDING
assets/icons/tabler/outline/brand-adobe-xd.svg,be9e320805eaf320e4ca2834eb1766a2c810d8e710247cb014041975579c40e1,0 0 24 24,XML VALID — VISUAL REVIEW PENDING
assets/icons/tabler/outline/brand-adobe.svg,98732b1772037547e2a33f8e27a2d590b96a4ca26f3b0d4b33c19bd5f29a201c,0 0 24 24,XML VALID — VISUAL REVIEW PENDING
assets/icons/tabler/outline/brand-adonis-js.svg,a2c49fbad59f69117d8a3b56c1baf4bedea5893e4e90ca26918dcb43571ff3b6,0 0 24 24,XML VALID — VISUAL REVIEW PENDING
assets/icons/tabler/outline/brand-airbnb.svg,aeef99e8d679c346949a28381d4eb03476cceeaf8e8c9b4508286b5aca9957fc,0 0 24 24,XML VALID — VISUAL REVIEW PENDING
assets/icons/tabler/outline/brand-airtable.svg,5b795f2e8bd8e61bd7536e1854b008d630a7a6ab6cc33dde100af5237c95b415,0 0 24 24,XML VALID — VISUAL REVIEW PENDING
assets/icons/tabler/outline/brand-algolia.svg,b590a4fbb8ab8df95f501d5fc630b0edc83aa04513ec5573044765387f3a6400,0 0 24 24,XML VALID — VISUAL REVIEW PENDING
assets/icons/tabler/outline/brand-alipay.svg,1008b356634278de175ac5317588265d9b1c739959ac87bb51d2f1cdb295a010,0 0 24 24,XML VALID — VISUAL REVIEW PENDING
assets/icons/tabler/outline/brand-alpine-js.svg,b351849fbc3e913a76f99a8eb773f09167ab2d00e0acc5667380aec6cebab834,0 0 24 24,XML VALID — VISUAL REVIEW PENDING
assets/icons/tabler/outline/brand-amazon.svg,dade755ea9b6840eed8aea699d061805b0d5fb104ded11b2d4a055569181440a,0 0 24 24,XML VALID — VISUAL REVIEW PENDING
assets/icons/tabler/outline/brand-amd.svg,d200725cabdbc8c116c68d2b9df7f75979e17c8dd832455d9b68582de9f5cdea,0 0 24 24,XML VALID — VISUAL REVIEW PENDING
assets/icons/tabler/outline/brand-amie.svg,6fea3861c6f7eca1e29eb74cccf8c99cc420ec8e5bdeb022c3c8c71d3a3c22a9,0 0 24 24,XML VALID — VISUAL REVIEW PENDING
assets/icons/tabler/outline/brand-amigo.svg,0ce76c7ba51a58973be07e628b6f2c90ce34bc468818467709a5f36b9d370edd,0 0 24 24,XML VALID — VISUAL REVIEW PENDING
assets/icons/tabler/outline/brand-among-us.svg,7a56463e7933c74580b8f46c41b1f611ba874efa50d7e754f100cb16cf173e21,0 0 24 24,XML VALID — VISUAL REVIEW PENDING
assets/icons/tabler/outline/brand-android.svg,0b568ba1f3f145ac04b0619a7891f939feca30d7caaca18b6922e735e7730767,0 0 24 24,XML VALID — VISUAL REVIEW PENDING
assets/icons/tabler/outline/brand-angular.svg,1f64184b5a14ce6b685eb8de852267cb874df2d260f6f8930c8d334b559180e8,0 0 24 24,XML VALID — VISUAL REVIEW PENDING
assets/icons/tabler/outline/brand-ansible.svg,d098f346f35e41443b7c778fcd398cb7f3d69563e20599260944ab7eee1785fa,0 0 24 24,XML VALID — VISUAL REVIEW PENDING
assets/icons/tabler/outline/brand-ao3.svg,e8a335f0ffe3eff29996684341af7972e626ff357f746405471d2e875ae5395d,0 0 24 24,XML VALID — VISUAL REVIEW PENDING
assets/icons/tabler/outline/brand-appgallery.svg,4e6612be41f094a6f01d30dffb30521bb0113bdc1a78d875dc69a5b7e69b94fa,0 0 24 24,XML VALID — VISUAL REVIEW PENDING
assets/icons/tabler/outline/brand-apple-arcade.svg,6a7a6e9ef3eaf0887dd64df27ab0bb454f07549897e2a85dca194c7b2bc4e80d,0 0 24 24,XML VALID — VISUAL REVIEW PENDING
assets/icons/tabler/outline/brand-apple-news.svg,5b3cadfa5cdee07f17093835955be4a60a0cd24affde5006e4dc5c718a331a60,0 0 24 24,XML VALID — VISUAL REVIEW PENDING
assets/icons/tabler/outline/brand-apple-podcast.svg,20514276532a1e93990523943daf7fc7d032a299a1a53b6a63fa62b171de4373,0 0 24 24,XML VALID — VISUAL REVIEW PENDING
assets/icons/tabler/outline/brand-apple.svg,38533eccda5e4999c9e342bd35744edbba9d5a5b9b31850b00c251cd8c2172e9,0 0 24 24,XML VALID — VISUAL REVIEW PENDING
assets/icons/tabler/outline/brand-appstore.svg,506a79b7158c40b3ce427ddea7b399f85f65c903df138d27017fd86241ac5144,0 0 24 24,XML VALID — VISUAL REVIEW PENDING
assets/icons/tabler/outline/brand-arc.svg,13227462b0ea5c6e93d5ec00b3d490e496566c7bef3523f478592c46e3f2c7a2,0 0 24 24,XML VALID — VISUAL REVIEW PENDING
assets/icons/tabler/outline/brand-asana.svg,f491abc159fbe18ede44e3dffa55cd7f9bb37cde712dc282d42a7af83fb6a7ee,0 0 24 24,XML VALID — VISUAL REVIEW PENDING
assets/icons/tabler/outline/brand-astro.svg,ee463f41f7d8eeab48d6d787aaad94c0656b484deaf164f14c6e51d5f7ffbdf8,0 0 24 24,XML VALID — VISUAL REVIEW PENDING
assets/icons/tabler/outline/brand-auth0.svg,ea51ab4c346ac1b8eb12d720c3d59d87ee0f555516bffe8e8801860627922140,0 0 24 24,XML VALID — VISUAL REVIEW PENDING
assets/icons/tabler/outline/brand-aws.svg,d2c50a368ca118bc6d61ae78d04b83e3fae1a06c503647da4c422e778ab0f5b7,0 0 24 24,XML VALID — VISUAL REVIEW PENDING
assets/icons/tabler/outline/brand-azure.svg,0a73d73a44991a4f2dca23812ec9fc7a13b021f0aefcbedaba52765832e64782,0 0 24 24,XML VALID — VISUAL REVIEW PENDING
assets/icons/tabler/outline/brand-backbone.svg,a4a55aeae62c7b3590ffaf9d34798a93006a20ac54a5e2ba6dc77933a87086a8,0 0 24 24,XML VALID — VISUAL REVIEW PENDING
assets/icons/tabler/outline/brand-badoo.svg,25334af9dcb098502fd673ee6454bdb68633dd8bd959e7f4ee1b2a8630ade2b0,0 0 24 24,XML VALID — VISUAL REVIEW PENDING
assets/icons/tabler/outline/brand-baidu.svg,991f0eda18fefd5282bd891b82424edbd7eefe8bc315a062fb4628ecc6aedb1d,0 0 24 24,XML VALID — VISUAL REVIEW PENDING
assets/icons/tabler/outline/brand-bandcamp.svg,9100449e012fc9f2f52a2dcbfdb41de4bfd2acaa7eef28f577e0debb082372d0,0 0 24 24,XML VALID — VISUAL REVIEW PENDING
assets/icons/tabler/outline/brand-bandlab.svg,2db1877045326b40b9de6971b636b7d3d0d224cbdb1e530ff298a219ebab1c2c,0 0 24 24,XML VALID — VISUAL REVIEW PENDING
assets/icons/tabler/outline/brand-beats.svg,cf5ec2f2ff4d299eb16e3f2dbb012bd860d03265cd4737b58071f5bdf7b3706d,0 0 24 24,XML VALID — VISUAL REVIEW PENDING
assets/icons/tabler/outline/brand-bebo.svg,ba18b326dc0b5d49844f597c2f160b8ef3dc386c76f101b5ae82a38e74f747eb,0 0 24 24,XML VALID — VISUAL REVIEW PENDING
assets/icons/tabler/outline/brand-behance.svg,1d22cd1d59f0339dc535c9956254fbe44f0c20afde547a5f192c92aff3166c52,0 0 24 24,XML VALID — VISUAL REVIEW PENDING
assets/icons/tabler/outline/brand-bilibili.svg,935145d3d2023cd29682ed128142769057a088739517101b7d16e8b402c6a246,0 0 24 24,XML VALID — VISUAL REVIEW PENDING
assets/icons/tabler/outline/brand-binance.svg,40e7dd56ee804c3e35790d6665c83458e64c18a693ea3b76cf16572eb17f215d,0 0 24 24,XML VALID — VISUAL REVIEW PENDING
assets/icons/tabler/outline/brand-bing.svg,751d088bcea82314f024386fbc7ccd8e9a11f2a54e8ad61ed0bbb1031a5995cc,0 0 24 24,XML VALID — VISUAL REVIEW PENDING
assets/icons/tabler/outline/brand-bitbucket.svg,5d787805aefb91109be89d7c99538a3f0fc31df30fd3c6ead926c3cb898aa071,0 0 24 24,XML VALID — VISUAL REVIEW PENDING
assets/icons/tabler/outline/brand-blackberry.svg,458bdd96157e341f28bdb7379cf680573da0dbea2fee5bd904a76e688f0d8e54,0 0 24 24,XML VALID — VISUAL REVIEW PENDING
assets/icons/tabler/outline/brand-blender.svg,414a20ba2606dbb7f87c1c790b48738b660f9dc7e840666108940274666bd116,0 0 24 24,XML VALID — VISUAL REVIEW PENDING
assets/icons/tabler/outline/brand-blogger.svg,78b2b03162e4e039f1a5db0f0f832f4bc1fee534820a5d52d9b96dea5af34ff5,0 0 24 24,XML VALID — VISUAL REVIEW PENDING
assets/icons/tabler/outline/brand-bluesky.svg,b3c56dbfdd9a09e9aaf9ed9167f159edd7e3242a847145c8b7c8c8d1f8aa31c1,0 0 24 24,XML VALID — VISUAL REVIEW PENDING
assets/icons/tabler/outline/brand-booking.svg,b3656c1d2283f83f0b1920287d157a41945b3ef1cab6fac91e671ec3ead8593b,0 0 24 24,XML VALID — VISUAL REVIEW PENDING
assets/icons/tabler/outline/brand-bootstrap.svg,f2894fcc24a5872811a1128783cbdac6fc1df1a0987534d0508fbc04a0ccb226,0 0 24 24,XML VALID — VISUAL REVIEW PENDING
assets/icons/tabler/outline/brand-bulma.svg,8ba1f8ae13175e32abdf4055ecd4c72f0e083dd98c1813b03ad0b758901f1b3a,0 0 24 24,XML VALID — VISUAL REVIEW PENDING
assets/icons/tabler/outline/brand-bumble.svg,2b3b6980a21ad8eafd51d268f4685c2f7864cb02f8f8a3d627e8758d11953d70,0 0 24 24,XML VALID — VISUAL REVIEW PENDING
assets/icons/tabler/outline/brand-bunpo.svg,96345c8b2f4338d7c2a266c632eb951dea4077af1c47ea1c352d50b19438cc14,0 0 24 24,XML VALID — VISUAL REVIEW PENDING
assets/icons/tabler/outline/brand-c-sharp.svg,bbde1e0ddb2fe59a7f28201d6cd7f72b6b9653572926828ff5984fc449b1fbd9,0 0 24 24,XML VALID — VISUAL REVIEW PENDING
assets/icons/tabler/outline/brand-cake.svg,87636c485b4151938fa6b137a3f557437d798d76ee8f0ed0ab3a436cb4db3ff2,0 0 24 24,XML VALID — VISUAL REVIEW PENDING
assets/icons/tabler/outline/brand-cakephp.svg,9e897057c417b72a7daa08bf58ac3ad81a82c5011a2a90b64c695749326eafd9,0 0 24 24,XML VALID — VISUAL REVIEW PENDING
assets/icons/tabler/outline/brand-campaignmonitor.svg,a0193be393417d09cf6f1f68e0303c6371a05bafdebb279fb7c38c8312876eff,0 0 24 24,XML VALID — VISUAL REVIEW PENDING
assets/icons/tabler/outline/brand-carbon.svg,6e271846bf589be12edd49b1736970b83ae4c32085196a446aa1e7e8aaf6724a,0 0 24 24,XML VALID — VISUAL REVIEW PENDING
assets/icons/tabler/outline/brand-cashapp.svg,729ee833c55a7c4ff11d39751a42249c4ba18bef81e1dc1a685c5fb96aeae4b2,0 0 24 24,XML VALID — VISUAL REVIEW PENDING
assets/icons/tabler/outline/brand-chrome.svg,4f761a0c9c8f45b57673a31a5d85b1319436db69a67ff289339e9c371e09d2c3,0 0 24 24,XML VALID — VISUAL REVIEW PENDING
assets/icons/tabler/outline/brand-cinema-4d.svg,fb1524b19b37e7ac1ab5e43dec0acfe656689ab2598df268965350e294878831,0 0 24 24,XML VALID — VISUAL REVIEW PENDING
assets/icons/tabler/outline/brand-citymapper.svg,e75c8c0ed1201cb0d39edf395172a1b1c601af650a0f984ea1da88ac8464f1e1,0 0 24 24,XML VALID — VISUAL REVIEW PENDING
assets/icons/tabler/outline/brand-cloudflare.svg,99612de30096dc0de88cd8c57461363c30d48fd73842cbf997dc0e613599cfff,0 0 24 24,XML VALID — VISUAL REVIEW PENDING
assets/icons/tabler/outline/brand-codecov.svg,54c7c85fee4cc7ddd2827ff29c337e11e7eb66e97b281baae6a4e67f4d948e59,0 0 24 24,XML VALID — VISUAL REVIEW PENDING
assets/icons/tabler/outline/brand-codepen.svg,55ac436b90bc5b59574dde0e7a7db628621cc8e294d28ac6fdfc85ac15deda76,0 0 24 24,XML VALID — VISUAL REVIEW PENDING
assets/icons/tabler/outline/brand-codesandbox.svg,71bc0619260d47e57a7e3e6450226e8c43b1177930aca5e1f1157a29e2e1c63d,0 0 24 24,XML VALID — VISUAL REVIEW PENDING
assets/icons/tabler/outline/brand-cohost.svg,2327e7022a46220ec1e0774cfcdbc4270c4ba918d93720da6d4b02aae69fad05,0 0 24 24,XML VALID — VISUAL REVIEW PENDING
assets/icons/tabler/outline/brand-coinbase.svg,9531662459abfe9604b5cd802c1183d7fda1ebc1cf61292a1d8342726fffc8c7,0 0 24 24,XML VALID — VISUAL REVIEW PENDING
assets/icons/tabler/outline/brand-comedy-central.svg,33c1609937f23b3fe14fdbc61a8cd80a46bbd4bf0daf87b07517c00e2e6d48b7,0 0 24 24,XML VALID — VISUAL REVIEW PENDING
assets/icons/tabler/outline/brand-coreos.svg,cdae4cbe17b7b7d9e1fc96cb92734e85f85588e178dfca22cb32e14165bf7dc6,0 0 24 24,XML VALID — VISUAL REVIEW PENDING
assets/icons/tabler/outline/brand-couchdb.svg,8d2ecdb65480059e1e719581e24417c06a782c7e1acc5418f13edc517339b957,0 0 24 24,XML VALID — VISUAL REVIEW PENDING
assets/icons/tabler/outline/brand-couchsurfing.svg,41290ad1b1b13de387f2b531050f20417d9317a250fc3290133e05f64b135c80,0 0 24 24,XML VALID — VISUAL REVIEW PENDING
assets/icons/tabler/outline/brand-cpp.svg,edff020f196359365b16b968b5c979dbf97aabb6498e946a9981cd59f7c2a8d0,0 0 24 24,XML VALID — VISUAL REVIEW PENDING
assets/icons/tabler/outline/brand-craft.svg,f7b53d495c929b178b466db959b99928425cd42c3db2f2973c6b5c28f934e189,0 0 24 24,XML VALID — VISUAL REVIEW PENDING
assets/icons/tabler/outline/brand-crunchbase.svg,56027efcaaeb4930e53ae4859f9d2dace7bb4dbb31277cb8a0fa41a687031aaf,0 0 24 24,XML VALID — VISUAL REVIEW PENDING
assets/icons/tabler/outline/brand-css3.svg,e89c2f093b0dd3aab508d6890b75580266d3dc499d22376da4a5920d9b541e7b,0 0 24 24,XML VALID — VISUAL REVIEW PENDING
assets/icons/tabler/outline/brand-ctemplar.svg,fac87be74690e38f52ae6953637500c54481152c899f08d577b9dc80e0508e6c,0 0 24 24,XML VALID — VISUAL REVIEW PENDING
assets/icons/tabler/outline/brand-cucumber.svg,433574ae0011fb8d91f3269d7f2169a532c1b6568187f378aa1d6e05dd5f4925,0 0 24 24,XML VALID — VISUAL REVIEW PENDING
assets/icons/tabler/outline/brand-cupra.svg,fc8327db31b8aa2a14ddeb99735d7ceb91098aa7cf0bc5e9e07eca65575c9cb4,0 0 24 24,XML VALID — VISUAL REVIEW PENDING
assets/icons/tabler/outline/brand-cypress.svg,aaf723f3f7c03911c3876116f1bc643ca00330835ca5cf50e1e093cfa7d599d6,0 0 24 24,XML VALID — VISUAL REVIEW PENDING
assets/icons/tabler/outline/brand-d3.svg,74953d0c781cc8d6b09dc11a53f0765f88c836d5516e775d5cdd7ad40774937f,0 0 24 24,XML VALID — VISUAL REVIEW PENDING
assets/icons/tabler/outline/brand-databricks.svg,0d9e2fc315578d3f790ad12954cbc995c569084f883e95afa28dfa706ded99df,0 0 24 24,XML VALID — VISUAL REVIEW PENDING
assets/icons/tabler/outline/brand-days-counter.svg,5b55bd38e41e73993f8188d3280f5137d6b4fb431ff3a9dc75e53d8bec338c44,0 0 24 24,XML VALID — VISUAL REVIEW PENDING
assets/icons/tabler/outline/brand-dcos.svg,33ede4f86f315d8ba6dc94a4eefd2de566a21ac237bc301f51d501a536c37baf,0 0 24 24,XML VALID — VISUAL REVIEW PENDING
assets/icons/tabler/outline/brand-debian.svg,6bab2c4cde1384163deff6efbfe4a452e3f83822883b3cecb98b53044e972e51,0 0 24 24,XML VALID — VISUAL REVIEW PENDING
assets/icons/tabler/outline/brand-deezer.svg,35384b9b6d0b7c904f9b18d27d281d2bdbc2e40cc17c737534199d84a3b05043,0 0 24 24,XML VALID — VISUAL REVIEW PENDING
assets/icons/tabler/outline/brand-deliveroo.svg,308df509ab6733472bc67608ef5f31634b988702cc337b35b3f1e4c58cfaa28a,0 0 24 24,XML VALID — VISUAL REVIEW PENDING
assets/icons/tabler/outline/brand-deno.svg,4b0a48d6befbcb0fbc655328214a5a671744b8b47bc6b34de62649ba8fea5abb,0 0 24 24,XML VALID — VISUAL REVIEW PENDING
assets/icons/tabler/outline/brand-denodo.svg,802f8250e87f09289e52aa939cbeda6d25d289a8be38a13405e6ec07ee738844,0 0 24 24,XML VALID — VISUAL REVIEW PENDING
assets/icons/tabler/outline/brand-deviantart.svg,fb0a80893e6c84aeed8e7d1191a10f8913d6eff5f1b535dafe549a6e99c37826,0 0 24 24,XML VALID — VISUAL REVIEW PENDING
assets/icons/tabler/outline/brand-digg.svg,603e75b53b4f25dc7d5e58d8c0d18e4de3eeb7c061a9b676a1d15bd897ad538c,0 0 24 24,XML VALID — VISUAL REVIEW PENDING
assets/icons/tabler/outline/brand-dingtalk.svg,d2c467aa288af9e3137350e961e17f1dbbc8b177a001ec4a388bb5d62a66d2ec,0 0 24 24,XML VALID — VISUAL REVIEW PENDING
assets/icons/tabler/outline/brand-discord.svg,20a01aa2b72744e7fb131c86b7cf75b203665e83d0436ef2f454f080d6cd1b50,0 0 24 24,XML VALID — VISUAL REVIEW PENDING
assets/icons/tabler/outline/brand-disney.svg,fd54977551eb84df3e90ebecc56a4c4a62eb58ef555c3e81c3e05075ad2be405,0 0 24 24,XML VALID — VISUAL REVIEW PENDING
assets/icons/tabler/outline/brand-disqus.svg,11cc904d8ce179c9e3ebf4f962c893be8433d45238c75300d89d77b20a618a63,0 0 24 24,XML VALID — VISUAL REVIEW PENDING
assets/icons/tabler/outline/brand-django.svg,1376acddb2a472e36015f3f5788442e7f91a9430ac7ddaa5da5a0b47b463bb50,0 0 24 24,XML VALID — VISUAL REVIEW PENDING
assets/icons/tabler/outline/brand-docker.svg,01aecbee14002e98ce7eacbfd92e698ce160890586ed2dccd682bc2ba4f1d06a,0 0 24 24,XML VALID — VISUAL REVIEW PENDING
assets/icons/tabler/outline/brand-doctrine.svg,5f689ea1d4334f250d1a18857f69aad9258501a62fa11c7c746cd4ce15f98459,0 0 24 24,XML VALID — VISUAL REVIEW PENDING
assets/icons/tabler/outline/brand-dolby-digital.svg,5e69acfc7d608dda604518e49b1a115dff3e3fe172f7743852d64363adfdc800,0 0 24 24,XML VALID — VISUAL REVIEW PENDING
assets/icons/tabler/outline/brand-douban.svg,d03c93c81d615e9c8536652efc9b07013ffe2bed11ca7766068019cde81b4851,0 0 24 24,XML VALID — VISUAL REVIEW PENDING
assets/icons/tabler/outline/brand-dribbble.svg,77b4c088e710c8ad23e64272d70b1c9f6a9437b0b91352862c8407aebb62bf19,0 0 24 24,XML VALID — VISUAL REVIEW PENDING
assets/icons/tabler/outline/brand-dropbox.svg,e1f5584542bbaca953f7d829579bef714af4850116b86aebaf96b9cac5d5dfba,0 0 24 24,XML VALID — VISUAL REVIEW PENDING
assets/icons/tabler/outline/brand-drops.svg,59390fa78a35d59b9723461053a19c1ea2460380ed94224cd3bcc8aba74fc4c7,0 0 24 24,XML VALID — VISUAL REVIEW PENDING
assets/icons/tabler/outline/brand-drupal.svg,a85e0e578b759beb893696c33b181d4b5d613052b54415aadc85e180beb82adb,0 0 24 24,XML VALID — VISUAL REVIEW PENDING
assets/icons/tabler/outline/brand-edge.svg,81eaa8a5bbd4289b55fb01a28f82ddf6aadb1d78566b676e035779374dbc095c,0 0 24 24,XML VALID — VISUAL REVIEW PENDING
assets/icons/tabler/outline/brand-elastic.svg,fab8d99f5cf8159c11e7344ad45d511812d30df68a15aa4f5730a1ef3e47ca69,0 0 24 24,XML VALID — VISUAL REVIEW PENDING
assets/icons/tabler/outline/brand-electronic-arts.svg,820e4303e5f61fd6a0be584267d5b443c7ea9601e75942317918998364870af7,0 0 24 24,XML VALID — VISUAL REVIEW PENDING
assets/icons/tabler/outline/brand-ember.svg,cdbd7a2332d557dc1bbb1a52c4326bade45000ee904e4dff35b6a75610de1015,0 0 24 24,XML VALID — VISUAL REVIEW PENDING
assets/icons/tabler/outline/brand-envato.svg,bf1ed7a0fd644eb7fd2badf6f8443e0a873611be05b8bb10fd6019c23ac2947e,0 0 24 24,XML VALID — VISUAL REVIEW PENDING
assets/icons/tabler/outline/brand-etsy.svg,29a1fa3a3a7eccb797b5d7052446b075d752efab9f861a47ff2d3dfcfb8ba4ca,0 0 24 24,XML VALID — VISUAL REVIEW PENDING
assets/icons/tabler/outline/brand-evernote.svg,227914473838cecf940ab29ee90ed982c5b764c2c8b85a795bbe77e6e5d0de54,0 0 24 24,XML VALID — VISUAL REVIEW PENDING
assets/icons/tabler/outline/brand-facebook.svg,aa8bb40046f606377774e29c978cf5b169b6cf9dbabdd325245ec9e027675e34,0 0 24 24,XML VALID — VISUAL REVIEW PENDING
assets/icons/tabler/outline/brand-feedly.svg,6e40cdaf9870d1208aa564a519919ddcafe3214fb2feb45da9c9df6dc8b4bcaa,0 0 24 24,XML VALID — VISUAL REVIEW PENDING
assets/icons/tabler/outline/brand-figma.svg,ce9cfc0de1988e66764e7fffc0a759a8e0c891bd150ff7d65ecc97fc7ac36ffe,0 0 24 24,XML VALID — VISUAL REVIEW PENDING
assets/icons/tabler/outline/brand-filezilla.svg,0e61c325c70c5c9cfc679007d3bbb2ae6469448db8075a1b768eb81f7889148a,0 0 24 24,XML VALID — VISUAL REVIEW PENDING
assets/icons/tabler/outline/brand-finder.svg,2a562002ba5ccb284acf4f12ab5079cb3f84f3339feaea827e3ecebb31f49760,0 0 24 24,XML VALID — VISUAL REVIEW PENDING
assets/icons/tabler/outline/brand-firebase.svg,fb554a263131985102c9d8718e7aa8542f601613e77273782577030776a48157,0 0 24 24,XML VALID — VISUAL REVIEW PENDING
assets/icons/tabler/outline/brand-firefox.svg,abb15149d1ddf1120c7024b4215c07a548a6ac1d9c2d9f542f5a35934d95b952,0 0 24 24,XML VALID — VISUAL REVIEW PENDING
assets/icons/tabler/outline/brand-fiverr.svg,40de5b173c4591e5711da027bb84d4990aef4c14b8c97414f897cb87fe85727f,0 0 24 24,XML VALID — VISUAL REVIEW PENDING
assets/icons/tabler/outline/brand-flickr.svg,3d3267406d19c7d4e975f83f82d090490e0d752a6e6beb2ef48bac18b30c7357,0 0 24 24,XML VALID — VISUAL REVIEW PENDING
assets/icons/tabler/outline/brand-flightradar24.svg,6c2753c102a0e227450d54c0d9b48717a7c507b8d0679daba55c1a1314729a87,0 0 24 24,XML VALID — VISUAL REVIEW PENDING
assets/icons/tabler/outline/brand-flipboard.svg,e0caf4ee5963f9e8cdad9460598613fce4a37ff4ba07e8f0a7151e4a9c46fa8b,0 0 24 24,XML VALID — VISUAL REVIEW PENDING
assets/icons/tabler/outline/brand-flutter.svg,48d92695fd3f5054c05172100154a5f3df5e918046135f81ba04dd0b1ba29ef3,0 0 24 24,XML VALID — VISUAL REVIEW PENDING
assets/icons/tabler/outline/brand-fortnite.svg,5464428551c36fa8905e33a762001773b04d582cd4db24e2b60e2525bac59265,0 0 24 24,XML VALID — VISUAL REVIEW PENDING
assets/icons/tabler/outline/brand-foursquare.svg,0df007899c43a0c2651ecaf1d6d5c57d1b7706837eb436b1b2b51e11351af45c,0 0 24 24,XML VALID — VISUAL REVIEW PENDING
assets/icons/tabler/outline/brand-framer-motion.svg,dc6d30777565cd3384c9c636edef8d6c91c7c734502273855eab31cf6cb568ab,0 0 24 24,XML VALID — VISUAL REVIEW PENDING
assets/icons/tabler/outline/brand-framer.svg,4a4dcfbb412c23376234f805c1e85990061021cb9b4e537dea5ea5dc244a2645,0 0 24 24,XML VALID — VISUAL REVIEW PENDING
assets/icons/tabler/outline/brand-funimation.svg,b9d4c54a28d900c60e61aa8b8d5804f65f73d9b9610a6d1a46fea065cfe51c3c,0 0 24 24,XML VALID — VISUAL REVIEW PENDING
assets/icons/tabler/outline/brand-gatsby.svg,c283b30976d9d145573a333b2aee0fca5ab26d5002e4ebf102c006a76f0b5fae,0 0 24 24,XML VALID — VISUAL REVIEW PENDING
assets/icons/tabler/outline/brand-git.svg,24b243a5e37c2995c1f3926f485ff2e6e9dcfe4baa7d02aecceef9666cf6b886,0 0 24 24,XML VALID — VISUAL REVIEW PENDING
assets/icons/tabler/outline/brand-github-copilot.svg,2b0cf7a79ce80f1cf957366e8af1f40a3dfdb7107b51c0e02630297858e0db83,0 0 24 24,XML VALID — VISUAL REVIEW PENDING
assets/icons/tabler/outline/brand-github.svg,9dc11a01a7271a9c102cd9f8613e8eb60044ba132966c433840d7f04c73b91dc,0 0 24 24,XML VALID — VISUAL REVIEW PENDING
assets/icons/tabler/outline/brand-gitlab.svg,6b36c0584bac32031891a0e7b1317448230b1703b4253008b9a8c55f6be8b0c5,0 0 24 24,XML VALID — VISUAL REVIEW PENDING
assets/icons/tabler/outline/brand-gmail.svg,8169e5be6dd8379a1f4140787ae0c3a23a7ef6ddce6d2bc5424ed800299bcb19,0 0 24 24,XML VALID — VISUAL REVIEW PENDING
assets/icons/tabler/outline/brand-golang.svg,7122a626ae61428805e12bd2fccd3438cb3d20326ea2e7827d06d5b94a629e2b,0 0 24 24,XML VALID — VISUAL REVIEW PENDING
assets/icons/tabler/outline/brand-google-analytics.svg,29733925e45ebfa0110856e8c5b8daa1ae3a9b6dc9c0ae260f93f87b4304e824,0 0 24 24,XML VALID — VISUAL REVIEW PENDING
assets/icons/tabler/outline/brand-google-big-query.svg,005b0fcc79b71107ed9b33ef015bba2bda79cf12a7597ce7e468c13ceacd0927,0 0 24 24,XML VALID — VISUAL REVIEW PENDING
assets/icons/tabler/outline/brand-google-drive.svg,c2533c93cd0bf031a1e7cd446d4d65257e4e59305465fa8cfd2febc83cc6efb0,0 0 24 24,XML VALID — VISUAL REVIEW PENDING
assets/icons/tabler/outline/brand-google-fit.svg,645f6b7058dc88463fd74e5fa2e1acf6661478df16d4ea6ad262756039e12bc6,0 0 24 24,XML VALID — VISUAL REVIEW PENDING
assets/icons/tabler/outline/brand-google-home.svg,a9c9de7ed498ba6d7b89860fad4c4f40622cff26be4619dd66531161e0d33c85,0 0 24 24,XML VALID — VISUAL REVIEW PENDING
assets/icons/tabler/outline/brand-google-maps.svg,87a81894638ca387cab1a2848a1419fd637c92620aa61e792c1fea2ffb4241e0,0 0 24 24,XML VALID — VISUAL REVIEW PENDING
assets/icons/tabler/outline/brand-google-one.svg,b948057568504ddc54bc27d4533c0414d0943d3436382ec5322f73c0a1de7a04,0 0 24 24,XML VALID — VISUAL REVIEW PENDING
assets/icons/tabler/outline/brand-google-photos.svg,3d9f63eb373b9306e34f36469e5a363bbc69a9b5fed4c2884d1df443bb0576c0,0 0 24 24,XML VALID — VISUAL REVIEW PENDING
assets/icons/tabler/outline/brand-google-play.svg,72cb9861362d858ff8dce5627eaf0e6e944c22e43ac61a43bb2384ed60acfb1a,0 0 24 24,XML VALID — VISUAL REVIEW PENDING
assets/icons/tabler/outline/brand-google-podcasts.svg,d0bc5a01f17962131c31bfe5702cb0f40b0cb67d88cc45f5293d8c8d2783e99b,0 0 24 24,XML VALID — VISUAL REVIEW PENDING
assets/icons/tabler/outline/brand-google.svg,5f14de26e2fb58399fe9f9c1f4312d4b523fed260c92c6918d54876cd2d82bf8,0 0 24 24,XML VALID — VISUAL REVIEW PENDING
assets/icons/tabler/outline/brand-grammarly.svg,93035836903a9417b351345be2b7db3b0ea2f1d5b7feb30e07e13fecb90fb977,0 0 24 24,XML VALID — VISUAL REVIEW PENDING
assets/icons/tabler/outline/brand-graphql.svg,760aad2b1b6d6807d5db832880cb907ec04e63534da82018a3957dd81e354eec,0 0 24 24,XML VALID — VISUAL REVIEW PENDING
assets/icons/tabler/outline/brand-gravatar.svg,d64eff31c7bf6fafef66be867766943941bcf0e0f37f41d20c87457f5e111f9c,0 0 24 24,XML VALID — VISUAL REVIEW PENDING
assets/icons/tabler/outline/brand-grindr.svg,828561139c40af14ba6617f85b9467a3a066e0cda7a626b49345f97fede77a0b,0 0 24 24,XML VALID — VISUAL REVIEW PENDING
assets/icons/tabler/outline/brand-guardian.svg,2dc448e539009a749a99514336069f29f7c04d45c735aea64a7bccee93ef88a3,0 0 24 24,XML VALID — VISUAL REVIEW PENDING
assets/icons/tabler/outline/brand-gumroad.svg,fc43959b6b20a38e091fa2c4f28eb67adcb53fe033f1f3529e86811cd4972aa3,0 0 24 24,XML VALID — VISUAL REVIEW PENDING
assets/icons/tabler/outline/brand-hackerrank.svg,caf86ef786208806626409e6f9e13e478b13f0a806431c137e4c0b9f082c65d3,0 0 24 24,XML VALID — VISUAL REVIEW PENDING
assets/icons/tabler/outline/brand-hbo.svg,4af889b3944c3543b523b233cbbfa9f5d4adbeec74e7df1a2aa9f0dbef0166fd,0 0 24 24,XML VALID — VISUAL REVIEW PENDING
assets/icons/tabler/outline/brand-headlessui.svg,19e60e3257e1df1ed3a0a01c5f8cef259197aedd46f153d18d11f4de19795436,0 0 24 24,XML VALID — VISUAL REVIEW PENDING
assets/icons/tabler/outline/brand-hexo.svg,0478192d42cd5037bf50528d1993c9398a5287742f124faf0f01064e63dc0002,0 0 24 24,XML VALID — VISUAL REVIEW PENDING
assets/icons/tabler/outline/brand-hipchat.svg,5cb3e337dad9f6da58e30c3876696c606189f9a77f5bac680a4362bf3463f180,0 0 24 24,XML VALID — VISUAL REVIEW PENDING
assets/icons/tabler/outline/brand-html5.svg,d691a5674f4d1f3dcfe56ff642203ccc64c4327f92706d0fa9e35a181bcebec2,0 0 24 24,XML VALID — VISUAL REVIEW PENDING
assets/icons/tabler/outline/brand-inertia.svg,9c36ddce8294279e4938f3f10978fe86e9155037dc4a62f0698c1fe2fe6a5ec5,0 0 24 24,XML VALID — VISUAL REVIEW PENDING
assets/icons/tabler/outline/brand-instagram.svg,56957150d654b9306c2e8616a4c0d38aefdaa7f733823872e017d4db27c1dc70,0 0 24 24,XML VALID — VISUAL REVIEW PENDING
assets/icons/tabler/outline/brand-intercom.svg,58be07ecebd45ad316c7ffcc4e5d5b26e284ac2455dfc418721a8abe1e53e1aa,0 0 24 24,XML VALID — VISUAL REVIEW PENDING
assets/icons/tabler/outline/brand-itch.svg,9a985e50242e8acbdc4023bbbfa3d4f2982f1dc8c523492d4aaf8659acbf583b,0 0 24 24,XML VALID — VISUAL REVIEW PENDING
assets/icons/tabler/outline/brand-javascript.svg,2d0bcc6dbe6868ff435f5630885d411ce94a13db5dbc55d4d5991915b1454108,0 0 24 24,XML VALID — VISUAL REVIEW PENDING
assets/icons/tabler/outline/brand-juejin.svg,18a5129ef3ea8228779a0b4969e43dd1599c931eb75f7b35eec6ed2f9f7b798a,0 0 24 24,XML VALID — VISUAL REVIEW PENDING
assets/icons/tabler/outline/brand-kako-talk.svg,5db25f20544d3969f351164990061b8df62c587fdec5f11e27b5df65b72f8c4d,0 0 24 24,XML VALID — VISUAL REVIEW PENDING
assets/icons/tabler/outline/brand-kbin.svg,1a41e259aba09087ee2524305481455f1de77d4f1f662ce9884e70edb571cf38,0 0 24 24,XML VALID — VISUAL REVIEW PENDING
assets/icons/tabler/outline/brand-kick.svg,e6f778ffef7d298f6f13242dcb77aab2de3eedf32400008ff7355c8f0579d8dd,0 0 24 24,XML VALID — VISUAL REVIEW PENDING
assets/icons/tabler/outline/brand-kickstarter.svg,93edde976656b5f68b08b598f1d9bdbe300e46edf1007687c0d5849dd1f7c3c6,0 0 24 24,XML VALID — VISUAL REVIEW PENDING
assets/icons/tabler/outline/brand-kotlin.svg,c60aca13dfb0bd647f83717515fcf9dea06ebc5f55048b16928fcd15c911a7ef,0 0 24 24,XML VALID — VISUAL REVIEW PENDING
assets/icons/tabler/outline/brand-laravel.svg,7f867f6fbf6d545218c01ab9df1a818a2098c0e21c4dcf49d2f015137f3dbd5b,0 0 24 24,XML VALID — VISUAL REVIEW PENDING
assets/icons/tabler/outline/brand-lastfm.svg,196a48f98e2f2202b0c8fd2100bb41ac2cbfd0ce6ba9f2306497f0221cb4f78d,0 0 24 24,XML VALID — VISUAL REVIEW PENDING
assets/icons/tabler/outline/brand-leetcode.svg,7f6d5d0745841a879cd47bc49c93feb00783ea7123e142930fd9337245735c13,0 0 24 24,XML VALID — VISUAL REVIEW PENDING
assets/icons/tabler/outline/brand-letterboxd.svg,0f6c53571ddc29a15296e483b59f0d84efe3352204349b18e1a6f73b266b42ca,0 0 24 24,XML VALID — VISUAL REVIEW PENDING
assets/icons/tabler/outline/brand-line.svg,afe0adea164e9e5fd34e815a3b1a0426785503b4f5f2f5eb1cdc8202917a98a6,0 0 24 24,XML VALID — VISUAL REVIEW PENDING
assets/icons/tabler/outline/brand-linkedin.svg,09da7a3c12b36ebf7c014ed7be5590e392459df8347ef4f036ab01c2d3a0b191,0 0 24 24,XML VALID — VISUAL REVIEW PENDING
assets/icons/tabler/outline/brand-linktree.svg,896db2b2763daf259e75202afca83c11b257df455b2dde43ddde2c4ddfe99232,0 0 24 24,XML VALID — VISUAL REVIEW PENDING
assets/icons/tabler/outline/brand-linqpad.svg,9104c01a4044a74434e131519705954ea16efbcf8e10f86fd9e8419883838bf5,0 0 24 24,XML VALID — VISUAL REVIEW PENDING
assets/icons/tabler/outline/brand-livewire.svg,1c75395ca62ba79cfb87bf4f4f8a8f27821959b8dc14940c3deb4dc9091f9d6a,0 0 24 24,XML VALID — VISUAL REVIEW PENDING
assets/icons/tabler/outline/brand-loom.svg,224682b36b34f76e74fe9390dc06b8287b267558f71f71186374fb45c0f9d5d9,0 0 24 24,XML VALID — VISUAL REVIEW PENDING
assets/icons/tabler/outline/brand-mailgun.svg,aea89ee9610bc58a99d028b92257138acc1395f54a8ff94a037d07adf2e9a7b7,0 0 24 24,XML VALID — VISUAL REVIEW PENDING
assets/icons/tabler/outline/brand-mantine.svg,f1fd64e618b961b7ce87a2d7ec0bb3a07c2de964eb667adf89b66f29972dbbeb,0 0 24 24,XML VALID — VISUAL REVIEW PENDING
assets/icons/tabler/outline/brand-mastercard.svg,db34c3adabe225b98e9cde22c1ed8c9f4eb39c5a7140815c35a006acc04d374a,0 0 24 24,XML VALID — VISUAL REVIEW PENDING
assets/icons/tabler/outline/brand-mastodon.svg,60455036223b9794e240dd2a79088fa894a2fc542aab1458ff0c7c3348ced90f,0 0 24 24,XML VALID — VISUAL REVIEW PENDING
assets/icons/tabler/outline/brand-matrix.svg,e149bf9fc2dfd50f441c21b95024f0eb180a2eae2163734760ff4c02112852df,0 0 24 24,XML VALID — VISUAL REVIEW PENDING
assets/icons/tabler/outline/brand-mcdonalds.svg,e6e2de20cd2473737c79cbaa613b3854f211b8481f428c045f23caf5d3bcdf4c,0 0 24 24,XML VALID — VISUAL REVIEW PENDING
assets/icons/tabler/outline/brand-medium.svg,c85fd7c93ce845cf1d2342e79b298f2c4b94b9ef0eef1fad2f9039e6c1bb461b,0 0 24 24,XML VALID — VISUAL REVIEW PENDING
assets/icons/tabler/outline/brand-meetup.svg,1547b59d5a8745798d4cead3957ba78dc33708bf7a3b992fd5c128a0731bee87,0 0 24 24,XML VALID — VISUAL REVIEW PENDING
assets/icons/tabler/outline/brand-mercedes.svg,8558063d9be28eb1ecf57aedb5cf6e660bf5d6c6b58c52ed74b2c60120616ffa,0 0 24 24,XML VALID — VISUAL REVIEW PENDING
assets/icons/tabler/outline/brand-messenger.svg,22020c68c8a83a077175b36f294ffe5241e26bb8ce43dde8d31fe8e515b2f8e7,0 0 24 24,XML VALID — VISUAL REVIEW PENDING
assets/icons/tabler/outline/brand-meta.svg,b1313dd12686bc5733c559237da23e25d8ac70ed0123420d30fdf0607a9c6f6b,0 0 24 24,XML VALID — VISUAL REVIEW PENDING
assets/icons/tabler/outline/brand-metabrainz.svg,ace516d352e95167f751237dfd26666ec3e4f5b89c3ce7833fd085c65a32d7b2,0 0 24 24,XML VALID — VISUAL REVIEW PENDING
assets/icons/tabler/outline/brand-minecraft.svg,3a9f17a2b271e646989b9a2a6f3e7771d793bb1347211b3dde24bdb2b6bd11cd,0 0 24 24,XML VALID — VISUAL REVIEW PENDING
assets/icons/tabler/outline/brand-miniprogram.svg,9b3b822f5764cd0a009e3c5e8005ee0be3fbe87e578b9edd99854418e92aa65d,0 0 24 24,XML VALID — VISUAL REVIEW PENDING
assets/icons/tabler/outline/brand-mixpanel.svg,7a86cef5db9309fccc318768a9438d0cbb2d2c1adc648a2dfb3879e74e8ecf06,0 0 24 24,XML VALID — VISUAL REVIEW PENDING
assets/icons/tabler/outline/brand-monday.svg,6774b36554ae3e19c346f51f2dde2a87d77493d70a6632b18dd7aa311d0538d7,0 0 24 24,XML VALID — VISUAL REVIEW PENDING
assets/icons/tabler/outline/brand-mongodb.svg,de6a7ae7e941ed934ea8ae5f3c8e679bc72ef5725cc92a55238c0eb9e7f9455f,0 0 24 24,XML VALID — VISUAL REVIEW PENDING
assets/icons/tabler/outline/brand-my-oppo.svg,5b674542aed40c14c53eb722b0c74ba17a89d6c09298bbdb7ecc55b7033f95fd,0 0 24 24,XML VALID — VISUAL REVIEW PENDING
assets/icons/tabler/outline/brand-mysql.svg,24144018ae4c719139a8e47e816ea305f54b7db364284018d71b546cd39ec962,0 0 24 24,XML VALID — VISUAL REVIEW PENDING
assets/icons/tabler/outline/brand-national-geographic.svg,c3be19d071238d7aa9b7a9079ec957ed33da958b9a89eb4edae8466865a1be3b,0 0 24 24,XML VALID — VISUAL REVIEW PENDING
assets/icons/tabler/outline/brand-nem.svg,317ecfc097ad420278b8c4076fe1bea40c34e2a81e31d60b98165fe5bffae83e,0 0 24 24,XML VALID — VISUAL REVIEW PENDING
assets/icons/tabler/outline/brand-netbeans.svg,c290fa2261fff0e660bff65db4e404a8bba3f13abb45c718581cfcbdd989a9df,0 0 24 24,XML VALID — VISUAL REVIEW PENDING
assets/icons/tabler/outline/brand-netease-music.svg,3f748941512dc09b4c565f8bdb5131e863e9c1a8a5e8cf47657d48707267c125,0 0 24 24,XML VALID — VISUAL REVIEW PENDING
assets/icons/tabler/outline/brand-netflix.svg,ccb8bed9da6603b9a8c761bcc320bf00f20e05bc2df53458463dcda82b509563,0 0 24 24,XML VALID — VISUAL REVIEW PENDING
assets/icons/tabler/outline/brand-nexo.svg,a083d66342430d553295cb78083d8533322046b0be6f06d6e2507addde9710b7,0 0 24 24,XML VALID — VISUAL REVIEW PENDING
assets/icons/tabler/outline/brand-nextcloud.svg,6ad70d4c548104576f7a6ca58a1711fe0ffc98ca20bcda114740ca6812a2f7cf,0 0 24 24,XML VALID — VISUAL REVIEW PENDING
assets/icons/tabler/outline/brand-nextjs.svg,5dee4ccbeed52bf73e8a2acfd7620d3dc6ca71c56bcc0744ec97f0af06cd8beb,0 0 24 24,XML VALID — VISUAL REVIEW PENDING
assets/icons/tabler/outline/brand-nodejs.svg,7abbf0e3c2eaa9e227727c11f07cb2cc00581387d79aa9077f177ce10bbfcd24,0 0 24 24,XML VALID — VISUAL REVIEW PENDING
assets/icons/tabler/outline/brand-nord-vpn.svg,5997c25cff95e646966114cd97476ffe159b72d70d26f4d5689e70c52480ab5b,0 0 24 24,XML VALID — VISUAL REVIEW PENDING
assets/icons/tabler/outline/brand-notion.svg,f16ce2770cf9d3b0eac60c8b1ce0f990e8b0a2bdd39c56358aceddfb185f2f9d,0 0 24 24,XML VALID — VISUAL REVIEW PENDING
assets/icons/tabler/outline/brand-npm.svg,0cb70af820368cf6a60c45558c70dfd5221baff5821e4a05600fff5ee1b478b2,0 0 24 24,XML VALID — VISUAL REVIEW PENDING
assets/icons/tabler/outline/brand-nuxt.svg,6a69c0c521c53895cef5e99c859d4e78e8173f9fb3113d899ff3f33011b14ca3,0 0 24 24,XML VALID — VISUAL REVIEW PENDING
assets/icons/tabler/outline/brand-nytimes.svg,58a620203fc9e9f075fca2e2d6eb3319c7f50c2b205739f99ac1bcb1bc900aba,0 0 24 24,XML VALID — VISUAL REVIEW PENDING
assets/icons/tabler/outline/brand-oauth.svg,ef0def47b9c39f425b96538664e6c280e1f20dad2be071098306bb3f9ba5d607,0 0 24 24,XML VALID — VISUAL REVIEW PENDING
assets/icons/tabler/outline/brand-office.svg,56cddb9e662eeefca15e9fb466d532958db28dec714bece152cbdc549a1a088b,0 0 24 24,XML VALID — VISUAL REVIEW PENDING
assets/icons/tabler/outline/brand-ok-ru.svg,d77432395d274fe967dce9cd5b1287fcad6406286298432a07c49928bdd78904,0 0 24 24,XML VALID — VISUAL REVIEW PENDING
assets/icons/tabler/outline/brand-onedrive.svg,746e9dd01364fba97e431c2e53c82b32f263b158dc7edacf9aa014298ed31463,0 0 24 24,XML VALID — VISUAL REVIEW PENDING
assets/icons/tabler/outline/brand-onlyfans.svg,528a539c266b96ddd8e80e11d4238de115036d365df7598e20355401685734da,0 0 24 24,XML VALID — VISUAL REVIEW PENDING
assets/icons/tabler/outline/brand-open-source.svg,beca95f559449a643be19c7d38f828c2d60764ebcbf5d6a191de97639b51c4ff,0 0 24 24,XML VALID — VISUAL REVIEW PENDING
assets/icons/tabler/outline/brand-openai.svg,20db18cc8ab47476553668cd8053aa929cb9c5d414dd7e35d5d4c029a0d7ebdc,0 0 24 24,XML VALID — VISUAL REVIEW PENDING
assets/icons/tabler/outline/brand-openvpn.svg,24faae44b06d623fd498ff8ff6e4c6fc4e773ee8ec302efa0bf9942221a36583,0 0 24 24,XML VALID — VISUAL REVIEW PENDING
assets/icons/tabler/outline/brand-opera.svg,8098e8899902595164d011973d32d5836cfda8344e5ae242161556543d7a0c4a,0 0 24 24,XML VALID — VISUAL REVIEW PENDING
assets/icons/tabler/outline/brand-pagekit.svg,9bce774f39bff4785428f0357632ecd641180d3f350640dc523881a6604b48d2,0 0 24 24,XML VALID — VISUAL REVIEW PENDING
assets/icons/tabler/outline/brand-parsinta.svg,9e95c7a9c6412bd688dec5d01fde7016913599347280cec40b7207eb7093805c,0 0 24 24,XML VALID — VISUAL REVIEW PENDING
assets/icons/tabler/outline/brand-patreon.svg,bcf951256e605e562168c3c3565177dae6e4e38c884294df1fab73b8e4262d6b,0 0 24 24,XML VALID — VISUAL REVIEW PENDING
assets/icons/tabler/outline/brand-paypal.svg,3247b45c70e138541e50455bcdb2f2ab22f0e67fe4e170b2e33bc1b64465b100,0 0 24 24,XML VALID — VISUAL REVIEW PENDING
assets/icons/tabler/outline/brand-paypay.svg,f37dbb08f5d35b127c7b1fab0e70435a68e0afd2892bfe661a3eec26b877f777,0 0 24 24,XML VALID — VISUAL REVIEW PENDING
assets/icons/tabler/outline/brand-peanut.svg,5031a7dacfa8cba53930016dd1af426772ece1b69cdc552aabf33912c1b48933,0 0 24 24,XML VALID — VISUAL REVIEW PENDING
assets/icons/tabler/outline/brand-pepsi.svg,23b769b8b4878c8224137df1d7212d149470b93eb085093c5ed333a2ed7eecf4,0 0 24 24,XML VALID — VISUAL REVIEW PENDING
assets/icons/tabler/outline/brand-php.svg,1bc0deebadddd46efdafcf5607eebdcab9ab324f2a0349353ea8682549ea47fb,0 0 24 24,XML VALID — VISUAL REVIEW PENDING
assets/icons/tabler/outline/brand-picsart.svg,981b661b02531a62025d4cb7b883e0e79f5fefbe1c8aa97e67cda6d8eeb9b4d5,0 0 24 24,XML VALID — VISUAL REVIEW PENDING
assets/icons/tabler/outline/brand-pinterest.svg,e0fe0d9bd2418cad43996cce16d4468ea82df1d96bc848b4083b3f0f5e41b3a7,0 0 24 24,XML VALID — VISUAL REVIEW PENDING
assets/icons/tabler/outline/brand-planetscale.svg,f1f94f058638b3f3033f76c6c02ff907c72c07690e5ae5a9e165d518965647f9,0 0 24 24,XML VALID — VISUAL REVIEW PENDING
assets/icons/tabler/outline/brand-pnpm.svg,6e85fd888a669803c4d331932d07fa2f1d9148e1553358e49dbbb90f4c354ebd,0 0 24 24,XML VALID — VISUAL REVIEW PENDING
assets/icons/tabler/outline/brand-pocket.svg,a56b4a2615fca96e8c915027e51b80762dbe6893f559a083fcf6b24a18b116a7,0 0 24 24,XML VALID — VISUAL REVIEW PENDING
assets/icons/tabler/outline/brand-polymer.svg,859d772101842822ccd7aba70d1c3cb562f241d812d9cf319291eb718793b705,0 0 24 24,XML VALID — VISUAL REVIEW PENDING
assets/icons/tabler/outline/brand-powershell.svg,5115121d8540e09d8c7efe12f2dbf7b67060f4437036e4fb5a2a9c73932901fa,0 0 24 24,XML VALID — VISUAL REVIEW PENDING
assets/icons/tabler/outline/brand-printables.svg,fcfe6846e616335426cc774889c1946ed77a40160ead362fd60bbd171ada92e8,0 0 24 24,XML VALID — VISUAL REVIEW PENDING
assets/icons/tabler/outline/brand-prisma.svg,149a5d4d763f9301af0a3afcf1c169e9a7c9aa0cc0c4b497288fc291719738f5,0 0 24 24,XML VALID — VISUAL REVIEW PENDING
assets/icons/tabler/outline/brand-producthunt.svg,8fd47a07e9bce7c2f3a8d63d0121b11a1e597ea035982729dac769db3b32b900,0 0 24 24,XML VALID — VISUAL REVIEW PENDING
assets/icons/tabler/outline/brand-pushbullet.svg,f7c6fb28a25aa285d85216528a7483d035e665a96db6746792e9d23496884840,0 0 24 24,XML VALID — VISUAL REVIEW PENDING
assets/icons/tabler/outline/brand-pushover.svg,5c3aa757545c8c4651534cf2e517ccc9c9b459df6bbbcba2842b7e8e0798efa4,0 0 24 24,XML VALID — VISUAL REVIEW PENDING
assets/icons/tabler/outline/brand-python.svg,71a6ec9eb7ac33c072d10a67a9cdba03750b2be3b77bb119f9f5513bd9b1f7ac,0 0 24 24,XML VALID — VISUAL REVIEW PENDING
assets/icons/tabler/outline/brand-qq.svg,2a49dc1042c598307e0dd407698c00ab462f3bb7f44220e057bca930a02ace3e,0 0 24 24,XML VALID — VISUAL REVIEW PENDING
assets/icons/tabler/outline/brand-radix-ui.svg,3d93e5f3658c6088461ea11573083e471410501f86a43223f76fb5ab1caa5270,0 0 24 24,XML VALID — VISUAL REVIEW PENDING
assets/icons/tabler/outline/brand-react-native.svg,1c45bcc09e03bfeb16fea3c9b1afa458dcca93a327e03b0f897cc927c12dd4df,0 0 24 24,XML VALID — VISUAL REVIEW PENDING
assets/icons/tabler/outline/brand-react.svg,c077cf0383d696373c91e2e47ca06a528ca7002b2be1f92559ea5c210486044e,0 0 24 24,XML VALID — VISUAL REVIEW PENDING
assets/icons/tabler/outline/brand-reason.svg,60e2e4e88f64d52f5bbab4786590003c70f190c1a1d638def59546ff3fc1ef98,0 0 24 24,XML VALID — VISUAL REVIEW PENDING
assets/icons/tabler/outline/brand-reddit.svg,42ed1f522fd99185cb258614a3ffa1eb8f8e1fe860be6a9e18c0931ac59ed9b9,0 0 24 24,XML VALID — VISUAL REVIEW PENDING
assets/icons/tabler/outline/brand-redhat.svg,4fdf17dbe1df1bd6ca0a191c83dc3eab41f3c576223e640008a761eb514616bc,0 0 24 24,XML VALID — VISUAL REVIEW PENDING
assets/icons/tabler/outline/brand-redux.svg,6343346abc40947e06a8321483f0afd5efa8c1a4e80bc8999707f646bd910223,0 0 24 24,XML VALID — VISUAL REVIEW PENDING
assets/icons/tabler/outline/brand-revolut.svg,3a5fc62d828fa9770dd0165ecf414b8cd004f260dc7a59fae57e5ca83fe5c3e7,0 0 24 24,XML VALID — VISUAL REVIEW PENDING
assets/icons/tabler/outline/brand-rumble.svg,db7dbd4d07d58e43d22e8552ddd58d8a91abdca9a8c48ed2d80c5126ce66db68,0 0 24 24,XML VALID — VISUAL REVIEW PENDING
assets/icons/tabler/outline/brand-rust.svg,c994e588e32089398f31061288f9a9558ab23e6c9825c2db96fb1d4b8bb76f9e,0 0 24 24,XML VALID — VISUAL REVIEW PENDING
assets/icons/tabler/outline/brand-safari.svg,1e05bb193f2051206151be8412d6ee8d45b0f5d434876be7f06580883cfd893e,0 0 24 24,XML VALID — VISUAL REVIEW PENDING
assets/icons/tabler/outline/brand-samsungpass.svg,ece62ebfdff848283ef4882e3f1f28f7afedc0a9d4cb76bf5ed4ce36780e0729,0 0 24 24,XML VALID — VISUAL REVIEW PENDING
assets/icons/tabler/outline/brand-sass.svg,2c4752ff6a92e76931b3a287bbc0fe37c2aab6e250747df0fc44ed02a965fa74,0 0 24 24,XML VALID — VISUAL REVIEW PENDING
assets/icons/tabler/outline/brand-sentry.svg,88caefceee3d58a427770b6b9c30c5d4a518e4b1d7c6a4489fb5defc092d47b0,0 0 24 24,XML VALID — VISUAL REVIEW PENDING
assets/icons/tabler/outline/brand-sharik.svg,055bed37a02dd41a91f0b66ef7b0f02c83c249de31d6020b4d278e9c37750f38,0 0 24 24,XML VALID — VISUAL REVIEW PENDING
assets/icons/tabler/outline/brand-shazam.svg,df0690c6d04cf052b76731ccde7887030376f104be4f34b04565046ae08aba7b,0 0 24 24,XML VALID — VISUAL REVIEW PENDING
assets/icons/tabler/outline/brand-shopee.svg,fe54939325871279da27a374c2fbc5990ae20708e37b47add1db2c7ebe984cdd,0 0 24 24,XML VALID — VISUAL REVIEW PENDING
assets/icons/tabler/outline/brand-sketch.svg,ce1249969105c59f078f83bb95fef53e9726f4922e278a86072b6247efc6492a,0 0 24 24,XML VALID — VISUAL REVIEW PENDING
assets/icons/tabler/outline/brand-skype.svg,db09a5afeab86d93aa305fd4cd5407d956cf1ee6ead18fdbbf8a3b4aac918816,0 0 24 24,XML VALID — VISUAL REVIEW PENDING
assets/icons/tabler/outline/brand-slack.svg,c3c8d3d27ffe727b717901764b74f279329bdfef16eb9b285d65f8b12bde173c,0 0 24 24,XML VALID — VISUAL REVIEW PENDING
assets/icons/tabler/outline/brand-snapchat.svg,51a4e2599d175d846ccac7fb51a5f45fff0c1528984267de1ed7164b2a2dabd8,0 0 24 24,XML VALID — VISUAL REVIEW PENDING
assets/icons/tabler/outline/brand-snapseed.svg,d4f08091cd4dc2e491cb9bd0ff4f0384fe31c9a59b6030bd3d9b679756fc5385,0 0 24 24,XML VALID — VISUAL REVIEW PENDING
assets/icons/tabler/outline/brand-snowflake.svg,0f53c871825fcc6fccd0be5516ff586b80243c8bcf58ec8cae906ddc3896b14d,0 0 24 24,XML VALID — VISUAL REVIEW PENDING
assets/icons/tabler/outline/brand-socket-io.svg,8317b6dc72666385dda63cedc312063af12f3d202f0af9734d7a82c7c68d85d5,0 0 24 24,XML VALID — VISUAL REVIEW PENDING
assets/icons/tabler/outline/brand-solidjs.svg,d0a42766f41d41d19a7c4dc9e39c54563f7eb89e9b5837c9b5c5d5f872bcb893,0 0 24 24,XML VALID — VISUAL REVIEW PENDING
assets/icons/tabler/outline/brand-soundcloud.svg,4bc09fb55c6eb440c49daa3ea6f2ea3b4572ec3b771a8e5c5d68e018fb56cfec,0 0 24 24,XML VALID — VISUAL REVIEW PENDING
assets/icons/tabler/outline/brand-spacehey.svg,53f87691591e53fa4917f60826e2e019f5102bae3867bc10f9404886c2fd835e,0 0 24 24,XML VALID — VISUAL REVIEW PENDING
assets/icons/tabler/outline/brand-speedtest.svg,e41fe6b4a5f974759b9dc762ed57ae6f29d627f8eb2cbd688a2bff677b051bdd,0 0 24 24,XML VALID — VISUAL REVIEW PENDING
assets/icons/tabler/outline/brand-spotify.svg,650a9f709efbc10aef27bfa3b210ebda23b8b999049fde9341b89e164fec4971,0 0 24 24,XML VALID — VISUAL REVIEW PENDING
assets/icons/tabler/outline/brand-stackoverflow.svg,56d4a51e8061d14522599624548c32c54eb1199c3fae5f8c1ac5b1f7c72c3d8c,0 0 24 24,XML VALID — VISUAL REVIEW PENDING
assets/icons/tabler/outline/brand-stackshare.svg,4cb2fa0748553040d6627436b43cecc6589b7d56ae4f2cde1059734677023a79,0 0 24 24,XML VALID — VISUAL REVIEW PENDING
assets/icons/tabler/outline/brand-steam.svg,01e0699d5f0991ced856417c6231ba03ae4644cefe6431cc46140fd31f455fd6,0 0 24 24,XML VALID — VISUAL REVIEW PENDING
assets/icons/tabler/outline/brand-stocktwits.svg,e6578469e4f92096fd57bcbf73b484d46f224d2d46ea6c9b3063d77f79ee5521,0 0 24 24,XML VALID — VISUAL REVIEW PENDING
assets/icons/tabler/outline/brand-storj.svg,ad07a79be7dc28f9552b51654b8c7eda98ffb1f32c49284e73a144be3ba2d56d,0 0 24 24,XML VALID — VISUAL REVIEW PENDING
assets/icons/tabler/outline/brand-storybook.svg,e2eaa11b8290f9e77a11106630b5f38dcd1a3530d3f3dda7349ada26d58b8e55,0 0 24 24,XML VALID — VISUAL REVIEW PENDING
assets/icons/tabler/outline/brand-storytel.svg,aac141ce84bc6e515495281d183657a932618f17c432ba11a5fac9a34cd3fae0,0 0 24 24,XML VALID — VISUAL REVIEW PENDING
assets/icons/tabler/outline/brand-strava.svg,a827c5be16780771089e97f71658446694935fb51c9bef2dbf5d20e81f477c0b,0 0 24 24,XML VALID — VISUAL REVIEW PENDING
assets/icons/tabler/outline/brand-stripe.svg,5e396d9a2a6e5d2890f610481b3bf98d561068f465537f0b2b187449a3b4e9cd,0 0 24 24,XML VALID — VISUAL REVIEW PENDING
assets/icons/tabler/outline/brand-sublime-text.svg,d17009d4c2dc5b6a416c4e21c82915003d04df7011208e7b379b852331cbdd6b,0 0 24 24,XML VALID — VISUAL REVIEW PENDING
assets/icons/tabler/outline/brand-sugarizer.svg,a74582f4c5a4d2b2a501dbb6373ac1965423fb50b75e97d085bd1946c89abad5,0 0 24 24,XML VALID — VISUAL REVIEW PENDING
assets/icons/tabler/outline/brand-supabase.svg,7457b306bb39719c3b4bb417adcc008551542b3bd583ee5f698f2591f80717a0,0 0 24 24,XML VALID — VISUAL REVIEW PENDING
assets/icons/tabler/outline/brand-superhuman.svg,72ab0b658cb5ee87420783a9c5bf82d361ac1612e0c96abf3bcee79497cf08c9,0 0 24 24,XML VALID — VISUAL REVIEW PENDING
assets/icons/tabler/outline/brand-supernova.svg,417ca46bd4b714a84d877a92bde3e997cf902fa36abc8870c46899e2525e8174,0 0 24 24,XML VALID — VISUAL REVIEW PENDING
assets/icons/tabler/outline/brand-surfshark.svg,9781a5ad0bfc504300ed2c5d9a2d6db0f6fb31c951fa55a805e279bc5cec3ab6,0 0 24 24,XML VALID — VISUAL REVIEW PENDING
assets/icons/tabler/outline/brand-svelte.svg,95065fab1f7ad270c450dbbd6a3bd8cd91b9f04e7e37992de38e9731c238522d,0 0 24 24,XML VALID — VISUAL REVIEW PENDING
assets/icons/tabler/outline/brand-swift.svg,0e3e4fbd7ecaa68519a96b6e74fc9ce98e44fe9b2bd29ea3aa2bdc5eb94a49ad,0 0 24 24,XML VALID — VISUAL REVIEW PENDING
assets/icons/tabler/outline/brand-symfony.svg,e3938988d1dd517f8ae7f47522bb11b098a4336e12bb029fb841cbf5a03f2ef0,0 0 24 24,XML VALID — VISUAL REVIEW PENDING
assets/icons/tabler/outline/brand-tabler.svg,ece1f8653883bc935ca4cb01ff123001e541d73ec24b29ec7f9038e9c1b0c590,0 0 24 24,XML VALID — VISUAL REVIEW PENDING
assets/icons/tabler/outline/brand-tailwind.svg,e9a60db3a1bc62e64e3a460796fe399f76da612b4c531c748d3b533721cda6d3,0 0 24 24,XML VALID — VISUAL REVIEW PENDING
assets/icons/tabler/outline/brand-taobao.svg,08655b28a673b18445470f5c02f8620b776087c913731ea416399b9866fa5c36,0 0 24 24,XML VALID — VISUAL REVIEW PENDING
assets/icons/tabler/outline/brand-teams.svg,9f41385d7e3af4568b56c617112b82dae2158ec96e79ee0f1f0ab0a3a24cc258,0 0 24 24,XML VALID — VISUAL REVIEW PENDING
assets/icons/tabler/outline/brand-ted.svg,43a4584576f00c40bfb20cb8d4eece001e17bf5f1e6940d566f819d98ccf0682,0 0 24 24,XML VALID — VISUAL REVIEW PENDING
assets/icons/tabler/outline/brand-telegram.svg,ebfc501f0171e90dd1dfde4faee05508ef001b3bb137d5da948d1fac86202748,0 0 24 24,XML VALID — VISUAL REVIEW PENDING
assets/icons/tabler/outline/brand-terraform.svg,59db21170355e363d09b4444ffeeb5e5d2f4f646eb9bb9b31833e9c7eb81b106,0 0 24 24,XML VALID — VISUAL REVIEW PENDING
assets/icons/tabler/outline/brand-tesla.svg,a975e00f2fb89c98c4f054711472d4b664911c2b090ccb90933fa8efecdc5569,0 0 24 24,XML VALID — VISUAL REVIEW PENDING
assets/icons/tabler/outline/brand-tether.svg,9165ce10a6d8e405da26869bbac42e1e953f3a3fd186f9e00ee301e708354a0b,0 0 24 24,XML VALID — VISUAL REVIEW PENDING
assets/icons/tabler/outline/brand-thingiverse.svg,378c4b9d2318760cab1fd163e2e873cfc9bb11bd94f7895b31069ca495ddf599,0 0 24 24,XML VALID — VISUAL REVIEW PENDING
assets/icons/tabler/outline/brand-threads.svg,94b7325112cee90a6be320cf7a17150cab47e1b291a88f74bd11766f46162e32,0 0 24 24,XML VALID — VISUAL REVIEW PENDING
assets/icons/tabler/outline/brand-threejs.svg,b4c939caa33876fa7aff4c8cb70e070f84771134f94f0a6c2d3716b7f700488d,0 0 24 24,XML VALID — VISUAL REVIEW PENDING
assets/icons/tabler/outline/brand-tidal.svg,43443a93048ffd75ba2a1151450e2a2056b7c060e1be50256207116a064041e9,0 0 24 24,XML VALID — VISUAL REVIEW PENDING
assets/icons/tabler/outline/brand-tiktok.svg,ccc78574b1cdc7d00b50eff1aceca765b4ac8f2b8c569351aa9cf27ed9aaa0bc,0 0 24 24,XML VALID — VISUAL REVIEW PENDING
assets/icons/tabler/outline/brand-tinder.svg,1a27dadf342f3d8685fbfba5f918e2cb9bf75d5bf428d5bd74c0c6e4e6715a1a,0 0 24 24,XML VALID — VISUAL REVIEW PENDING
assets/icons/tabler/outline/brand-topbuzz.svg,418fddbbc495efebca356818cc05fba0e5d14d6d6bc98d173df66a391ba8f42e,0 0 24 24,XML VALID — VISUAL REVIEW PENDING
assets/icons/tabler/outline/brand-torchain.svg,f7ffd4615627c08f1654fa6f6e4a632ce56412ab4db24c6c8457db8e780750ef,0 0 24 24,XML VALID — VISUAL REVIEW PENDING
assets/icons/tabler/outline/brand-toyota.svg,c2da85e7d8d67ad4dcb220a14efdb7306dad22ba1953738e77e4827a61bd068a,0 0 24 24,XML VALID — VISUAL REVIEW PENDING
assets/icons/tabler/outline/brand-trello.svg,9c249e1ea2399006f4f877780e50dc84346ddcfaaec6ed95bf640cb0d25a52dc,0 0 24 24,XML VALID — VISUAL REVIEW PENDING
assets/icons/tabler/outline/brand-tripadvisor.svg,6484ac15ec3a873b7ee77f40a7595a6ab655c2b325007e00c06bd611d34b8c52,0 0 24 24,XML VALID — VISUAL REVIEW PENDING
assets/icons/tabler/outline/brand-tumblr.svg,2f7bdad3f9bc048f3e9998ba65cb4093ce83cdab07a58019598c7bd7b599d4f9,0 0 24 24,XML VALID — VISUAL REVIEW PENDING
assets/icons/tabler/outline/brand-twilio.svg,d6fdbda4634bada194a6f550c3011b58bd818be4061f82af17a0d67216ca8026,0 0 24 24,XML VALID — VISUAL REVIEW PENDING
assets/icons/tabler/outline/brand-twitch.svg,102e46dc0b20064c7476d8b9b524f89a15bd5f6184d4e13c4e5e7fa622430807,0 0 24 24,XML VALID — VISUAL REVIEW PENDING
assets/icons/tabler/outline/brand-twitter.svg,800d004c4ea898221b29f7dac762b82a246b4be8691d9fe650c5a4914d09e0da,0 0 24 24,XML VALID — VISUAL REVIEW PENDING
assets/icons/tabler/outline/brand-typescript.svg,426cb6cee24e6de952cd8a6d08649541a4e56fdf1e93f3d12dc539ee23fc531e,0 0 24 24,XML VALID — VISUAL REVIEW PENDING
assets/icons/tabler/outline/brand-uber.svg,d8148103c336f86bc9d7fd42f090d420c871b56cbaaa9cefd7d7349e760bfe9c,0 0 24 24,XML VALID — VISUAL REVIEW PENDING
assets/icons/tabler/outline/brand-ubuntu.svg,dc7eb685da0b28544bf049e219cd07322d295d7c026e48c8fb2ac25a84c54497,0 0 24 24,XML VALID — VISUAL REVIEW PENDING
assets/icons/tabler/outline/brand-unity.svg,0cc25e930c151bb5da906e8b8141eebbc3fc15e242d3ba2e8010df7439286a52,0 0 24 24,XML VALID — VISUAL REVIEW PENDING
assets/icons/tabler/outline/brand-unsplash.svg,70ab8fc7718c296b6a8a3a0d521df7f8cbb5307c9b6ad278e9ed2b44e4c90906,0 0 24 24,XML VALID — VISUAL REVIEW PENDING
assets/icons/tabler/outline/brand-upwork.svg,f559ec33626f911baef1d6dcec668781feb9dceb3bca71a345613400c9d03857,0 0 24 24,XML VALID — VISUAL REVIEW PENDING
assets/icons/tabler/outline/brand-valorant.svg,d2f036d92c137ec84e66d1bc9863f3b576d58132b70d1dcc68209e4674e8e030,0 0 24 24,XML VALID — VISUAL REVIEW PENDING
assets/icons/tabler/outline/brand-vercel.svg,d70db64e2c33577bfb579719d8e093b9b4b88d891809e7de6a5ba6c40084f9ec,0 0 24 24,XML VALID — VISUAL REVIEW PENDING
assets/icons/tabler/outline/brand-vimeo.svg,97ff04f41019fd2037ae036ef913ec5ee88db64ec8062b05f7f3e2889bfcf871,0 0 24 24,XML VALID — VISUAL REVIEW PENDING
assets/icons/tabler/outline/brand-vinted.svg,925868162843153f5940ff1de3d38bbbe66a005ff45af660f1053bf22fcd9543,0 0 24 24,XML VALID — VISUAL REVIEW PENDING
assets/icons/tabler/outline/brand-visa.svg,3f91594eff3223c8c18aa2fb9eb5176e5e8e840fe565258c0e6b3622e0162de2,0 0 24 24,XML VALID — VISUAL REVIEW PENDING
assets/icons/tabler/outline/brand-visual-studio.svg,2de6b6ac561a7b46d9e150ee1962c6099d2b14b56abb5a9e41eac415057fe2db,0 0 24 24,XML VALID — VISUAL REVIEW PENDING
assets/icons/tabler/outline/brand-vite.svg,4c2cfedb5f3833b10535e95c43ba442dcb92013082e75264e6ead44895be899e,0 0 24 24,XML VALID — VISUAL REVIEW PENDING
assets/icons/tabler/outline/brand-vivaldi.svg,501922d28264142d4667d23809a68bfb19d5901e126be9029210050bed28441c,0 0 24 24,XML VALID — VISUAL REVIEW PENDING
assets/icons/tabler/outline/brand-vk.svg,51f9c57759cde97f5649ec180f22017df803086ad60d378d579748a27948af64,0 0 24 24,XML VALID — VISUAL REVIEW PENDING
assets/icons/tabler/outline/brand-vlc.svg,3b2c3b742f5f030f897552174eaf15d411f365ceefa25756e339131d4740dab9,0 0 24 24,XML VALID — VISUAL REVIEW PENDING
assets/icons/tabler/outline/brand-volkswagen.svg,194141535766ac283a374aa354031307955a02e3a22a0889e1ddb8275e091adf,0 0 24 24,XML VALID — VISUAL REVIEW PENDING
assets/icons/tabler/outline/brand-vsco.svg,86d94f817dca2675d06de103fa6452c1118a16352c2871e6df31bd0cef27f91d,0 0 24 24,XML VALID — VISUAL REVIEW PENDING
assets/icons/tabler/outline/brand-vscode.svg,3bbfdb0a8267c07b74e3f09abfdef29cc6f34e14b2898592547d327cc24ad422,0 0 24 24,XML VALID — VISUAL REVIEW PENDING
assets/icons/tabler/outline/brand-vue.svg,c192ad392e05b43ed0317dbf0bdd7e62bbfb7fc02b7eabf6d9a99bd7fad8a032,0 0 24 24,XML VALID — VISUAL REVIEW PENDING
assets/icons/tabler/outline/brand-walmart.svg,23b3ffdb2e4aa3812c357a198b63c92efa2d156e0103797a6430f885380c49a4,0 0 24 24,XML VALID — VISUAL REVIEW PENDING
assets/icons/tabler/outline/brand-waze.svg,8b332d9da125c67bd6aba84d3cb91138bc95029cc0e0207b5f6ea65b7c97d18f,0 0 24 24,XML VALID — VISUAL REVIEW PENDING
assets/icons/tabler/outline/brand-webflow.svg,6cf6ad90eda8bcc7a7c26489abd0c48d25788fa9a2bac08b51890efbeb1bffcd,0 0 24 24,XML VALID — VISUAL REVIEW PENDING
assets/icons/tabler/outline/brand-wechat.svg,3c763525a1c44d6951d21360ad2a61493b6b300aac0970f32a1d9d784bd41841,0 0 24 24,XML VALID — VISUAL REVIEW PENDING
assets/icons/tabler/outline/brand-weibo.svg,1d8aa5e496ec48be65b06756acf07159cb3b48efff956f48b4c690568f2190c6,0 0 24 24,XML VALID — VISUAL REVIEW PENDING
assets/icons/tabler/outline/brand-whatsapp.svg,7c9abf909d88a5f28bc31cedf281dd94dbb59610f8c4c77651cf4cb7ecf3ed0d,0 0 24 24,XML VALID — VISUAL REVIEW PENDING
assets/icons/tabler/outline/brand-wikipedia.svg,7dc69ba104ab49f422c544ab32b78dbc4ded6e17501aba2951e17fd879d1b868,0 0 24 24,XML VALID — VISUAL REVIEW PENDING
assets/icons/tabler/outline/brand-windows.svg,557b7df444c8a1dbac718aa46827546f09b3c0cd1bc3632415a83047393df45c,0 0 24 24,XML VALID — VISUAL REVIEW PENDING
assets/icons/tabler/outline/brand-windy.svg,09cfa0962fd48595069d5dc75ffd705e72def31def7c81da76a943781f1b1828,0 0 24 24,XML VALID — VISUAL REVIEW PENDING
assets/icons/tabler/outline/brand-wish.svg,d7ac5815cf1b26f8f8d5e0855a95c7bbb9b06bd576d466b147f4cf6e2db6e16a,0 0 24 24,XML VALID — VISUAL REVIEW PENDING
assets/icons/tabler/outline/brand-wix.svg,45730b0090258801429fe64146b9cf8c1de10aa29a06360d8a093288c2050fd1,0 0 24 24,XML VALID — VISUAL REVIEW PENDING
assets/icons/tabler/outline/brand-wordpress.svg,b85a623099a3cc1ac1df8415db94e5fbd7d400ef97ceb3a49088eb5c22aa1da3,0 0 24 24,XML VALID — VISUAL REVIEW PENDING
assets/icons/tabler/outline/brand-x.svg,5086bb83fb9cdfb0e0989dc79b6f07f7132cac45ea3fc3558eba91f3f703e72a,0 0 24 24,XML VALID — VISUAL REVIEW PENDING
assets/icons/tabler/outline/brand-xamarin.svg,0d5048295fcab3068d4a657af374649e7c58c6cc10e6917915ae53c43272bb71,0 0 24 24,XML VALID — VISUAL REVIEW PENDING
assets/icons/tabler/outline/brand-xbox.svg,fe7fd71dba25a64b08be9556a0ab6973cb75b683f8cf6cc8bd87a0a03a42fd35,0 0 24 24,XML VALID — VISUAL REVIEW PENDING
assets/icons/tabler/outline/brand-xdeep.svg,fe01212c4789ce1648078b550e6d52e042728e6cccab33932e0a35f0d2a8ad3d,0 0 24 24,XML VALID — VISUAL REVIEW PENDING
assets/icons/tabler/outline/brand-xing.svg,69c4745d7d95c7fe11ddfa76eba8b0c05f3d49bff8f6a27e0d79d39e7f00e47d,0 0 24 24,XML VALID — VISUAL REVIEW PENDING
assets/icons/tabler/outline/brand-yahoo.svg,00c0537bb6f97ac9da56f43de7e67d64e465f0ac80723580281fa52e7b95a307,0 0 24 24,XML VALID — VISUAL REVIEW PENDING
assets/icons/tabler/outline/brand-yandex.svg,1795d0b322028b6154669cfefb4f6626b58f6f36fa5c59b879aecbc0f4079a92,0 0 24 24,XML VALID — VISUAL REVIEW PENDING
assets/icons/tabler/outline/brand-yarn.svg,ec0778e4c0e4019577f6d88af037e590bd61bbcf9b098bdfc6c5916676831eff,0 0 24 24,XML VALID — VISUAL REVIEW PENDING
assets/icons/tabler/outline/brand-yatse.svg,21fbd8442afc24dbc08e7b1c2c39561fe493c97d7bafc8d24a92785ccd319ca0,0 0 24 24,XML VALID — VISUAL REVIEW PENDING
assets/icons/tabler/outline/brand-ycombinator.svg,0ce1553a2d1de313cd33e0eabb82f76f7789fd143c95a1d7f0feaad5c46cb078,0 0 24 24,XML VALID — VISUAL REVIEW PENDING
assets/icons/tabler/outline/brand-youtube-kids.svg,710604348dbdd8767924ea2747ce6c0afbde9824d364b1765e758972a0577fc9,0 0 24 24,XML VALID — VISUAL REVIEW PENDING
assets/icons/tabler/outline/brand-youtube.svg,4f0066e0865cb7640838411dd5083fe7fc9de0bb5f073922bfba9f12a567e4c0,0 0 24 24,XML VALID — VISUAL REVIEW PENDING
assets/icons/tabler/outline/brand-zalando.svg,2beb3986c3b7196965674bc16aa83dec0ca8846a25c46646107ac3ec1a086aa1,0 0 24 24,XML VALID — VISUAL REVIEW PENDING
assets/icons/tabler/outline/brand-zapier.svg,195d049b24f27564742254ceabc8f43c9efc8e28055c4f20974741ed36d1f55b,0 0 24 24,XML VALID — VISUAL REVIEW PENDING
assets/icons/tabler/outline/brand-zeit.svg,e6cc190e3ddf39932fa60834bffbb03b564672ac5e658c089c806b40e6bdf7a1,0 0 24 24,XML VALID — VISUAL REVIEW PENDING
assets/icons/tabler/outline/brand-zhihu.svg,ed373eb67ee68eb121d1d33c617693ec36b6db8617faafc150f07aa71f3f966c,0 0 24 24,XML VALID — VISUAL REVIEW PENDING
assets/icons/tabler/outline/brand-zoom.svg,d96004f6ef9299f12cefbbd57a3a65bf48d091865275bbf6f3a95ab43372a175,0 0 24 24,XML VALID — VISUAL REVIEW PENDING
assets/icons/tabler/outline/brand-zulip.svg,becc586efa4688184bfce99e852744ad1739be5573e5b5d093beb18d545f72f7,0 0 24 24,XML VALID — VISUAL REVIEW PENDING
assets/icons/tabler/outline/brand-zwift.svg,a14fcbbaa6c69dd3ccc84731e1120332e5e399f0418036c7a738bf560c38bf01,0 0 24 24,XML VALID — VISUAL REVIEW PENDING
assets/icons/tabler/outline/bread-off.svg,4c9d398e2d5ddbc711ffe100e35c739786467b84fc8f2edaa9f273fdc17ffe55,0 0 24 24,XML VALID — VISUAL REVIEW PENDING
assets/icons/tabler/outline/bread.svg,acbfef045cc18bef7c34f43ab4cb0184acad06ce0f5e4302507ef12580a4c5dc,0 0 24 24,XML VALID — VISUAL REVIEW PENDING
assets/icons/tabler/outline/briefcase-2.svg,76d9fc97f2c16196633e3f2a95b3069545418f788aad8e4f9ab36a8170402008,0 0 24 24,XML VALID — VISUAL REVIEW PENDING
assets/icons/tabler/outline/briefcase-off.svg,9ea6f96e999bc548c30286e90bbe03530d188c64906a78c326d8188d08086a5c,0 0 24 24,XML VALID — VISUAL REVIEW PENDING
assets/icons/tabler/outline/briefcase.svg,645f8a8f34ce35285d0b1d161e8a03eae176493873066feed282bd1d66619198,0 0 24 24,XML VALID — VISUAL REVIEW PENDING
assets/icons/tabler/outline/brightness-2.svg,001a876ab1175707b3fb9c8b97f96a6eadd549ac553141829d640e2fdd2325bb,0 0 24 24,XML VALID — VISUAL REVIEW PENDING
assets/icons/tabler/outline/brightness-auto.svg,a078fa5279f2750290ccfbb53ddfddb911b5590f635e84e3047d9a4f9f491b81,0 0 24 24,XML VALID — VISUAL REVIEW PENDING
assets/icons/tabler/outline/brightness-down.svg,aee3ad95d49a28c0f4e69566dc8edd205ec33f436a8e2d31f87bac01e9176530,0 0 24 24,XML VALID — VISUAL REVIEW PENDING
assets/icons/tabler/outline/brightness-half.svg,42e01ce9a0b4753ad1b6dec473e75088ba74990358b7ae033b8ab5bc429907a6,0 0 24 24,XML VALID — VISUAL REVIEW PENDING
assets/icons/tabler/outline/brightness-off.svg,8d53f95241de8fc721632290b5416ad8a90c4dad26088181c90316f0fc5accac,0 0 24 24,XML VALID — VISUAL REVIEW PENDING
assets/icons/tabler/outline/brightness-up.svg,8ae0aedcce298920c907e61739164e11b1dfe0238c3ade64a75d6ed01a2d31cb,0 0 24 24,XML VALID — VISUAL REVIEW PENDING
assets/icons/tabler/outline/brightness.svg,665379f44fc95c5995b8061bd17a2925de5092871e665b24b059b64a57782094,0 0 24 24,XML VALID — VISUAL REVIEW PENDING
assets/icons/tabler/outline/broadcast-off.svg,62db1514f8745e11aebbbd9aadeeb26e874853f5c7d9b735d408da4a8a31f715,0 0 24 24,XML VALID — VISUAL REVIEW PENDING
assets/icons/tabler/outline/broadcast.svg,ba87c868dd7e6c6b0acbb2cd71a77240dbf508a13cf020a5c6ffbfeb7a672419,0 0 24 24,XML VALID — VISUAL REVIEW PENDING
assets/icons/tabler/outline/browser-check.svg,ced4ac8dc57201add14328c72629f3d13a615de8e745b3c708e2257e73d48ef1,0 0 24 24,XML VALID — VISUAL REVIEW PENDING
assets/icons/tabler/outline/browser-maximize.svg,e85839546200b5fe69e0f16d1590c89c0dd175570a3565aa0299f75bb1bca8f7,0 0 24 24,XML VALID — VISUAL REVIEW PENDING
assets/icons/tabler/outline/browser-minus.svg,b82cb11dd38d82850575a332d7c16931e103882fe68d18496dceeb9100241fdb,0 0 24 24,XML VALID — VISUAL REVIEW PENDING
assets/icons/tabler/outline/browser-off.svg,f2ac1fd086a47cffcc6c322cf7c4560b8c1e513ad1e8fe6bc2a55c16841a2656,0 0 24 24,XML VALID — VISUAL REVIEW PENDING
assets/icons/tabler/outline/browser-plus.svg,89276d96928f703fce679d0912f8273ccdc6f786d65659c6c7de7605c4db9dc2,0 0 24 24,XML VALID — VISUAL REVIEW PENDING
assets/icons/tabler/outline/browser-share.svg,341398365eadeef6764bfc9f402c7d5864ab3ab9e4cad07a390c0f9bef4c99cd,0 0 24 24,XML VALID — VISUAL REVIEW PENDING
assets/icons/tabler/outline/browser-x.svg,045982ae6daa7b8b97d71b2c21b6b70dfd94a4d5390d96e9d8436d6408c59e65,0 0 24 24,XML VALID — VISUAL REVIEW PENDING
assets/icons/tabler/outline/browser.svg,c080c26ca9727fc6e16fc08e2064563d561658859b98e7632eb67bb197dac5e7,0 0 24 24,XML VALID — VISUAL REVIEW PENDING
assets/icons/tabler/outline/brush-off.svg,958c0e8ee2f86ce415e4fd592797a764a8ffad585183edac6d9e343b1f5b9613,0 0 24 24,XML VALID — VISUAL REVIEW PENDING
assets/icons/tabler/outline/brush.svg,d01bda3bc74ca6bb70a8d2d7b55155954d2702f8adae8fea9d5ebea733b8019e,0 0 24 24,XML VALID — VISUAL REVIEW PENDING
assets/icons/tabler/outline/bubble-minus.svg,19631e3677d0e529550f799ce07e8b0ecd3abc8b80b8da7cdcc092e4c1a0b997,0 0 24 24,XML VALID — VISUAL REVIEW PENDING
assets/icons/tabler/outline/bubble-plus.svg,646c05854cd5637471e7d57fb983305f31d818be372cf072ca38fc0a4cb11d92,0 0 24 24,XML VALID — VISUAL REVIEW PENDING
assets/icons/tabler/outline/bubble-tea-2.svg,ff174a3acc5538d3eb1d282f2605bdbb9894f978d4eefe6f57c244941c44bcc6,0 0 24 24,XML VALID — VISUAL REVIEW PENDING
assets/icons/tabler/outline/bubble-tea.svg,21a6ea0ad668639b20df3ff87d9ee0cc5f5339ae5fc98b1da7ea4b1ff5c2047c,0 0 24 24,XML VALID — VISUAL REVIEW PENDING
assets/icons/tabler/outline/bubble-text.svg,194a0e418fcd2711c0dc21cdb0c7d2d31274102ea43e4dc63f55aa17f52ddc0c,0 0 24 24,XML VALID — VISUAL REVIEW PENDING
assets/icons/tabler/outline/bubble-x.svg,1715819867a544593052ad004cb6a0c147e5fca5ec9acd23eae016ea3f2eb1c1,0 0 24 24,XML VALID — VISUAL REVIEW PENDING
assets/icons/tabler/outline/bubble.svg,c17a0c4801348e740b2e8b9e5e5a03d3c8b2d5f3571df4e8f2cfb7bf134a4c8b,0 0 24 24,XML VALID — VISUAL REVIEW PENDING
assets/icons/tabler/outline/bucket-droplet.svg,a6a4343183f9389a3e064b467f657c9502d883e8d9e8d8a61f9319f3f0e7e6a2,0 0 24 24,XML VALID — VISUAL REVIEW PENDING
assets/icons/tabler/outline/bucket-off.svg,3b77ca15ab7e54b29614d4c6d4f4ebbb5fa6cadd76d90f5b7c937dc31d2376f2,0 0 24 24,XML VALID — VISUAL REVIEW PENDING
assets/icons/tabler/outline/bucket.svg,fcf86867a64894760afb8862f607974187e55f34664cb4a613b00c8308754e36,0 0 24 24,XML VALID — VISUAL REVIEW PENDING
assets/icons/tabler/outline/bug-off.svg,819599cfa4629c869f51f8135b2cb08548da28756a2c6922208007b2ecc32928,0 0 24 24,XML VALID — VISUAL REVIEW PENDING
assets/icons/tabler/outline/bug.svg,21427f1d8052b11481e1b1d05ee626a7e8522b8a049ff626ade86bec8c547e72,0 0 24 24,XML VALID — VISUAL REVIEW PENDING
assets/icons/tabler/outline/building-airport.svg,a4891039b283b7e80a3d127f86a53b631a31a6f87f4c2cea9c56cfd1d0d5a7b1,0 0 24 24,XML VALID — VISUAL REVIEW PENDING
assets/icons/tabler/outline/building-arch.svg,8b99c14edf94636adb372af39eb330f2e4d9063e7c4c74271859e3c5ae2d0b3c,0 0 24 24,XML VALID — VISUAL REVIEW PENDING
assets/icons/tabler/outline/building-bank.svg,8d9d7a163a32840b23031749ed11c3ac9698c870e70ccb423a6b9bf950c1316b,0 0 24 24,XML VALID — VISUAL REVIEW PENDING
assets/icons/tabler/outline/building-bridge-2.svg,643bacfd2a677e7437d1b285afc1ced9dad6fe80638ad89ad1c115528a0ce937,0 0 24 24,XML VALID — VISUAL REVIEW PENDING
assets/icons/tabler/outline/building-bridge.svg,58e480327e465dd409114cd5b30c049c05c0fa5e54435d95123fd042182c76ce,0 0 24 24,XML VALID — VISUAL REVIEW PENDING
assets/icons/tabler/outline/building-broadcast-tower.svg,809bf30b8616dc54c612d6d286a4de152f316d9e1054f39964f9ef3f798bfae9,0 0 24 24,XML VALID — VISUAL REVIEW PENDING
assets/icons/tabler/outline/building-burj-al-arab.svg,991ef648f7cdbfd3d2b0c4695cdd3a8e34a251b1af0ccb9c69b6dd792bd295e5,0 0 24 24,XML VALID — VISUAL REVIEW PENDING
assets/icons/tabler/outline/building-carousel.svg,a7aa07f1a5782542af89d82b15e590b3e4bd6765c5b0ce2f35f38f12dc5828c7,0 0 24 24,XML VALID — VISUAL REVIEW PENDING
assets/icons/tabler/outline/building-castle.svg,4da96f71db10e5f0aee4517e64838e2a0bd29191248b81fb5b836ed91d7b15b0,0 0 24 24,XML VALID — VISUAL REVIEW PENDING
assets/icons/tabler/outline/building-church.svg,7cd155b1f0324e748cd9ef23b77618f580c41b43d6cf444e66a14cc83d874c79,0 0 24 24,XML VALID — VISUAL REVIEW PENDING
assets/icons/tabler/outline/building-circus.svg,19ef545b8fe5eec1cda1104d009fe66df29b4e69d3a0dacb98edc0aef8e3b867,0 0 24 24,XML VALID — VISUAL REVIEW PENDING
assets/icons/tabler/outline/building-cog.svg,17c12c186cffcb7e671bcc3a4de755eba422b8ed51fda961535f633b90525e51,0 0 24 24,XML VALID — VISUAL REVIEW PENDING
assets/icons/tabler/outline/building-community.svg,2ebf80a4c5ab70ef88f61772227267d0da8ebdb1a4cbf3327b67335f5c2ce85f,0 0 24 24,XML VALID — VISUAL REVIEW PENDING
assets/icons/tabler/outline/building-cottage.svg,68082fc42b8dab585f1fe5042955a22fb644c020d3837ada3204dcaa6505c0f0,0 0 24 24,XML VALID — VISUAL REVIEW PENDING
assets/icons/tabler/outline/building-estate.svg,17e21114335c671b940d9b662c52f97876ac086d5255d996912260897afc18c6,0 0 24 24,XML VALID — VISUAL REVIEW PENDING
assets/icons/tabler/outline/building-factory-2.svg,01cc289c8069022d4f95f337010be1fb1ed8421ba4e913c9b2f3f4d4e1a02e70,0 0 24 24,XML VALID — VISUAL REVIEW PENDING
assets/icons/tabler/outline/building-factory.svg,475084c19080e451282072d25b4c963f75aef9333d100049645c0f3547d56982,0 0 24 24,XML VALID — VISUAL REVIEW PENDING
assets/icons/tabler/outline/building-fortress.svg,609feeabdfa8e686d576d3efca3d7fe0c3055bbc7db06d7ecf4e92e88f053966,0 0 24 24,XML VALID — VISUAL REVIEW PENDING
assets/icons/tabler/outline/building-hospital.svg,a879c602f223b7a65170584edf615450327663e07e5ea18f50ea9fffb2dd7302,0 0 24 24,XML VALID — VISUAL REVIEW PENDING
assets/icons/tabler/outline/building-lighthouse.svg,fa3806a8486c2a2dfca415bdbd17979a36ff719b93b12158d3e85431afd98907,0 0 24 24,XML VALID — VISUAL REVIEW PENDING
assets/icons/tabler/outline/building-minus.svg,72143e0e82fe62df3e0a0a39071051b8bc86121777bb0fb31134eb2e831f16b5,0 0 24 24,XML VALID — VISUAL REVIEW PENDING
assets/icons/tabler/outline/building-monument.svg,1baef7589dfe202ee2404d572f092cfa255c87467323778d27a22cae2b327007,0 0 24 24,XML VALID — VISUAL REVIEW PENDING
assets/icons/tabler/outline/building-mosque.svg,ee9c8eb2a8259105843617c2232e21c4256a8d44f1e0d15c253e467a8aa118b0,0 0 24 24,XML VALID — VISUAL REVIEW PENDING
assets/icons/tabler/outline/building-off.svg,d0047749dbc090651dd7978992ff30d5e99f69bcb411cbb0010babc9bda5ee14,0 0 24 24,XML VALID — VISUAL REVIEW PENDING
assets/icons/tabler/outline/building-pavilion.svg,541848f05dadf93a5073c5d0116e3afe8753159ab65a7eb4f99b2debf3879734,0 0 24 24,XML VALID — VISUAL REVIEW PENDING
assets/icons/tabler/outline/building-plus.svg,6865f2a2dad6f43ed1d8ce3b8598ce02631e2f1351031a596ff26f9cd0be940b,0 0 24 24,XML VALID — VISUAL REVIEW PENDING
assets/icons/tabler/outline/building-skyscraper.svg,c546de00df2df09570efcd3ea2fd54d2628bacc88e29d2b572d5dbc7fc4a9b34,0 0 24 24,XML VALID — VISUAL REVIEW PENDING
assets/icons/tabler/outline/building-stadium.svg,d06bc7003d06b9e13ee0c68797dcefdf9efa442ed8bb5f3c20093fae2dbd7c95,0 0 24 24,XML VALID — VISUAL REVIEW PENDING
assets/icons/tabler/outline/building-store.svg,305a172fc71ecec6b39500ea5f37ef4de20aaef98d10d05b0636830847a0e4d4,0 0 24 24,XML VALID — VISUAL REVIEW PENDING
assets/icons/tabler/outline/building-tunnel.svg,a3335f240f73c2d2958a37602e61145fe5fe5345b6fbaf9996b6b034f091feeb,0 0 24 24,XML VALID — VISUAL REVIEW PENDING
assets/icons/tabler/outline/building-warehouse.svg,b88f05ab4a1eab45dcd90df6f3146c89f87c9ede918041c755ff171be0bd68ee,0 0 24 24,XML VALID — VISUAL REVIEW PENDING
assets/icons/tabler/outline/building-wind-turbine.svg,565ddbf72d0d5af21c30ac9e366c63750ab5be231f69b56dc722c77e5ab5017b,0 0 24 24,XML VALID — VISUAL REVIEW PENDING
assets/icons/tabler/outline/building.svg,be3607d6fae69ab2a0d10ac6a4676d0155376f63eed5422c4ca002ce48232836,0 0 24 24,XML VALID — VISUAL REVIEW PENDING
assets/icons/tabler/outline/buildings.svg,40e96497b97d9337c3bdb77f8c55ab93999a91f8884be50907228814a32e9c40,0 0 24 24,XML VALID — VISUAL REVIEW PENDING
assets/icons/tabler/outline/bulb-off.svg,f729169b2828ad21d885e447d4bb9cfe780b2bf679810c6e0a369a7fdd53a49b,0 0 24 24,XML VALID — VISUAL REVIEW PENDING
assets/icons/tabler/outline/bulb.svg,09e8e33fcc62b9cf9b5512f6ee14328a6c22a69f458e1e01cc9c5b425cc91991,0 0 24 24,XML VALID — VISUAL REVIEW PENDING
assets/icons/tabler/outline/bulldozer.svg,8e005b64c05e8eae85d8a072d4698a8e452eb16d53d1f55b3567297a0e2e9a9d,0 0 24 24,XML VALID — VISUAL REVIEW PENDING
assets/icons/tabler/outline/burger.svg,a84a4a39ff48283627380e8cbeb263ad60592eeae12f01272f97a1b481859cdd,0 0 24 24,XML VALID — VISUAL REVIEW PENDING
assets/icons/tabler/outline/bus-off.svg,4a61b3a782aab561b1b25e7556a794a3baf2009491158248edffc18e4bcc8a4a,0 0 24 24,XML VALID — VISUAL REVIEW PENDING
assets/icons/tabler/outline/bus-stop.svg,06f8d7450547abb012a919ec9621fc1fd85c354e9e0eef946065081322f379b0,0 0 24 24,XML VALID — VISUAL REVIEW PENDING
assets/icons/tabler/outline/bus.svg,285b844170334ed572185ac4af2f4fd1ca987c4a08e259ddf820a67b849c6ec5,0 0 24 24,XML VALID — VISUAL REVIEW PENDING
assets/icons/tabler/outline/businessplan.svg,f014fbe514786cab6d5aa0b680dcbee9057a8f037a44ee758d35d000f47bb28d,0 0 24 24,XML VALID — VISUAL REVIEW PENDING
assets/icons/tabler/outline/butterfly.svg,c0d891fae3ee0fb54d20cc226ead77fc0897680ac9248ed0d5200e48bc830d6f,0 0 24 24,XML VALID — VISUAL REVIEW PENDING
assets/icons/tabler/outline/cactus-off.svg,7a8be72930493f9de237b2b4d8b8f00015471517a1124cf671eb1369090e7d99,0 0 24 24,XML VALID — VISUAL REVIEW PENDING
assets/icons/tabler/outline/cactus.svg,07fdff4ddc0944ef6e294a9cd10121c3a67d5c6ed2346806df730dbf736be369,0 0 24 24,XML VALID — VISUAL REVIEW PENDING
assets/icons/tabler/outline/cake-off.svg,c5bb586c21f2c5e5f46cd5682e6f96c4a840e1a827839da6de70c368f0e04029,0 0 24 24,XML VALID — VISUAL REVIEW PENDING
assets/icons/tabler/outline/cake-roll.svg,a8c2628110b705d82d45294f5426635c81e22dcc6632666f8e1a20157719b337,0 0 24 24,XML VALID — VISUAL REVIEW PENDING
assets/icons/tabler/outline/cake.svg,160617dc3d4daf02866026aec0099b87ec41ccf6163f8ba72785daabf3a18a76,0 0 24 24,XML VALID — VISUAL REVIEW PENDING
assets/icons/tabler/outline/calculator-off.svg,e1597bd9dac78f21767dc24669e2edb93be90c047f66e7640a01099374bbd84c,0 0 24 24,XML VALID — VISUAL REVIEW PENDING
assets/icons/tabler/outline/calculator.svg,142d682795992cfbd30ebc7e1309c788b389c61271d2f9c108db97706a6fa5a4,0 0 24 24,XML VALID — VISUAL REVIEW PENDING
assets/icons/tabler/outline/calendar-bolt.svg,9960c9b34c3494ad87ed9cf77ef0ec276fe410484f349b512f20fd44fedc7afc,0 0 24 24,XML VALID — VISUAL REVIEW PENDING
assets/icons/tabler/outline/calendar-cancel.svg,9cba152444e6a412dadc3c7d31a9e5213bfcfc2c0a33523baf6ff0b772b695d3,0 0 24 24,XML VALID — VISUAL REVIEW PENDING
assets/icons/tabler/outline/calendar-check.svg,83ff2f260dcb555ab38cd2fc756a4260ee51a6e1e2aa42bde593ed740a57f3bb,0 0 24 24,XML VALID — VISUAL REVIEW PENDING
assets/icons/tabler/outline/calendar-clock.svg,175195d4113b9e12064a021ebfca7a8381d4e8aa77be31e1e5180664f8bcc267,0 0 24 24,XML VALID — VISUAL REVIEW PENDING
assets/icons/tabler/outline/calendar-code.svg,2dc258ef68c5f8a19e0e4470b4b561ba2f64cf7b4f671212b12eef34dcafdac0,0 0 24 24,XML VALID — VISUAL REVIEW PENDING
assets/icons/tabler/outline/calendar-cog.svg,bb2e25fbce933b8d3ddb99a370140d3ba1b373ac24095853cbd690d24d37ddee,0 0 24 24,XML VALID — VISUAL REVIEW PENDING
assets/icons/tabler/outline/calendar-dollar.svg,3e17364a27ac8483df4b1d6fc41f5eddbb458e6d8f7c98ae28445a0f44499cb8,0 0 24 24,XML VALID — VISUAL REVIEW PENDING
assets/icons/tabler/outline/calendar-dot.svg,f11e54bc1f38126e99e5f685bfb37ea11d8f1b4b58f6c18afc983a99404c7a8e,0 0 24 24,XML VALID — VISUAL REVIEW PENDING
assets/icons/tabler/outline/calendar-down.svg,4843c2c9ffb50d2831ca0116f116f3c8b294b18df7494d5a530eca7e0e4e9b55,0 0 24 24,XML VALID — VISUAL REVIEW PENDING
assets/icons/tabler/outline/calendar-due.svg,f8bbabdd05b09816418b0124a2c61993cb4fa1b491180e5d6c85b9267e70c832,0 0 24 24,XML VALID — VISUAL REVIEW PENDING
assets/icons/tabler/outline/calendar-event.svg,2a1e3dfa7481d35c94b133f09deeca4b612309c41bf15057f6133e264c0396ad,0 0 24 24,XML VALID — VISUAL REVIEW PENDING
assets/icons/tabler/outline/calendar-exclamation.svg,c7a13de26df46057cf872e2ecd8649dd566759c0c7c1a2755d55b4dac2d6b4de,0 0 24 24,XML VALID — VISUAL REVIEW PENDING
assets/icons/tabler/outline/calendar-heart.svg,5e41951c5a397518505438299faf8157863a8400d35e844bc4df1ccceefcb472,0 0 24 24,XML VALID — VISUAL REVIEW PENDING
assets/icons/tabler/outline/calendar-minus.svg,ae84df889238c6423d5d83b15473d479a8e8cf69e70b7fe8a75132db71e7375c,0 0 24 24,XML VALID — VISUAL REVIEW PENDING
assets/icons/tabler/outline/calendar-month.svg,9b69a7617bbe3ece68dd7d0819b0d385fdcc155d39366ffc78f7cbe3792de368,0 0 24 24,XML VALID — VISUAL REVIEW PENDING
assets/icons/tabler/outline/calendar-off.svg,2da50dc4d1103e4e234793e6b9759ef30d52a04db600834b7a122f2aa4b07a64,0 0 24 24,XML VALID — VISUAL REVIEW PENDING
assets/icons/tabler/outline/calendar-pause.svg,3ae68cb2febbdedc0aca30624579341213fa02553fedbdb0388e6dac06596cb4,0 0 24 24,XML VALID — VISUAL REVIEW PENDING
assets/icons/tabler/outline/calendar-pin.svg,43310f541ae03f904dde0d65420bcf3adc5cd45118cb7ea45b3a140dbaa453fb,0 0 24 24,XML VALID — VISUAL REVIEW PENDING
assets/icons/tabler/outline/calendar-plus.svg,ca65b3a62d252f0b4ca9cd47e4469818631736e3805100e59066768cdfb88635,0 0 24 24,XML VALID — VISUAL REVIEW PENDING
assets/icons/tabler/outline/calendar-question.svg,994906982a3aa2cea396fa0a9c1bdf5501ebf1c542c6b9fb14ed1ec0c13d7607,0 0 24 24,XML VALID — VISUAL REVIEW PENDING
assets/icons/tabler/outline/calendar-repeat.svg,70e5644303be2fa7705e91bb10e801aa2ad80e14c55282d735290ff2e296fdef,0 0 24 24,XML VALID — VISUAL REVIEW PENDING
assets/icons/tabler/outline/calendar-sad.svg,2fb4a7bab29c6664c4499c24d631cb9a70d9dbf7fd57a2deda741daff6ba1a7a,0 0 24 24,XML VALID — VISUAL REVIEW PENDING
assets/icons/tabler/outline/calendar-search.svg,ebab800d18c4e57c691fb1b370fad39830bc5292cabdbb51fd8ab31c2c34f9ef,0 0 24 24,XML VALID — VISUAL REVIEW PENDING
assets/icons/tabler/outline/calendar-share.svg,d1161b47c1e89fe7662b18951cc5908c1a45a71ee24566aefbae58c0d73e035e,0 0 24 24,XML VALID — VISUAL REVIEW PENDING
assets/icons/tabler/outline/calendar-smile.svg,d98cdad907eb6e310673697d04f653aaa5d8b5eea770a494310a72b5c8941639,0 0 24 24,XML VALID — VISUAL REVIEW PENDING
assets/icons/tabler/outline/calendar-star.svg,6ae06944f4237a562d14363fd4a49642f03b103a7b1e6f90ef729ceb8d5960a7,0 0 24 24,XML VALID — VISUAL REVIEW PENDING
assets/icons/tabler/outline/calendar-stats.svg,f05739692225a58ef00361eaf3d6daf7b4b223d2895444c272fa331753dadb70,0 0 24 24,XML VALID — VISUAL REVIEW PENDING
assets/icons/tabler/outline/calendar-time.svg,1b8368c82ff029e3c1e71fc6391de0e080eae177d69d875e270c5b9735e7a089,0 0 24 24,XML VALID — VISUAL REVIEW PENDING
assets/icons/tabler/outline/calendar-up.svg,44957c7db7bdfd254c8ed1971a075623fac6d00470130cd957870cf46e4a07c9,0 0 24 24,XML VALID — VISUAL REVIEW PENDING
assets/icons/tabler/outline/calendar-user.svg,c7ef37b03c797eadde296bf15583ae8d0d316867dd46702c3dcda08951fe2cbc,0 0 24 24,XML VALID — VISUAL REVIEW PENDING
assets/icons/tabler/outline/calendar-week.svg,30542827bca3952d86542c615037a30e3e745af2db3799592bac1936d7a9bc53,0 0 24 24,XML VALID — VISUAL REVIEW PENDING
assets/icons/tabler/outline/calendar-x.svg,f59d624f8404353ca31f35241e9595a57aeff471cf79fbfda6d5bc1485e169f9,0 0 24 24,XML VALID — VISUAL REVIEW PENDING
assets/icons/tabler/outline/calendar.svg,1ebf8228d9987af99ed78c2b1d3f4d529cf8d235d8b16d781e6b78fdc31c6ba1,0 0 24 24,XML VALID — VISUAL REVIEW PENDING
assets/icons/tabler/outline/camera-ai.svg,411cd64a93854d61cb2c5ef975552a4a7f8f94bcc1410300d133084b072ec22f,0 0 24 24,XML VALID — VISUAL REVIEW PENDING
assets/icons/tabler/outline/camera-bitcoin.svg,d18466526f1ed49aef0578840e214bc66a7260041b37939ded5403183fc8b7ec,0 0 24 24,XML VALID — VISUAL REVIEW PENDING
assets/icons/tabler/outline/camera-bolt.svg,32a4e41df9e05775c8597c1b7160a8578f13ec95a8749fbf1ea0f55a535b352a,0 0 24 24,XML VALID — VISUAL REVIEW PENDING
assets/icons/tabler/outline/camera-cancel.svg,06f4a1b1d6e0fdd0f243ad7e4855822b859b663bc4a179a7dafe0d6a598f28b2,0 0 24 24,XML VALID — VISUAL REVIEW PENDING
assets/icons/tabler/outline/camera-check.svg,8d86b6a225ebfe0584f9a45e27a50fa3ac99f7f2db978ee20a75d556f273b20c,0 0 24 24,XML VALID — VISUAL REVIEW PENDING
assets/icons/tabler/outline/camera-code.svg,4707c47a9a5ade3fbf8c78b821853c005efbebec8efdbd3e6ff96422c49f403c,0 0 24 24,XML VALID — VISUAL REVIEW PENDING
assets/icons/tabler/outline/camera-cog.svg,1fc42d4baa0b8b43568b45f07f62244817095234923c6f17b7ef2f451c9544ab,0 0 24 24,XML VALID — VISUAL REVIEW PENDING
assets/icons/tabler/outline/camera-dollar.svg,914826da591dd5cf27d85a68eb3171919620802f05390e8afec4f6179536c1fa,0 0 24 24,XML VALID — VISUAL REVIEW PENDING
assets/icons/tabler/outline/camera-down.svg,7581b44dad493eac238fcd433445f7c76cdfd095ab4928831047ff72fdf8502d,0 0 24 24,XML VALID — VISUAL REVIEW PENDING
assets/icons/tabler/outline/camera-exclamation.svg,702a56fc134f71484dec0a2cdd7c16ce953468bc5bcaead0b53ee5db5c08c49d,0 0 24 24,XML VALID — VISUAL REVIEW PENDING
assets/icons/tabler/outline/camera-heart.svg,243f9abe7b5e1c0b81e53697b2806046b4e260df1c41a7322eaec8cd1d18eb31,0 0 24 24,XML VALID — VISUAL REVIEW PENDING
assets/icons/tabler/outline/camera-minus.svg,79dc6999b1efbd4909abbea916d34f1fa3e3c7031859ec56df051e4d7a576f80,0 0 24 24,XML VALID — VISUAL REVIEW PENDING
assets/icons/tabler/outline/camera-moon.svg,2ec0d5f3c042be734c5e2e84c266de46f8eae298b70c37c066c771a7861ebe27,0 0 24 24,XML VALID — VISUAL REVIEW PENDING
assets/icons/tabler/outline/camera-off.svg,f95af42b0c293db03f39f9de3e75c0dec593edd995c0d2c9e591ad8d9ea64135,0 0 24 24,XML VALID — VISUAL REVIEW PENDING
assets/icons/tabler/outline/camera-pause.svg,255fed79d309f8374d32afb408eb9fa19407f9fc4f727a417a53e0ad5bcb541d,0 0 24 24,XML VALID — VISUAL REVIEW PENDING
assets/icons/tabler/outline/camera-pin.svg,70ae89f0e65bef4c0c375434d74d8d4aa76df5079b47a871c2ec5f69b8c5a55e,0 0 24 24,XML VALID — VISUAL REVIEW PENDING
assets/icons/tabler/outline/camera-plus.svg,4c104854127b5b2898c28c4df0a488d61774f2df8496355c7463ef4e04cab83c,0 0 24 24,XML VALID — VISUAL REVIEW PENDING
assets/icons/tabler/outline/camera-question.svg,47d867be16e893a08100cd604e519ce4ada837491bd1dd9131ce5092f1d09061,0 0 24 24,XML VALID — VISUAL REVIEW PENDING
assets/icons/tabler/outline/camera-rotate.svg,edda0839a01ccc5dd49998b2d67d977b8b202b86ae4b8062be81088c48b8b542,0 0 24 24,XML VALID — VISUAL REVIEW PENDING
assets/icons/tabler/outline/camera-search.svg,a3ecc78b85b1fbc7aacda944b6df442f216e7522483138655af48a7ad5650dda,0 0 24 24,XML VALID — VISUAL REVIEW PENDING
assets/icons/tabler/outline/camera-selfie.svg,df8140c420f4757d08d13c3044fdff488078394815c7c2b9eabae1d5632ea372,0 0 24 24,XML VALID — VISUAL REVIEW PENDING
assets/icons/tabler/outline/camera-share.svg,c128676cbac6617f3416789b424f1dcbf3b5fc98904ca4924192014353d65e5e,0 0 24 24,XML VALID — VISUAL REVIEW PENDING
assets/icons/tabler/outline/camera-spark.svg,7e6697ce0ae40aa75a02bbb49a5f3c53e3912d663530e6ee58e18d3019cc1538,0 0 24 24,XML VALID — VISUAL REVIEW PENDING
assets/icons/tabler/outline/camera-star.svg,ba8d0addba0a76c5799b2d7d73497f5af73737c11ab2e484113d1c94dea428f4,0 0 24 24,XML VALID — VISUAL REVIEW PENDING
assets/icons/tabler/outline/camera-up.svg,c6169faf72fdcb50eae217eb69bf9baffdb90670de90c5e9bb689f4069c829c0,0 0 24 24,XML VALID — VISUAL REVIEW PENDING
assets/icons/tabler/outline/camera-x.svg,4e20a7abe6802f454ba331c39dcbccd40bf0c0c3a5c3599e63c5c55fc271630f,0 0 24 24,XML VALID — VISUAL REVIEW PENDING
assets/icons/tabler/outline/camera.svg,c7fdb5aca63dedf3a94bd3c5b252377d5a2da79d7a548f111bfbd9d1f34bf1fd,0 0 24 24,XML VALID — VISUAL REVIEW PENDING
assets/icons/tabler/outline/camper.svg,14141ad005a080b246d45fb1005c8a0a60e164e911c68518462599ca620fc47c,0 0 24 24,XML VALID — VISUAL REVIEW PENDING
assets/icons/tabler/outline/campfire.svg,01cc5e392f49fd82a3651f1bfb5d33c7b4b09eb59c3148165ad6e66cded14359,0 0 24 24,XML VALID — VISUAL REVIEW PENDING
assets/icons/tabler/outline/cancel.svg,623c69414ab826a3c4a5965a6108f087cf5619f418b2168ee7c4957bd9132495,0 0 24 24,XML VALID — VISUAL REVIEW PENDING
assets/icons/tabler/outline/candle.svg,ff36ed2c2332b2d03342899dea70c13a723df7ed13d19d6a3fbbea15f0879a0d,0 0 24 24,XML VALID — VISUAL REVIEW PENDING
assets/icons/tabler/outline/candy-off.svg,b09ae1de074880151d93e7e0ea40107f2bf439c6a4dbaea2a5acc65d043ff982,0 0 24 24,XML VALID — VISUAL REVIEW PENDING
assets/icons/tabler/outline/candy.svg,6dd666e280d06a1ab9f5c0528bf167ccedf25201d56c47522d98adc68e9ed28d,0 0 24 24,XML VALID — VISUAL REVIEW PENDING
assets/icons/tabler/outline/cane.svg,a10ee7cc42e0b2f9b960be89270fa4a55c78b542009d019e96e53ef86b6b6b89,0 0 24 24,XML VALID — VISUAL REVIEW PENDING
assets/icons/tabler/outline/cannabis.svg,c95da0edc33795c9f6bcfe1effea20eb183f955cc373fbdb533996907b7c1127,0 0 24 24,XML VALID — VISUAL REVIEW PENDING
assets/icons/tabler/outline/cap-projecting.svg,4e4e9ae9c9d7de61717bfc6059ff99b4744aa7f8314f1991a690ae1d1b06e420,0 0 24 24,XML VALID — VISUAL REVIEW PENDING
assets/icons/tabler/outline/cap-rounded.svg,272a114c6b2fd8f9d37a09e30e87bb38fb979020a6e8009e936372087c097757,0 0 24 24,XML VALID — VISUAL REVIEW PENDING
assets/icons/tabler/outline/cap-straight.svg,38ff8164f8547d97a8470935591b6d92ad00d49bee54d9d87fe860315c3eaa18,0 0 24 24,XML VALID — VISUAL REVIEW PENDING
assets/icons/tabler/outline/capsule-horizontal.svg,85e26fef26f68f04f9871dbc6a8a424b8f7a1a17e29d16c4b24201061bdb2639,0 0 24 24,XML VALID — VISUAL REVIEW PENDING
assets/icons/tabler/outline/capsule.svg,c97d86f89e5de2b292a8fc80bfbc3d1bde94a445b8fa7be52dde12c1d5c379e4,0 0 24 24,XML VALID — VISUAL REVIEW PENDING
assets/icons/tabler/outline/capture-off.svg,541a2fbec8e97cb98778c4714f77f9822701fd715ec8a47428e59471c8e4240d,0 0 24 24,XML VALID — VISUAL REVIEW PENDING
assets/icons/tabler/outline/capture.svg,26236869480d4653a018071de0da92c5ca0b15dc1574058a00edbe2db9d4e1f8,0 0 24 24,XML VALID — VISUAL REVIEW PENDING
assets/icons/tabler/outline/car-4wd.svg,fa8a6d437f7cb1333650c0f41f35b0909f15b955f87a6224dd856c8a1a2494b0,0 0 24 24,XML VALID — VISUAL REVIEW PENDING
assets/icons/tabler/outline/car-crane.svg,eaca597431c038421a05cfdabd7fd1647359942a4210a64a141000cc2c4166d1,0 0 24 24,XML VALID — VISUAL REVIEW PENDING
assets/icons/tabler/outline/car-crash.svg,db7b0d4749fc09ecc356864a02479c005965b8e3a77af6fb655599f6b8c8e889,0 0 24 24,XML VALID — VISUAL REVIEW PENDING
assets/icons/tabler/outline/car-fan-1.svg,7f4ba3ec8e38ff7996a363673b8c095d8e4c207c663ab2cf9b84e7dd3b7277dc,0 0 24 24,XML VALID — VISUAL REVIEW PENDING
assets/icons/tabler/outline/car-fan-2.svg,a222650f6f7775e7a35b80334490e907335b5b5d39771809b1e44795c60eb73e,0 0 24 24,XML VALID — VISUAL REVIEW PENDING
assets/icons/tabler/outline/car-fan-3.svg,a06f97dee8b5fe2e31b29d02765e688adba900e2202693c50ad047f1b7d16350,0 0 24 24,XML VALID — VISUAL REVIEW PENDING
assets/icons/tabler/outline/car-fan-auto.svg,b85ad2e9abe2e9ab2c3a5c8cd441ce93566c502e9e5e2f0bbb2a7fd6ed3ff450,0 0 24 24,XML VALID — VISUAL REVIEW PENDING
assets/icons/tabler/outline/car-fan.svg,1516d39bcff744cf12d17a3cdae57476ef8c571829e2fe6e3199c77ab1801862,0 0 24 24,XML VALID — VISUAL REVIEW PENDING
assets/icons/tabler/outline/car-garage.svg,41588ce7b7cfece307c44fbdf7674d21be6fe25c75dd8862daac3af8cacb886f,0 0 24 24,XML VALID — VISUAL REVIEW PENDING
assets/icons/tabler/outline/car-off.svg,09362e11b5b534151e0800b277d2a444be1fbdcee9225e4f4c7ec02bc3e6469f,0 0 24 24,XML VALID — VISUAL REVIEW PENDING
assets/icons/tabler/outline/car-suv.svg,874c875eac0cf4bbbbd53fcf03f236315310cc4ca9787bbe7272040bbf426b40,0 0 24 24,XML VALID — VISUAL REVIEW PENDING
assets/icons/tabler/outline/car-turbine.svg,0d36e41c54dfb71ffe7cb2a823c028ff9fa249cc0cbbc8544d799ecea98f7b13,0 0 24 24,XML VALID — VISUAL REVIEW PENDING
assets/icons/tabler/outline/car.svg,e5f6a4e2a1cf3bf78985347f7e3df9570839bb7146544b8a65db8b3ba0fbfcb9,0 0 24 24,XML VALID — VISUAL REVIEW PENDING
assets/icons/tabler/outline/carambola.svg,fd89b5191add8777761e44eed4dd682f79f023ea16431a657afb17e60a0e5add,0 0 24 24,XML VALID — VISUAL REVIEW PENDING
assets/icons/tabler/outline/caravan.svg,56b3f159bc367df6808812d8430964c0afe113032f196214cc764e696277e32c,0 0 24 24,XML VALID — VISUAL REVIEW PENDING
assets/icons/tabler/outline/cardboards-off.svg,58c5d16c9c8d9516d87f8e77db60aae65da8c455e3f1fe031b2d8240759daf69,0 0 24 24,XML VALID — VISUAL REVIEW PENDING
assets/icons/tabler/outline/cardboards.svg,5bc7bed356d7d71d7569038cd9f9e570b6bde5d360e1e3b74ae4357a758c1faa,0 0 24 24,XML VALID — VISUAL REVIEW PENDING
assets/icons/tabler/outline/cards.svg,09ec546503fa4bbe7dedd0f0d3b99cfc2fe1a0abca7850314a5294a73b392769,0 0 24 24,XML VALID — VISUAL REVIEW PENDING
assets/icons/tabler/outline/caret-down.svg,9ac1d65ab842427c7e82bac8b6f47c046a3d21e56679a0a6ba7d7ce7b835f727,0 0 24 24,XML VALID — VISUAL REVIEW PENDING
assets/icons/tabler/outline/caret-left-right.svg,a55fd44491e7c621e41c1e0169f3d6d8890a1d24866d98a6b99662cae19a7530,0 0 24 24,XML VALID — VISUAL REVIEW PENDING
assets/icons/tabler/outline/caret-left.svg,e45d8ec0d170e27e0049fa2ba715833f03afb3ac47110269fa572b3d5ddef8a0,0 0 24 24,XML VALID — VISUAL REVIEW PENDING
assets/icons/tabler/outline/caret-right.svg,6a5fab66c65d8bb56bb83b9413364aa1b2c03551cfa1c2269a97f6f41452f5c9,0 0 24 24,XML VALID — VISUAL REVIEW PENDING
assets/icons/tabler/outline/caret-up-down.svg,f286111fbb88c9b839ddd15a001665d99964a78949009e1306c11396d8c18604,0 0 24 24,XML VALID — VISUAL REVIEW PENDING
assets/icons/tabler/outline/caret-up.svg,e40ab6038bf068be15c48072aa69a1a914e1b4638fbf02391cb44e08db30fe73,0 0 24 24,XML VALID — VISUAL REVIEW PENDING
assets/icons/tabler/outline/carousel-horizontal.svg,ad81457ca07a5af1fffc23f31174be51ca0b2224f5b49b9bdfe6ccdfcda0a311,0 0 24 24,XML VALID — VISUAL REVIEW PENDING
assets/icons/tabler/outline/carousel-vertical.svg,84501fea7eada263c4eb3f55e07205063bf1c602c6202d312a435cb81262e355,0 0 24 24,XML VALID — VISUAL REVIEW PENDING
assets/icons/tabler/outline/carrot-off.svg,78bd4379b5aaf41b61d3442db74b92da40e9b466e0b432ff097a5ecdcda9dda3,0 0 24 24,XML VALID — VISUAL REVIEW PENDING
assets/icons/tabler/outline/carrot.svg,945a1bcacf8f6b9056a34956e9c56aed8bcbe1a1b7174ba1fd2e18f95bd2327f,0 0 24 24,XML VALID — VISUAL REVIEW PENDING
assets/icons/tabler/outline/cash-banknote-edit.svg,bb1eedd04330633233bb29130e4bcb78f13175ca39dc83c1956c344d7d72bdd9,0 0 24 24,XML VALID — VISUAL REVIEW PENDING
assets/icons/tabler/outline/cash-banknote-heart.svg,1303229cbbf09c289eaf76f21c10866f369e235d04732b82486ee5d87e52db1f,0 0 24 24,XML VALID — VISUAL REVIEW PENDING
assets/icons/tabler/outline/cash-banknote-minus.svg,7966ce3d0e5cdb7dec186215ae8a4e1a11728821dfaeaa4ec04f080d327d9043,0 0 24 24,XML VALID — VISUAL REVIEW PENDING
assets/icons/tabler/outline/cash-banknote-move-back.svg,34fe2bca1e71f8383896eb0c377b79eed8cc3ae09ac5d5d7a865ffeb15332c59,0 0 24 24,XML VALID — VISUAL REVIEW PENDING
assets/icons/tabler/outline/cash-banknote-move.svg,1419f5bca7cb11afa9f7a1fc5a84462727d8fe4bd695fe24cd58716808339434,0 0 24 24,XML VALID — VISUAL REVIEW PENDING
assets/icons/tabler/outline/cash-banknote-off.svg,7738f6191055defd099dbf5a3608f6fb0f9f840538a17c3eb52471d912400174,0 0 24 24,XML VALID — VISUAL REVIEW PENDING
assets/icons/tabler/outline/cash-banknote-plus.svg,c8ef4d7040494ee85f52daaae7e31b06d6c569a82b0a5e7c2070eb8954ce6795,0 0 24 24,XML VALID — VISUAL REVIEW PENDING
assets/icons/tabler/outline/cash-banknote.svg,50746d719ef43769412ee34833657f10d0a38e8628176257345b49c13dfff2f6,0 0 24 24,XML VALID — VISUAL REVIEW PENDING
assets/icons/tabler/outline/cash-edit.svg,701bbac99b6bf512105a2710baccacff37cc1dc80c5acb8142b386c231600777,0 0 24 24,XML VALID — VISUAL REVIEW PENDING
assets/icons/tabler/outline/cash-heart.svg,d88fcaaf852f6ab123079f3b36c79de16b4b0e61e5804d707b70f5d5e91d90f1,0 0 24 24,XML VALID — VISUAL REVIEW PENDING
assets/icons/tabler/outline/cash-minus.svg,3f90c32c3b0ca6ec634348bf4948da3fe4dbaa5a2add4251154e53f9c6b38b85,0 0 24 24,XML VALID — VISUAL REVIEW PENDING
assets/icons/tabler/outline/cash-move-back.svg,6fe49f0a8da0b72411ede41d9c0c81224bb55edcdbd84970071a8c90f9dd43ca,0 0 24 24,XML VALID — VISUAL REVIEW PENDING
assets/icons/tabler/outline/cash-move.svg,7462b4e61ee4aaa89507228c95659fdc619eaf93a661fd187863417fec560900,0 0 24 24,XML VALID — VISUAL REVIEW PENDING
assets/icons/tabler/outline/cash-off.svg,47ccf01a9c3a80fdb4b72937240ed1e6fb71f49ddd95a5e88a255a102a5edae7,0 0 24 24,XML VALID — VISUAL REVIEW PENDING
assets/icons/tabler/outline/cash-plus.svg,56409e987da415fa0be19016e1f2937176177d181241f9b29ed3fbb1c8811fc1,0 0 24 24,XML VALID — VISUAL REVIEW PENDING
assets/icons/tabler/outline/cash-register.svg,197494394a70682edebaa50869d65eb79aa38fdec9185890c5e463b566b6d390,0 0 24 24,XML VALID — VISUAL REVIEW PENDING
assets/icons/tabler/outline/cash.svg,d8a2cc38d2af486d565f295622d50a41ba721d21b3df398cfce09e027363c28a,0 0 24 24,XML VALID — VISUAL REVIEW PENDING
assets/icons/tabler/outline/cast-off.svg,ffea67422b7343905341fab47ef7bc3bc3a3c7b746529531f231191907b8ab42,0 0 24 24,XML VALID — VISUAL REVIEW PENDING
assets/icons/tabler/outline/cast.svg,b746222c077873d826025851561b0e2c178399cc891e8b7c7fc789ef0076f8dd,0 0 24 24,XML VALID — VISUAL REVIEW PENDING
assets/icons/tabler/outline/cat.svg,af5d545b0960e2ebdebeed7930d684cbc4c090e14d2e0948281a9c60477a1382,0 0 24 24,XML VALID — VISUAL REVIEW PENDING
assets/icons/tabler/outline/category-2.svg,2459dc92e6651b2b7a6ef60e09187f4fc0c03b3bbe618a6f77b55e047a176013,0 0 24 24,XML VALID — VISUAL REVIEW PENDING
assets/icons/tabler/outline/category-minus.svg,672c74be09c65b65f24914f8ed6dd634d7d35581e289d68efb72c61f7cedb77d,0 0 24 24,XML VALID — VISUAL REVIEW PENDING
assets/icons/tabler/outline/category-plus.svg,f1deb9710d690f8f63983d7eb8189a67047a6d7577b2b79982e897c1836be125,0 0 24 24,XML VALID — VISUAL REVIEW PENDING
assets/icons/tabler/outline/category.svg,ee2acc2f385a24ae1d824dcd5eb44dce99edf3a0f68b69af95aa592cf61ef091,0 0 24 24,XML VALID — VISUAL REVIEW PENDING
assets/icons/tabler/outline/ce-off.svg,95675df9d12bd86da3affff95ca875049c4c43c40b8f547922545f4752a85925,0 0 24 24,XML VALID — VISUAL REVIEW PENDING
assets/icons/tabler/outline/ce.svg,d55ce25f4cb6c1b57d682e5a1ee0f2d1dea6d2570953d8ba16b7021cbc580803,0 0 24 24,XML VALID — VISUAL REVIEW PENDING
assets/icons/tabler/outline/cell-signal-1.svg,cdf896091a1c6d9d39d8879186159deff93d8f1daab78fd3f073c80b4392c5ad,0 0 24 24,XML VALID — VISUAL REVIEW PENDING
assets/icons/tabler/outline/cell-signal-2.svg,aeab8f3af538bb8ce68c002489ce016a4eb74b636e953728c5ef632594c24dc9,0 0 24 24,XML VALID — VISUAL REVIEW PENDING
assets/icons/tabler/outline/cell-signal-3.svg,c36328f5b5cf34a289da10da5b1d88173eb2c6943874b39397d87d26e543912c,0 0 24 24,XML VALID — VISUAL REVIEW PENDING
assets/icons/tabler/outline/cell-signal-4.svg,d70d892d44b82e8b0935fac37ff7595085928e650a062e2b517130d722deb696,0 0 24 24,XML VALID — VISUAL REVIEW PENDING
assets/icons/tabler/outline/cell-signal-5.svg,5de43c7a2cf4b0fcba52ef7d3fc37053004de32f33623ac34ab78c2cf802131c,0 0 24 24,XML VALID — VISUAL REVIEW PENDING
assets/icons/tabler/outline/cell-signal-off.svg,4d304c7df0cf90d60232972d2c0fe272cb6d5d09d7e4d4776cbb2ff881896964,0 0 24 24,XML VALID — VISUAL REVIEW PENDING
assets/icons/tabler/outline/cell.svg,b8c090bb11d3cb2b15517dcf6730b40022e7738be77530fb2a9800edff91c737,0 0 24 24,XML VALID — VISUAL REVIEW PENDING
assets/icons/tabler/outline/certificate-2-off.svg,970f6528f7eeccdecc3596470f3990c6b61377f7e29e9c6f2528fbbbc1376e8e,0 0 24 24,XML VALID — VISUAL REVIEW PENDING
assets/icons/tabler/outline/certificate-2.svg,c57f83b148adfcc9901fc9a680ad7d583c3bd87698f8459e5b0bd89849a41766,0 0 24 24,XML VALID — VISUAL REVIEW PENDING
assets/icons/tabler/outline/certificate-off.svg,23fe9f28f3b3aa807985d25271e1e71483e523fa45c6f8f4caf7d155d80ffba3,0 0 24 24,XML VALID — VISUAL REVIEW PENDING
assets/icons/tabler/outline/certificate.svg,da2d933df7e01939bd7ed641dc6a87e2e03a730744142b54c14bede2a2ab24c7,0 0 24 24,XML VALID — VISUAL REVIEW PENDING
assets/icons/tabler/outline/chair-director.svg,fc8cf75ce74dd14ae6fa687e2e9856ee210b6ccdb9081009dca688b2b3de2cbd,0 0 24 24,XML VALID — VISUAL REVIEW PENDING
assets/icons/tabler/outline/chalkboard-off.svg,ea5c7e8dc6f4e921f23bbfce198b2e6481ca039fd6ea344bf761a6aacd2ee897,0 0 24 24,XML VALID — VISUAL REVIEW PENDING
assets/icons/tabler/outline/chalkboard-teacher.svg,b3bbd22deb92a27bf4702db72cd2c23f1305cbc2aa2412e1931b4b7a821e69ec,0 0 24 24,XML VALID — VISUAL REVIEW PENDING
assets/icons/tabler/outline/chalkboard.svg,7c1f5507929de572f003470bc72ada54ad1daec022f0affd6cc6760a0efa500d,0 0 24 24,XML VALID — VISUAL REVIEW PENDING
assets/icons/tabler/outline/charging-pile.svg,8bf00bb7d8e20566252ad6dc623103d21b86b5bda2238ea95824be7b56832d23,0 0 24 24,XML VALID — VISUAL REVIEW PENDING
assets/icons/tabler/outline/chart-arcs-3.svg,6e5328471361da0e759aac7d5b574bc5ef53875d2af216e2cb0d82d48f0db6ab,0 0 24 24,XML VALID — VISUAL REVIEW PENDING
assets/icons/tabler/outline/chart-arcs.svg,21de89085bf6961a571a36371ee45531628897519ff4a549e563dbd5bae71ee0,0 0 24 24,XML VALID — VISUAL REVIEW PENDING
assets/icons/tabler/outline/chart-area-line.svg,44c9346cff9fa34da38b83d4b716a92b08a32f0a708459c8f9a6020d34487285,0 0 24 24,XML VALID — VISUAL REVIEW PENDING
assets/icons/tabler/outline/chart-area.svg,2075b01bed62f4c6a6a4ab597d66f1e44877d49d6026e4fd446e63c0d07377cb,0 0 24 24,XML VALID — VISUAL REVIEW PENDING
assets/icons/tabler/outline/chart-arrows-vertical.svg,15ce8184b0ef636c600655d7d15d8cdbf9ef74d547cd68c672ddeb1f16330c76,0 0 24 24,XML VALID — VISUAL REVIEW PENDING
assets/icons/tabler/outline/chart-arrows.svg,1ec94c96ada3b101d4ac0a00e086128d14f32bb4cac2c05000a1292f115a3272,0 0 24 24,XML VALID — VISUAL REVIEW PENDING
assets/icons/tabler/outline/chart-bar-off.svg,7d74cecabdd2b54a5d62c37356dfaccdf4fa0781194deee01c666c51e3f80e47,0 0 24 24,XML VALID — VISUAL REVIEW PENDING
assets/icons/tabler/outline/chart-bar-popular.svg,d4c2d762eff590a8e101b7f49468cf3224cc070448ad9f50ca95a89e1bdd34c7,0 0 24 24,XML VALID — VISUAL REVIEW PENDING
assets/icons/tabler/outline/chart-bar.svg,1e1c0928a0bb0881f595078eff60892c0c0e102a5a0a671623f601d129b5655f,0 0 24 24,XML VALID — VISUAL REVIEW PENDING
assets/icons/tabler/outline/chart-bubble.svg,22c594531ee4f49836dd8533d8953690b10ba19d8419a480a64303e5906fa8c3,0 0 24 24,XML VALID — VISUAL REVIEW PENDING
assets/icons/tabler/outline/chart-candle.svg,050ade722753d022e90520fdb21b2cc8a1825acc150e90b59607edcb24168ceb,0 0 24 24,XML VALID — VISUAL REVIEW PENDING
assets/icons/tabler/outline/chart-circles.svg,24b6ca7fc47417e3c19f3a1cfe7363f20068dfeb28ef6451459afa135a1b4f11,0 0 24 24,XML VALID — VISUAL REVIEW PENDING
assets/icons/tabler/outline/chart-cohort.svg,98be3c89dfbfb55e0df35f71e9a6f8d3900ce7537a3a06b1cbd35d7ed2ef58bb,0 0 24 24,XML VALID — VISUAL REVIEW PENDING
assets/icons/tabler/outline/chart-column.svg,33d45fea622d0dc2ef44b43346ee0526d4490664ce77bc2a3f6443399fa2b4fc,0 0 24 24,XML VALID — VISUAL REVIEW PENDING
assets/icons/tabler/outline/chart-covariate.svg,b4ec1938b278ef2bb74270311a7c91c5641a973395f6b5348c899619c7c56bc5,0 0 24 24,XML VALID — VISUAL REVIEW PENDING
assets/icons/tabler/outline/chart-donut-2.svg,25f4b86b5186ad9e3d13cb16bd9cdc2e3cc2c77b8f300405b8bfd2839a457736,0 0 24 24,XML VALID — VISUAL REVIEW PENDING
assets/icons/tabler/outline/chart-donut-3.svg,70768806d03d30c171cdeb2069c4e814d248ada590884e95e3bcb94cbe00e8fd,0 0 24 24,XML VALID — VISUAL REVIEW PENDING
assets/icons/tabler/outline/chart-donut-4.svg,9e0cadfd0269516737219df6d0b396b6ff604ac4bdcc58a9187d2b5e7b4bc0f9,0 0 24 24,XML VALID — VISUAL REVIEW PENDING
assets/icons/tabler/outline/chart-donut.svg,842a33e2d94fada828367d84be1d8c2139e4ce1a280e3ec492f10c3f1a1c42ac,0 0 24 24,XML VALID — VISUAL REVIEW PENDING
assets/icons/tabler/outline/chart-dots-2.svg,baa627065849d136c4d7a5901cadea07fe0d276000a1a0f1d5a9722752c95d72,0 0 24 24,XML VALID — VISUAL REVIEW PENDING
assets/icons/tabler/outline/chart-dots-3.svg,c8ab18b202aaec8f2874863e24a011311aa7623915d1fba45fabd257e1dcf7b4,0 0 24 24,XML VALID — VISUAL REVIEW PENDING
assets/icons/tabler/outline/chart-dots.svg,e67440bbc3afedad897648e3754b6792626795c53dff05e6e5f4b9ce8f0d683b,0 0 24 24,XML VALID — VISUAL REVIEW PENDING
assets/icons/tabler/outline/chart-funnel.svg,e902bf06aff17f5869cc1183700d2887baf4e5809197c396193d4270e7216cd8,0 0 24 24,XML VALID — VISUAL REVIEW PENDING
assets/icons/tabler/outline/chart-grid-dots.svg,13549c261adb9f19b503a99811b870eb96c6fc072d80dfc83491569849132636,0 0 24 24,XML VALID — VISUAL REVIEW PENDING
assets/icons/tabler/outline/chart-histogram.svg,3f250f4ee5af786d845594b5a7be6a7cfb65af063dd30afbb4796e17a30e4179,0 0 24 24,XML VALID — VISUAL REVIEW PENDING
assets/icons/tabler/outline/chart-infographic.svg,c07a02fb5572732fb6b15ec614c37766a3fd99c57e919c7ee4d340ded2d89267,0 0 24 24,XML VALID — VISUAL REVIEW PENDING
assets/icons/tabler/outline/chart-line.svg,d1e023074d60edd5ceac333bd0a7fca74168db18b3cc3179076e8b23de8f265a,0 0 24 24,XML VALID — VISUAL REVIEW PENDING
assets/icons/tabler/outline/chart-pie-2.svg,6121ed331327d746de3858f05123f6584fce3f4cc487c36a804cd132431af36e,0 0 24 24,XML VALID — VISUAL REVIEW PENDING
assets/icons/tabler/outline/chart-pie-3.svg,0ad819791c6b1fe0b527523e1431521914af3d3464d24c4af5a5fe0e58ee8cce,0 0 24 24,XML VALID — VISUAL REVIEW PENDING
assets/icons/tabler/outline/chart-pie-4.svg,a0a352efcf64ba804edc9fb43bd52b0a097d488574d468b44675c2a5d1fe4195,0 0 24 24,XML VALID — VISUAL REVIEW PENDING
assets/icons/tabler/outline/chart-pie-off.svg,2ceb5262ae53d733eeef1dd4903458c1e62d08fa4f5424ee5f8a824435e59f65,0 0 24 24,XML VALID — VISUAL REVIEW PENDING
assets/icons/tabler/outline/chart-pie.svg,912504cb5735e085b7bad9b35c21738cf6397b975d21a499579274e771dc625c,0 0 24 24,XML VALID — VISUAL REVIEW PENDING
assets/icons/tabler/outline/chart-ppf.svg,93927e45f5073da2dbac03c62d6515ca142a5f1472e857f07852f37d3ce7d3a7,0 0 24 24,XML VALID — VISUAL REVIEW PENDING
assets/icons/tabler/outline/chart-radar.svg,14e3cd10cc500ecae1456aac0cf5a211fa79cd7543515a71ad2022efd9c26449,0 0 24 24,XML VALID — VISUAL REVIEW PENDING
assets/icons/tabler/outline/chart-sankey.svg,51c21ce9eed9e5be44d54a2593c217adc2ae157d9610d0144dd59ea2218a0f8d,0 0 24 24,XML VALID — VISUAL REVIEW PENDING
assets/icons/tabler/outline/chart-scatter-3d.svg,44beb02b1967b23eab48ab12e8f103bb8faab6e634bba0b0fa34b8fbb81bc763,0 0 24 24,XML VALID — VISUAL REVIEW PENDING
assets/icons/tabler/outline/chart-scatter.svg,d2b50b09a5fc7bb693e5bc2e3c69c13c15a386ca29b0e833233a8a6f5012ad7d,0 0 24 24,XML VALID — VISUAL REVIEW PENDING
assets/icons/tabler/outline/chart-treemap.svg,b2812d130cb72e42a64562edc4b22318d08c7d9f2f015ebfcdbb21255c92a0e4,0 0 24 24,XML VALID — VISUAL REVIEW PENDING
assets/icons/tabler/outline/check.svg,bd34e7bfe8372d66e8e20317b7292770502ab7b3972d6613307696f6a6c05d85,0 0 24 24,XML VALID — VISUAL REVIEW PENDING
assets/icons/tabler/outline/checkbox.svg,6b263460508d3f5cfb237425871f075b0c00dfc4b668c59c2d886abd385e24c5,0 0 24 24,XML VALID — VISUAL REVIEW PENDING
assets/icons/tabler/outline/checklist.svg,aa6f05cbbbacccfce7481c5076f3ca76e132bc734cd0c28f653439895db4a45a,0 0 24 24,XML VALID — VISUAL REVIEW PENDING
assets/icons/tabler/outline/checks.svg,f84d95cd9fef5a1bb53ad29c64f44b1a36ac09cb11e3a6a905a9e734978822fc,0 0 24 24,XML VALID — VISUAL REVIEW PENDING
assets/icons/tabler/outline/checkup-list.svg,37d81c8de258897f0866d176d3342c2c9d48f2707db70329f254517abc906085,0 0 24 24,XML VALID — VISUAL REVIEW PENDING
assets/icons/tabler/outline/cheese.svg,57d1706d9f7687cb805af0d5d669708aab2c3596e3708cd12c0e3785e9455ee3,0 0 24 24,XML VALID — VISUAL REVIEW PENDING
assets/icons/tabler/outline/chef-hat-off.svg,c20ecd45ebf4b2e431d6fe9577450a397ae2f67f6cde854a67a1903ad35d1730,0 0 24 24,XML VALID — VISUAL REVIEW PENDING
assets/icons/tabler/outline/chef-hat.svg,621b9c3c6ae98e465c0d943e771247a0fd48ecdae17620780042effb5d3ae1b1,0 0 24 24,XML VALID — VISUAL REVIEW PENDING
assets/icons/tabler/outline/cherry.svg,4f9e8bf02c87850cd4ff25402c8a66509f9be59e0f300b8faceb2a2daabceca3,0 0 24 24,XML VALID — VISUAL REVIEW PENDING
assets/icons/tabler/outline/chess-bishop.svg,00183c202a3535594136c6b3c16ce80a989d4249ae614a5e82143127652efc7e,0 0 24 24,XML VALID — VISUAL REVIEW PENDING
assets/icons/tabler/outline/chess-king.svg,dfd176a44a7d8139a473c404f94fee41bea6219c7e88a04f96fe1e34f8bbb673,0 0 24 24,XML VALID — VISUAL REVIEW PENDING
assets/icons/tabler/outline/chess-knight.svg,b5c7e535a3de7869c8eb4d98f31c291206ed5bf26f4043a0890a1a9f556d373b,0 0 24 24,XML VALID — VISUAL REVIEW PENDING
assets/icons/tabler/outline/chess-queen.svg,acf27865adcdd79c700529aef330b1ddba3d596ab83c9481d5f9fb0ba0a4b272,0 0 24 24,XML VALID — VISUAL REVIEW PENDING
assets/icons/tabler/outline/chess-rook.svg,997200e0d5d00678773b29699f1ad7c07f884d053fe1c88e9a4be560bb06e0fd,0 0 24 24,XML VALID — VISUAL REVIEW PENDING
assets/icons/tabler/outline/chess.svg,3c0add8fd51e0af8c63bfa312e13e46d2656755e42c16a4e0862a3e7cea7c545,0 0 24 24,XML VALID — VISUAL REVIEW PENDING
assets/icons/tabler/outline/chevron-compact-down.svg,d36a951df0daa4678afe72c8da5ee1354dc9c4800f435db7624659fc7be468b1,0 0 24 24,XML VALID — VISUAL REVIEW PENDING
assets/icons/tabler/outline/chevron-compact-left.svg,c1dc0975558d435b5e234d941407df74aa3fbfa794b758c17506197682d07b96,0 0 24 24,XML VALID — VISUAL REVIEW PENDING
assets/icons/tabler/outline/chevron-compact-right.svg,19c14da5a760a17a02773f7984b71e1379698562a78d2beafc226058e390820e,0 0 24 24,XML VALID — VISUAL REVIEW PENDING
assets/icons/tabler/outline/chevron-compact-up.svg,822861a5566ff821058ca6ed6a62b6019de3cc0343ef61528881a7a06a8636b0,0 0 24 24,XML VALID — VISUAL REVIEW PENDING
assets/icons/tabler/outline/chevron-down-left.svg,47b856e4c0e4f4aa5d4a0b44b2ed2ff6a93e47f237d0d33fcd658184e7984dd2,0 0 24 24,XML VALID — VISUAL REVIEW PENDING
assets/icons/tabler/outline/chevron-down-right.svg,76d078de2d54c626fc26049398a1b184b36c55b2429c2651609298679f043623,0 0 24 24,XML VALID — VISUAL REVIEW PENDING
assets/icons/tabler/outline/chevron-down.svg,76c6dc9b54a385a6ff046fd37c81daadd2f272bb90b06047b56a6f695e1302d4,0 0 24 24,XML VALID — VISUAL REVIEW PENDING
assets/icons/tabler/outline/chevron-left-pipe.svg,5e2b1301ff3d68678e5ea7c10fdcb2ee9567440de957140c908abfdf1a5f4faf,0 0 24 24,XML VALID — VISUAL REVIEW PENDING
assets/icons/tabler/outline/chevron-left.svg,c7f34d16d4066dc7ec9dcee6617b70f65fdf9ab79f9d9ec0ecb028e8c36ba237,0 0 24 24,XML VALID — VISUAL REVIEW PENDING
assets/icons/tabler/outline/chevron-right-pipe.svg,007963723dac94f27ac558a123488595644be12d76abd7b86a7225feb405728d,0 0 24 24,XML VALID — VISUAL REVIEW PENDING
assets/icons/tabler/outline/chevron-right.svg,776f7b311b6674c1373f0eb15765a0b09039e5bd11161f41137dd4d1e5a00d0c,0 0 24 24,XML VALID — VISUAL REVIEW PENDING
assets/icons/tabler/outline/chevron-up-left.svg,5b3f771afe497661554e3bddaa93b25938690e694cfe92f14136c84375777c3a,0 0 24 24,XML VALID — VISUAL REVIEW PENDING
assets/icons/tabler/outline/chevron-up-right.svg,2d79adefaa167be2cdf098ea88ce50f54a081d5bd6f5c67abdc2cef0d5105f05,0 0 24 24,XML VALID — VISUAL REVIEW PENDING
assets/icons/tabler/outline/chevron-up.svg,a2d6b349f94977967957548a614afeb9e206e8b22fae41a99d9483ecfc2efd59,0 0 24 24,XML VALID — VISUAL REVIEW PENDING
assets/icons/tabler/outline/chevrons-down-left.svg,88a400115d637e415430359171de28b6df9fe6ca99ef87596509db6f66b533f3,0 0 24 24,XML VALID — VISUAL REVIEW PENDING
assets/icons/tabler/outline/chevrons-down-right.svg,7288b24c053c9a9ee7c6e3004ad7db62981b8793f2515771a3cdda326e5e16af,0 0 24 24,XML VALID — VISUAL REVIEW PENDING
assets/icons/tabler/outline/chevrons-down.svg,9325c072dd9694605a8668353127e5fc80e93a2b96d19d7aee44af5af3674c2d,0 0 24 24,XML VALID — VISUAL REVIEW PENDING
assets/icons/tabler/outline/chevrons-left.svg,003782b1c479460b0e4f0e983eb87bdf68ac26bf6aec46cbafd9bb6d2eea68f3,0 0 24 24,XML VALID — VISUAL REVIEW PENDING
assets/icons/tabler/outline/chevrons-right.svg,164b6108efb75b4c196432f289a88ee11366971121787ef069152c463894a86a,0 0 24 24,XML VALID — VISUAL REVIEW PENDING
assets/icons/tabler/outline/chevrons-up-left.svg,a93b9b88a6a1029832f76e10302bb6786f3dcd23f3bf8e7722975eb53a939ded,0 0 24 24,XML VALID — VISUAL REVIEW PENDING
assets/icons/tabler/outline/chevrons-up-right.svg,83420ea41167a55ae3040085284b360917d94ac9f59f2bedc287c53fe377343e,0 0 24 24,XML VALID — VISUAL REVIEW PENDING
assets/icons/tabler/outline/chevrons-up.svg,8c543f000e1742383dc483ad20817b88a289becc25f45bd44bfc90aa15fd1541,0 0 24 24,XML VALID — VISUAL REVIEW PENDING
assets/icons/tabler/outline/chisel.svg,a1ad22a9b9f7df32fb8d28b9f7d4de727f3d7a0d394f2fb8721ce9b32d4903e6,0 0 24 24,XML VALID — VISUAL REVIEW PENDING
assets/icons/tabler/outline/christmas-ball.svg,94546c13e0692de60cbb2c3aa14d5bfaefeab167173c02dd58be083bbeef178f,0 0 24 24,XML VALID — VISUAL REVIEW PENDING
assets/icons/tabler/outline/christmas-tree-off.svg,4f7f3154ccb100c3948326946bf57e238bec08f68eb0f6f3ce117b4661dc9a10,0 0 24 24,XML VALID — VISUAL REVIEW PENDING
assets/icons/tabler/outline/christmas-tree.svg,d7fd849df759fab28d0d785f3e5c2b7ed8a4a6cd285a53edcee716e36e7910d6,0 0 24 24,XML VALID — VISUAL REVIEW PENDING
assets/icons/tabler/outline/circle-arrow-down-left.svg,9f61d87ee640adabd68d72d76c5d3f8658ed86db53ef1fc2be802ace57bb20d3,0 0 24 24,XML VALID — VISUAL REVIEW PENDING
assets/icons/tabler/outline/circle-arrow-down-right.svg,05927b41e79ed4f29404fefe4bdbbf26f0e4f329a51d59359568eb09e9daa577,0 0 24 24,XML VALID — VISUAL REVIEW PENDING
assets/icons/tabler/outline/circle-arrow-down.svg,261a70a5967a19bd434d61bd3ec9b7965b6eff1e7886fdca83b3dfd70255abd6,0 0 24 24,XML VALID — VISUAL REVIEW PENDING
assets/icons/tabler/outline/circle-arrow-left.svg,8770c85a49eb42d5c11c7cbf5e4d93e86025d10734cbf5e61058895ddab6efe7,0 0 24 24,XML VALID — VISUAL REVIEW PENDING
assets/icons/tabler/outline/circle-arrow-right.svg,509d1e556dfc7442efbb5dc67080999adb50e4fdd0ae7d448d53808624dc83b4,0 0 24 24,XML VALID — VISUAL REVIEW PENDING
assets/icons/tabler/outline/circle-arrow-up-left.svg,562559212ad6cb12cf3d2f2753bea8985301e53a173dbf7e1467d8809c2695c6,0 0 24 24,XML VALID — VISUAL REVIEW PENDING
assets/icons/tabler/outline/circle-arrow-up-right.svg,05387ad1eb98cde84c377f346afd40e80e9d969fa67ffd83f62f14ea8045c6fe,0 0 24 24,XML VALID — VISUAL REVIEW PENDING
assets/icons/tabler/outline/circle-arrow-up.svg,77800f484562d7c8de4561be7e229b240bfc6652938997b9ea736cda82fbf164,0 0 24 24,XML VALID — VISUAL REVIEW PENDING
assets/icons/tabler/outline/circle-caret-down.svg,6a1149e43f4f3cadd51880493d21b16244e0186816f38766a087d975d4c72c2b,0 0 24 24,XML VALID — VISUAL REVIEW PENDING
assets/icons/tabler/outline/circle-caret-left.svg,5b959222915c24fd89d14e3ad29de1a21e4d53732eddda5f12517048a1b5173d,0 0 24 24,XML VALID — VISUAL REVIEW PENDING
assets/icons/tabler/outline/circle-caret-right.svg,0728a6608a9bacff903887cbe10f05f005da4720dff56410b7e460c37ec6a598,0 0 24 24,XML VALID — VISUAL REVIEW PENDING
assets/icons/tabler/outline/circle-caret-up.svg,3f50c10aadef570b2f3ba837540222c3f2cc420f637c1fc8a631d3cb62ffa642,0 0 24 24,XML VALID — VISUAL REVIEW PENDING
assets/icons/tabler/outline/circle-check.svg,0bb59bf634350857f39a5fde4f716747f8fb5f300764292259d00e1bc7e85a04,0 0 24 24,XML VALID — VISUAL REVIEW PENDING
assets/icons/tabler/outline/circle-chevron-down.svg,b1107d42f22d02581cf77c1257c1afb76641f8ccce2bbd5b8bff9a1641c8cbbb,0 0 24 24,XML VALID — VISUAL REVIEW PENDING
assets/icons/tabler/outline/circle-chevron-left.svg,e386c9dd6c373faf7eb176bbb364590f36d7e025afddc31b9dd531371c5de30f,0 0 24 24,XML VALID — VISUAL REVIEW PENDING
assets/icons/tabler/outline/circle-chevron-right.svg,3703b8ca15c1d7cbf642ce4161e4660616b09833632c8dbc34fdd38b7360c1bb,0 0 24 24,XML VALID — VISUAL REVIEW PENDING
assets/icons/tabler/outline/circle-chevron-up.svg,31dbd82ef03b40cba5fbe47b4d37f7e8d302dc8638aac3b8a3f735aaea8188df,0 0 24 24,XML VALID — VISUAL REVIEW PENDING
assets/icons/tabler/outline/circle-chevrons-down.svg,95ddf03f785bbe688a6d96aec0baee2ca639267cbefc1579a11abde936aac24c,0 0 24 24,XML VALID — VISUAL REVIEW PENDING
assets/icons/tabler/outline/circle-chevrons-left.svg,ef266ae5fce7b3d821760e8bd53463bcf634ba7e053c19fc6243a3315cef246c,0 0 24 24,XML VALID — VISUAL REVIEW PENDING
assets/icons/tabler/outline/circle-chevrons-right.svg,e0f66eb14bf5627003416e393e65d0c1224056610c809968fb850959210fdf07,0 0 24 24,XML VALID — VISUAL REVIEW PENDING
assets/icons/tabler/outline/circle-chevrons-up.svg,6d88362a629fd9aec144005b4c2754338cf3f089aed8788b9894c21108512881,0 0 24 24,XML VALID — VISUAL REVIEW PENDING
assets/icons/tabler/outline/circle-dashed-check.svg,6304b0b4529a5d640d0a0c82cdd61f3b505d77565222d2b79401de7d9068dc9b,0 0 24 24,XML VALID — VISUAL REVIEW PENDING
assets/icons/tabler/outline/circle-dashed-letter-a.svg,ab95a8e2ce369a259f77a91a90b882c2c1312f688eb0ff7c2b17d4c542340816,0 0 24 24,XML VALID — VISUAL REVIEW PENDING
assets/icons/tabler/outline/circle-dashed-letter-b.svg,c125faeb6e8f6383a6d6b270b2351ffcd570e0d5d7ad13b4aaae3d4060c743bf,0 0 24 24,XML VALID — VISUAL REVIEW PENDING
assets/icons/tabler/outline/circle-dashed-letter-c.svg,6ef4a070a01a8f0f5ded00238af5bdab0eb27a0fa4e8d1455050e32567e3f4b1,0 0 24 24,XML VALID — VISUAL REVIEW PENDING
assets/icons/tabler/outline/circle-dashed-letter-d.svg,c1419ede4e3212c2e1e4f9ba57d1da57e79d2579b325ae877dd1692426952a1c,0 0 24 24,XML VALID — VISUAL REVIEW PENDING
assets/icons/tabler/outline/circle-dashed-letter-e.svg,e995c69907eb7017b2af34ab42d2495320d8226bd4277f8a7dffe22c24c592f9,0 0 24 24,XML VALID — VISUAL REVIEW PENDING
assets/icons/tabler/outline/circle-dashed-letter-f.svg,f8ff12f66e9f99cf655ad216454c943b6508118df47852f3aae723e4ce56358c,0 0 24 24,XML VALID — VISUAL REVIEW PENDING
assets/icons/tabler/outline/circle-dashed-letter-g.svg,7ed7d8f9d07a4d990772d7d2294e661d43d68863c1da76b341aa9b8d9d24afb0,0 0 24 24,XML VALID — VISUAL REVIEW PENDING
assets/icons/tabler/outline/circle-dashed-letter-h.svg,98acf24befbd06486c8d886f8987d8ce54a5892d81152081f8808c006986f2cd,0 0 24 24,XML VALID — VISUAL REVIEW PENDING
assets/icons/tabler/outline/circle-dashed-letter-i.svg,b27991bd741c6ac78c72a8d93a02a57557b9b15bcc2f75a3418564a91c797012,0 0 24 24,XML VALID — VISUAL REVIEW PENDING
assets/icons/tabler/outline/circle-dashed-letter-j.svg,d1d1baf2532aef986c2bb0c389e7fffd59bc14cecd52f4ff522748eb4e3cd361,0 0 24 24,XML VALID — VISUAL REVIEW PENDING
assets/icons/tabler/outline/circle-dashed-letter-k.svg,9a33afde03dd75b87763e6655980d37967728470bfe3164c9ba12a65eb09fbce,0 0 24 24,XML VALID — VISUAL REVIEW PENDING
assets/icons/tabler/outline/circle-dashed-letter-l.svg,9a00b71f162c4af97d19d7353635e3a98dae0e8f7dbb5c7694b009720ea2ab1b,0 0 24 24,XML VALID — VISUAL REVIEW PENDING
assets/icons/tabler/outline/circle-dashed-letter-m.svg,b8ae018f902c08b625d069ee7740cec538557f0a44ce6326426b2a0c06c9b884,0 0 24 24,XML VALID — VISUAL REVIEW PENDING
assets/icons/tabler/outline/circle-dashed-letter-n.svg,97c5ce689e4e32be4575b2951db1ec57caae3cccc0b81dc7063151cad6ca473d,0 0 24 24,XML VALID — VISUAL REVIEW PENDING
assets/icons/tabler/outline/circle-dashed-letter-o.svg,626263f561f164d1e767d4289bf0b264a45dfcbaab44f16466b21714607cd8e7,0 0 24 24,XML VALID — VISUAL REVIEW PENDING
assets/icons/tabler/outline/circle-dashed-letter-p.svg,56c2f30ff900c2d9742af9c113b046199554a92fd1df442323d326ebd150df9f,0 0 24 24,XML VALID — VISUAL REVIEW PENDING
assets/icons/tabler/outline/circle-dashed-letter-q.svg,e2ab3656eafd830c33926ef60a7e0e80086b5d2c4d4eb403eb341d84ab5a17ac,0 0 24 24,XML VALID — VISUAL REVIEW PENDING
assets/icons/tabler/outline/circle-dashed-letter-r.svg,2c5aa5ae697fe6228d452f3105370ecc84841bd5f955b93387bdc2d771b8123a,0 0 24 24,XML VALID — VISUAL REVIEW PENDING
assets/icons/tabler/outline/circle-dashed-letter-s.svg,8c90ada0d8b267dc582ae7c5a65bf2e630f189acbab9588df6bc72ad43a3d682,0 0 24 24,XML VALID — VISUAL REVIEW PENDING
assets/icons/tabler/outline/circle-dashed-letter-t.svg,16c322a1d508c2fee2bef105264833549f4b2a1d0ac81da8aecff50e0881db2d,0 0 24 24,XML VALID — VISUAL REVIEW PENDING
assets/icons/tabler/outline/circle-dashed-letter-u.svg,891f7d516391ad631b96dc992ecc7d407dd5de28022a815ab1eb78eefc7047f1,0 0 24 24,XML VALID — VISUAL REVIEW PENDING
assets/icons/tabler/outline/circle-dashed-letter-v.svg,e8a0a70a75c0618b86d6ed038690c5aef05f7f72ee91cb60fbee9026bcd09d0b,0 0 24 24,XML VALID — VISUAL REVIEW PENDING
assets/icons/tabler/outline/circle-dashed-letter-w.svg,79eab80aa8b18a12a87689927b9d08b0a04135b627cdb7636998663af895f215,0 0 24 24,XML VALID — VISUAL REVIEW PENDING
assets/icons/tabler/outline/circle-dashed-letter-x.svg,60ca3186e87c5415f3ad8ccd5d686fa201f8b099eb6ddfc64424c37df7513dbd,0 0 24 24,XML VALID — VISUAL REVIEW PENDING
assets/icons/tabler/outline/circle-dashed-letter-y.svg,a186894a8f721c590aa7faef1f04ae22cff1d743ce127723cf1d7f897b7c6243,0 0 24 24,XML VALID — VISUAL REVIEW PENDING
assets/icons/tabler/outline/circle-dashed-letter-z.svg,9294d8f9acb13cf5e33dcf205b4d71d8777437920d7578b6f73692bccb2a2ba6,0 0 24 24,XML VALID — VISUAL REVIEW PENDING
assets/icons/tabler/outline/circle-dashed-minus.svg,70361d7bcde4b1e91c0ec72d1a8c1d81b87632c0bd0df1f4d4140bfeb9d18b57,0 0 24 24,XML VALID — VISUAL REVIEW PENDING
assets/icons/tabler/outline/circle-dashed-number-0.svg,82c2d11ab2603673564dca7d49e6a13e844feb508ae4aee9322118e8dfb8979f,0 0 24 24,XML VALID — VISUAL REVIEW PENDING
assets/icons/tabler/outline/circle-dashed-number-1.svg,8948b6e64f299a44c9146c7dc8e7dc5d023647be9c24510e2c208a2f5e1e07a7,0 0 24 24,XML VALID — VISUAL REVIEW PENDING
assets/icons/tabler/outline/circle-dashed-number-2.svg,53881bbbb71b0253039294c3451e4a0a115211ffb78aa9b89693a4673b447057,0 0 24 24,XML VALID — VISUAL REVIEW PENDING
assets/icons/tabler/outline/circle-dashed-number-3.svg,065617c027f370558572d008a93d3aafc02b4e7d3a6ce55dfd3d82d5c218f0c0,0 0 24 24,XML VALID — VISUAL REVIEW PENDING
assets/icons/tabler/outline/circle-dashed-number-4.svg,6dca3eab53f180e73ffe45368280a1e1a240b5109352dbae0aeb64e59e88a07b,0 0 24 24,XML VALID — VISUAL REVIEW PENDING
assets/icons/tabler/outline/circle-dashed-number-5.svg,7ca87e67872cc22a3b3e172647284c78116607d91566d560fb6edd8a12694070,0 0 24 24,XML VALID — VISUAL REVIEW PENDING
assets/icons/tabler/outline/circle-dashed-number-6.svg,bb370f0852deffe7a42e80a581f02a9516312c4a9c7c5aa197b0333ee7653bb5,0 0 24 24,XML VALID — VISUAL REVIEW PENDING
assets/icons/tabler/outline/circle-dashed-number-7.svg,c2385cf05bd8e106996ba3da30b5d44df45d15325fbd2d764e275dc10f882e8c,0 0 24 24,XML VALID — VISUAL REVIEW PENDING
assets/icons/tabler/outline/circle-dashed-number-8.svg,e92971d876f9e193dd27252625d2632df6984093c1bf1e7e70d97c0f7f6d41d0,0 0 24 24,XML VALID — VISUAL REVIEW PENDING
assets/icons/tabler/outline/circle-dashed-number-9.svg,5991d0faada651e9b6ea3bb6d072bc17f08d8aed54212225eb2ab716ac65bf6a,0 0 24 24,XML VALID — VISUAL REVIEW PENDING
