File,SHA256,ViewBox,Disposition
assets/icons/tabler/filled/clock.svg,cb1404519fef151a5fd071459e887f29482a294fa44b8f14f6b625095634ed39,0 0 24 24,XML VALID — VISUAL REVIEW PENDING
assets/icons/tabler/filled/cloud-computing.svg,7610166d828a87a52c3faffe27b4977d701dbf21f24619886deb2882370f1750,0 0 24 24,XML VALID — VISUAL REVIEW PENDING
assets/icons/tabler/filled/cloud-data-connection.svg,59156f6d9ce3504a71ac017027443716e730ed3f8c1ed03b876125527e56cd29,0 0 24 24,XML VALID — VISUAL REVIEW PENDING
assets/icons/tabler/filled/cloud.svg,00995c362987d480c62c0678bb87e52eacce57ece2b6e7e1da103c075c05ab40,0 0 24 24,XML VALID — VISUAL REVIEW PENDING
assets/icons/tabler/filled/clover.svg,43d117a4671aa512f7434fb63c91630196637e7174925b373f6569eacd1232d3,0 0 24 24,XML VALID — VISUAL REVIEW PENDING
assets/icons/tabler/filled/clubs.svg,a42240187077847c75f98540dea3e06eaba9803715caa6098dbd34f9663ea4c4,0 0 24 24,XML VALID — VISUAL REVIEW PENDING
assets/icons/tabler/filled/code-circle-2.svg,ea180a3ffe281426b182a012fecae8f283b31263182496fcb4b65b2425611048,0 0 24 24,XML VALID — VISUAL REVIEW PENDING
assets/icons/tabler/filled/code-circle.svg,4eef69b6c4d2a70a2fd48ec11b901b2e192237986b198ad86a53b9d4e79b8f9e,0 0 24 24,XML VALID — VISUAL REVIEW PENDING
assets/icons/tabler/filled/coin-bitcoin.svg,05c682683212a6ceb556b136700e063a7641d1c30faff86fe030c6d7071f17cd,0 0 24 24,XML VALID — VISUAL REVIEW PENDING
assets/icons/tabler/filled/coin-euro.svg,df552ee1655ceeeb25ccbb0b10c949ce007681eb14fb558eeeff88bd29ae2a3b,0 0 24 24,XML VALID — VISUAL REVIEW PENDING
assets/icons/tabler/filled/coin-monero.svg,74262c0a32350a85668f7f2a1d581bc7169cce8c9705d25d5000fa5134ba957c,0 0 24 24,XML VALID — VISUAL REVIEW PENDING
assets/icons/tabler/filled/coin-pound.svg,b5b91f222833a4d5051c3d670b8855291d6821633b05fc89f2fe63e21320cf17,0 0 24 24,XML VALID — VISUAL REVIEW PENDING
assets/icons/tabler/filled/coin-rupee.svg,6aefc502469e8020abdae89828d3031c60b8b549d631893308e520fa3c8445b8,0 0 24 24,XML VALID — VISUAL REVIEW PENDING
assets/icons/tabler/filled/coin-taka.svg,869186f698f362f52cca0a9274dcfcf0e37b750e8d3c8e3a3d9b80d832880199,0 0 24 24,XML VALID — VISUAL REVIEW PENDING
assets/icons/tabler/filled/coin-yen.svg,8dfa5fc657ddaa300c1440f9abf90fde43a6e9626630ddd0eb1a9f18aab39b15,0 0 24 24,XML VALID — VISUAL REVIEW PENDING
assets/icons/tabler/filled/coin-yuan.svg,0815e9f63809c92a0ba94120e225b1e9621506f205bc3e48c1425296bfdbcb3d,0 0 24 24,XML VALID — VISUAL REVIEW PENDING
assets/icons/tabler/filled/coin.svg,f517ca55515b4249ac199b1ecd2ee73ebe81ac17b10d18efad37116433c0cd17,0 0 24 24,XML VALID — VISUAL REVIEW PENDING
assets/icons/tabler/filled/columns-1.svg,11988db5bd94f9139b8b1e59d7a8efa2899614f74aeb72094cba62d27b7ccbf4,0 0 24 24,XML VALID — VISUAL REVIEW PENDING
assets/icons/tabler/filled/columns-2.svg,63eea462eb8db590f789a9f92321362f47b7663d7b0ed46d21add2bc0d95103e,0 0 24 24,XML VALID — VISUAL REVIEW PENDING
assets/icons/tabler/filled/columns-3.svg,168fd10925269f991bba0e51e377437108236426ff000ff93d94b4b57152fc3a,0 0 24 24,XML VALID — VISUAL REVIEW PENDING
assets/icons/tabler/filled/compass.svg,f144ad6155f6b763f2825a1554adf9dd3171e1c1a5b734357ddeaf66bb495531,0 0 24 24,XML VALID — VISUAL REVIEW PENDING
assets/icons/tabler/filled/cone-2.svg,d9a98c360226345006289adf55e994b626b4bf1a35d380bd96abfb00d9ebd7f8,0 0 24 24,XML VALID — VISUAL REVIEW PENDING
assets/icons/tabler/filled/cone.svg,ea916b2899b8a1f1e674fb58c5f0e57b445e0d00ebb5072e69745b2094b85a85,0 0 24 24,XML VALID — VISUAL REVIEW PENDING
assets/icons/tabler/filled/confetti.svg,c7df8b6bff7fe2488b2aecc35b66d6c9066e4baef69cbc8fbccea07ac36c9332,0 0 24 24,XML VALID — VISUAL REVIEW PENDING
assets/icons/tabler/filled/container.svg,459efdaa62c5b7aad0477d0de68d643bdbc40748c20fb259126073d68427f487,0 0 24 24,XML VALID — VISUAL REVIEW PENDING
assets/icons/tabler/filled/contrast-2.svg,6fe6f0510480243f619cf6ceaee2a8d92f7037f9e19ad5c0df7ac1c908672022,0 0 24 24,XML VALID — VISUAL REVIEW PENDING
assets/icons/tabler/filled/contrast.svg,2922a288ab1eac0f10b50c091f172c966b6cfbb4f2a99d55937732439b0a4929,0 0 24 24,XML VALID — VISUAL REVIEW PENDING
assets/icons/tabler/filled/cookie-man.svg,38969dea0e2cbdcb7aab74ef5b1a31cdb9b063910668f0d14b6e61c51b3acc76,0 0 24 24,XML VALID — VISUAL REVIEW PENDING
assets/icons/tabler/filled/cookie.svg,6e78e476f889b398006fe3e4ea9081dce6d11d726ed781f4ec83da3188cc86ed,0 0 24 24,XML VALID — VISUAL REVIEW PENDING
assets/icons/tabler/filled/copy-check.svg,96e7f63cad609b5a006c537e12f0ac02baca6f3d1067ce30a851d591dce6034f,0 0 24 24,XML VALID — VISUAL REVIEW PENDING
assets/icons/tabler/filled/copy-minus.svg,8b890d178b909c614dd05bf8228c81bd9a5b441d0b7f318d4aa3763f5ed0100e,0 0 24 24,XML VALID — VISUAL REVIEW PENDING
assets/icons/tabler/filled/copy-plus.svg,478071c93462d4d2268ff6ff077747a1b45764339e383ae98a517193741ac39b,0 0 24 24,XML VALID — VISUAL REVIEW PENDING
assets/icons/tabler/filled/copy-x.svg,6c08f4cfca55a1003f9a258ab8aa69abffe68307bb9ade326dbac28c2b16c49a,0 0 24 24,XML VALID — VISUAL REVIEW PENDING
assets/icons/tabler/filled/copyleft.svg,671a30051c3a71d75c2c9b1504bfde4d64d6941ff1e41e64d047a6bc3eadc75f,0 0 24 24,XML VALID — VISUAL REVIEW PENDING
assets/icons/tabler/filled/copyright.svg,d12a12446d1c528a9686f365d188ad3f3358cebfe94ced0de05e878f7b3dd30e,0 0 24 24,XML VALID — VISUAL REVIEW PENDING
assets/icons/tabler/filled/credit-card.svg,7c38b4fe87080f3df171ff9afabae955202b993c3d73fa3010fda039d7e8bc9b,0 0 24 24,XML VALID — VISUAL REVIEW PENDING
assets/icons/tabler/filled/crop-1-1.svg,a4bf3a62999ec4b01617d2e71095118fe5a911346ff54af70e441bd54a993ca4,0 0 24 24,XML VALID — VISUAL REVIEW PENDING
assets/icons/tabler/filled/crop-16-9.svg,cd699ed5aea59daeb4a084f0398faa6e0b900790566898c8b6d683da033dc74e,0 0 24 24,XML VALID — VISUAL REVIEW PENDING
assets/icons/tabler/filled/crop-3-2.svg,5f4b73c93b6054af221dec7f58103ac60491a401740e64b5223d48b82a95a42a,0 0 24 24,XML VALID — VISUAL REVIEW PENDING
assets/icons/tabler/filled/crop-5-4.svg,c7d4ce55491deee98468db950d9cf98cf498a789784a22deb1cd253c7cb9e7c1,0 0 24 24,XML VALID — VISUAL REVIEW PENDING
assets/icons/tabler/filled/crop-7-5.svg,27ad41cdfa0e8728f66f603f5b10a55a0157bf5e3647e632fad0d7d726715850,0 0 24 24,XML VALID — VISUAL REVIEW PENDING
assets/icons/tabler/filled/crop-landscape.svg,f98977eef86b991e08c04a888ca9afc55ca57def2f98138089212c5c63f8bbf2,0 0 24 24,XML VALID — VISUAL REVIEW PENDING
assets/icons/tabler/filled/crop-portrait.svg,48bdc7bfbf0cde174d069f27645b267de01fe284511cfbfb3af2da56343b4c39,0 0 24 24,XML VALID — VISUAL REVIEW PENDING
assets/icons/tabler/filled/cross.svg,2013db8bf63455e42d000ccbd2903e77f0e0f4041aa4a5a0c999ce9be38ce28a,0 0 24 24,XML VALID — VISUAL REVIEW PENDING
assets/icons/tabler/filled/current-location.svg,1855ffc65b5d5c429cf9053e0db053fd253738921653f68183fb6626a956c47b,0 0 24 24,XML VALID — VISUAL REVIEW PENDING
assets/icons/tabler/filled/dashboard.svg,8697111bf54fb77c4bb7a632589bb2e8406a8cb08e054a681626db29f038c77e,0 0 24 24,XML VALID — VISUAL REVIEW PENDING
assets/icons/tabler/filled/device-cctv.svg,eda0170d4dc816be572cdb8b8c50be4b93fc5c9670c0e013d8907196f189930a,0 0 24 24,XML VALID — VISUAL REVIEW PENDING
assets/icons/tabler/filled/device-desktop.svg,6e991936d8043bce634a15c27b54b94837d96d690b94abea9dc419b83a41e938,0 0 24 24,XML VALID — VISUAL REVIEW PENDING
assets/icons/tabler/filled/device-gamepad-3.svg,15b29911a8cb8140f182e89825f5310e0bd7b0a16da61a517b146cb7b406149d,0 0 24 24,XML VALID — VISUAL REVIEW PENDING
assets/icons/tabler/filled/device-gamepad.svg,d2025c21f34f38c499644dcbd84ce04c5efa5f857dccf80a577fbd7521f3105e,0 0 24 24,XML VALID — VISUAL REVIEW PENDING
assets/icons/tabler/filled/device-heart-monitor.svg,5c4f425fe95beb9805ae2335e77062df0439b50435ad7ec02ee842bb0af577f3,0 0 24 24,XML VALID — VISUAL REVIEW PENDING
assets/icons/tabler/filled/device-imac.svg,f600e931f11e5763916078496aff0154f158081bb1945069e9322286e93a86c4,0 0 24 24,XML VALID — VISUAL REVIEW PENDING
assets/icons/tabler/filled/device-ipad.svg,4611592fa8f84b4e727003fc33f1d9ffb3798b4d205fb859370a886945a5af41,0 0 24 24,XML VALID — VISUAL REVIEW PENDING
assets/icons/tabler/filled/device-mobile.svg,8b79816acc25a7ec351e068f98f30b8622231d0f17bc9a99f1a8b1e81a2da01d,0 0 24 24,XML VALID — VISUAL REVIEW PENDING
assets/icons/tabler/filled/device-remote.svg,bf6c480df83bee2ecc2c617df0a8d7285cbe72df7a7c8d977502038371d57f27,0 0 24 24,XML VALID — VISUAL REVIEW PENDING
assets/icons/tabler/filled/device-speaker.svg,cd1b0805d9b03df98a86cc9118a698808b80023eb990dcbf52d75a3f342a46c8,0 0 24 24,XML VALID — VISUAL REVIEW PENDING
assets/icons/tabler/filled/device-tablet.svg,dbb7e63afd8f67b049098af4e1597da510515760140d6ac46b6a1fc6ddb4fa56,0 0 24 24,XML VALID — VISUAL REVIEW PENDING
assets/icons/tabler/filled/device-tv-old.svg,cbb55eacf3dede38012e36b771622fa2a9a8c019511904a542d79dbe6c296250,0 0 24 24,XML VALID — VISUAL REVIEW PENDING
assets/icons/tabler/filled/device-tv.svg,38fd4516c1783f5a23360921e96faed2b9b12879ec87540f21fc3c3433a8be02,0 0 24 24,XML VALID — VISUAL REVIEW PENDING
assets/icons/tabler/filled/device-unknown.svg,8daeea895334b9845955d0eff033065e60e78d842cde0792769721a6a87e4ac7,0 0 24 24,XML VALID — VISUAL REVIEW PENDING
assets/icons/tabler/filled/device-usb.svg,8bbab4706961dbdab8dfb19670385293ff5f01e0549938a27d3efdcdbcb812f7,0 0 24 24,XML VALID — VISUAL REVIEW PENDING
assets/icons/tabler/filled/device-vision-pro.svg,d54da09d1128736c18889a21182b8402021ea71221bc976ddd44b3a5ab8e3a4e,0 0 24 24,XML VALID — VISUAL REVIEW PENDING
assets/icons/tabler/filled/device-watch.svg,54e5102082337801bb68a2790650d28ed36935513b3c862eca7bd9e59a48f5ab,0 0 24 24,XML VALID — VISUAL REVIEW PENDING
assets/icons/tabler/filled/dialpad.svg,fce858dd2d2d0cf4f106a510039954fca67c1049683872b90a7cf6dd10332692,0 0 24 24,XML VALID — VISUAL REVIEW PENDING
assets/icons/tabler/filled/diamond.svg,23e2cdf5239334c1ba9e3b531c8d4ba2d162f0d99bacdaa9362e9a6b638700a8,0 0 24 24,XML VALID — VISUAL REVIEW PENDING
assets/icons/tabler/filled/diamonds.svg,5cb3751f5d4716519d78c02028ae0c66e3d06fa036d27bdba5213db60760c76b,0 0 24 24,XML VALID — VISUAL REVIEW PENDING
assets/icons/tabler/filled/dice-1.svg,211c0b0a3a7b0aa2fd2e3ba52ec992bb358aff6691b62330036eef1f4db79e2a,0 0 24 24,XML VALID — VISUAL REVIEW PENDING
assets/icons/tabler/filled/dice-2.svg,75f75faf3959eb05a062b047b30446197b7de744133eaea40f193e3af6e10386,0 0 24 24,XML VALID — VISUAL REVIEW PENDING
assets/icons/tabler/filled/dice-3.svg,ad1b3f2e6157d772d88a19d51c7c7f779cfb12a4715ace9a201434e52f84fd66,0 0 24 24,XML VALID — VISUAL REVIEW PENDING
assets/icons/tabler/filled/dice-4.svg,f6b6c4215c430eb48875af5726ec27431a24ff6c7d3490f726cd6b597b3cc263,0 0 24 24,XML VALID — VISUAL REVIEW PENDING
assets/icons/tabler/filled/dice-5.svg,d433781252a7d41992d1cb04b8785694b87c2344c0a3080102c97cea66222b54,0 0 24 24,XML VALID — VISUAL REVIEW PENDING
assets/icons/tabler/filled/dice-6.svg,630ac823dc432dd15cf10a3e3144c0a0d938c2b6717e790d1233c403969812cf,0 0 24 24,XML VALID — VISUAL REVIEW PENDING
assets/icons/tabler/filled/dice.svg,469166f9261541a67c6640014170b73c8a2ca7724aac5c54eb125797ba5effcd,0 0 24 24,XML VALID — VISUAL REVIEW PENDING
assets/icons/tabler/filled/direction-arrows.svg,8e71dcebb08f55a00ad02af0f2454fa460c3d86bad4449108f7e0541d2f65d40,0 0 24 24,XML VALID — VISUAL REVIEW PENDING
assets/icons/tabler/filled/direction-sign.svg,83accbcda48a35a1eb629ac85363bcd31d1000239575cad186b9f5c285c457b3,0 0 24 24,XML VALID — VISUAL REVIEW PENDING
assets/icons/tabler/filled/directions.svg,de44611bdc3117952dc1f08be5688dcdcbeea40c79dfb20a96096a518a013516,0 0 24 24,XML VALID — VISUAL REVIEW PENDING
assets/icons/tabler/filled/disc.svg,26ee6afdfa0254ffb54d4c7ce2ab7afd0b313117c320dfd99fe6a95fbe19b1be,0 0 24 24,XML VALID — VISUAL REVIEW PENDING
assets/icons/tabler/filled/discount.svg,c0acfebfea830f0b4fe95aa02cffb04259b14ab5bdfca1b9c7f50ba6d954a5cf,0 0 24 24,XML VALID — VISUAL REVIEW PENDING
assets/icons/tabler/filled/drop-circle.svg,4f38c5f85c0d316149f3e0ee26028a43f3e168d1ef733cd559640cf13bd416d3,0 0 24 24,XML VALID — VISUAL REVIEW PENDING
assets/icons/tabler/filled/droplet-half-2.svg,30bbb7b82bdee744114acf7c2e145c3ad2d2fea1d604509172b442229664024b,0 0 24 24,XML VALID — VISUAL REVIEW PENDING
assets/icons/tabler/filled/droplet-half.svg,de67aabfda6dd0890f131eb65b28f93567d672ef83d4915c2594d41846bef7bc,0 0 24 24,XML VALID — VISUAL REVIEW PENDING
assets/icons/tabler/filled/droplet.svg,a4a636cce4fbf3225eb0b0e4c82966d5c595208d2fb4c9cd7ba16460a0f1da6e,0 0 24 24,XML VALID — VISUAL REVIEW PENDING
assets/icons/tabler/filled/droplets.svg,8b87c6d1a051f553ce7b31a5c4dab87e9e572aaeba72d7a726305041425e8375,0 0 24 24,XML VALID — VISUAL REVIEW PENDING
assets/icons/tabler/filled/dual-screen.svg,5b8c06af7f91d291ce7436387cced80f34565d4bd2574c0d22f9a3c096988370,0 0 24 24,XML VALID — VISUAL REVIEW PENDING
assets/icons/tabler/filled/dumpling.svg,c6cbeb3c1f58f1eea080461b51369b139192ea496a17a88e28698ed010bed0c3,0 0 24 24,XML VALID — VISUAL REVIEW PENDING
assets/icons/tabler/filled/ease-in-control-point.svg,ca0bf37faa4bdd33ef12b989f1cbad8fc9c92bbf2b1ff144fa35f8812b60335d,0 0 24 24,XML VALID — VISUAL REVIEW PENDING
assets/icons/tabler/filled/ease-in-out-control-points.svg,ff7ab9ee88a63ab924fa52f029147ffbb0fdc85b4bfb17ea852e586308d21ca5,0 0 24 24,XML VALID — VISUAL REVIEW PENDING
assets/icons/tabler/filled/ease-out-control-point.svg,b48fe340be6cdf30dd3d81d7c1a7595db70e363488796c376b9298d0963017ee,0 0 24 24,XML VALID — VISUAL REVIEW PENDING
assets/icons/tabler/filled/egg-cracked.svg,099f4d4b350a0bc78f3166272e6a2c1968945a9f15b6f4177cf19caf96aa6291,0 0 24 24,XML VALID — VISUAL REVIEW PENDING
assets/icons/tabler/filled/egg-fried.svg,268819df16610d878446bb7f88830a7bef27daeb6894516a467ba5ca2f7cda0c,0 0 24 24,XML VALID — VISUAL REVIEW PENDING
assets/icons/tabler/filled/egg.svg,9a275a6bd5c96617f41ecfb24a4e5db0b211a7a808fbe91ceb63908c48e78405,0 0 24 24,XML VALID — VISUAL REVIEW PENDING
assets/icons/tabler/filled/elevator.svg,ec146da98a31fecd1f9134b5228eae5271e81aaf196bace83dc56693258ec003,0 0 24 24,XML VALID — VISUAL REVIEW PENDING
assets/icons/tabler/filled/engine.svg,436d082d91a8b5dea0aadc6bc6b5768d503926bb2cc949014b7e6f6a8951fe15,0 0 24 24,XML VALID — VISUAL REVIEW PENDING
assets/icons/tabler/filled/escalator-down.svg,58ea31c3fc991858be703d65e28508364d0346a63f66c555afdbfbcd4eb1e409,0 0 24 24,XML VALID — VISUAL REVIEW PENDING
assets/icons/tabler/filled/escalator-up.svg,2c375233805f31f7d9f98f8bfc6d7178bff562f1a623bd73432546092b07f78a,0 0 24 24,XML VALID — VISUAL REVIEW PENDING
assets/icons/tabler/filled/escalator.svg,15fa0f89d5dcffc9a8db8265389401a38962b086468a8e622db4329af27a5201,0 0 24 24,XML VALID — VISUAL REVIEW PENDING
assets/icons/tabler/filled/exchange.svg,ba102999a338e4db2d06c82135cb2ef2c84c1bbc61cfce426c9b57401edb3895,0 0 24 24,XML VALID — VISUAL REVIEW PENDING
assets/icons/tabler/filled/exclamation-circle.svg,c68a5b6e0d26c5ef88b98670b835f8202c1cfa304d6006d5471aaa89e6f64058,0 0 24 24,XML VALID — VISUAL REVIEW PENDING
assets/icons/tabler/filled/explicit.svg,b49d453bc46360c77c012267e14aeb04f8b08bda874fc36a9785befa0caa82a5,0 0 24 24,XML VALID — VISUAL REVIEW PENDING
assets/icons/tabler/filled/exposure.svg,90b2cdf8c4b2095f31cbb4bfa8698ba0816c99ff20ff89263d299d6abbe6db14,0 0 24 24,XML VALID — VISUAL REVIEW PENDING
assets/icons/tabler/filled/eye-table.svg,d9ad6acc511169fe791e7e9e9ebb9cf56803cd6ae9f35773542529ea5c014a7f,0 0 24 24,XML VALID — VISUAL REVIEW PENDING
assets/icons/tabler/filled/eye.svg,66eed098308826d819c9db3430ede2a789e20984451206b20b79c2c073f77a78,0 0 24 24,XML VALID — VISUAL REVIEW PENDING
assets/icons/tabler/filled/eyeglass-2.svg,f359143c0a7f7339f6405619fa7bc2f0e2e872bc1b040a33c39151ec6ff78add,0 0 24 24,XML VALID — VISUAL REVIEW PENDING
assets/icons/tabler/filled/eyeglass.svg,c9d9974f081e5c782ecdc40f418a04018b73298a9d34ee215c1792fc0f0d77ad,0 0 24 24,XML VALID — VISUAL REVIEW PENDING
assets/icons/tabler/filled/face-mask.svg,bf9d84505a21203c3b25abf2f4ee85bd607f1dc46385458400a8d506819646e9,0 0 24 24,XML VALID — VISUAL REVIEW PENDING
assets/icons/tabler/filled/favicon.svg,5ebaf7ad8b5cef8a6f7cae6aa7ef8f1e41a09b830e643c2c15016dc6a0dbae57,0 0 24 24,XML VALID — VISUAL REVIEW PENDING
assets/icons/tabler/filled/feather.svg,46f6072b4af940f3b33b52f7190257cad880a9bcb6c47961607a2aeb398beedc,0 0 24 24,XML VALID — VISUAL REVIEW PENDING
assets/icons/tabler/filled/fence.svg,4ef54990adbf7896326709171b2ddf6c12019db2f0ed8ecccf59a20af0383e1b,0 0 24 24,XML VALID — VISUAL REVIEW PENDING
assets/icons/tabler/filled/ferry.svg,b0609c617915058d373125688f06641af797a6b7619dc04719c780c9996ec769,0 0 24 24,XML VALID — VISUAL REVIEW PENDING
assets/icons/tabler/filled/fidget-spinner.svg,4c4f4870f37a66631e9e71d441a4b6e69166ac8d46aab60ef25aa6100c739825,0 0 24 24,XML VALID — VISUAL REVIEW PENDING
assets/icons/tabler/filled/file-analytics.svg,83cd091c2fffe8481e6e57670e792a89cc2e759cfea2f56c9c6f217b2b43ae2e,0 0 24 24,XML VALID — VISUAL REVIEW PENDING
assets/icons/tabler/filled/file-check.svg,aa228a66bb901e0461b8b8c14d95e653115e7dfc8a72970544b40b48ceb9e2da,0 0 24 24,XML VALID — VISUAL REVIEW PENDING
assets/icons/tabler/filled/file-code-2.svg,ffb4af48534ed3918c7173683f283b97632eb5c4ac11e53bf43764649c1796bc,0 0 24 24,XML VALID — VISUAL REVIEW PENDING
assets/icons/tabler/filled/file-code.svg,61695791ce1afa79dba960d78309b2bd8c1d0f36eddf30ae8a4ee2af80a69ad8,0 0 24 24,XML VALID — VISUAL REVIEW PENDING
assets/icons/tabler/filled/file-cv.svg,4508600c4034f7251d2a0fb68dfa900555569c720636eddaec0ec4dfadfadd19,0 0 24 24,XML VALID — VISUAL REVIEW PENDING
assets/icons/tabler/filled/file-delta.svg,fe4023e12c7607c10e2b46811c0633b2385e954c6fa1a6b57a48eb6e4c759dbe,0 0 24 24,XML VALID — VISUAL REVIEW PENDING
assets/icons/tabler/filled/file-description.svg,aa24d5cb6fff2c29d1160ce27d86adb66e53d4ff223d3433dfe109ba06df63c4,0 0 24 24,XML VALID — VISUAL REVIEW PENDING
assets/icons/tabler/filled/file-diff.svg,24cec6d7cf3f36296452a01e74856b03cbd127d547a57e2969e058f1ece9549c,0 0 24 24,XML VALID — VISUAL REVIEW PENDING
assets/icons/tabler/filled/file-digit.svg,7a8493b6da343c7e3ce1bf2ba3e1acdab31da9b9edd1b3f9f7f093a7589ad921,0 0 24 24,XML VALID — VISUAL REVIEW PENDING
assets/icons/tabler/filled/file-dollar.svg,b4d36b80bb55f2de1b6dd5cd870f9ca5aeeb48fa098883ef97ade1342a3ad687,0 0 24 24,XML VALID — VISUAL REVIEW PENDING
assets/icons/tabler/filled/file-dots.svg,b016f88ef5c70b6e60363bc88dfa37f3e10c8c6324ab1f5d9e760c5af5937b17,0 0 24 24,XML VALID — VISUAL REVIEW PENDING
assets/icons/tabler/filled/file-download.svg,7871c884269b308b7b9b41ce22d4df68938ce51d9127d40413659ae62761d078,0 0 24 24,XML VALID — VISUAL REVIEW PENDING
assets/icons/tabler/filled/file-euro.svg,d620a19b548e965590b74add5432b4a5e6c316af367287de11f40704db826beb,0 0 24 24,XML VALID — VISUAL REVIEW PENDING
assets/icons/tabler/filled/file-function.svg,bce41b2c8fa6483c813e0ba0bdd6321e433d2e878cd972db36b6effa840b8541,0 0 24 24,XML VALID — VISUAL REVIEW PENDING
assets/icons/tabler/filled/file-horizontal.svg,1b7160ccf546b913a52f31b649c9142efd408050d19f960ad4c59a12cd7d506e,0 0 24 24,XML VALID — VISUAL REVIEW PENDING
assets/icons/tabler/filled/file-info.svg,628cf01dbe7922f70754499f69151170dee9959786873dee390470b5cb277be2,0 0 24 24,XML VALID — VISUAL REVIEW PENDING
assets/icons/tabler/filled/file-invoice.svg,40e75443fd741ca05fca4a9982fe534db33395b2bd34506671696069e8ce475c,0 0 24 24,XML VALID — VISUAL REVIEW PENDING
assets/icons/tabler/filled/file-lambda.svg,7c5a9b1513e39cc0fe49f3a74f3a38613433bc6cec6ba2f4969d4713ce361478,0 0 24 24,XML VALID — VISUAL REVIEW PENDING
assets/icons/tabler/filled/file-minus.svg,4811af18a9dc470c5029880480e15e6484c2ac6cb2b6fa113caf4a962c8d9c4d,0 0 24 24,XML VALID — VISUAL REVIEW PENDING
assets/icons/tabler/filled/file-music.svg,08e797eeb750d40a1fe3d6b8748abe9a444dfb3a995a36b289fe49a6597ae456,0 0 24 24,XML VALID — VISUAL REVIEW PENDING
assets/icons/tabler/filled/file-neutral.svg,6aec654708fd67d22fa9e91f8a02e17923622f96a9862483b1ce0325228993b6,0 0 24 24,XML VALID — VISUAL REVIEW PENDING
assets/icons/tabler/filled/file-pencil.svg,599fcbf391ea67f85ac637c3e01ee8f263480e2405727a7145ecedb2ea013bb6,0 0 24 24,XML VALID — VISUAL REVIEW PENDING
assets/icons/tabler/filled/file-percent.svg,1ec8ebedf55ebfd0cec9521cc687ecb3df0ae1e1acb0d0f18a2a13dd3a7222b3,0 0 24 24,XML VALID — VISUAL REVIEW PENDING
assets/icons/tabler/filled/file-phone.svg,4832208fb3e66073995f28938ba43a5cecf7c8024347a2f5ce7edd3dcfe5a1cd,0 0 24 24,XML VALID — VISUAL REVIEW PENDING
assets/icons/tabler/filled/file-power.svg,1451e1ecdea284ad3728acec71a93782689198796dcd3b63076fcdb8e0042ad3,0 0 24 24,XML VALID — VISUAL REVIEW PENDING
assets/icons/tabler/filled/file-rss.svg,22202ebfa6c8b23dfc712023791306628b25f2c62cf7c9ea363eff61e699087f,0 0 24 24,XML VALID — VISUAL REVIEW PENDING
assets/icons/tabler/filled/file-sad.svg,d954dbd76afa95f37b7f14ddf3dd504262dcdbf4a238fdd907b574d970dcf668,0 0 24 24,XML VALID — VISUAL REVIEW PENDING
assets/icons/tabler/filled/file-scissors.svg,90747603197aa4e64b06123276afc6472772a8134e392af88e6aad8f6e03248b,0 0 24 24,XML VALID — VISUAL REVIEW PENDING
assets/icons/tabler/filled/file-settings.svg,7cbe419004e8c705a12b125a9eea34bce5374e31b771bd5a1fd7218c6965fa64,0 0 24 24,XML VALID — VISUAL REVIEW PENDING
assets/icons/tabler/filled/file-signal.svg,095a69de6768e76a7bbc5aacec8fd0e46622a9ddcb80e7b5d3f53ea7631da943,0 0 24 24,XML VALID — VISUAL REVIEW PENDING
assets/icons/tabler/filled/file-smile.svg,ce0dbb6f64009dbdb11998efbddc2ab5669086850fcaabe0e1182edfa558b6b6,0 0 24 24,XML VALID — VISUAL REVIEW PENDING
assets/icons/tabler/filled/file-star.svg,cf579e38f7299fd5f10ae55ad850339f96214fcf67c2e90210d05b965f1c11d8,0 0 24 24,XML VALID — VISUAL REVIEW PENDING
assets/icons/tabler/filled/file-text.svg,44b42203ebebd7ab440e802aaa0bce839696c5c6260350004e776de1b2b7f731,0 0 24 24,XML VALID — VISUAL REVIEW PENDING
assets/icons/tabler/filled/file-time.svg,2c1ebd79cf17998d612fbab2c992ace6c492fabba7a4f67ddf7224bd1fed5537,0 0 24 24,XML VALID — VISUAL REVIEW PENDING
assets/icons/tabler/filled/file-typography.svg,afae12cb31821adb650a9a8a1ebb97ce12cc75ee05cbee7d69e6192f355cd14d,0 0 24 24,XML VALID — VISUAL REVIEW PENDING
assets/icons/tabler/filled/file-unknown.svg,96568e25c9c040d55e1830e02b210b3204beda8b740eaa7850eefd46d08f3dde,0 0 24 24,XML VALID — VISUAL REVIEW PENDING
assets/icons/tabler/filled/file-upload.svg,28c893b1b82ba13b8bc00e1759cec734b9f39c74c0a93f42589069fd0ab432db,0 0 24 24,XML VALID — VISUAL REVIEW PENDING
assets/icons/tabler/filled/file-vector.svg,2c3c984fbe9c65882a986ff56aebd6af57da6a8dd45b5ebe31c2f89974472421,0 0 24 24,XML VALID — VISUAL REVIEW PENDING
assets/icons/tabler/filled/file-x.svg,611daab74712a56f13d0d681f4c36af760cef9c4f439231d220380188ef742a1,0 0 24 24,XML VALID — VISUAL REVIEW PENDING
assets/icons/tabler/filled/file.svg,120cdad5ad227654dbc2a70922c0eeacca1526d3e9b5427857b7eefe394f11e0,0 0 24 24,XML VALID — VISUAL REVIEW PENDING
assets/icons/tabler/filled/files.svg,1a44359079ad845788ab9699859e43177d144adcec465da968e46381acf10bba,0 0 24 24,XML VALID — VISUAL REVIEW PENDING
assets/icons/tabler/filled/filter.svg,67adf5220b695d8364ea278cb4820f7df11358c506b17aef8d38d9a7ff945cbb,0 0 24 24,XML VALID — VISUAL REVIEW PENDING
assets/icons/tabler/filled/filters.svg,64e3632419ba4db0b9bb30a3b95149d88415ff1f52311f67fd354e14e322cfc3,0 0 24 24,XML VALID — VISUAL REVIEW PENDING
assets/icons/tabler/filled/fish-bone.svg,21863b73c905b3eaff481cb146f07e90c4c5609e7dfb855785506cef65782897,0 0 24 24,XML VALID — VISUAL REVIEW PENDING
assets/icons/tabler/filled/flag-2.svg,a7b79c24232ebd416c5de8832af5af156243833314e51b00b42f0c2157dab7ae,0 0 24 24,XML VALID — VISUAL REVIEW PENDING
assets/icons/tabler/filled/flag-3.svg,b960e506be67984be77a845a14271f37fb182ccd16758bd65959fb0635579102,0 0 24 24,XML VALID — VISUAL REVIEW PENDING
assets/icons/tabler/filled/flag.svg,83726d55e41b8b80a722bfe57cd2bec8a2cc30739713a1781926905513c5684e,0 0 24 24,XML VALID — VISUAL REVIEW PENDING
assets/icons/tabler/filled/flame.svg,f51f77d94755501e4bb4cde2ba1bc9775c45c395b67ad8cda6c1478225ca17b6,0 0 24 24,XML VALID — VISUAL REVIEW PENDING
assets/icons/tabler/filled/flare.svg,4706685094d09bc3a65856c304849e9296bb5c37e6999cb0aff327583f2cd669,0 0 24 24,XML VALID — VISUAL REVIEW PENDING
assets/icons/tabler/filled/flask-2.svg,ab4d6d1e4a406764d79d55590998f1b46ef993bae4258088b1edfdb7e660081a,0 0 24 24,XML VALID — VISUAL REVIEW PENDING
assets/icons/tabler/filled/flask.svg,7b0af712744b1fd72bf2a549c8604e001d881e7b0c0ca45bb9dccb9ed8d6c1bb,0 0 24 24,XML VALID — VISUAL REVIEW PENDING
assets/icons/tabler/filled/flower.svg,9344efdbc8955eeeb857a51d02713c13d978617a546abf1f574015a5d5521ca6,0 0 24 24,XML VALID — VISUAL REVIEW PENDING
assets/icons/tabler/filled/folder.svg,654cd1f35faae4a1e660e21717414a48bbd13751a430163278f719624d052ba7,0 0 24 24,XML VALID — VISUAL REVIEW PENDING
assets/icons/tabler/filled/folders.svg,3b11c934e235dd663cf570a8e84eee991c5544c5604279aa851cf119d1052a08,0 0 24 24,XML VALID — VISUAL REVIEW PENDING
assets/icons/tabler/filled/forbid-2.svg,12d81edb1ffe98454319eeebff4d16df3b176e8e7c47d5f4dab0b1ede55f4f14,0 0 24 24,XML VALID — VISUAL REVIEW PENDING
assets/icons/tabler/filled/forbid.svg,a7ee6ded48b31fbb30a666a107dbfe039dc40d9d952b3ce0b2f7a16d4880aaea,0 0 24 24,XML VALID — VISUAL REVIEW PENDING
assets/icons/tabler/filled/fountain.svg,94f7f9af6e560556e929d7c5d94ffd980200e4ed786f7afb4a6cc1cea8c657ae,0 0 24 24,XML VALID — VISUAL REVIEW PENDING
assets/icons/tabler/filled/function.svg,c071c8fa3d2beded7d6b62a0ad44bec6a58c0b123a1087c6da7ae498ff871062,0 0 24 24,XML VALID — VISUAL REVIEW PENDING
assets/icons/tabler/filled/garden-cart.svg,1f6cfacaad963ac305b941d289f68e45817259dfc5b0b23a59624f803589e898,0 0 24 24,XML VALID — VISUAL REVIEW PENDING
assets/icons/tabler/filled/gas-station.svg,ed084eb0239a01a3063062a7725512d6f232932e563bd05234b6309be7210c5d,0 0 24 24,XML VALID — VISUAL REVIEW PENDING
assets/icons/tabler/filled/gauge.svg,692f4be475f4d458724b305ba405220aa547e5ebc46e74dd8824585c924d3995,0 0 24 24,XML VALID — VISUAL REVIEW PENDING
assets/icons/tabler/filled/ghost-2.svg,7bf253007747b8b73203c258206c41a70c87d0e99a248bcea6514283fdbd6f31,0 0 24 24,XML VALID — VISUAL REVIEW PENDING
assets/icons/tabler/filled/ghost-3.svg,99aa5b41045858c2558cdda65db66cbc10e70c46a2884a6bd816dff8dd41bae7,0 0 24 24,XML VALID — VISUAL REVIEW PENDING
assets/icons/tabler/filled/ghost.svg,420675a27f7892645ec8923819ccd6379d0d71be79ffecc729fc9dd8ccc36022,0 0 24 24,XML VALID — VISUAL REVIEW PENDING
assets/icons/tabler/filled/gift-card.svg,64779de0e4d5d82a5cadce618b2114c200f779d7250705e635c5c1d8db147f7b,0 0 24 24,XML VALID — VISUAL REVIEW PENDING
assets/icons/tabler/filled/gift.svg,333bd5450dcade96eed517e252dca0d95eb8c2c5917796ed16a6456ee421f04e,0 0 24 24,XML VALID — VISUAL REVIEW PENDING
assets/icons/tabler/filled/glass-full.svg,8736c0a23fe5cca4187c1ceb3bda8daef87bb63d1f3fa24b277f2b9bec5d2f7d,0 0 24 24,XML VALID — VISUAL REVIEW PENDING
assets/icons/tabler/filled/glass.svg,60deadf33d798b7109b93c9b44f0294711d3ca906ae6c767ee6a93acdf4201ab,0 0 24 24,XML VALID — VISUAL REVIEW PENDING
assets/icons/tabler/filled/globe.svg,bc9d47fc527b4449cf6d72d28270c50673157236704937a8c2b4269626318bf5,0 0 24 24,XML VALID — VISUAL REVIEW PENDING
assets/icons/tabler/filled/golf.svg,a0f6000eea16192f4f318fb24a1376b0ba5375d514cc8407ae58e6777e0a73c9,0 0 24 24,XML VALID — VISUAL REVIEW PENDING
assets/icons/tabler/filled/gps.svg,cb0776202787fa0fdb32bfe022231d2b7abd98c130da6d525a2030e933028597,0 0 24 24,XML VALID — VISUAL REVIEW PENDING
assets/icons/tabler/filled/graph.svg,6536727319aab64e640cf07736f17bb110d6356d7fc2a2614b0c173f0a5181f6,0 0 24 24,XML VALID — VISUAL REVIEW PENDING
assets/icons/tabler/filled/grid-pattern.svg,7e7bf4b0b782cc4d50599628961a79e0fe005b65d004123d06e214ad52369a12,0 0 24 24,XML VALID — VISUAL REVIEW PENDING
assets/icons/tabler/filled/guitar-pick.svg,c9039952140d7e9009593bf091d0a3f63cf9a485ca282ab1f4fc751b330492a7,0 0 24 24,XML VALID — VISUAL REVIEW PENDING
assets/icons/tabler/filled/hanger-2.svg,7bdc42c4337265e6ffa879332108a66e0ff5fdc9d41eab78d782f6beed02bea3,0 0 24 24,XML VALID — VISUAL REVIEW PENDING
assets/icons/tabler/filled/headphones.svg,f9c5cc36380dc95e3f66006ecd87be768e99c0411173e4740b5d45ff21115047,0 0 24 24,XML VALID — VISUAL REVIEW PENDING
assets/icons/tabler/filled/heart-broken.svg,34f77aa703078f420cbd8047e7d6304087ce3ce13289ac2b032d20b6d47bea1c,0 0 24 24,XML VALID — VISUAL REVIEW PENDING
assets/icons/tabler/filled/heart.svg,b86de4266a8c6b3d28b49b4f1ec58e00ff2ad6adaaa6f9bd2ec1da421fc5df35,0 0 24 24,XML VALID — VISUAL REVIEW PENDING
assets/icons/tabler/filled/helicopter-landing.svg,4ea4e0ea32c9a6e715076f4bf9e8c0ddb773f898a406b01c7939e887044b677a,0 0 24 24,XML VALID — VISUAL REVIEW PENDING
assets/icons/tabler/filled/helicopter.svg,fc28323ca9d63759a832b1770e6783398393b85dce42ae8099c392a1f40fe345,0 0 24 24,XML VALID — VISUAL REVIEW PENDING
assets/icons/tabler/filled/help-circle.svg,3aa53b6c4cbd91b44416257f7b7dff85a422c79ae61b64ebc5f2cdc894701077,0 0 24 24,XML VALID — VISUAL REVIEW PENDING
assets/icons/tabler/filled/help-hexagon.svg,58d3596a05650ac2e6a64519d883cf851de94ccd86638536bcbb9942eb8bb864,0 0 24 24,XML VALID — VISUAL REVIEW PENDING
assets/icons/tabler/filled/help-octagon.svg,5e74825c374f73dea0760e23078e245058d31ea76f43afd521bc28e46bffac8a,0 0 24 24,XML VALID — VISUAL REVIEW PENDING
assets/icons/tabler/filled/help-square-rounded.svg,598fe129cfa58c3c1cafe90cbe2f0f05135d65cc62f095946a36f257df1dbd93,0 0 24 24,XML VALID — VISUAL REVIEW PENDING
assets/icons/tabler/filled/help-square.svg,e827b53f6c59b5d37c811a3c51932132bdf76a113ae180752f16be40fe6de1f0,0 0 24 24,XML VALID — VISUAL REVIEW PENDING
assets/icons/tabler/filled/help-triangle.svg,9985986ecc7b0fdc03131df497ac17b3b5537371fb1594253eee2692e2fdcc72,0 0 24 24,XML VALID — VISUAL REVIEW PENDING
assets/icons/tabler/filled/hexagon-letter-a.svg,34b8ae1d5a0bb7b0720b342d074352cf8fbc7ebf594443a497cc81166ed99431,0 0 24 24,XML VALID — VISUAL REVIEW PENDING
assets/icons/tabler/filled/hexagon-letter-b.svg,43950b3b52cfe950deedfb8b793f1a4d5087cd1c4cdcb3bd343bbb11c8f1a9a1,0 0 24 24,XML VALID — VISUAL REVIEW PENDING
assets/icons/tabler/filled/hexagon-letter-c.svg,cac90596ff649e7f80689bf97decf207625ab2f58ca006302a8e9ec19ee26001,0 0 24 24,XML VALID — VISUAL REVIEW PENDING
assets/icons/tabler/filled/hexagon-letter-d.svg,f602217a054c966c48f8c3e1f65257a63edad9118db2fad468ada18111c9f40d,0 0 24 24,XML VALID — VISUAL REVIEW PENDING
assets/icons/tabler/filled/hexagon-letter-e.svg,86761eaf5e1cd4d91599bf06ffc4ba539f4d44b63d64747d01be432a1ab2fb0c,0 0 24 24,XML VALID — VISUAL REVIEW PENDING
assets/icons/tabler/filled/hexagon-letter-f.svg,7dd4826ae1714459d22d82839c36a5101f221b51b9087ca315ee28b9c5e2e94b,0 0 24 24,XML VALID — VISUAL REVIEW PENDING
assets/icons/tabler/filled/hexagon-letter-g.svg,c1c471a85c2f5046d0f04b37ccee88867c3c7ac792594c44127bdb94aaa747f9,0 0 24 24,XML VALID — VISUAL REVIEW PENDING
assets/icons/tabler/filled/hexagon-letter-h.svg,e2305d34e287c424f77e4ecbafefb88d9010b7ac7356a45181841c680e3562fa,0 0 24 24,XML VALID — VISUAL REVIEW PENDING
assets/icons/tabler/filled/hexagon-letter-i.svg,eaf36da20b9d5d4ed145c369de32b5701c0cdef6755408290463ab8a3869e00b,0 0 24 24,XML VALID — VISUAL REVIEW PENDING
assets/icons/tabler/filled/hexagon-letter-j.svg,c20cfecdbc923621d858491398d33cd0a852a7ac29515175f694b82cad2ff438,0 0 24 24,XML VALID — VISUAL REVIEW PENDING
assets/icons/tabler/filled/hexagon-letter-k.svg,93c4ab4e091c147811443de1d257458c31cb818c4fa1f35ed32cf6b17a6d939e,0 0 24 24,XML VALID — VISUAL REVIEW PENDING
assets/icons/tabler/filled/hexagon-letter-l.svg,4339c48790f9399a3b21ca0067f6390e54f60a887d17d828bb026ee158866ccf,0 0 24 24,XML VALID — VISUAL REVIEW PENDING
assets/icons/tabler/filled/hexagon-letter-m.svg,6aa4afeffabf89b143e6401fcac5faca54053c49db44a03a9eb92e0454b35d64,0 0 24 24,XML VALID — VISUAL REVIEW PENDING
assets/icons/tabler/filled/hexagon-letter-n.svg,0c42b699f3a1ea2ded4cc19cac6b942480a82802590324d741f594a658fcd0d0,0 0 24 24,XML VALID — VISUAL REVIEW PENDING
assets/icons/tabler/filled/hexagon-letter-o.svg,e4268fc5c2902ca0983922ede70c7060ebed3aa9a293a0059517a9d20235cad9,0 0 24 24,XML VALID — VISUAL REVIEW PENDING
assets/icons/tabler/filled/hexagon-letter-p.svg,66c1292885b64667f81346ac04613802b2a71627b3a23f1ccfcbc5f7d3a0707c,0 0 24 24,XML VALID — VISUAL REVIEW PENDING
assets/icons/tabler/filled/hexagon-letter-q.svg,c63c85c10610f718dfa109e79e0ca51d0aacb18bea908b48a07a29ea823b2f03,0 0 24 24,XML VALID — VISUAL REVIEW PENDING
assets/icons/tabler/filled/hexagon-letter-r.svg,28c8008afce5632e48ebc08c735a9c35fd6c65cd6d6d071cf9b971d0f2419084,0 0 24 24,XML VALID — VISUAL REVIEW PENDING
assets/icons/tabler/filled/hexagon-letter-s.svg,3bf901dd0b5c871d28a0ba40fb5e1e3e45b02a42c37f0eb7c34860ee6fea3234,0 0 24 24,XML VALID — VISUAL REVIEW PENDING
assets/icons/tabler/filled/hexagon-letter-t.svg,a980c723b52ac27bb8147132ea449d9e37d084c1066bbe9fc8bf4cd973ba4e2f,0 0 24 24,XML VALID — VISUAL REVIEW PENDING
assets/icons/tabler/filled/hexagon-letter-u.svg,a7b83748f9db944cd7d5354ae0181da5acd93846226bd8c02809d755fdaa9aba,0 0 24 24,XML VALID — VISUAL REVIEW PENDING
assets/icons/tabler/filled/hexagon-letter-v.svg,23e059e28b284c7a96ca056b36317705c4dc3ca250647600976456e8169e8e50,0 0 24 24,XML VALID — VISUAL REVIEW PENDING
assets/icons/tabler/filled/hexagon-letter-w.svg,6c9d51594ed092b521df51fef643b18808c429e5a1d89f07f0e36f94fefd5909,0 0 24 24,XML VALID — VISUAL REVIEW PENDING
assets/icons/tabler/filled/hexagon-letter-x.svg,23cbf60ae429db02ce953b5e0aea1e69afaa3ba2d9674455d042594d43956843,0 0 24 24,XML VALID — VISUAL REVIEW PENDING
assets/icons/tabler/filled/hexagon-letter-y.svg,e6b5b3724a298ea3ba3f29530dddfdaad71e6bf18144ee67019611202412c18f,0 0 24 24,XML VALID — VISUAL REVIEW PENDING
assets/icons/tabler/filled/hexagon-letter-z.svg,9c216f6ea6066c07c37e53c8ee8762cd59cd54cc4c4cf31a76bed784eefaaf73,0 0 24 24,XML VALID — VISUAL REVIEW PENDING
assets/icons/tabler/filled/hexagon-minus.svg,bc4d49b170538198c494deed72286b9c648873d4e6b0026d68bc6c842d1eb053,0 0 24 24,XML VALID — VISUAL REVIEW PENDING
assets/icons/tabler/filled/hexagon-number-0.svg,d0c47df7c52c8d2e2dfe8ee6e7ffeaec29fb0b3ba6e36a4d295e1ce72b6565c4,0 0 24 24,XML VALID — VISUAL REVIEW PENDING
assets/icons/tabler/filled/hexagon-number-1.svg,eceac094ca670732c0e612d51905beb10db457103d14390978b9293b2c6b6703,0 0 24 24,XML VALID — VISUAL REVIEW PENDING
assets/icons/tabler/filled/hexagon-number-2.svg,0a0f2deb6157bef2d017fc3c83da28a363cfd087b486db0d170345cf578be1c0,0 0 24 24,XML VALID — VISUAL REVIEW PENDING
assets/icons/tabler/filled/hexagon-number-3.svg,83b31a1409a17779a1fb6a90aea4c1c7018772904ba68c275fb86c933ee6ed8a,0 0 24 24,XML VALID — VISUAL REVIEW PENDING
assets/icons/tabler/filled/hexagon-number-4.svg,81e7b2a138044ee23e47e70df8c254cf9a4650fd47860631ffe3a57c1855e058,0 0 24 24,XML VALID — VISUAL REVIEW PENDING
assets/icons/tabler/filled/hexagon-number-5.svg,1242a75c4f728c4ade6e137c89a027a4d47000f889b484d0d2377983263cde6f,0 0 24 24,XML VALID — VISUAL REVIEW PENDING
assets/icons/tabler/filled/hexagon-number-6.svg,5c7e2e9ae1f55ddc9667926ac65042f265e92f473370d7c1fc38eaa766e86ae6,0 0 24 24,XML VALID — VISUAL REVIEW PENDING
assets/icons/tabler/filled/hexagon-number-7.svg,187e5a0645d9e2ae0ae01d8dacfdb21780e415729e02503b9162f0f84fb19eaa,0 0 24 24,XML VALID — VISUAL REVIEW PENDING
assets/icons/tabler/filled/hexagon-number-8.svg,cb5f69c0c67f09a032ff1fbd363ec4411a90ecb49a6ae0eb081b953b4e99def6,0 0 24 24,XML VALID — VISUAL REVIEW PENDING
assets/icons/tabler/filled/hexagon-number-9.svg,199135abd27b5cc810bcc2dace02e0a5202a819ca9c30e07ef3936d9869b0e6a,0 0 24 24,XML VALID — VISUAL REVIEW PENDING
assets/icons/tabler/filled/hexagon-plus.svg,764fcff04b78085ac3031380eb1972034aca28e1db4f26906861192363c40039,0 0 24 24,XML VALID — VISUAL REVIEW PENDING
assets/icons/tabler/filled/hexagon.svg,8d6df06a988ccfc6724d0cb9da3c325d47e7c8217f911cfe606b95fcedf13189,0 0 24 24,XML VALID — VISUAL REVIEW PENDING
assets/icons/tabler/filled/home.svg,bf5d695572d2ebed2db12b96f4521a21b12fbf9aa754e416a3e7c9fef68ea5d4,0 0 24 24,XML VALID — VISUAL REVIEW PENDING
assets/icons/tabler/filled/hospital-circle.svg,ef48ecf8ede2e2f671e9b75f08f7691563e485e578c87ae6bbafa4590dc8064c,0 0 24 24,XML VALID — VISUAL REVIEW PENDING
assets/icons/tabler/filled/hourglass.svg,b073584da094cf7eb2d86c09eedb351413b114e993d10085a5de4ef2c8c46537,0 0 24 24,XML VALID — VISUAL REVIEW PENDING
assets/icons/tabler/filled/icons.svg,9ac0e726ae72aabaf75a768a6c4cb98d242cba22f6a7e07e6517c3151021391e,0 0 24 24,XML VALID — VISUAL REVIEW PENDING
assets/icons/tabler/filled/info-circle.svg,dec0503b4430a19603d2ff47d64aeb32fe6ed72769b052f60d5260a2d6451bf1,0 0 24 24,XML VALID — VISUAL REVIEW PENDING
assets/icons/tabler/filled/info-hexagon.svg,42d5eaa663c0717e697b8b20fa276d94f926b75baef498cbfefe355fd2918d6c,0 0 24 24,XML VALID — VISUAL REVIEW PENDING
assets/icons/tabler/filled/info-octagon.svg,e0a4e6980ded12a4a3fb096e9f81dfc0ef4545b2f44d57537bca262714345146,0 0 24 24,XML VALID — VISUAL REVIEW PENDING
assets/icons/tabler/filled/info-square-rounded.svg,c471e4958abee9d9cdd97ee489d2d9ae4a6dd8caba7494e288323b7e1177d2d2,0 0 24 24,XML VALID — VISUAL REVIEW PENDING
assets/icons/tabler/filled/info-square.svg,8dd595b89f02987ec7c1ad181a85af91e278509ed5372da8e36b78399c135ae6,0 0 24 24,XML VALID — VISUAL REVIEW PENDING
assets/icons/tabler/filled/info-triangle.svg,888aa371db8e6f9f97a67d6061bc0971360806c4aceda65841e63395a5f61953,0 0 24 24,XML VALID — VISUAL REVIEW PENDING
assets/icons/tabler/filled/inner-shadow-bottom-left.svg,dd10a698a69994f00e0671e8f672a165f9044d59c295dd52dad4740d2ee4589d,0 0 24 24,XML VALID — VISUAL REVIEW PENDING
assets/icons/tabler/filled/inner-shadow-bottom-right.svg,dc490cd1b27c7fd7bec703101e19a1d43df32e7b45dbe64492c7d941f8453e9d,0 0 24 24,XML VALID — VISUAL REVIEW PENDING
assets/icons/tabler/filled/inner-shadow-bottom.svg,6219aaa74bd910d4b449b178c81518316a5826064d78d86408fe3aaeaaa0c820,0 0 24 24,XML VALID — VISUAL REVIEW PENDING
assets/icons/tabler/filled/inner-shadow-left.svg,1f34dc3031e26821076a69396c9e016ae8da2a4275da18cf1b9ba5f5bcf113e4,0 0 24 24,XML VALID — VISUAL REVIEW PENDING
assets/icons/tabler/filled/inner-shadow-right.svg,5c13d662c789e79fa4bb9d3d35115614d78994013accedce1fe0d6e05e1e5327,0 0 24 24,XML VALID — VISUAL REVIEW PENDING
assets/icons/tabler/filled/inner-shadow-top-left.svg,92f484338e4195a8c76f17f805882809b36dbed26e08f981a01c9c6e86be9551,0 0 24 24,XML VALID — VISUAL REVIEW PENDING
assets/icons/tabler/filled/inner-shadow-top-right.svg,9d5f3ab2b4d3e0aa901c468a05df416d9a2e42ee42652d398c73be016d09cd52,0 0 24 24,XML VALID — VISUAL REVIEW PENDING
assets/icons/tabler/filled/inner-shadow-top.svg,9ca020fc0cd5e4125da82713844f5b90a42fb5f5db9de48838343d110aa238f4,0 0 24 24,XML VALID — VISUAL REVIEW PENDING
assets/icons/tabler/filled/ironing-1.svg,cabebfe9b6b18b381cda264ecc2bf77e9d2ad0dfec9160d560e4c08a9750969b,0 0 24 24,XML VALID — VISUAL REVIEW PENDING
assets/icons/tabler/filled/ironing-2.svg,e9de58372a7612f0d4d2e6b927b77a9c711a46be3241f3c038b296669dd091de,0 0 24 24,XML VALID — VISUAL REVIEW PENDING
assets/icons/tabler/filled/ironing-3.svg,1436b0a1e081d8780de21dab92055bb322f40ad9d38d0bb4d4421b5179bc143f,0 0 24 24,XML VALID — VISUAL REVIEW PENDING
assets/icons/tabler/filled/ironing-steam.svg,8230078f362dcbd42556a562a182bc7701feb36ce5160019b41cafd8ec7ab669,0 0 24 24,XML VALID — VISUAL REVIEW PENDING
assets/icons/tabler/filled/ironing.svg,7ed8e897fde7c563405b50e9e94189c652e52521baa52596e2cc92054c5b067e,0 0 24 24,XML VALID — VISUAL REVIEW PENDING
assets/icons/tabler/filled/jetpack.svg,dc0edcb7cf68ec6628341647242f703607162fc7177364e3a222a57a20663bdb,0 0 24 24,XML VALID — VISUAL REVIEW PENDING
assets/icons/tabler/filled/jewish-star.svg,55f27196ca6e48a8978e83e321ccc380e08a3c2af33db96e1b0d7a99e0c0d598,0 0 24 24,XML VALID — VISUAL REVIEW PENDING
assets/icons/tabler/filled/key.svg,954d7661a99a5f7f3cd6c1e12d5a9d8f938c2d8f4b0e7b3187ec43b2e1690e86,0 0 24 24,XML VALID — VISUAL REVIEW PENDING
assets/icons/tabler/filled/keyboard.svg,235bbcc9caa91a58579a178ebf294f03088ffac79e97d2e35d1f7555ac113118,0 0 24 24,XML VALID — VISUAL REVIEW PENDING
assets/icons/tabler/filled/keyframe-align-center.svg,405581ce6421b5b717b6e7e6708d61c6c946547ff98ae9a401f2c313e232c805,0 0 24 24,XML VALID — VISUAL REVIEW PENDING
assets/icons/tabler/filled/keyframe-align-horizontal.svg,2cea69899e8552794c74f873d8ba8e6ee6caaab6e222df5cd82f06b756852ee6,0 0 24 24,XML VALID — VISUAL REVIEW PENDING
assets/icons/tabler/filled/keyframe-align-vertical.svg,f066a65520dcba95510152fceac8cfa57e9f530a65cab584f5fed3a7111aa313,0 0 24 24,XML VALID — VISUAL REVIEW PENDING
assets/icons/tabler/filled/keyframe.svg,a02636362735f05d4d2f0c6f3a37ca24d47883c41441dec75fb37a28fb15ef76,0 0 24 24,XML VALID — VISUAL REVIEW PENDING
assets/icons/tabler/filled/keyframes.svg,63cbe512643e5e99fd982c9ce3cace9cdeb04f86ff762f61d8af266219fdc676,0 0 24 24,XML VALID — VISUAL REVIEW PENDING
assets/icons/tabler/filled/label-important.svg,46fb7aeca28b67a6f8e8c0af4327df3fc8c5bf5930e1add6dbb1c1c7f8450150,0 0 24 24,XML VALID — VISUAL REVIEW PENDING
assets/icons/tabler/filled/label.svg,035a5787ebb7198520ac20595c198e2508519f1078ec8831286fb56b207dded5,0 0 24 24,XML VALID — VISUAL REVIEW PENDING
assets/icons/tabler/filled/lasso-polygon.svg,56505bf4f4de40d0409469ee5d4fa8f2525eed39309df0d8649c30b08c46a627,0 0 24 24,XML VALID — VISUAL REVIEW PENDING
assets/icons/tabler/filled/laurel-wreath-1.svg,44fb28a5c337c15d41af46e9098bd834012b3d7c7835ab61d5330b876e323541,0 0 24 24,XML VALID — VISUAL REVIEW PENDING
assets/icons/tabler/filled/laurel-wreath-2.svg,61d0f7d912000ec540f55837e001e37d7d6050ba2a0c7a37336414f3bacca104,0 0 24 24,XML VALID — VISUAL REVIEW PENDING
assets/icons/tabler/filled/laurel-wreath-3.svg,84585eb100ebaab66f285961f9b49ce5d1c075a5164354131efd95c3357a0800,0 0 24 24,XML VALID — VISUAL REVIEW PENDING
assets/icons/tabler/filled/laurel-wreath.svg,c9178c3476ad17cdaf8c6310042b0f8bc78c25779dfc5c5169c3976234cd5387,0 0 24 24,XML VALID — VISUAL REVIEW PENDING
assets/icons/tabler/filled/layout-2.svg,7a7221bd450e546cc97bb4e22ca6729a95546b0f648c1ca2e58a62f5d04c121d,0 0 24 24,XML VALID — VISUAL REVIEW PENDING
assets/icons/tabler/filled/layout-align-bottom.svg,72b590b17a7c7cf2afc8a3d18ada50e1f7d417e346a09706a3a8588466ac2c17,0 0 24 24,XML VALID — VISUAL REVIEW PENDING
assets/icons/tabler/filled/layout-align-center.svg,8684e3034e5f11af6f013ea6173586a04fd62084c36d738cb7c01503fafb8f91,0 0 24 24,XML VALID — VISUAL REVIEW PENDING
assets/icons/tabler/filled/layout-align-left.svg,4681f7e0bfa7cd4c23c3ff1ddf1c50df17dc2cbf3b41d4960091f0cc4210d22a,0 0 24 24,XML VALID — VISUAL REVIEW PENDING
assets/icons/tabler/filled/layout-align-middle.svg,694ea94d3dd7479b78afa1c7281b3c59214a770f6778136d4372b4bea210944b,0 0 24 24,XML VALID — VISUAL REVIEW PENDING
assets/icons/tabler/filled/layout-align-right.svg,00566d44fb19564fe1c3e906978524f1a0fed78df7ab6b63c95242f81c6454cd,0 0 24 24,XML VALID — VISUAL REVIEW PENDING
assets/icons/tabler/filled/layout-align-top.svg,99c8756b86b52b2744aa03a19df4971e43a743fea609d8ac4baddc8b31392f8c,0 0 24 24,XML VALID — VISUAL REVIEW PENDING
assets/icons/tabler/filled/layout-board-split.svg,4258475ac8f11496ad63c8bc13234e96ffe031a83e2a7993f46763d22a9b9670,0 0 24 24,XML VALID — VISUAL REVIEW PENDING
assets/icons/tabler/filled/layout-board.svg,01ee46733528ae061cdc3c3d24becddfa511d27568fb7a280b5f365923d40549,0 0 24 24,XML VALID — VISUAL REVIEW PENDING
assets/icons/tabler/filled/layout-bottombar-collapse.svg,a748e78d829e5142a870541acbd1e53bb567971bd4bbf62c9cc8166fc82225f2,0 0 24 24,XML VALID — VISUAL REVIEW PENDING
assets/icons/tabler/filled/layout-bottombar-expand.svg,999d39ddb33a73e3125fd7c22b7ca0c3d48f207f5cedf15a5f854b5a57d5cfe3,0 0 24 24,XML VALID — VISUAL REVIEW PENDING
assets/icons/tabler/filled/layout-bottombar.svg,f3b6a3d7216d4a5aabba7e6372b050d8a4a379c485289d4d4f665a711775cb49,0 0 24 24,XML VALID — VISUAL REVIEW PENDING
assets/icons/tabler/filled/layout-cards.svg,399e2e9dfec762ba232e35abf6f55776f856706873a98ef74ef941756d49a493,0 0 24 24,XML VALID — VISUAL REVIEW PENDING
assets/icons/tabler/filled/layout-dashboard.svg,d05de74f5ac296725482f1520f2904aff131b9834a24859ed8efcfd2042b43a7,0 0 24 24,XML VALID — VISUAL REVIEW PENDING
assets/icons/tabler/filled/layout-distribute-horizontal.svg,d8c810d2186969d20579e883fbfca5c0e34fe6575445f0a3162695f32776461f,0 0 24 24,XML VALID — VISUAL REVIEW PENDING
assets/icons/tabler/filled/layout-distribute-vertical.svg,e77ae6da05c3f25bee6dc8ba828e5a9f2e945a5be1bd8bc6f84d2146a90ce7d6,0 0 24 24,XML VALID — VISUAL REVIEW PENDING
assets/icons/tabler/filled/layout-grid.svg,1813bb103af8b9fd733587470664a4d8e93acb0aeceebd5a56e3d977176a515e,0 0 24 24,XML VALID — VISUAL REVIEW PENDING
assets/icons/tabler/filled/layout-kanban.svg,80f6ab985c46c28651e6326e65cd37a1f6e45d9d7c19f2b63be4b271f5f7961c,0 0 24 24,XML VALID — VISUAL REVIEW PENDING
assets/icons/tabler/filled/layout-list.svg,628282f258e731965270bd9495ec33c3877fe5901f642d0d902a6554ce4cbaca,0 0 24 24,XML VALID — VISUAL REVIEW PENDING
assets/icons/tabler/filled/layout-navbar-collapse.svg,437d46fd08a5b68c8b862414e2428078bec601ebc7b3335867dddd96a50d5172,0 0 24 24,XML VALID — VISUAL REVIEW PENDING
assets/icons/tabler/filled/layout-navbar-expand.svg,3014a12cf7fdf84a711266500851738817952075c28149f15392fcf9c05dc3e8,0 0 24 24,XML VALID — VISUAL REVIEW PENDING
assets/icons/tabler/filled/layout-navbar.svg,d881bc53f3e179093d5314fc92437105dbff08b1b8607f2e35aa0eeb0ae54657,0 0 24 24,XML VALID — VISUAL REVIEW PENDING
assets/icons/tabler/filled/layout-sidebar-left-collapse.svg,65a41ac4b96020d36eb970494f8806be574788b1a3933b7295fee3d2b2080ff9,0 0 24 24,XML VALID — VISUAL REVIEW PENDING
assets/icons/tabler/filled/layout-sidebar-left-expand.svg,f1559bd8970b6284d325eedb06d1cf4e8fed7514ebdb06c7226261e44f6d4f95,0 0 24 24,XML VALID — VISUAL REVIEW PENDING
assets/icons/tabler/filled/layout-sidebar-right-collapse.svg,f037f5d76b628e9b1977188947d1007ba90617f4dadff0bea1af5fc68643cf72,0 0 24 24,XML VALID — VISUAL REVIEW PENDING
assets/icons/tabler/filled/layout-sidebar-right-expand.svg,b7e0f5f8e544920d194100d144638d841c91b61a1cbc1b2919967bbdbe072a9b,0 0 24 24,XML VALID — VISUAL REVIEW PENDING
assets/icons/tabler/filled/layout-sidebar-right.svg,6d2b5c3f1910f8fe8f92a1e5d8b2743ccd4557069c109da2ec2b0cee9f063c94,0 0 24 24,XML VALID — VISUAL REVIEW PENDING
assets/icons/tabler/filled/layout-sidebar.svg,e4d4a3b2e2e54b70834a579a0c5b68469a2326775a0b41318d7608a98a26e17f,0 0 24 24,XML VALID — VISUAL REVIEW PENDING
assets/icons/tabler/filled/layout.svg,47f316bd89650fcaf823c62866aadf8ac83b0d177d52653278d2778e14503e28,0 0 24 24,XML VALID — VISUAL REVIEW PENDING
assets/icons/tabler/filled/lego.svg,5b9175a4f5d6d9d29ad425315bc990df3d0115a82c7e878ab7a5a71e04a103be,0 0 24 24,XML VALID — VISUAL REVIEW PENDING
assets/icons/tabler/filled/lemon-2.svg,29830d8d1ef51653a759a93693fe1e150fbde66f11893d41a8e6ba36f6fc6742,0 0 24 24,XML VALID — VISUAL REVIEW PENDING
assets/icons/tabler/filled/library-plus.svg,976968d6f1da2a224acd8e78906a8856060cec819d4eab8353607e0f0a7e37ff,0 0 24 24,XML VALID — VISUAL REVIEW PENDING
assets/icons/tabler/filled/library.svg,fb80f2be1cd619e608d46d5a974726d75f08bed1936b878853a8b7b4e839e668,0 0 24 24,XML VALID — VISUAL REVIEW PENDING
assets/icons/tabler/filled/lifebuoy.svg,c7ddc68481b02e895739ce27568ef408f5219a4a6b91dd22ad12d34a1a25ce5f,0 0 24 24,XML VALID — VISUAL REVIEW PENDING
assets/icons/tabler/filled/live-photo.svg,dc6c57a23586e2ba8e69186be9699465f0036dbf03d43dd93b0f6c0db3708f7f,0 0 24 24,XML VALID — VISUAL REVIEW PENDING
assets/icons/tabler/filled/live-view.svg,ef2de5e455ea17127132bfdb2acea227828ae5a3105eedbe579adafc24f11959,0 0 24 24,XML VALID — VISUAL REVIEW PENDING
assets/icons/tabler/filled/location.svg,807e9956fb995b10c2690b3938e59745ce47e7f3e9e84b064b4150e51c702569,0 0 24 24,XML VALID — VISUAL REVIEW PENDING
assets/icons/tabler/filled/lock-square-rounded.svg,78d730f51577f6dcf1ed3a374619f96b01e43366def4af5b1f02d0d94401979a,0 0 24 24,XML VALID — VISUAL REVIEW PENDING
assets/icons/tabler/filled/lock.svg,e4caf13ad45b146661097cc2432f6d21ec865fbba7f90a2e9029dddaf85ee6fb,0 0 24 24,XML VALID — VISUAL REVIEW PENDING
assets/icons/tabler/filled/lungs.svg,f26a51051ec37f6270eae2377b3688301fc10c274538c35ecfec8c9bec063a65,0 0 24 24,XML VALID — VISUAL REVIEW PENDING
assets/icons/tabler/filled/macro.svg,022afda73d2505ab37e9d875d7d72e69a8b120f9eaee3b9b4e05192b2fd27d4b,0 0 24 24,XML VALID — VISUAL REVIEW PENDING
assets/icons/tabler/filled/magnet.svg,21f349fc18085f16acf9405ab9594b3f5c12a0df635f6decaa3438270d798420,0 0 24 24,XML VALID — VISUAL REVIEW PENDING
assets/icons/tabler/filled/mail-opened.svg,7e37b0fe98d4b0651cefa9c05cff613b86691b6f6289a5005760c99a7a44cb66,0 0 24 24,XML VALID — VISUAL REVIEW PENDING
assets/icons/tabler/filled/mail.svg,deba0a89bff71507d45f9326e7a7bc09480720be21b18c1bf40f45c9b83bb76b,0 0 24 24,XML VALID — VISUAL REVIEW PENDING
assets/icons/tabler/filled/man.svg,6a72f733481e79768c318c685160a4432148c2cd173f1b2e90e7b8ce4b3ae54b,0 0 24 24,XML VALID — VISUAL REVIEW PENDING
assets/icons/tabler/filled/manual-gearbox.svg,edc4e4c5ce0b7dc7421b0ec1dc38ccc19ff33d68e20e564249e4981ce3781233,0 0 24 24,XML VALID — VISUAL REVIEW PENDING
assets/icons/tabler/filled/map-pin.svg,609e3d901084187661369bca18ba1a388427020346ec18ca30e45ca2a2546195,0 0 24 24,XML VALID — VISUAL REVIEW PENDING
assets/icons/tabler/filled/medical-cross.svg,3c397e7105bfe70da5992c913ebafe32e415efee3f9b53bc2359ff5d2e4111af,0 0 24 24,XML VALID — VISUAL REVIEW PENDING
assets/icons/tabler/filled/meeple.svg,a9dc568ba8e7ea04977220b611663c9cf228bae19ef93bf30a7531fa8e44d6e0,0 0 24 24,XML VALID — VISUAL REVIEW PENDING
assets/icons/tabler/filled/melon.svg,3ffaedf61dd300955f2e05ab9346bc5e443aa4f536cf00779bc537898d961d37,0 0 24 24,XML VALID — VISUAL REVIEW PENDING
assets/icons/tabler/filled/message-2.svg,1c3e4868466cfaebd9fc43de09e9e68b86fc07ab0809a1bdca80ce4301a806ff,0 0 24 24,XML VALID — VISUAL REVIEW PENDING
assets/icons/tabler/filled/message-chatbot.svg,99ffde733de48712bfea80cfa5bb918e82311dc28015d6a6f744ab90f40fd74c,0 0 24 24,XML VALID — VISUAL REVIEW PENDING
assets/icons/tabler/filled/message-circle.svg,edc23c42012efb8f70fdf35d00144ffc209199e533799d6588ba2a00ee62680d,0 0 24 24,XML VALID — VISUAL REVIEW PENDING
assets/icons/tabler/filled/message-report.svg,46ad2f7a137879d3c81148a6b2cf56b19bccd26fc536c8183ead0200e66a23d1,0 0 24 24,XML VALID — VISUAL REVIEW PENDING
assets/icons/tabler/filled/message.svg,b64b65fb33685d2eae33024c417a12d8af0412738f1125d2ef597707309514b8,0 0 24 24,XML VALID — VISUAL REVIEW PENDING
assets/icons/tabler/filled/meteor.svg,162cfe59c93d9743d9e6a38af2e3bfb399351164258e9530c12823a4c6ec46ae,0 0 24 24,XML VALID — VISUAL REVIEW PENDING
assets/icons/tabler/filled/michelin-star.svg,431dcb6ab5a0711d8eed5fcb7c3ed501b428f0bea697efc227c2ba2ffe52ff58,0 0 24 24,XML VALID — VISUAL REVIEW PENDING
assets/icons/tabler/filled/mickey.svg,1753daaccdc7b1c53f48cb259251012af2c50b1f2d11f8284e792b5d659f0898,0 0 24 24,XML VALID — VISUAL REVIEW PENDING
assets/icons/tabler/filled/microphone.svg,4a5ae03b64fb5133ff3bf98e01c498c785ad16a1791136281420a3856b3cc063,0 0 24 24,XML VALID — VISUAL REVIEW PENDING
assets/icons/tabler/filled/microscope.svg,b91892c84bc4f32ff3810114a96f3fe2a86a03b31c92cd8dd956a14364213a9b,0 0 24 24,XML VALID — VISUAL REVIEW PENDING
assets/icons/tabler/filled/microwave.svg,b54a63a005a64f5ff34ec2cb8e188c0da7fe36f7bb00d77f2e3650e068fbefc6,0 0 24 24,XML VALID — VISUAL REVIEW PENDING
assets/icons/tabler/filled/military-rank.svg,817fb275df977f1dbb2de13dfd3f1763c8f3e5b578fa1f144628b3e8ff9dc899,0 0 24 24,XML VALID — VISUAL REVIEW PENDING
assets/icons/tabler/filled/milk.svg,218b645947e8e7680380062bb035d6ce45d8e4b07f49cd388f9ef299726880db,0 0 24 24,XML VALID — VISUAL REVIEW PENDING
assets/icons/tabler/filled/mood-angry.svg,4873155614cd037f0050782467bca72ae70b33506957397630dd22f39d7655f3,0 0 24 24,XML VALID — VISUAL REVIEW PENDING
assets/icons/tabler/filled/mood-confuzed.svg,953bb0f63d5eeabd3889ae610679bb99340ceba4dc00cd49fca1aeaf57628e8a,0 0 24 24,XML VALID — VISUAL REVIEW PENDING
assets/icons/tabler/filled/mood-crazy-happy.svg,13069139ce02dc6d57208a1c0782bdae0b1c6d14aa5073588355678f2901ba6d,0 0 24 24,XML VALID — VISUAL REVIEW PENDING
assets/icons/tabler/filled/mood-empty.svg,9487e6ab08b2e0112236ae556d54f93507668c1ed1f9f83182ab340320acf680,0 0 24 24,XML VALID — VISUAL REVIEW PENDING
assets/icons/tabler/filled/mood-happy.svg,553c43a3da95920d4b4fd37e086e4b78e3d3420d374e91bbd44d6923e13e63b2,0 0 24 24,XML VALID — VISUAL REVIEW PENDING
assets/icons/tabler/filled/mood-kid.svg,06b8f18bcbc1e5ba8530bc56e983dcc44cd5486729011843555dd105923f2f71,0 0 24 24,XML VALID — VISUAL REVIEW PENDING
assets/icons/tabler/filled/mood-neutral.svg,d3e7d449cf598069793ac1e6177f81fc83bcdf83d4a055e1671f1fa79326e221,0 0 24 24,XML VALID — VISUAL REVIEW PENDING
assets/icons/tabler/filled/mood-sad.svg,22467153306512517cd689793eaabd1a6d18f32fa5e61c07d6eef623f2e5ee5e,0 0 24 24,XML VALID — VISUAL REVIEW PENDING
assets/icons/tabler/filled/mood-smile.svg,397de62c12006f10780ace1fe7760e144136f51b555a20af9a31f25d41ca070e,0 0 24 24,XML VALID — VISUAL REVIEW PENDING
assets/icons/tabler/filled/mood-wrrr.svg,e18715df35c7381046725e4111d22b5cc6bc2ed51689ea6be930618d54672aee,0 0 24 24,XML VALID — VISUAL REVIEW PENDING
assets/icons/tabler/filled/moon.svg,186333544b56eb78b2fc3fb940ba0ae913a440644f022b9c3f1281744bbdd360,0 0 24 24,XML VALID — VISUAL REVIEW PENDING
assets/icons/tabler/filled/motorbike.svg,478103e31ef959c9feb5170dcac68b908dff346e179d583c0931ebbaba767491,0 0 24 24,XML VALID — VISUAL REVIEW PENDING
assets/icons/tabler/filled/mountain.svg,ef3c4b7f6c4c6b3d4415e58769c7db2bb5fddfc3c374e67aefe7b38456709427,0 0 24 24,XML VALID — VISUAL REVIEW PENDING
assets/icons/tabler/filled/mouse.svg,12944ee82f6de8d4932368d4080d38bb699274f0e1de6212b8269aeae746955e,0 0 24 24,XML VALID — VISUAL REVIEW PENDING
assets/icons/tabler/filled/mug.svg,6574ba5a0aaac697a7193fe667b32d57495860597cb525c38a55c71fa05d3948,0 0 24 24,XML VALID — VISUAL REVIEW PENDING
assets/icons/tabler/filled/mushroom.svg,cc0a1e0b907a3bbdd18bb79238a60b6579d0e4afb4db432c6d62f2275e6aa5cb,0 0 24 24,XML VALID — VISUAL REVIEW PENDING
assets/icons/tabler/filled/navigation.svg,6344d2b85755ed25d8cc835103b3d1a21b288e1357850c7ee791d72dd1211260,0 0 24 24,XML VALID — VISUAL REVIEW PENDING
assets/icons/tabler/filled/nurse.svg,33e89ce4849de1aa3e9c52ac6a43bb749ef070b730151c3bf4f282453d3d61c6,0 0 24 24,XML VALID — VISUAL REVIEW PENDING
assets/icons/tabler/filled/octagon-minus.svg,ace71c1d541c23786487c54909e733d62d8a030e63d54efed0febf7f60abcb77,0 0 24 24,XML VALID — VISUAL REVIEW PENDING
assets/icons/tabler/filled/octagon-plus.svg,814dbe5c92343a90673e4d68b41377f319aa69aaf1b8f3c8a41ebf63ad0b2df4,0 0 24 24,XML VALID — VISUAL REVIEW PENDING
assets/icons/tabler/filled/octagon.svg,240328937b8c03eb417fdd2166e361957c8b95e4f78a5a63e8cc2e3188802d9f,0 0 24 24,XML VALID — VISUAL REVIEW PENDING
assets/icons/tabler/filled/oval-vertical.svg,c835d3bae44347e4c78784d615ff3a68c2c17c65fafd35eaed38d9775ff2edd6,0 0 24 24,XML VALID — VISUAL REVIEW PENDING
assets/icons/tabler/filled/oval.svg,7f891cfeefe356ce7eba9ff029eb5f2721ae6e79c00b8d66636e038f6dc22b0b,0 0 24 24,XML VALID — VISUAL REVIEW PENDING
assets/icons/tabler/filled/paint.svg,76283eae79a4a3adbf0b5feae4d140e587200f801254584b9efa812dc1a1e08d,0 0 24 24,XML VALID — VISUAL REVIEW PENDING
assets/icons/tabler/filled/palette.svg,4ee035309db718652191c4358a9344190fd299a336df58f81b90920f3d22fcab,0 0 24 24,XML VALID — VISUAL REVIEW PENDING
assets/icons/tabler/filled/panorama-horizontal.svg,67d8c4095c0ab5f9639f051ee446134c2b1193138ba9cb5292763bb682162cd2,0 0 24 24,XML VALID — VISUAL REVIEW PENDING
assets/icons/tabler/filled/panorama-vertical.svg,bb0dd9a6395452d4f2895088c28e8ab5d839932b0127df0b8067fb31e590da6b,0 0 24 24,XML VALID — VISUAL REVIEW PENDING
assets/icons/tabler/filled/parking-circle.svg,3f2714ebd5c9fc4104812f4d8752b67cbe14124d17607e4b5652cd2dfb7a22a1,0 0 24 24,XML VALID — VISUAL REVIEW PENDING
assets/icons/tabler/filled/paw.svg,fc1fdf9477db8b34bd49d04ed13ca227b3c6b6836e350e95707b1c15d9450773,0 0 24 24,XML VALID — VISUAL REVIEW PENDING
assets/icons/tabler/filled/pennant-2.svg,7f9f7829af87eb0c07552ab18faa3dfeed99539409f14ab63d9d1326f95429c0,0 0 24 24,XML VALID — VISUAL REVIEW PENDING
assets/icons/tabler/filled/pennant.svg,3d405a396c71bb719776bb2efd23591b99d589d58c295c17a17658a3134acce0,0 0 24 24,XML VALID — VISUAL REVIEW PENDING
assets/icons/tabler/filled/pentagon.svg,f13c6fd40402a00f5bdc8dcbe2a4f2d964c111a83cac2e7e556ad33f96ab437d,0 0 24 24,XML VALID — VISUAL REVIEW PENDING
assets/icons/tabler/filled/phone.svg,6c7bbed7925b7200de87a1e33de755021cf4d7ba029f487481fba4b9d543932b,0 0 24 24,XML VALID — VISUAL REVIEW PENDING
assets/icons/tabler/filled/photo.svg,274d644e00e78587a8c54f85fca4c59d5d986aab4f3879fd3205ed78ccc3a33b,0 0 24 24,XML VALID — VISUAL REVIEW PENDING
assets/icons/tabler/filled/picture-in-picture-top.svg,16cde4137ae36cf01d3db390a1ca04c1b65a4061c1753c17a230a354ae29cbc4,0 0 24 24,XML VALID — VISUAL REVIEW PENDING
assets/icons/tabler/filled/picture-in-picture.svg,779eed576c17f82a2753988a68e7f1d5e50ef7e5be621b00d2a4fb019b94b13f,0 0 24 24,XML VALID — VISUAL REVIEW PENDING
assets/icons/tabler/filled/pig.svg,f1068d68f2af52f8a6447c391e01b7989be19385eef30c12b766a3f849262311,0 0 24 24,XML VALID — VISUAL REVIEW PENDING
assets/icons/tabler/filled/pill.svg,93f60691b2e4536b7dd0c9848795900b12a84eee1ff65d327c57d851f8763569,0 0 24 24,XML VALID — VISUAL REVIEW PENDING
assets/icons/tabler/filled/pin.svg,9f07dfce649e5f3d32b2b4bc639580a4f38a59c948d94f3aad2a4e7e14c01cda,0 0 24 24,XML VALID — VISUAL REVIEW PENDING
assets/icons/tabler/filled/pinned.svg,4f98b63cf65909a95ad268633b54f9076152bbfea55f9d8e200f2549a5d30afd,0 0 24 24,XML VALID — VISUAL REVIEW PENDING
assets/icons/tabler/filled/pizza.svg,ac3419cf10858c28ba19f873fae40171d95775ebb2c09ac536de2e917d59508b,0 0 24 24,XML VALID — VISUAL REVIEW PENDING
assets/icons/tabler/filled/play-card-1.svg,26aa21410b48f6adb20c5dd7d0e261a02974e67f7c57f9538357ea6ec4422e7e,0 0 24 24,XML VALID — VISUAL REVIEW PENDING
assets/icons/tabler/filled/play-card-10.svg,c48aa7a0fb6718af6135e684ac74ec5692eaa3adbc3494e39b1923e7bae713e7,0 0 24 24,XML VALID — VISUAL REVIEW PENDING
assets/icons/tabler/filled/play-card-2.svg,0a86879df5a17695942d7692b744087f74fa7751a49652a8a12e812667511cb2,0 0 24 24,XML VALID — VISUAL REVIEW PENDING
assets/icons/tabler/filled/play-card-3.svg,c98833b3a891a808e14c0dfe0794e9964c769370cdf94d9400d80e73727e0626,0 0 24 24,XML VALID — VISUAL REVIEW PENDING
assets/icons/tabler/filled/play-card-4.svg,d27387c1cc94e475adc36575474b6b65851c4b927f9e89e4b9892df6bd82b5a6,0 0 24 24,XML VALID — VISUAL REVIEW PENDING
assets/icons/tabler/filled/play-card-5.svg,19012188da5076919f263d04d38be1911a4f10b553d32a75357f1b90f5d9b166,0 0 24 24,XML VALID — VISUAL REVIEW PENDING
assets/icons/tabler/filled/play-card-6.svg,431fc0a1d997de454a6fa5f28a594929327e584ff0a0ce50fc66d18d9d68052b,0 0 24 24,XML VALID — VISUAL REVIEW PENDING
assets/icons/tabler/filled/play-card-7.svg,b945133cfb41baba0fd74982e92915fea1e1dc0cfbeb94915ee4018e13007d73,0 0 24 24,XML VALID — VISUAL REVIEW PENDING
assets/icons/tabler/filled/play-card-8.svg,6a982d6109f868adaf9391fc468870cc240c2101285d041a9d429f7f2761a3ec,0 0 24 24,XML VALID — VISUAL REVIEW PENDING
assets/icons/tabler/filled/play-card-9.svg,5cf36a28913197b17db32b05a90a21609ebd8869dcde51ef93baebc147b18556,0 0 24 24,XML VALID — VISUAL REVIEW PENDING
assets/icons/tabler/filled/play-card-a.svg,3f0f7ce6246047b53bfff7676cf64340005ee0320e22eae742c1f77aebe2293b,0 0 24 24,XML VALID — VISUAL REVIEW PENDING
assets/icons/tabler/filled/play-card-j.svg,1553a632309f2812cded649703dd4d9ab5183db0c26590514fdf5b0c3cbd49ea,0 0 24 24,XML VALID — VISUAL REVIEW PENDING
assets/icons/tabler/filled/play-card-k.svg,508f6eacac5ed40a34cecfbe08e6e4278a49726f797a56f14c9965f160dc4c75,0 0 24 24,XML VALID — VISUAL REVIEW PENDING
assets/icons/tabler/filled/play-card-q.svg,2d4a314022f9aeba39e9d47d2237b3dba161895bdb441cb6b7acba2ef43d029c,0 0 24 24,XML VALID — VISUAL REVIEW PENDING
assets/icons/tabler/filled/play-card-star.svg,51a80a7c06660a45cf5f28c3452c3ebb0d8deabd5122c46f377e89875eb9680c,0 0 24 24,XML VALID — VISUAL REVIEW PENDING
assets/icons/tabler/filled/player-eject.svg,1f09b036fae83fa4177ff7279016888c8eb25bea835f44752ff44e90f1895130,0 0 24 24,XML VALID — VISUAL REVIEW PENDING
assets/icons/tabler/filled/player-pause.svg,c845acd0a7056888f24c17e6e87e4323728406dd3a2b28cf100bc7c2dd08e743,0 0 24 24,XML VALID — VISUAL REVIEW PENDING
assets/icons/tabler/filled/player-play.svg,7d12f52199ddd2e8b9b2bcfe3847dac19721c89b4103c6780d8c71c16803047d,0 0 24 24,XML VALID — VISUAL REVIEW PENDING
assets/icons/tabler/filled/player-record.svg,45b74cb59cc2269d00db3d5e85429e8e31037dbc014ccd4300f10a3484950c3b,0 0 24 24,XML VALID — VISUAL REVIEW PENDING
assets/icons/tabler/filled/player-skip-back.svg,b8f2a6241f5f178809673baa08ed12b96ecfe3add1656b452a7718e5122373d9,0 0 24 24,XML VALID — VISUAL REVIEW PENDING
assets/icons/tabler/filled/player-skip-forward.svg,f67ac48c9ec5b340b22c0b3c638298670bb979afb119d7ee65953c9bfeaabcbc,0 0 24 24,XML VALID — VISUAL REVIEW PENDING
assets/icons/tabler/filled/player-stop.svg,3cc244d4911dc896fc268c359ed638d22586f7964fc6bb6a89c3bb26f2d18992,0 0 24 24,XML VALID — VISUAL REVIEW PENDING
assets/icons/tabler/filled/player-track-next.svg,91c634f12f6d6fdac0fe58e58c6dc050cc08f9f7fc7375640f408afc1fe05482,0 0 24 24,XML VALID — VISUAL REVIEW PENDING
assets/icons/tabler/filled/player-track-prev.svg,27c97e7f5a1cb61e280beca0c7916a80309a43d78410c480d7c8cf7e4bb781e0,0 0 24 24,XML VALID — VISUAL REVIEW PENDING
assets/icons/tabler/filled/point.svg,50a76925acf486861af6034ac47b0380976f982fef6cf17dc763c38949e4c664,0 0 24 24,XML VALID — VISUAL REVIEW PENDING
assets/icons/tabler/filled/pointer.svg,2d5666122e661e93c8fc73c6e6d630ba3352401017d09bafd1fd07907f256f41,0 0 24 24,XML VALID — VISUAL REVIEW PENDING
assets/icons/tabler/filled/polaroid.svg,1dd6ac162b2c388f4536e76d3a627f2f63cf1eb7131b3fbd19543ea8383d9ad9,0 0 24 24,XML VALID — VISUAL REVIEW PENDING
assets/icons/tabler/filled/poo.svg,0d1da8b483cdf6a67437f9b7f86adfc1179825290879daa7be77968d5e877957,0 0 24 24,XML VALID — VISUAL REVIEW PENDING
assets/icons/tabler/filled/presentation-analytics.svg,dbe2b38e9fd752e93e57eaf3753874e45169517da2b6ea8c09f0028d22408ded,0 0 24 24,XML VALID — VISUAL REVIEW PENDING
assets/icons/tabler/filled/presentation.svg,675c4f0d446921a327ac85c4a8725cf29ab81d0012e16930a7aa3f5a8a8858a8,0 0 24 24,XML VALID — VISUAL REVIEW PENDING
assets/icons/tabler/filled/puzzle.svg,d7c2bfbaee23bb4f916f3bbacdf8b67454e6f3648bd83a3a6eff1e55eeb3b3b1,0 0 24 24,XML VALID — VISUAL REVIEW PENDING
assets/icons/tabler/filled/quote.svg,e101f942d4e938cd307f5c4738ff6b5563a6812db531a1cea52c665db97b1678,0 0 24 24,XML VALID — VISUAL REVIEW PENDING
assets/icons/tabler/filled/radar.svg,0cb4f344ddd3e28e53a189b4e66395d653359af123e769fed4b7790088bb2b25,0 0 24 24,XML VALID — VISUAL REVIEW PENDING
assets/icons/tabler/filled/radioactive.svg,d6fedba03dd0db162787041ed7735e063bd7690d851d96e3a03333ec37beea5d,0 0 24 24,XML VALID — VISUAL REVIEW PENDING
assets/icons/tabler/filled/receipt-dollar.svg,9d5904eba12200c7c9f2a8e04a9620a35c4a9d447d19f427220b9a0fd0a2b301,0 0 24 24,XML VALID — VISUAL REVIEW PENDING
assets/icons/tabler/filled/receipt-euro.svg,4a7720423266d44ec2fc48a53717fb14eda795feb8a4601a6ad510edbed643d9,0 0 24 24,XML VALID — VISUAL REVIEW PENDING
assets/icons/tabler/filled/receipt-pound.svg,83bc1aa34e1d3393dcc065aa6b6ebceb3c18c3dd4d4a161f3b29bdf64e48d9c1,0 0 24 24,XML VALID — VISUAL REVIEW PENDING
assets/icons/tabler/filled/receipt-rupee.svg,19ec85ba6c51480f6e18d62c9e13dc494f253253169d98fd4b6f119dda13d1f9,0 0 24 24,XML VALID — VISUAL REVIEW PENDING
assets/icons/tabler/filled/receipt-yen.svg,97c3babcf8be34c655857c3bf9cb1aa4a18ac8a119431f75931562e95424cf5b,0 0 24 24,XML VALID — VISUAL REVIEW PENDING
assets/icons/tabler/filled/receipt-yuan.svg,fec4cdfd0f2ee6aeca0abc129051080bef84bb28c4bac7701f1a52afbb883814,0 0 24 24,XML VALID — VISUAL REVIEW PENDING
assets/icons/tabler/filled/receipt.svg,91780052cce596c2aa65b6bd33199c0c2f5bc8177912ec7eac15d74b58f3907f,0 0 24 24,XML VALID — VISUAL REVIEW PENDING
assets/icons/tabler/filled/rectangle-vertical.svg,cd3a46ea48f44541208be934077ec1e07fbfe213c0728eddc57b1d2d7e5f4bd4,0 0 24 24,XML VALID — VISUAL REVIEW PENDING
assets/icons/tabler/filled/rectangle.svg,eb254bb2750eaa9ae44c09e3e5620030d630d6fe9480650ffdbd98fa4c471076,0 0 24 24,XML VALID — VISUAL REVIEW PENDING
assets/icons/tabler/filled/registered.svg,29ed10488f1fd58cea9f97631719799da8f4e3942e1a63d807240b6235ff90e7,0 0 24 24,XML VALID — VISUAL REVIEW PENDING
assets/icons/tabler/filled/relation-many-to-many.svg,1c70d087ae57b0f6ced0d6e541654d734e136a3e5b2bdcf36c03c4fdfae071af,0 0 24 24,XML VALID — VISUAL REVIEW PENDING
assets/icons/tabler/filled/relation-one-to-many.svg,e71200bdecb297975a7637bcc9586945d5ec844e53f2bd7ce272d7437d2071b8,0 0 24 24,XML VALID — VISUAL REVIEW PENDING
assets/icons/tabler/filled/relation-one-to-one.svg,49412121dc30b71727bf5929518297d5316055c0add0c9ef8a6f4d28c0bdfd9f,0 0 24 24,XML VALID — VISUAL REVIEW PENDING
assets/icons/tabler/filled/replace.svg,0e7a8094df6cf8d55ea57f1d73a63967c4055aa773eaac092a6e46a0a123337d,0 0 24 24,XML VALID — VISUAL REVIEW PENDING
assets/icons/tabler/filled/rollercoaster.svg,07a9614d384df9748cbe1c8b54067a139477d56b6e95ca827e31552ebc017549,0 0 24 24,XML VALID — VISUAL REVIEW PENDING
assets/icons/tabler/filled/rosette-discount-check.svg,197b11a84eed93df83901cc6501e6b47c5792ed51e4c08fa784435b442a15a07,0 0 24 24,XML VALID — VISUAL REVIEW PENDING
assets/icons/tabler/filled/rosette-discount.svg,17b76b6a4b5ffa579bfea7ae7e65295ab15de318e4f00d85a5ed45d0adcaee2e,0 0 24 24,XML VALID — VISUAL REVIEW PENDING
assets/icons/tabler/filled/rosette.svg,345454224cd28f21898b819e64ee56c4cf4a555a812f630f8208bfd1b5727997,0 0 24 24,XML VALID — VISUAL REVIEW PENDING
assets/icons/tabler/filled/salad.svg,1a8d5597e5fbf8cd0972db5e9882bf1b354fe9f8169c3e91e8ceb8a54cb3a8dd,0 0 24 24,XML VALID — VISUAL REVIEW PENDING
assets/icons/tabler/filled/scuba-diving-tank.svg,93de557764e649a8a8fbd1719989f603c3c2c9e5f4d0ec1c47536b998ca389d3,0 0 24 24,XML VALID — VISUAL REVIEW PENDING
assets/icons/tabler/filled/section.svg,636eccacb1d8764291e257203f38e27eb2350c829b32cf9c3ecb158418efbc8d,0 0 24 24,XML VALID — VISUAL REVIEW PENDING
assets/icons/tabler/filled/seedling.svg,8f3d0ad4e3f4e8f0005b0abe8fd79e3247331e286c89ed58911c1b12146d56d6,0 0 24 24,XML VALID — VISUAL REVIEW PENDING
assets/icons/tabler/filled/settings.svg,b75422884ac0b6aab173424a2c36ef1b3334ec827daf674b59808c677ede3027,0 0 24 24,XML VALID — VISUAL REVIEW PENDING
assets/icons/tabler/filled/shield-check.svg,830737fbb31668260664410ce2fa01252cd5a02d9b4bdcfd49bdde4298de497b,0 0 24 24,XML VALID — VISUAL REVIEW PENDING
assets/icons/tabler/filled/shield-checkered.svg,52cf0adb8809a0efcc891b162f3b39b0696cc8bdc4680f21ece55bd06ea0c1ad,0 0 24 24,XML VALID — VISUAL REVIEW PENDING
assets/icons/tabler/filled/shield-half.svg,cb24aba51cd891024871695a1d58d51e9285c3fd12d9ced3b112a385be3fdbc7,0 0 24 24,XML VALID — VISUAL REVIEW PENDING
assets/icons/tabler/filled/shield-lock.svg,e16f103bc07e083687cbb7996e0d3794db12a71199dd16ea720bbebbb0a0b9cb,0 0 24 24,XML VALID — VISUAL REVIEW PENDING
assets/icons/tabler/filled/shield.svg,aefd8b8dec01d7d638f3fa36db43284822a8a54638c78dc147e66361c480f916,0 0 24 24,XML VALID — VISUAL REVIEW PENDING
assets/icons/tabler/filled/shirt.svg,a9798a5c45aebbf95c85d6d4e0138c558f70d799c90515e9ac789a47a4e7684b,0 0 24 24,XML VALID — VISUAL REVIEW PENDING
assets/icons/tabler/filled/shopping-cart.svg,7ba40e0aa2fcf6f413104f488945210059fba431c6674d10358ff826dea0200e,0 0 24 24,XML VALID — VISUAL REVIEW PENDING
assets/icons/tabler/filled/sign-left.svg,ca9f9abd0b042ecf101679866cde6452d65800729095341c22fb6f7be9ae3fc3,0 0 24 24,XML VALID — VISUAL REVIEW PENDING
assets/icons/tabler/filled/sign-right.svg,7d931272328f89744d8fd3c484084c7d80666fc768b0d7f610e5b63f6cfccc0a,0 0 24 24,XML VALID — VISUAL REVIEW PENDING
assets/icons/tabler/filled/sitemap.svg,80ab1f1ac252a988ebc31e5df710b84660ad42abcbaae38fbd1a1b71d4292847,0 0 24 24,XML VALID — VISUAL REVIEW PENDING
assets/icons/tabler/filled/sort-ascending-2.svg,f1be9d5c9c657960422839375d0b8445a3fbaeeefba0c24d1fcf01cebfe5e5e3,0 0 24 24,XML VALID — VISUAL REVIEW PENDING
assets/icons/tabler/filled/sort-ascending-shapes.svg,94b059c4065b4f72ac626f51c637eb19c4047b9b67dcb78db5615d25efbb2a6e,0 0 24 24,XML VALID — VISUAL REVIEW PENDING
assets/icons/tabler/filled/sort-descending-2.svg,be44081c46d0fd2d07918bc28b7d6c26275a1c7bbd7785a4bb6a574103d70d57,0 0 24 24,XML VALID — VISUAL REVIEW PENDING
assets/icons/tabler/filled/sort-descending-shapes.svg,b4ef8cc122541adf8bb68b42bacec372b39dd8dc986a1e5b16e7956a23e7342b,0 0 24 24,XML VALID — VISUAL REVIEW PENDING
assets/icons/tabler/filled/soup.svg,4c1727cdf57efaca5cf563d24f4ddb7344a14705d3d677343b96b25d886753ea,0 0 24 24,XML VALID — VISUAL REVIEW PENDING
assets/icons/tabler/filled/spade.svg,faa879b948398e4af10d483dc297f702834f54d99d154dd2b7a61cf5a1864eae,0 0 24 24,XML VALID — VISUAL REVIEW PENDING
assets/icons/tabler/filled/speedboat.svg,5e1e3987bc2c3985f9c6c7f35769a783303529bc6068bd47881b7fcaa0ada319,0 0 24 24,XML VALID — VISUAL REVIEW PENDING
assets/icons/tabler/filled/spider.svg,96c57d30db8dd0712c512628a0bd22983e2d45c41e898a3c767cbc5b1f83ccc3,0 0 24 24,XML VALID — VISUAL REVIEW PENDING
assets/icons/tabler/filled/square-arrow-down.svg,f50a7f9498fd6a579fc66c48f1296554df2af8df52fd811c0e148ca1233112cc,0 0 24 24,XML VALID — VISUAL REVIEW PENDING
assets/icons/tabler/filled/square-arrow-left.svg,a930c855948028f77e66458e1f3ad8ff0075dd1379c686542633ce8d8d75cb5f,0 0 24 24,XML VALID — VISUAL REVIEW PENDING
assets/icons/tabler/filled/square-arrow-right.svg,bf4741f295353a30792974b9ced74fe0e4d65a527db54488d92bd4efa70c5518,0 0 24 24,XML VALID — VISUAL REVIEW PENDING
assets/icons/tabler/filled/square-arrow-up.svg,a00ccd81de2e9d814f77914e87c0a3025d35cfbef55ee616db645966990cd6aa,0 0 24 24,XML VALID — VISUAL REVIEW PENDING
assets/icons/tabler/filled/square-asterisk.svg,52672d3a79df4f07496a0cdda3d8ea07aba91b2f51f1ebd6829f72b1817c0170,0 0 24 24,XML VALID — VISUAL REVIEW PENDING
assets/icons/tabler/filled/square-check.svg,3fbaf1de0ae242fed8562ee58558f2cc0ff0e88c14959c4a9246426d820864bc,0 0 24 24,XML VALID — VISUAL REVIEW PENDING
assets/icons/tabler/filled/square-chevron-down.svg,1d5ebda716c79d8d6f2afb15b0c34527f437d6dc3262e6c76b8c20dbdcbc4ed3,0 0 24 24,XML VALID — VISUAL REVIEW PENDING
assets/icons/tabler/filled/square-chevron-left.svg,0684f7717259d98b7e04a3bc3cef8e8bec6236b9808b8eb2b614bdb703ab8057,0 0 24 24,XML VALID — VISUAL REVIEW PENDING
assets/icons/tabler/filled/square-chevron-right.svg,2113305ad44a08c611065e78c775d4286680a823be99c723a46314e8ee70ffaf,0 0 24 24,XML VALID — VISUAL REVIEW PENDING
assets/icons/tabler/filled/square-chevron-up.svg,65d6ecc6967be3b9889f2be2665338441079a296c64f4ad22c2994a055ba46eb,0 0 24 24,XML VALID — VISUAL REVIEW PENDING
assets/icons/tabler/filled/square-chevrons-down.svg,dac64443c4680f98a0f0dac29c95e9eadd04870d2a137dd472404c804a643f52,0 0 24 24,XML VALID — VISUAL REVIEW PENDING
assets/icons/tabler/filled/square-chevrons-left.svg,da02a4a8870af3d7e9b52faffcf550c3888bae2a137a8d32bedac57f1f626dd8,0 0 24 24,XML VALID — VISUAL REVIEW PENDING
assets/icons/tabler/filled/square-chevrons-right.svg,a13b8b19953441f17f6398b954d985fd131cc64b4c0c3251a26ed4b5e3a59027,0 0 24 24,XML VALID — VISUAL REVIEW PENDING
assets/icons/tabler/filled/square-chevrons-up.svg,bedf0893e301f0a249d841876fa4be7364f3af5ec02201a4580fb7b7dcd46deb,0 0 24 24,XML VALID — VISUAL REVIEW PENDING
assets/icons/tabler/filled/square-dot.svg,5d105c8716250b3cba4aa9ff6ac0fef1fe3297b8d1047a18491dac34bee09988,0 0 24 24,XML VALID — VISUAL REVIEW PENDING
assets/icons/tabler/filled/square-f0.svg,1b5c5bf98ba70abb068221d37358f4619ebee10cd90ea66dc3926dd9b98e763a,0 0 24 24,XML VALID — VISUAL REVIEW PENDING
assets/icons/tabler/filled/square-f1.svg,a071762439857d6d5d32004d55707e42c87c0d96223f7e83209d33cf8aaa18b5,0 0 24 24,XML VALID — VISUAL REVIEW PENDING
assets/icons/tabler/filled/square-f2.svg,6fdeab8d7db8f25c086cb951aa76501d2ef606e214ca1bb20c302fe3ec686b34,0 0 24 24,XML VALID — VISUAL REVIEW PENDING
assets/icons/tabler/filled/square-f3.svg,046c08415f3838125cfc162515ee480901f8a64698087581a997f8987df8352b,0 0 24 24,XML VALID — VISUAL REVIEW PENDING
assets/icons/tabler/filled/square-f4.svg,8dc18df13883d65048f0c6ec21a0c18b87cb2316b2bf9a7b4d05a9b64f0eebdd,0 0 24 24,XML VALID — VISUAL REVIEW PENDING
assets/icons/tabler/filled/square-f5.svg,153e32345580b0f51ecddbd0efbdc6309fde85c8e3323fd8f5b97717fe2f755a,0 0 24 24,XML VALID — VISUAL REVIEW PENDING
assets/icons/tabler/filled/square-f6.svg,d3aa9d081ef310c3c58da866c7262433a503243eda8308c98b633563d09e9716,0 0 24 24,XML VALID — VISUAL REVIEW PENDING
assets/icons/tabler/filled/square-f7.svg,5a183588e9e1d68f6eaff798ef09ad31e41f9750ba91ad675d9bb0b155be5fd5,0 0 24 24,XML VALID — VISUAL REVIEW PENDING
assets/icons/tabler/filled/square-f8.svg,0169d6f778fd90ed3caf9728582218acac7e732dac2000abed3ebcde44155473,0 0 24 24,XML VALID — VISUAL REVIEW PENDING
assets/icons/tabler/filled/square-f9.svg,b94515db1ddcfafb0cbf62bd8b446d7f53ff84f8c1188f66f843abe2f468a4e2,0 0 24 24,XML VALID — VISUAL REVIEW PENDING
assets/icons/tabler/filled/square-letter-a.svg,19bc1eecd4955f8c165e6deb51b3067b5e5f9294830d8f52888c9d367a298672,0 0 24 24,XML VALID — VISUAL REVIEW PENDING
assets/icons/tabler/filled/square-letter-b.svg,6f0e5b5eb1941d3b6470b36da6df1b9003ef9783d20754d4474ed3d8ba5b9c65,0 0 24 24,XML VALID — VISUAL REVIEW PENDING
assets/icons/tabler/filled/square-letter-c.svg,687542b5f2c40332ef36249687f010d0704fa61fa9e3b2d91853967d197903a0,0 0 24 24,XML VALID — VISUAL REVIEW PENDING
assets/icons/tabler/filled/square-letter-d.svg,563d14f0fb2c3f11bc0a8d7a0c1e526e0fdf29d4cfe924fb5944412e6a2340b5,0 0 24 24,XML VALID — VISUAL REVIEW PENDING
assets/icons/tabler/filled/square-letter-e.svg,6c1400b256a8b6571ef2d6bcb15c866377580ec0ef2dcfdf427a9bbabbccb122,0 0 24 24,XML VALID — VISUAL REVIEW PENDING
assets/icons/tabler/filled/square-letter-f.svg,5fe5a8217a9b750e9a623cfabb705368236ceb65c7118da1d59d6cbebf36ecab,0 0 24 24,XML VALID — VISUAL REVIEW PENDING
assets/icons/tabler/filled/square-letter-g.svg,168f8cdbe94f4bf547cd16d5f9872b4081f3216d157e8262dee405c68f6b6896,0 0 24 24,XML VALID — VISUAL REVIEW PENDING
assets/icons/tabler/filled/square-letter-h.svg,c41f9da0f4d3f2a640ccb5ef58b988bb380af53eb29f901c9714cc17068c8e63,0 0 24 24,XML VALID — VISUAL REVIEW PENDING
assets/icons/tabler/filled/square-letter-i.svg,9ef01eecc555bcd5e5d2e1fd3d231dc9785f38e5257562fa38c2fb0e8cd4b74c,0 0 24 24,XML VALID — VISUAL REVIEW PENDING
assets/icons/tabler/filled/square-letter-j.svg,69f778158923e075d8a9c02d4adb7c697a43da815aa0ee83b1c06a8225b0e5e4,0 0 24 24,XML VALID — VISUAL REVIEW PENDING
assets/icons/tabler/filled/square-letter-k.svg,42dd289395675d01dd9564c16772a1f3770317e135efc8323e69a492ea5c4b4e,0 0 24 24,XML VALID — VISUAL REVIEW PENDING
assets/icons/tabler/filled/square-letter-l.svg,9ef7f47614db5c3d16de25b5dec5dc4ceff8dd4779166cae9fd9ec6309afdf7c,0 0 24 24,XML VALID — VISUAL REVIEW PENDING
assets/icons/tabler/filled/square-letter-m.svg,01b7af1e77b0f747e81932f54a01ca1ad60d0b51a54fc6d277a60359aefd5df5,0 0 24 24,XML VALID — VISUAL REVIEW PENDING
assets/icons/tabler/filled/square-letter-n.svg,6022806902789edceb68c7180846c028d162e65a9da576ba08477cea562e073d,0 0 24 24,XML VALID — VISUAL REVIEW PENDING
assets/icons/tabler/filled/square-letter-o.svg,a94ad3f717ec79f0d2cf2f3b8259ad077b11ce59800c2695f1268ac2aae35fbe,0 0 24 24,XML VALID — VISUAL REVIEW PENDING
assets/icons/tabler/filled/square-letter-p.svg,da2947ba3201f61eb6b16d5b94889483d848d7506fc13694a2d3e28169d289f2,0 0 24 24,XML VALID — VISUAL REVIEW PENDING
assets/icons/tabler/filled/square-letter-q.svg,4fb4ac09374c8a62d94b33d6a60cefdcaf37d80185b88a9c7c8855bbe8377184,0 0 24 24,XML VALID — VISUAL REVIEW PENDING
assets/icons/tabler/filled/square-letter-r.svg,3ef23f13d10a9b1d1ce6744008e6964d075e19b7ca101621e129e0eeeb608194,0 0 24 24,XML VALID — VISUAL REVIEW PENDING
assets/icons/tabler/filled/square-letter-s.svg,b94aa669f2c077b6e3a8f1a561abd1800d34a301cf38721bd16389b5cee9f221,0 0 24 24,XML VALID — VISUAL REVIEW PENDING
assets/icons/tabler/filled/square-letter-t.svg,2a76be1497a40cb7741350f1029d4efff672ae6ad15a6098ac8531546d1eba79,0 0 24 24,XML VALID — VISUAL REVIEW PENDING
assets/icons/tabler/filled/square-letter-u.svg,13419482f28d8d9587691c24e9e415bedf12b00923c447fa35b32a3d01b88274,0 0 24 24,XML VALID — VISUAL REVIEW PENDING
assets/icons/tabler/filled/square-letter-v.svg,153dc7bfb76e608d378c535b4c6942c791efdaf8c15f146dbe74bfa681b11683,0 0 24 24,XML VALID — VISUAL REVIEW PENDING
assets/icons/tabler/filled/square-letter-w.svg,5d80d735bb9028626a80c6abd3f006b7098edc7788a8cb44cfb5fbaddd6212d3,0 0 24 24,XML VALID — VISUAL REVIEW PENDING
assets/icons/tabler/filled/square-letter-x.svg,163caea4c08a1c5119d7541cd15b560e02db3a5caa3606de933ba0ee898e5f63,0 0 24 24,XML VALID — VISUAL REVIEW PENDING
assets/icons/tabler/filled/square-letter-y.svg,15d16257c88c63dd11b8a44ccf8478c8f26a8a067571d65bbbad2fe93a2334b9,0 0 24 24,XML VALID — VISUAL REVIEW PENDING
assets/icons/tabler/filled/square-letter-z.svg,dfd735606a66c1f30bf394dc78bcb70fbc2d474bd7c765d6937d9ea3a9fd18ce,0 0 24 24,XML VALID — VISUAL REVIEW PENDING
assets/icons/tabler/filled/square-minus.svg,2cbf5aea9b1bde129ffebce5aeb4de1e607700e273e0a29df6625df9cc4adef1,0 0 24 24,XML VALID — VISUAL REVIEW PENDING
assets/icons/tabler/filled/square-number-0.svg,0273f69a16feaea21ffee7334f11e27670ba01783a7dd8cef2f61ea2b2050fc1,0 0 24 24,XML VALID — VISUAL REVIEW PENDING
assets/icons/tabler/filled/square-number-1.svg,fb1b38c77d57bf741d99e2d74c4eb4fb5513c9459e116ffb8cdc58830d89719a,0 0 24 24,XML VALID — VISUAL REVIEW PENDING
assets/icons/tabler/filled/square-number-2.svg,90049272d5f521fdd1f3f139c981e78b0dde13ad9d323a059aa958197665576c,0 0 24 24,XML VALID — VISUAL REVIEW PENDING
assets/icons/tabler/filled/square-number-3.svg,e61ae4310cb3055ee0170121272badffd1294a8622755347f88b739083f22002,0 0 24 24,XML VALID — VISUAL REVIEW PENDING
assets/icons/tabler/filled/square-number-4.svg,697889117586efe039faf839a0b7666fb332bf5d9f9b86ff40ab49542ba947d3,0 0 24 24,XML VALID — VISUAL REVIEW PENDING
assets/icons/tabler/filled/square-number-5.svg,4c149fb22574dbe1cf7bc0df256eb02231796f31889c16ff6f52b92396e3c6fe,0 0 24 24,XML VALID — VISUAL REVIEW PENDING
assets/icons/tabler/filled/square-number-6.svg,1a1ffc51f71a62c378549d4108ef391c978523d5134618b44ad6c86c50b68850,0 0 24 24,XML VALID — VISUAL REVIEW PENDING
assets/icons/tabler/filled/square-number-7.svg,3ccfa2d9584bd45660f2ce7e470d6e24111067d8672006c854356a5a336369fc,0 0 24 24,XML VALID — VISUAL REVIEW PENDING
assets/icons/tabler/filled/square-number-8.svg,5d128ad2a5097a4ddc5dff73f10503c77afbec633fa44447bd83a618daf4a9ba,0 0 24 24,XML VALID — VISUAL REVIEW PENDING
assets/icons/tabler/filled/square-number-9.svg,c51fcbd79d1fe8b3a4d9e05aab5f122ab83e0fa7fa679db8f383498664033e10,0 0 24 24,XML VALID — VISUAL REVIEW PENDING
assets/icons/tabler/filled/square-rotated.svg,086b23d959e6b5d5226074b1a1ecff149c7b2512f30168b45cfcb6a26aea3f5b,0 0 24 24,XML VALID — VISUAL REVIEW PENDING
assets/icons/tabler/filled/square-rounded-arrow-down.svg,f5df016f70ebd768b70af52c3efdc5772f1111a53d3837e7013d5470d09225a5,0 0 24 24,XML VALID — VISUAL REVIEW PENDING
assets/icons/tabler/filled/square-rounded-arrow-left.svg,62276bd11bb5a0be25d1025fcf21ea34cee6d4f77625a6cd8694c0dc373bfebb,0 0 24 24,XML VALID — VISUAL REVIEW PENDING
assets/icons/tabler/filled/square-rounded-arrow-right.svg,6a86f1fa44eaa4e42f65baf57e0f9f2c9926ed54d7cd84bb979ba1cb6bb5da9d,0 0 24 24,XML VALID — VISUAL REVIEW PENDING
assets/icons/tabler/filled/square-rounded-arrow-up.svg,8a27f4b9ee38d803d72e2b9f79e4410daed79ba9fecc7b4fb83e6fb7ca6691ff,0 0 24 24,XML VALID — VISUAL REVIEW PENDING
assets/icons/tabler/filled/square-rounded-check.svg,eccd69d78e96c41f1b4dccc4c50fdf03fe30873aa443ff17eaf9f84f3e14a498,0 0 24 24,XML VALID — VISUAL REVIEW PENDING
assets/icons/tabler/filled/square-rounded-chevron-down.svg,db67e8c8d1484da8e32622738137e09383d9e9a63eadb419cd77d97b9e6bfe95,0 0 24 24,XML VALID — VISUAL REVIEW PENDING
assets/icons/tabler/filled/square-rounded-chevron-left.svg,df979994cfe2fc33073c934dde0e6882540021f2514a5032ae2b0616b793352a,0 0 24 24,XML VALID — VISUAL REVIEW PENDING
assets/icons/tabler/filled/square-rounded-chevron-right.svg,d2a550c183db1ff86d23d9eed8832fc1cbb579ae8de0176359e9c385fadeee29,0 0 24 24,XML VALID — VISUAL REVIEW PENDING
assets/icons/tabler/filled/square-rounded-chevron-up.svg,8e118eac587baf57ab88fba37dd2765e35e1340bf0637f7072b0aadcc8f64200,0 0 24 24,XML VALID — VISUAL REVIEW PENDING
assets/icons/tabler/filled/square-rounded-chevrons-down.svg,a3312424dd933a69268990f8745483bb26bd113b04a7b43aa27b918fd6352769,0 0 24 24,XML VALID — VISUAL REVIEW PENDING
assets/icons/tabler/filled/square-rounded-chevrons-left.svg,d7d6b1c870cd4a0e19aa204884c722fd7484d1e59ab997c2274741b9d1220a31,0 0 24 24,XML VALID — VISUAL REVIEW PENDING
assets/icons/tabler/filled/square-rounded-chevrons-right.svg,f7b870a4739f0ec85c497a7e349171b1a673c7f2d486d7082c1277d81e56ad08,0 0 24 24,XML VALID — VISUAL REVIEW PENDING
assets/icons/tabler/filled/square-rounded-chevrons-up.svg,2f065e43b7f08352a9d46346c4a421ab4db0fcc3fc03aff7e117ccceb9edd8d6,0 0 24 24,XML VALID — VISUAL REVIEW PENDING
assets/icons/tabler/filled/square-rounded-letter-a.svg,139b1d39a02b2cab3a6a12f18fc3ddf1184fb8f94cb92d94bedeebf742fe3f9a,0 0 24 24,XML VALID — VISUAL REVIEW PENDING
assets/icons/tabler/filled/square-rounded-letter-b.svg,5d051d86424f9809d6ebce442f62949625fa09a5e639300dcc2427de429bb47c,0 0 24 24,XML VALID — VISUAL REVIEW PENDING
assets/icons/tabler/filled/square-rounded-letter-c.svg,a2eb48df15f0a6c742d9f512dee35a0097307e4bdf781c237465c1012ecc9873,0 0 24 24,XML VALID — VISUAL REVIEW PENDING
assets/icons/tabler/filled/square-rounded-letter-d.svg,863a4a526a03aa53ce96e5d8824dd3d49472680f3e42b3f49374bdb20adb39a3,0 0 24 24,XML VALID — VISUAL REVIEW PENDING
assets/icons/tabler/filled/square-rounded-letter-e.svg,531fbd63e9b8d8bfcb21ba7790d919fd4abdc4e905639b23bbd70b566c034485,0 0 24 24,XML VALID — VISUAL REVIEW PENDING
assets/icons/tabler/filled/square-rounded-letter-f.svg,1d8eda6170be3d872294d218fe50697a757bb51d0937b72ea25f607873fdd091,0 0 24 24,XML VALID — VISUAL REVIEW PENDING
assets/icons/tabler/filled/square-rounded-letter-g.svg,2e7edf2e20ce4d855010bf2d5c5e21a9bc0289d7479a932aa7192d7423366323,0 0 24 24,XML VALID — VISUAL REVIEW PENDING
assets/icons/tabler/filled/square-rounded-letter-h.svg,9ff6f7d13a0e496b4fa1a06bd635393c3d11ac91ac31cdcea0ddcf5d43c172fc,0 0 24 24,XML VALID — VISUAL REVIEW PENDING
assets/icons/tabler/filled/square-rounded-letter-i.svg,fd5bd1210ee787e77c10aea9e7042c82bfbf384a3dfff0dad69587fe0053b6f1,0 0 24 24,XML VALID — VISUAL REVIEW PENDING
assets/icons/tabler/filled/square-rounded-letter-j.svg,b0d8c20f31c5282571b89b81521169683f15a5f45f8bf2d60e4ffc37c076841d,0 0 24 24,XML VALID — VISUAL REVIEW PENDING
assets/icons/tabler/filled/square-rounded-letter-k.svg,bcaaf8914de4dbc3c6f05f1844e6cd235d5b6feb39227ce09f0e8c3877ea8b97,0 0 24 24,XML VALID — VISUAL REVIEW PENDING
assets/icons/tabler/filled/square-rounded-letter-l.svg,5f5e27ad72774b3644cfc9b136fd09cdc3c26874abb92b8c545ae927616eb0f3,0 0 24 24,XML VALID — VISUAL REVIEW PENDING
assets/icons/tabler/filled/square-rounded-letter-m.svg,3413318e9695b37daad843907ab3d20a05f1cd7f98e45dc1caf232a019928add,0 0 24 24,XML VALID — VISUAL REVIEW PENDING
assets/icons/tabler/filled/square-rounded-letter-n.svg,1d547b8f9888d9c8d6178791ed6d59075e4286505e06df99ba67f9e44a710143,0 0 24 24,XML VALID — VISUAL REVIEW PENDING
assets/icons/tabler/filled/square-rounded-letter-o.svg,4b82b919be35ed059f909d372ffb5c8d38c4acb130c59b10a722eb33eedc3bed,0 0 24 24,XML VALID — VISUAL REVIEW PENDING
assets/icons/tabler/filled/square-rounded-letter-p.svg,1b63abb629e3926d04427d79dafff6074a0d286457e118f3321a72a5448fed64,0 0 24 24,XML VALID — VISUAL REVIEW PENDING
assets/icons/tabler/filled/square-rounded-letter-q.svg,e4fc2f9fa67b6c7d93fa1b7ec3cb28cc422baf2fddf8843ea40ee97746c2219d,0 0 24 24,XML VALID — VISUAL REVIEW PENDING
assets/icons/tabler/filled/square-rounded-letter-r.svg,8928adf071d8896131d525181fdd38901ecfba22b234b4349d8eeb7154a19833,0 0 24 24,XML VALID — VISUAL REVIEW PENDING
assets/icons/tabler/filled/square-rounded-letter-s.svg,53f6ba8531c4d7c5557dee62ad060d67fc5cd29c1cbdffc422dc19209b30eb14,0 0 24 24,XML VALID — VISUAL REVIEW PENDING
assets/icons/tabler/filled/square-rounded-letter-t.svg,a104de0c002f152cb41b3714cde55decceb7d0e4dcae0a721e5a9a7fc3547521,0 0 24 24,XML VALID — VISUAL REVIEW PENDING
assets/icons/tabler/filled/square-rounded-letter-u.svg,03d5134419532cdf7a4351d64f6d37fa2a0a2a2baa49adc9a99f6d6e66cb5180,0 0 24 24,XML VALID — VISUAL REVIEW PENDING
assets/icons/tabler/filled/square-rounded-letter-v.svg,be436def98084e4e9d4ad6cee60eaae13f45505dac4c64f9562d31ffff0f2865,0 0 24 24,XML VALID — VISUAL REVIEW PENDING
assets/icons/tabler/filled/square-rounded-letter-w.svg,7f39fd06820026f7a94dedca28593b5386f1a31f287e6ba922dad34b599623bf,0 0 24 24,XML VALID — VISUAL REVIEW PENDING
assets/icons/tabler/filled/square-rounded-letter-x.svg,b99c2e3674cdba07b060bbc267dffb67dd2ae0c580d5dbcf78dd75d993252f57,0 0 24 24,XML VALID — VISUAL REVIEW PENDING
assets/icons/tabler/filled/square-rounded-letter-y.svg,81e7a4531f8715196a8690191acf39a7421a1c314d64b0b922dc872849586d0c,0 0 24 24,XML VALID — VISUAL REVIEW PENDING
assets/icons/tabler/filled/square-rounded-letter-z.svg,ee935367b88c633212ae30bd7211b222242e1477ebe67597c551d30b8c0365ab,0 0 24 24,XML VALID — VISUAL REVIEW PENDING
assets/icons/tabler/filled/square-rounded-minus.svg,3fecef83ec212c1dfcd4b5bd839572f67fdc1bbf52908107c1e3946656fb2ec7,0 0 24 24,XML VALID — VISUAL REVIEW PENDING
assets/icons/tabler/filled/square-rounded-number-0.svg,a788a3451462535546077c92b3ad19c2a4151cda119347fc3ed6dd25c9a10b05,0 0 24 24,XML VALID — VISUAL REVIEW PENDING
assets/icons/tabler/filled/square-rounded-number-1.svg,8711117b48396eb77234bd92162689423372b6f8f18a61719c092275e6c50e40,0 0 24 24,XML VALID — VISUAL REVIEW PENDING
assets/icons/tabler/filled/square-rounded-number-2.svg,62157085fd0fd0920932ca90b4f4d6d6879ae640580f98e2ecb6bb2c67b227b7,0 0 24 24,XML VALID — VISUAL REVIEW PENDING
assets/icons/tabler/filled/square-rounded-number-3.svg,96e23c9f2bd7188105260b5a61f5d040d55a9d30961146315ab1c3143a523c3d,0 0 24 24,XML VALID — VISUAL REVIEW PENDING
assets/icons/tabler/filled/square-rounded-number-4.svg,e5774096671581b7ce3455bff5ae9bbfa0143879f28ab83f335322663be89c8e,0 0 24 24,XML VALID — VISUAL REVIEW PENDING
assets/icons/tabler/filled/square-rounded-number-5.svg,f6511e90dcfb57cb0939493c28d332185e6854886411ab9db3df9afd3dfa518f,0 0 24 24,XML VALID — VISUAL REVIEW PENDING
assets/icons/tabler/filled/square-rounded-number-6.svg,a40c8261b6ba0193ebada422adb511ba7cb1d98a7cf28d8d6f79273c218f507e,0 0 24 24,XML VALID — VISUAL REVIEW PENDING
assets/icons/tabler/filled/square-rounded-number-7.svg,8b5792fb9d10af1159d92a0a1203693f2ef3fda75bdda336e6ebb0bc819ce92b,0 0 24 24,XML VALID — VISUAL REVIEW PENDING
assets/icons/tabler/filled/square-rounded-number-8.svg,0deb046aff016a0db00df4de71292d336cb1f003abb75097b0dd86ad34564dd7,0 0 24 24,XML VALID — VISUAL REVIEW PENDING
assets/icons/tabler/filled/square-rounded-number-9.svg,2c6c5c1765f33d45cc77408dda01710f3d8302faf8ed04f1fc8520d17225aa43,0 0 24 24,XML VALID — VISUAL REVIEW PENDING
assets/icons/tabler/filled/square-rounded-plus.svg,7d64ec91c081428c549272198934eb782fa815742d1748e687e993e180aa537e,0 0 24 24,XML VALID — VISUAL REVIEW PENDING
assets/icons/tabler/filled/square-rounded-x.svg,cbb7438cfdb12996d725273ad4e4b4d4a3da83e2ad64578986e272c80ed9e143,0 0 24 24,XML VALID — VISUAL REVIEW PENDING
assets/icons/tabler/filled/square-rounded.svg,a9f969518292e02c63286143a3741a8c4733fb7fd118a1ea99a57445f57ff756,0 0 24 24,XML VALID — VISUAL REVIEW PENDING
assets/icons/tabler/filled/square-x.svg,60a86792cbcb55855e97965a782b756d22f726a0f422f555a0accbc63522e4ed,0 0 24 24,XML VALID — VISUAL REVIEW PENDING
assets/icons/tabler/filled/square.svg,6a116e2b3ea8c0c89ef1f30566a1dc62fea1d1bd6ed3dc7c9c856afa24275ea9,0 0 24 24,XML VALID — VISUAL REVIEW PENDING
assets/icons/tabler/filled/squares.svg,9dbb789e196d1fcda76871067e736d379a3575031a0b5ef0ac2edc0a7de7566f,0 0 24 24,XML VALID — VISUAL REVIEW PENDING
assets/icons/tabler/filled/stack-2.svg,a3d0432e97dc7a53c749f9d5f2792d7ddd658ff7dfa2ef055f977bf0c07bbbec,0 0 24 24,XML VALID — VISUAL REVIEW PENDING
assets/icons/tabler/filled/stack-3.svg,a1f78891302f17ede3f27025b06917df14f6f7552434c2af8cb501bbb97cd2cb,0 0 24 24,XML VALID — VISUAL REVIEW PENDING
assets/icons/tabler/filled/stack.svg,490a6172162e1c8028443c6a200c4049c70007d903609d96e63c0d855879b296,0 0 24 24,XML VALID — VISUAL REVIEW PENDING
assets/icons/tabler/filled/star-half.svg,f290a1c4e14fe03998206462e3210e15b1d541d5dc9d880e5c5c29b71402ece7,0 0 24 24,XML VALID — VISUAL REVIEW PENDING
assets/icons/tabler/filled/star.svg,61156d39dc4f98d1942d63659c133a56fe1a3f011e0dc8a90402315dfbf06a7d,0 0 24 24,XML VALID — VISUAL REVIEW PENDING
assets/icons/tabler/filled/stars.svg,897aad0a6146716cb49f5b8e458aade98fb39f6ed0c007f8d4c89654989a3b63,0 0 24 24,XML VALID — VISUAL REVIEW PENDING
assets/icons/tabler/filled/steering-wheel.svg,420a0cd30faf75bb47366dc5b37016f228d178c92adac8442c0f2b5f6b0b616b,0 0 24 24,XML VALID — VISUAL REVIEW PENDING
assets/icons/tabler/filled/sun-high.svg,5c3afe59fe03213ef98721dedf5561f6877c94c49db2644194fa1e189dca8e25,0 0 24 24,XML VALID — VISUAL REVIEW PENDING
assets/icons/tabler/filled/sun-low.svg,eba80a6315187165cb239b90fa5cfca6dff0de37562618c94ffd664bc9abc21e,0 0 24 24,XML VALID — VISUAL REVIEW PENDING
assets/icons/tabler/filled/sun.svg,a7e712019bd8901289747d25274efa959e61d40cb287375462e0d260260ba05b,0 0 24 24,XML VALID — VISUAL REVIEW PENDING
assets/icons/tabler/filled/sunglasses.svg,d8708a7f2ca2a3acf86a520c789322be9f7610958dcf100ebe4cd3a34293c28a,0 0 24 24,XML VALID — VISUAL REVIEW PENDING
assets/icons/tabler/filled/sunrise.svg,e9b5ce7dc65c8a8992182e3488105ceb4260ce73a1332b873b400ad6aec846ed,0 0 24 24,XML VALID — VISUAL REVIEW PENDING
assets/icons/tabler/filled/sunset-2.svg,7d3afdf0da86b83ccdc4ea408176a1e1332b0f6311080c9dc3bd600c38253962,0 0 24 24,XML VALID — VISUAL REVIEW PENDING
assets/icons/tabler/filled/sunset.svg,89e33c7d910a8491bf9d8612a2fc8d60e44d05923e69b98905f047d295da2a31,0 0 24 24,XML VALID — VISUAL REVIEW PENDING
assets/icons/tabler/filled/swipe-down.svg,63861dd5e55904c1124dd7114b2c0e062ac329c07cd318dea73633f5f0ae7f4b,0 0 24 24,XML VALID — VISUAL REVIEW PENDING
assets/icons/tabler/filled/swipe-left.svg,e2ea4477642780b5564530c7e472fb706ebc9bfa8ea923a195a6f35cfbbc6ed5,0 0 24 24,XML VALID — VISUAL REVIEW PENDING
assets/icons/tabler/filled/swipe-right.svg,a6ca4917bbb8b13adcdc061ebc78524c7b83939635c69e0d38d73a6b0c0290bc,0 0 24 24,XML VALID — VISUAL REVIEW PENDING
assets/icons/tabler/filled/swipe-up.svg,91f07c6dc656e9753bde6e133c255bbb3e6cd6a587e9b604db62ca4f8ccf727d,0 0 24 24,XML VALID — VISUAL REVIEW PENDING
assets/icons/tabler/filled/table.svg,5a22f3c0864202c19ce3fcf944cab4c01c08ea4c69accbfaec8f339102376ffb,0 0 24 24,XML VALID — VISUAL REVIEW PENDING
assets/icons/tabler/filled/tag.svg,85c2d877246dcf02918c0515ffa26e58ddea52b4b280356747498372f8fad068,0 0 24 24,XML VALID — VISUAL REVIEW PENDING
assets/icons/tabler/filled/tags.svg,1c933e7ea97fb625ad03a7c6889c2e6c26c33362ca0254f7147093ace47d0b35,0 0 24 24,XML VALID — VISUAL REVIEW PENDING
assets/icons/tabler/filled/temperature-minus.svg,45dd05529190d06012c37102b8d12d7e6c0a3cc96babfb327bee651d9c4af134,0 0 24 24,XML VALID — VISUAL REVIEW PENDING
assets/icons/tabler/filled/temperature-plus.svg,39b3bae3a0065c8f0c27dd5a7b129e95efaef3b5e35bc58c304f93343e232122,0 0 24 24,XML VALID — VISUAL REVIEW PENDING
assets/icons/tabler/filled/template.svg,7821f541de6855784f22c3e4089261a951842ec0e3076b553fe8f1815c4352dc,0 0 24 24,XML VALID — VISUAL REVIEW PENDING
assets/icons/tabler/filled/test-pipe-2.svg,ee554aebddc01715beeae1a214998995dca2ec2b8c77b4624deaf1a4ea4004c8,0 0 24 24,XML VALID — VISUAL REVIEW PENDING
assets/icons/tabler/filled/thumb-down.svg,dfc6d415e81acd68f0c36ca07e9ad48b02e9ab4833ebb628b8c042e8c4b135a1,0 0 24 24,XML VALID — VISUAL REVIEW PENDING
assets/icons/tabler/filled/thumb-up.svg,fd5f385e918a9ab83b1a860a8b373c3411113ca0430ff80cbf6faf1f9a229037,0 0 24 24,XML VALID — VISUAL REVIEW PENDING
assets/icons/tabler/filled/tilt-shift.svg,9a3c7d03d82032cfa85e79200adb944761716147bb94bec2efa00d002edd3e70,0 0 24 24,XML VALID — VISUAL REVIEW PENDING
assets/icons/tabler/filled/timeline-event.svg,bbc8734fdbd44da7b31bd92de3c6acdf0826fa6df502b7d27d2a7bdaf125571f,0 0 24 24,XML VALID — VISUAL REVIEW PENDING
assets/icons/tabler/filled/toggle-left.svg,10c68bf91708a14a4034c9f23486d9a64cb596073ba839d0689c23576ea3c231,0 0 24 24,XML VALID — VISUAL REVIEW PENDING
assets/icons/tabler/filled/toggle-right.svg,4fb20e7bf7ec3aa26eff400e0d10a49a19c1ba56b557801a1f9cdaf331d4cc14,0 0 24 24,XML VALID — VISUAL REVIEW PENDING
assets/icons/tabler/filled/train.svg,a456274a36504bf5e11ba6ef338ab41220d8c3c0b494abc5994121821eaf06fc,0 0 24 24,XML VALID — VISUAL REVIEW PENDING
assets/icons/tabler/filled/transform.svg,30842363583b059f72bee62bc81beb3d90080fcc1a73bb4446c055a3b22f5671,0 0 24 24,XML VALID — VISUAL REVIEW PENDING
assets/icons/tabler/filled/transition-bottom.svg,aabd80792af9616b735c363f75d162a7b83f5339d021488198e89a5db6179396,0 0 24 24,XML VALID — VISUAL REVIEW PENDING
assets/icons/tabler/filled/transition-left.svg,4de76b6c8cce72eac66846ef0f4b7ed955aa0ea3943e64edd0e4780eb648f757,0 0 24 24,XML VALID — VISUAL REVIEW PENDING
assets/icons/tabler/filled/transition-right.svg,591d5c1b95502eae35ec5b4021f517f1d21a2da765dead5a18c58b48ea130c58,0 0 24 24,XML VALID — VISUAL REVIEW PENDING
assets/icons/tabler/filled/transition-top.svg,9420448d7b52fa74dd2f33103a8a9b7727793c98473fefc54e87c54fd2162c93,0 0 24 24,XML VALID — VISUAL REVIEW PENDING
assets/icons/tabler/filled/trash-x.svg,e3647b8144cc77b19af3ccb59a6ad375a4a994d2f435b1a5945dbe1b491c8078,0 0 24 24,XML VALID — VISUAL REVIEW PENDING
assets/icons/tabler/filled/trash.svg,073bfebd4f8555bb52b57385e1c087437cbbca6deb6d45d00ba13a3ba56ee22c,0 0 24 24,XML VALID — VISUAL REVIEW PENDING
assets/icons/tabler/filled/triangle-inverted.svg,4500afc97f911bee5a95ab719f4a73e92e2e43b375cfa8480aceafd4872381d1,0 0 24 24,XML VALID — VISUAL REVIEW PENDING
assets/icons/tabler/filled/triangle-square-circle.svg,54122ba52881398abf502a102e738b6975bb0212df98ba83f7db0c499c59d5bd,0 0 24 24,XML VALID — VISUAL REVIEW PENDING
assets/icons/tabler/filled/triangle.svg,7cc959439183eaeebc78e59b8f0129f8f17b0bc2dca8e847adff95c5c850f8f3,0 0 24 24,XML VALID — VISUAL REVIEW PENDING
assets/icons/tabler/filled/trolley.svg,12112cfd39c2d54350e6c875f4afe316ae94c43bcbfbf17d23e843acfbcd3eff,0 0 24 24,XML VALID — VISUAL REVIEW PENDING
assets/icons/tabler/filled/trophy.svg,49596eaeb05b9cb708656acf4649f15371d60b8ccf58e217368da23b49dda468,0 0 24 24,XML VALID — VISUAL REVIEW PENDING
assets/icons/tabler/filled/truck.svg,d56c06c5ea9386c0a0689d44a7d54ccbfe321c4bcecbb71cb8822b1cac430463,0 0 24 24,XML VALID — VISUAL REVIEW PENDING
assets/icons/tabler/filled/ufo.svg,45d37b89af4c9287b3b9243f9b74f20b6aa64300c6210d4c5096ff9c4e32d45a,0 0 24 24,XML VALID — VISUAL REVIEW PENDING
assets/icons/tabler/filled/umbrella.svg,72a50b561eff66bdae5ab39f463436fcd05585ceb8eed72db47aff8767b77f8a,0 0 24 24,XML VALID — VISUAL REVIEW PENDING
assets/icons/tabler/filled/user.svg,26db66168a3ab7bbaac73bd17479badc405706df4381e8683cd0ddb75df13c63,0 0 24 24,XML VALID — VISUAL REVIEW PENDING
assets/icons/tabler/filled/versions.svg,0dc2f2f48600aaa254d49a6fd79686692867574bf6c518444842d8209751a80a,0 0 24 24,XML VALID — VISUAL REVIEW PENDING
assets/icons/tabler/filled/video-minus.svg,69322557ce066ceeaeeb5dea817846557b282929acfb79b4a2d1b339edd23dc5,0 0 24 24,XML VALID — VISUAL REVIEW PENDING
assets/icons/tabler/filled/video-plus.svg,905dd7a76ddff95039ec18ab396cb891557339610d1f188b8ec54b0704066880,0 0 24 24,XML VALID — VISUAL REVIEW PENDING
assets/icons/tabler/filled/video.svg,8a327f2d0d7e103ace0516afc3f4f8918327da5c6acc6e06db347d241ad5a4fc,0 0 24 24,XML VALID — VISUAL REVIEW PENDING
assets/icons/tabler/filled/windmill.svg,60f496bd4cb7efcad80a019dc916e4d9793e9c0071593361a2f70dfba64aee7c,0 0 24 24,XML VALID — VISUAL REVIEW PENDING
assets/icons/tabler/filled/windsock.svg,5f77eb1cd4dfc6a9f1ca45001edd516189c5bb44fbb13b5ab50a92c79dc62e52,0 0 24 24,XML VALID — VISUAL REVIEW PENDING
assets/icons/tabler/filled/woman.svg,4118483c5180386cd00dfb14a1f33ff668e6847569be6fac6b0c297798b19033,0 0 24 24,XML VALID — VISUAL REVIEW PENDING
assets/icons/tabler/filled/writing-sign.svg,93c36bac076494159ba67c5676eac58814fbf6e451396ac35a2dc70f50489b36,0 0 24 24,XML VALID — VISUAL REVIEW PENDING
assets/icons/tabler/filled/writing.svg,c48debf8411a9acc2bc0d59400125adb7f272b453d55bfe61b8f05050cafc564,0 0 24 24,XML VALID — VISUAL REVIEW PENDING
assets/icons/tabler/filled/xbox-a.svg,94c8d4795efb7392e73a67ceb5df1e0492d64d39b5eefcf8c269927daa7ebd76,0 0 24 24,XML VALID — VISUAL REVIEW PENDING
assets/icons/tabler/filled/xbox-b.svg,ec51db2ba494cfd0cf23a3c7d861f85b6c71155f011407bb7e13c0c142856e4c,0 0 24 24,XML VALID — VISUAL REVIEW PENDING
assets/icons/tabler/filled/xbox-x.svg,f777f8f7d444616400f8f97a3a6fd865e0ee56023e11bc31a6efe42de23f9762,0 0 24 24,XML VALID — VISUAL REVIEW PENDING
assets/icons/tabler/filled/xbox-y.svg,bdafd2409bd2eef36319f9d2b1e1306d53dc7a96eb9253f18f17947349ad33b3,0 0 24 24,XML VALID — VISUAL REVIEW PENDING
assets/icons/tabler/filled/yin-yang.svg,7675ee7a485da6975717aa34770b4546e8f45c1f0749672928769cb13ae5349e,0 0 24 24,XML VALID — VISUAL REVIEW PENDING
assets/icons/tabler/filled/zeppelin.svg,4f71718f2f4c1f3a0eba7dcce57c87ebb5c02d44fed7d988995ab25d4f694371,0 0 24 24,XML VALID — VISUAL REVIEW PENDING
assets/icons/tabler/filled/zoom-cancel.svg,9258791b61ef377cdfd5f0229293f73370f0ea79a27010c2f79062378be17c7a,0 0 24 24,XML VALID — VISUAL REVIEW PENDING
assets/icons/tabler/filled/zoom-check.svg,6dfd2cb6f9486d3d18c3c302e64c3ac4eb888b1fb7dd09426ecc02a76fd1ee98,0 0 24 24,XML VALID — VISUAL REVIEW PENDING
assets/icons/tabler/filled/zoom-code.svg,dac7e25b98c8abefd83fb9860a7dbe18de048520661f4f5541c113208f626b31,0 0 24 24,XML VALID — VISUAL REVIEW PENDING
assets/icons/tabler/filled/zoom-exclamation.svg,4fd8821160bec976d035d9462e8b425f948fb49f599857ddae7c4a294b383965,0 0 24 24,XML VALID — VISUAL REVIEW PENDING
assets/icons/tabler/filled/zoom-in-area.svg,83c309c4b5ae2c036d230184ee08b91f5611c85c25cf09bf72145ffa13390680,0 0 24 24,XML VALID — VISUAL REVIEW PENDING
assets/icons/tabler/filled/zoom-in.svg,fe92eda140f95c6ea0fc27452d3c444582b76f8ac82e5fe32087ccfa28f18bc5,0 0 24 24,XML VALID — VISUAL REVIEW PENDING
assets/icons/tabler/filled/zoom-money.svg,d022f164b0303cee42c2bff669fddcb832772b07c600f80c188ed2fd7923deaf,0 0 24 24,XML VALID — VISUAL REVIEW PENDING
assets/icons/tabler/filled/zoom-out-area.svg,9ade5d1bec51a125d2aca8bb6e4eaf73a8ddeeaf4d63b163b6c1a17299b49496,0 0 24 24,XML VALID — VISUAL REVIEW PENDING
assets/icons/tabler/filled/zoom-out.svg,d1910d39c3df2556d9a969dc96b75d6d124d45f7f4b5fac34eaf0197052392df,0 0 24 24,XML VALID — VISUAL REVIEW PENDING
assets/icons/tabler/filled/zoom-pan.svg,49e7c900ae8bc72e0939bcd54ae4bbb2898a7dd989f1e481ae1592f37c7114e5,0 0 24 24,XML VALID — VISUAL REVIEW PENDING
assets/icons/tabler/filled/zoom-question.svg,679ae1e4d508e9062ee3697f9cfc15164a8e310b613de3f016cd3870b1f79f36,0 0 24 24,XML VALID — VISUAL REVIEW PENDING
assets/icons/tabler/filled/zoom-scan.svg,b15bb3b22429654ec29696fb35ebd0649bc774fdf4230ccebfe177a0613fe691,0 0 24 24,XML VALID — VISUAL REVIEW PENDING
assets/icons/tabler/filled/zoom.svg,769d665277e7951db3ddb9c94ca10e19c0ee0035cc959e486c895403a2733210,0 0 24 24,XML VALID — VISUAL REVIEW PENDING
assets/icons/tabler/outline/a-b-2.svg,02b37ec430e90cd9af822fe2f93d9e43636bd8479df0dd0f6046628ee6e13f9b,0 0 24 24,XML VALID — VISUAL REVIEW PENDING
assets/icons/tabler/outline/a-b-off.svg,101006a882df85b574771177547cf2d825757553163b7389c1e956e0100571bf,0 0 24 24,XML VALID — VISUAL REVIEW PENDING
assets/icons/tabler/outline/a-b.svg,9c1d44ffad4a01ffd153d9b25f1a4200c39ea32af3d52bac748009988ef41af4,0 0 24 24,XML VALID — VISUAL REVIEW PENDING
assets/icons/tabler/outline/abacus-off.svg,d1f0c22aaff3dc92bd588db2a0a994d5a6cedd5f4f92ae8d0c4b4dc34b39ce20,0 0 24 24,XML VALID — VISUAL REVIEW PENDING
assets/icons/tabler/outline/abacus.svg,97b98b421970390309b8a9c74c095f999eadb0d978a5c1795a9ec4d99dadc29c,0 0 24 24,XML VALID — VISUAL REVIEW PENDING
assets/icons/tabler/outline/abc.svg,725cb6cd206230305ea5001aa22f76e6b60fb5d1462b1a44beb346fabea49c28,0 0 24 24,XML VALID — VISUAL REVIEW PENDING
assets/icons/tabler/outline/access-point-off.svg,dbb09ce6f291104f8d45c60a395c795f6a24ea359b2325623667340dc0adfe69,0 0 24 24,XML VALID — VISUAL REVIEW PENDING
assets/icons/tabler/outline/access-point.svg,6738beab3972c05ee44bcd8fcb24ed23982e7f0204ff2be41306836b92916e74,0 0 24 24,XML VALID — VISUAL REVIEW PENDING
assets/icons/tabler/outline/accessible-off.svg,3f22a7c42193a10e79ae46ff4cf7886636c544d7bff0a320a6578aa12a7f0455,0 0 24 24,XML VALID — VISUAL REVIEW PENDING
assets/icons/tabler/outline/accessible.svg,b9e3a9c78775563b6839b7987fe60913fd3275709d627c51b5468e154797cabe,0 0 24 24,XML VALID — VISUAL REVIEW PENDING
assets/icons/tabler/outline/activity-heartbeat.svg,a6662a0d172e7bea9a88682e195d2ae986fd4b7ad524a0c789c904e23ba22fab,0 0 24 24,XML VALID — VISUAL REVIEW PENDING
assets/icons/tabler/outline/activity.svg,ea277ba356e11175f5928223bff235964a22f9b6ee9b0281acdbadde9bd24b27,0 0 24 24,XML VALID — VISUAL REVIEW PENDING
assets/icons/tabler/outline/ad-2.svg,d90982bd93beaa5d0792207f17f3fdbc0ab5664230cc1e2e80f3219e67e4fcb2,0 0 24 24,XML VALID — VISUAL REVIEW PENDING
assets/icons/tabler/outline/ad-circle-off.svg,191342840612d58a7ac5c59ddb93e759893158b3780712106e12dbc281d58c3e,0 0 24 24,XML VALID — VISUAL REVIEW PENDING
assets/icons/tabler/outline/ad-circle.svg,0e47e81e45334007e84623ee2efe8ad19cd7f21b0d46b748d44f1193f153793b,0 0 24 24,XML VALID — VISUAL REVIEW PENDING
assets/icons/tabler/outline/ad-off.svg,f3a50964c93c460cc6d5d21f13ae3954aec3538b4126687ca1333a76aaad4dba,0 0 24 24,XML VALID — VISUAL REVIEW PENDING
assets/icons/tabler/outline/ad.svg,1d2383002d246cb47c734a2af2e6209639deafff54a8e07ecfdc747775612089,0 0 24 24,XML VALID — VISUAL REVIEW PENDING
assets/icons/tabler/outline/address-book-off.svg,dd509c938c8277e7a693e2e7120eea15592ee1e7e49c62b6ff369687e092350a,0 0 24 24,XML VALID — VISUAL REVIEW PENDING
assets/icons/tabler/outline/address-book.svg,d9e03bc43dfabd44b6c5178980be066adf0703a0ab760bc9b770801f984204f7,0 0 24 24,XML VALID — VISUAL REVIEW PENDING
assets/icons/tabler/outline/adjustments-alt.svg,a369510cafd75440b89f56f42363c198730a1bb22848de018feeb2b137dbe770,0 0 24 24,XML VALID — VISUAL REVIEW PENDING
assets/icons/tabler/outline/adjustments-bolt.svg,1a85765924dfc07bd71e4e77436c49d4e88c32f1be1270ff2002c805d8184da0,0 0 24 24,XML VALID — VISUAL REVIEW PENDING
assets/icons/tabler/outline/adjustments-cancel.svg,dc8d062941ce6c1f49fbc335352f2c4ca24f7f9661594ddf6726eb9320d5f4ab,0 0 24 24,XML VALID — VISUAL REVIEW PENDING
assets/icons/tabler/outline/adjustments-check.svg,e34611cd16a4ddbd365eaaa2857cfb3751f56932f90275de8e876d752b25f736,0 0 24 24,XML VALID — VISUAL REVIEW PENDING
assets/icons/tabler/outline/adjustments-code.svg,6443158aaf8a43f81c40d524d9ecf955b181c7c15a9a4f6e5e33eafbe5f07cca,0 0 24 24,XML VALID — VISUAL REVIEW PENDING
assets/icons/tabler/outline/adjustments-cog.svg,45abaf6ea6ae43724004c7014898d5dc34f3bf45c920709e1398fb7458afb75b,0 0 24 24,XML VALID — VISUAL REVIEW PENDING
assets/icons/tabler/outline/adjustments-dollar.svg,e444fc476ff6cd9c872b7c749fe18485d48f01ddf07419866494bb66dd44b7d6,0 0 24 24,XML VALID — VISUAL REVIEW PENDING
assets/icons/tabler/outline/adjustments-down.svg,ab05b64393588dc2332e6d1458095b753ea31728166e265121a52e1a73345ae8,0 0 24 24,XML VALID — VISUAL REVIEW PENDING
assets/icons/tabler/outline/adjustments-exclamation.svg,3852653d062618e0f7390f1521390f0df3d4999d4026bb2817a0e1dc76efaed0,0 0 24 24,XML VALID — VISUAL REVIEW PENDING
assets/icons/tabler/outline/adjustments-heart.svg,2376e7b9719aaedbf5032d646e6d780781b03cbd206d5a4d2287dfffbc6557c1,0 0 24 24,XML VALID — VISUAL REVIEW PENDING
assets/icons/tabler/outline/adjustments-horizontal.svg,70b6ce1504d52d18e5bb3076824e9dc9edae96e93e50a3c8940f03cec3c22ec9,0 0 24 24,XML VALID — VISUAL REVIEW PENDING
assets/icons/tabler/outline/adjustments-minus.svg,36ba64efc32a71430a8871bd3a6ba6dc2bbd5de4b6e61c57a2fb656e480d426e,0 0 24 24,XML VALID — VISUAL REVIEW PENDING
assets/icons/tabler/outline/adjustments-off.svg,0b7688075714125fbd98a2e07ef9df611e4c297bbb64648718399ac8e3d051c3,0 0 24 24,XML VALID — VISUAL REVIEW PENDING
assets/icons/tabler/outline/adjustments-pause.svg,6d2444674b63d1826e9d9cea35d31734b637bc8490528186353164db9bd1a17a,0 0 24 24,XML VALID — VISUAL REVIEW PENDING
assets/icons/tabler/outline/adjustments-pin.svg,fde740d1ea604bd77ab67d1b7869e1fddc110ffa07c78d2b7aa65419e6f9986e,0 0 24 24,XML VALID — VISUAL REVIEW PENDING
assets/icons/tabler/outline/adjustments-plus.svg,ba1b7e01827bb469ac9af42709b184a9cab2bc93a5e64d1d26fc12a4ce64cc9d,0 0 24 24,XML VALID — VISUAL REVIEW PENDING
assets/icons/tabler/outline/adjustments-question.svg,e42f14cea893dc4db94c90a79a87a5557c64c9fea66121ef68b8cb281c9b49f6,0 0 24 24,XML VALID — VISUAL REVIEW PENDING
assets/icons/tabler/outline/adjustments-search.svg,123ff187834426c2a0dbe55b6188c2d244f851fe10c442e2f2303202ac183795,0 0 24 24,XML VALID — VISUAL REVIEW PENDING
assets/icons/tabler/outline/adjustments-share.svg,e49b5d1725b8c971ed454e1589f281ce6bb27e1d3ef22def02f68a913b8a712a,0 0 24 24,XML VALID — VISUAL REVIEW PENDING
assets/icons/tabler/outline/adjustments-spark.svg,20757fb1f581f204165eab6eafc51844f5b35276aec5a95819d31377af5434fa,0 0 24 24,XML VALID — VISUAL REVIEW PENDING
assets/icons/tabler/outline/adjustments-star.svg,30271720ab6cef84073cd574182372632973ed803f05c54b3f198ad36d2c3d88,0 0 24 24,XML VALID — VISUAL REVIEW PENDING
assets/icons/tabler/outline/adjustments-up.svg,cd4e939ec08ccb8d77c624a21136d369865bcb94c45445868d677474af060d71,0 0 24 24,XML VALID — VISUAL REVIEW PENDING
assets/icons/tabler/outline/adjustments-x.svg,3c0947263f1c511fb1899f088cb848f8624192e041576484e5fe9a93c076b2b7,0 0 24 24,XML VALID — VISUAL REVIEW PENDING
assets/icons/tabler/outline/adjustments.svg,43529dd8531af91fd9bbd88cf8ac51239ebadc7d9d219a53cb3f0d3cfc6d792d,0 0 24 24,XML VALID — VISUAL REVIEW PENDING
assets/icons/tabler/outline/aerial-lift.svg,1453a177ab152069813be0c9c538786c4dfe2f67454ea9851aa08e3c7c555cd6,0 0 24 24,XML VALID — VISUAL REVIEW PENDING
assets/icons/tabler/outline/affiliate.svg,487cac84e7fbb80cce48f09950b437e8d7c9ba691153c123ddf2576f4bcd47b3,0 0 24 24,XML VALID — VISUAL REVIEW PENDING
assets/icons/tabler/outline/ai.svg,e163277e196e4943f9e36a2441ee9ed25d8492d9bd1e8d7de677e70010a42705,0 0 24 24,XML VALID — VISUAL REVIEW PENDING
assets/icons/tabler/outline/air-balloon.svg,4fe0500d21c65277fa664bc10b338a0241abff7e5362abd25d00395758176628,0 0 24 24,XML VALID — VISUAL REVIEW PENDING
assets/icons/tabler/outline/air-conditioning-disabled.svg,2bc0eba4b5178523427e079d6ba77862d0177453b63514f7591e1106ab091dee,0 0 24 24,XML VALID — VISUAL REVIEW PENDING
assets/icons/tabler/outline/air-conditioning.svg,288870fa169b9329086eaf8da46b0e77a96ff9d383c04c357ae872f653913170,0 0 24 24,XML VALID — VISUAL REVIEW PENDING
assets/icons/tabler/outline/air-traffic-control.svg,dc7fd776c17f07c9a5a62c2646fa136db442f0061a7184a9838429ee8a7efa55,0 0 24 24,XML VALID — VISUAL REVIEW PENDING
assets/icons/tabler/outline/alarm-average.svg,d60304d969c1b1fd80429ae9051eb43dda6763215fc5e9eedd7b8115bfaac5a0,0 0 24 24,XML VALID — VISUAL REVIEW PENDING
assets/icons/tabler/outline/alarm-minus.svg,e44cce304d9bab82d0dc106cefbe6e39e6bde7f6e778dd5639590874d8aec58b,0 0 24 24,XML VALID — VISUAL REVIEW PENDING
assets/icons/tabler/outline/alarm-off.svg,aff4e203067783cd05bc73389dffab877aadb5d478180f73a6643e3df431cab0,0 0 24 24,XML VALID — VISUAL REVIEW PENDING
assets/icons/tabler/outline/alarm-plus.svg,8d439301b0060ea5ce0eea3004c295055aa437336b0095d43c7c7f937617e34b,0 0 24 24,XML VALID — VISUAL REVIEW PENDING
assets/icons/tabler/outline/alarm-smoke.svg,9fb662a3a9d7eef7b1a487baf980cabb4b41b74786c1c0e4a062b6c3bb573437,0 0 24 24,XML VALID — VISUAL REVIEW PENDING
assets/icons/tabler/outline/alarm-snooze.svg,19e1c7674432cce043f25af498399d08f3f5b74f372fa85963d56416f83b77fc,0 0 24 24,XML VALID — VISUAL REVIEW PENDING
assets/icons/tabler/outline/alarm.svg,0480e45dc357dd5242d283df3c1e89282fe5993aff7dc15d55c095f88c7f92ca,0 0 24 24,XML VALID — VISUAL REVIEW PENDING
assets/icons/tabler/outline/album-off.svg,d64bd28d649d84bf458cf11b245e4464ad07496e7ae5c4ce3547dd8703154908,0 0 24 24,XML VALID — VISUAL REVIEW PENDING
assets/icons/tabler/outline/album.svg,52bf906996f89e2756267d36a04c5c62c04fb06fa6d6359a25de02d588b2bb67,0 0 24 24,XML VALID — VISUAL REVIEW PENDING
assets/icons/tabler/outline/alert-circle-off.svg,ac1d7f3decda3eb4af227797934b6575a5197b0d64534838af468e663afa5851,0 0 24 24,XML VALID — VISUAL REVIEW PENDING
assets/icons/tabler/outline/alert-circle.svg,59ce2dc1c31e848df522c7039799df349635752c94bfd2f574c914bc9040e1dd,0 0 24 24,XML VALID — VISUAL REVIEW PENDING
assets/icons/tabler/outline/alert-hexagon-off.svg,529f04ee866e69738b0bb96ac05dbf43af8438f371ec1b863430a6e280c2670f,0 0 24 24,XML VALID — VISUAL REVIEW PENDING
assets/icons/tabler/outline/alert-hexagon.svg,13fefaac0b6486a96620fa9dea9f356cb3778c898f77b86a84cdb84fc85715f3,0 0 24 24,XML VALID — VISUAL REVIEW PENDING
assets/icons/tabler/outline/alert-octagon.svg,064b1a0f1f6adc020e6cd5adb5c8b86c6c77e2671c9207ce971562cf2e70476b,0 0 24 24,XML VALID — VISUAL REVIEW PENDING
assets/icons/tabler/outline/alert-small-off.svg,3efbfd374b0d79b79ed957a3d706fddbb5d7f5efd9bdf8d473fb45723ac8a06a,0 0 24 24,XML VALID — VISUAL REVIEW PENDING
assets/icons/tabler/outline/alert-small.svg,4c3f6bcfedb462203d2d1b3f4bb646a07627bcc934bb0da15d05c6a8b886fe05,0 0 24 24,XML VALID — VISUAL REVIEW PENDING
assets/icons/tabler/outline/alert-square-rounded-off.svg,1680acf1b85c4db33cbe37a60baebedbd5c1e0d7e17924cbc0eb9c9ed04a445d,0 0 24 24,XML VALID — VISUAL REVIEW PENDING
assets/icons/tabler/outline/alert-square-rounded.svg,c374f46d35b2e02c580aa3cc5614bb203806bb1e7a4d28de42fa1f64ffbcfb8c,0 0 24 24,XML VALID — VISUAL REVIEW PENDING
assets/icons/tabler/outline/alert-square.svg,144c92ee9aab91708e8e2faf44ee1e5b4347e3faedd3f8382cf9aaf9d7d1123f,0 0 24 24,XML VALID — VISUAL REVIEW PENDING
assets/icons/tabler/outline/alert-triangle-off.svg,82a32ad5e88da96a7959e81bb4da390b2356249815ed65325b4269bc8462fdf2,0 0 24 24,XML VALID — VISUAL REVIEW PENDING
assets/icons/tabler/outline/alert-triangle.svg,022e85ef2d7820c23b94461510718e8790a00e3d7d2bae5526a28ce2cf3ee005,0 0 24 24,XML VALID — VISUAL REVIEW PENDING
assets/icons/tabler/outline/alien.svg,66a7f39e6613ed2ea76be2caa02ca825d97ca63a724543d50d79efb4ebf8673f,0 0 24 24,XML VALID — VISUAL REVIEW PENDING
assets/icons/tabler/outline/align-box-bottom-center.svg,dba24b0c78da83e23b79178f25cff64eb0f54dc86d91cef570fca7f6bbd3c897,0 0 24 24,XML VALID — VISUAL REVIEW PENDING
assets/icons/tabler/outline/align-box-bottom-left.svg,04721809e4fe2c67cbf2c5373b9f97e58b45f4bfb7cbc3ef29d52c8d81ad490e,0 0 24 24,XML VALID — VISUAL REVIEW PENDING
assets/icons/tabler/outline/align-box-bottom-right.svg,c22c5ebee856e9be8299195343ffd8982c5c14dd78d2e8023ff5c0f54a8ec79e,0 0 24 24,XML VALID — VISUAL REVIEW PENDING
assets/icons/tabler/outline/align-box-center-bottom.svg,55dcf3f7dd6de62f032de1bc431ac17a22fdc76dcae93256e34861812e12ce84,0 0 24 24,XML VALID — VISUAL REVIEW PENDING
assets/icons/tabler/outline/align-box-center-middle.svg,9f5f34e8b0b8b71faa1c864f5b7c68873c3e8c3b0cc51301483104a3cdb61b7c,0 0 24 24,XML VALID — VISUAL REVIEW PENDING
assets/icons/tabler/outline/align-box-center-stretch.svg,5fcf33013af78b0fe1d834c19ad601a8d11918bc58140431ec94f81a91aa98f7,0 0 24 24,XML VALID — VISUAL REVIEW PENDING
assets/icons/tabler/outline/align-box-center-top.svg,d916045c66c5c20f8c35b26acf217364500f5992c937e742ea8c21c48d5369b2,0 0 24 24,XML VALID — VISUAL REVIEW PENDING
assets/icons/tabler/outline/align-box-left-bottom.svg,c61436c58d8b2c7304fb7dbef6d5850ce1e9af2d439216abd9390180fa4c2794,0 0 24 24,XML VALID — VISUAL REVIEW PENDING
assets/icons/tabler/outline/align-box-left-middle.svg,0dbb81048dfdbae8db03b99e452a1e59986e312cf00a03b0db4d64ef7c1e5700,0 0 24 24,XML VALID — VISUAL REVIEW PENDING
assets/icons/tabler/outline/align-box-left-stretch.svg,08f9348e62942bc2301888060a4e4affdd9aa30ce45236ca6fc91ffd3345fd0b,0 0 24 24,XML VALID — VISUAL REVIEW PENDING
assets/icons/tabler/outline/align-box-left-top.svg,06861ca198a0f539ed2284ff81aa0b1ae3f5fde93746e127b500d57c4a1f0f83,0 0 24 24,XML VALID — VISUAL REVIEW PENDING
assets/icons/tabler/outline/align-box-right-bottom.svg,e2a3050fddd8f3454b31a5ed2ca1c773d93935f5224189cc14021af2fb2a54d0,0 0 24 24,XML VALID — VISUAL REVIEW PENDING
assets/icons/tabler/outline/align-box-right-middle.svg,b8ab9c093197ca346ddf564f76c425171cb5d27f971f6c3a6e082d2478ce3d2c,0 0 24 24,XML VALID — VISUAL REVIEW PENDING
assets/icons/tabler/outline/align-box-right-stretch.svg,b454b2139a2b3315a32d08d18bfabd383df01cd55cfc02d9e7caee77b4d559e4,0 0 24 24,XML VALID — VISUAL REVIEW PENDING
assets/icons/tabler/outline/align-box-right-top.svg,b1ce334bbf007f9ca0990b33ac40be699c65b8e75c4bad1023fe0af354d91251,0 0 24 24,XML VALID — VISUAL REVIEW PENDING
assets/icons/tabler/outline/align-box-top-center.svg,a5dcccefe1bc82ee0fb2a36982a81cb50c72766a9a457832fe75fad91cb794e3,0 0 24 24,XML VALID — VISUAL REVIEW PENDING
assets/icons/tabler/outline/align-box-top-left.svg,2a56d2815844406cd5805ab9cca6e17f01bc6d37d1d5c7fd197420baa6429bf1,0 0 24 24,XML VALID — VISUAL REVIEW PENDING
assets/icons/tabler/outline/align-box-top-right.svg,ac13d67e6e5929a64a9e382a424e3137fca05d57fc17c7cfac388a35471a8b9d,0 0 24 24,XML VALID — VISUAL REVIEW PENDING
assets/icons/tabler/outline/align-center.svg,78acedae0b42266737d80b7b64a65b07941e47c89bd58055aa6799061c4bd6ba,0 0 24 24,XML VALID — VISUAL REVIEW PENDING
assets/icons/tabler/outline/align-justified.svg,0d99d50f25001e4335464f586a8f27236e9842da8604303e1c93a84b5b0cfd81,0 0 24 24,XML VALID — VISUAL REVIEW PENDING
assets/icons/tabler/outline/align-left-2.svg,7304c37f67638a193f9d2afa6a426c909c66ffb386db5203c748e1941b56ee30,0 0 24 24,XML VALID — VISUAL REVIEW PENDING
assets/icons/tabler/outline/align-left.svg,0b1db43788f6668adebcdaf632e841e35592fe6b06ee11bb2b6f4b9ef9ba05cb,0 0 24 24,XML VALID — VISUAL REVIEW PENDING
assets/icons/tabler/outline/align-right-2.svg,8ba486166d721d66e7b6b8e3f08b619bb074e8df9232254dfe0e80283dab69d9,0 0 24 24,XML VALID — VISUAL REVIEW PENDING
assets/icons/tabler/outline/align-right.svg,74b6bf8620232be22f5e1fbf0e6908d6fefd64df6fb9d61ddc0cede5731a0b6d,0 0 24 24,XML VALID — VISUAL REVIEW PENDING
assets/icons/tabler/outline/alpha.svg,ad3b71040474e4c4ec6b726331dd59d46b8ddb78af355bf5f2002c009792d85d,0 0 24 24,XML VALID — VISUAL REVIEW PENDING
assets/icons/tabler/outline/alphabet-arabic.svg,8ee65621bb3c2b2c72b96401df93c157fe1cb209743ff9f94e009bd481f58f7a,0 0 24 24,XML VALID — VISUAL REVIEW PENDING
assets/icons/tabler/outline/alphabet-bangla.svg,f2531c4da4ba208c0da396be3fa01fbc322291aa2d49f9481ec86b783872ecba,0 0 24 24,XML VALID — VISUAL REVIEW PENDING
assets/icons/tabler/outline/alphabet-cyrillic.svg,fb98342017775cb54c211b784c80ade32afecbaff128d4d3824ae7b72f7db4dc,0 0 24 24,XML VALID — VISUAL REVIEW PENDING
assets/icons/tabler/outline/alphabet-greek.svg,b7aab0bef36cedc5dda4f0c34043b549fb5fb9a6eebba90b951fb8ca58530b9c,0 0 24 24,XML VALID — VISUAL REVIEW PENDING
assets/icons/tabler/outline/alphabet-hebrew.svg,4ef285f426f0a2b927060a599d6f2b8b908a579db85e36e489433eca30a30565,0 0 24 24,XML VALID — VISUAL REVIEW PENDING
assets/icons/tabler/outline/alphabet-korean.svg,572b2dd47468f57baa6a63eb4d20d485cf747cbd6721d8fb4ec8317ce2bf34de,0 0 24 24,XML VALID — VISUAL REVIEW PENDING
assets/icons/tabler/outline/alphabet-latin.svg,18fcb0eca05d7db77ede7d66b03d173c7a4c69c895c2dca80874f5a2fcd44b55,0 0 24 24,XML VALID — VISUAL REVIEW PENDING
assets/icons/tabler/outline/alphabet-thai.svg,3204152955d8c1519ef00fe95f8280dbf56e9352cfe9224637dddc89d1a92a73,0 0 24 24,XML VALID — VISUAL REVIEW PENDING
assets/icons/tabler/outline/alt.svg,e643df72cdcd78fc53dd9ddefb3b85619698dae704d45a39adf3fddf791b346c,0 0 24 24,XML VALID — VISUAL REVIEW PENDING
assets/icons/tabler/outline/ambulance.svg,3b1b7d5fba901a82caa78345e4727b717c6c750264201636efa051a7516ea467,0 0 24 24,XML VALID — VISUAL REVIEW PENDING
assets/icons/tabler/outline/ampersand.svg,e419e5b3975214a11a95f5e5e9a1cb825fc36673de05eb904c6a6a9dc95b917b,0 0 24 24,XML VALID — VISUAL REVIEW PENDING
assets/icons/tabler/outline/analyze-off.svg,a6d82106be5d49a8acd485cf51e06ff2826938aada3f2cf6070df6c4ce8c0a6e,0 0 24 24,XML VALID — VISUAL REVIEW PENDING
assets/icons/tabler/outline/analyze.svg,11c6353c641a50190cca5f5d4aaf6f6599a620e948e30c478a3db796e0c22f0b,0 0 24 24,XML VALID — VISUAL REVIEW PENDING
assets/icons/tabler/outline/anchor-off.svg,da0c6456edda55a6000f0596cbcfd794c0e9acd90aa2996a7e61c5d0b6669d74,0 0 24 24,XML VALID — VISUAL REVIEW PENDING
assets/icons/tabler/outline/anchor.svg,997d38b5da6f5e807c546e71b81db396a7694cc7237c01a9d4c1516f7138e447,0 0 24 24,XML VALID — VISUAL REVIEW PENDING
assets/icons/tabler/outline/angle.svg,4bde18b92b0f52101d8c0c0473101e386e83b9a6ef5372cbbb8f723f3d627b96,0 0 24 24,XML VALID — VISUAL REVIEW PENDING
assets/icons/tabler/outline/ankh.svg,91de34f3d210f77a56804d2238998760bbef5e35815b1c30a05a0f2998a713e7,0 0 24 24,XML VALID — VISUAL REVIEW PENDING
assets/icons/tabler/outline/antenna-bars-1.svg,76067553d955298ff62f6c28f29ca8c7e646074fda07b7fc964fa9e20a4a65e8,0 0 24 24,XML VALID — VISUAL REVIEW PENDING
assets/icons/tabler/outline/antenna-bars-2.svg,ca3cfd47d11ffd2fab4fc823b300434aff1713b54aa042f8fe5e6ca761a0a983,0 0 24 24,XML VALID — VISUAL REVIEW PENDING
assets/icons/tabler/outline/antenna-bars-3.svg,e174a0ae6de3ac5eea1a75c7b2109ad15a4f2340af046b6b9f8c9785e2e01da1,0 0 24 24,XML VALID — VISUAL REVIEW PENDING
assets/icons/tabler/outline/antenna-bars-4.svg,42e98a2e715e59849de538b543a7872b7a844754776a4981d85eed2784a91b55,0 0 24 24,XML VALID — VISUAL REVIEW PENDING
assets/icons/tabler/outline/antenna-bars-5.svg,1d4495e274ee429e8845899d8317117aaa67742ba6ad0f0464593fdde0c16822,0 0 24 24,XML VALID — VISUAL REVIEW PENDING
assets/icons/tabler/outline/antenna-bars-off.svg,37933254f6c740bbee34851212a965c8bd9f29263f738036bec7eaa5eb981fae,0 0 24 24,XML VALID — VISUAL REVIEW PENDING
assets/icons/tabler/outline/antenna-off.svg,fa65d7b415d1e40b8c6612cc3a436b0ffe201d827b0be075c243a4142c3c5513,0 0 24 24,XML VALID — VISUAL REVIEW PENDING
assets/icons/tabler/outline/antenna.svg,3bc7350dab0af0e8c9fc8f5a3d7ef73062002cc1e8dea45329afbe222c407045,0 0 24 24,XML VALID — VISUAL REVIEW PENDING
assets/icons/tabler/outline/aperture-off.svg,9b02ba7c12d08f91d528f4ed09ae3ca790541d752441e1867f7f118088f1adef,0 0 24 24,XML VALID — VISUAL REVIEW PENDING
assets/icons/tabler/outline/aperture.svg,fd2639126ffa9b3693915569e12938dc555d117bc85e3c94d65cac974ec33981,0 0 24 24,XML VALID — VISUAL REVIEW PENDING
assets/icons/tabler/outline/api-app-off.svg,713a145b1cd03b988ace43860fc97ffb15e982b690a7c38d62bef1c101440565,0 0 24 24,XML VALID — VISUAL REVIEW PENDING
assets/icons/tabler/outline/api-app.svg,ba54fb981f1f3f0b79a162569fe75bdbef4d0daf11eb1347de627e68201d60ab,0 0 24 24,XML VALID — VISUAL REVIEW PENDING
assets/icons/tabler/outline/api-off.svg,1e25a532207d1ec7e8a2d2fb656b981b06af5b6db3b7963e0fd9672e9060c0ce,0 0 24 24,XML VALID — VISUAL REVIEW PENDING
assets/icons/tabler/outline/api.svg,adda6606631f92dccaea334931abb594b7bf50c353dd69b6fea8669dfd5cc78e,0 0 24 24,XML VALID — VISUAL REVIEW PENDING
assets/icons/tabler/outline/app-window.svg,084c755baf9b13db0c90babe07a62fd345c2d989dc99cef1fce008400f740a70,0 0 24 24,XML VALID — VISUAL REVIEW PENDING
assets/icons/tabler/outline/apple.svg,021734c29a187554f3244b081b2741aa82d8aaf73719a3f8beedd21b76261a2f,0 0 24 24,XML VALID — VISUAL REVIEW PENDING
assets/icons/tabler/outline/apps-off.svg,3d949a6ddf43659497c2af1b6429fc17ac12fc6f5f4b5f47e57eefe23af79ccb,0 0 24 24,XML VALID — VISUAL REVIEW PENDING
assets/icons/tabler/outline/apps.svg,dc21d0e06f398825c246e56ff3e0bf0ecfb397bb98f7bea19d091623064c693f,0 0 24 24,XML VALID — VISUAL REVIEW PENDING
assets/icons/tabler/outline/archery-arrow.svg,ed283f981b79956eed20f09b9ff9215f1cefae43cf6d934f80128fa606281642,0 0 24 24,XML VALID — VISUAL REVIEW PENDING
assets/icons/tabler/outline/archive-off.svg,87a3736c533ee7d8b9e6add0ceb45b2341793a4cb1facee6780b5c1136d17bb7,0 0 24 24,XML VALID — VISUAL REVIEW PENDING
assets/icons/tabler/outline/archive.svg,e034249a3d00b0d54bf3943af995a05842bdd5386aab68aeaf91a3083391bd04,0 0 24 24,XML VALID — VISUAL REVIEW PENDING
assets/icons/tabler/outline/armchair-2-off.svg,20e39fd44ae199513c064bb70aadeb6ef819908d2360a34156a7e88b51a78261,0 0 24 24,XML VALID — VISUAL REVIEW PENDING
assets/icons/tabler/outline/armchair-2.svg,de9e50cb3af20c222a818a520d2c00b2616e1994559ddd2a5312517bf6d556d4,0 0 24 24,XML VALID — VISUAL REVIEW PENDING
assets/icons/tabler/outline/armchair-off.svg,ac199cbfe0cf624b74ee15753cd90d38affb1a23e10c6a096ebd103ff5427dc6,0 0 24 24,XML VALID — VISUAL REVIEW PENDING
assets/icons/tabler/outline/armchair.svg,d5bcff48e4ff375ca013c59b9dd15cd1e9f487dc1db2df33f4dd50a0bae2738a,0 0 24 24,XML VALID — VISUAL REVIEW PENDING
assets/icons/tabler/outline/arrow-autofit-content.svg,87605e36d7a7fd53539c37fdb2081f5b1b516d863aa725b55046c1b6f647a647,0 0 24 24,XML VALID — VISUAL REVIEW PENDING
assets/icons/tabler/outline/arrow-autofit-down.svg,07db3620ab117d065917f624f8c7296e8324847ab00a8a0b56e58d26c654eab7,0 0 24 24,XML VALID — VISUAL REVIEW PENDING
assets/icons/tabler/outline/arrow-autofit-height.svg,2ed4f06976393d772ffe2cf1e4dc0f977eba3745821909e960e123ce1549435e,0 0 24 24,XML VALID — VISUAL REVIEW PENDING
assets/icons/tabler/outline/arrow-autofit-left.svg,ce9dd5e53debf4a3171123aeff882ae0d6f3265f326481528837cde5eed7a9d2,0 0 24 24,XML VALID — VISUAL REVIEW PENDING
assets/icons/tabler/outline/arrow-autofit-right.svg,08a774a11c106e1e87d81e37bf3bf3ffc82a5cecb5b55c3fc8d76016b972eddd,0 0 24 24,XML VALID — VISUAL REVIEW PENDING
assets/icons/tabler/outline/arrow-autofit-up.svg,473a0b1c604f2812ead16f9c29b24b5c1a66717764afedabb1e7375334b02e02,0 0 24 24,XML VALID — VISUAL REVIEW PENDING
assets/icons/tabler/outline/arrow-autofit-width.svg,6816b8f52aef493c40caa8222cc5b494d089ccceeede57b17275512c775c8933,0 0 24 24,XML VALID — VISUAL REVIEW PENDING
assets/icons/tabler/outline/arrow-back-up-double.svg,a9dd5bfac5262b573b5c55a6d632ee5682413312333a7d24c3983f62a5c9dc73,0 0 24 24,XML VALID — VISUAL REVIEW PENDING
assets/icons/tabler/outline/arrow-back-up.svg,6154557f0f9046b0b58e39cad6f6eed98fa7b04769e8068c9baf5618714c9e3f,0 0 24 24,XML VALID — VISUAL REVIEW PENDING
assets/icons/tabler/outline/arrow-back.svg,ce1c617a773c987a05ac38fb11ee6aabae7b81078982671cd9afa6a6d6fc4228,0 0 24 24,XML VALID — VISUAL REVIEW PENDING
assets/icons/tabler/outline/arrow-badge-down.svg,925569e9a53614e682a8e451cf7800c472315dc7cfea774beae829b801d4eebe,0 0 24 24,XML VALID — VISUAL REVIEW PENDING
assets/icons/tabler/outline/arrow-badge-left.svg,fe3be35bb97ad3235cf35539067871de5a737bdb9eb6ad1556736abac69781eb,0 0 24 24,XML VALID — VISUAL REVIEW PENDING
assets/icons/tabler/outline/arrow-badge-right.svg,ce4c5236afadb83c0085a558a593a9a37d7776ca82867f03d706ce797237a2b7,0 0 24 24,XML VALID — VISUAL REVIEW PENDING
assets/icons/tabler/outline/arrow-badge-up.svg,814e303beeef309e88360ff4337f431b2e0d9e52ba98aac6556f10ea736636d5,0 0 24 24,XML VALID — VISUAL REVIEW PENDING
assets/icons/tabler/outline/arrow-bar-both.svg,d63064913832b00704a300866ee47d86028563fd9943be08fa62c0a5b1b59644,0 0 24 24,XML VALID — VISUAL REVIEW PENDING
assets/icons/tabler/outline/arrow-bar-down.svg,d74bf7f97a7ef74880dca3cd41b9f32a9560c905f2ae65cac43663a75f6d742f,0 0 24 24,XML VALID — VISUAL REVIEW PENDING
assets/icons/tabler/outline/arrow-bar-left.svg,bf15205a3c1aa443fcb1b3f3c457c3cf979565ea62aa2c9efd4264479f2ee392,0 0 24 24,XML VALID — VISUAL REVIEW PENDING
assets/icons/tabler/outline/arrow-bar-right.svg,5c1364e8ce24f558e2be10d76837c404aa4f5be6ff5395aebad6287f40ab24fa,0 0 24 24,XML VALID — VISUAL REVIEW PENDING
assets/icons/tabler/outline/arrow-bar-to-down-dashed.svg,4e68e10b8f513485d341c0bd8fc914466096e802a94de482e0aec8b7da058188,0 0 24 24,XML VALID — VISUAL REVIEW PENDING
assets/icons/tabler/outline/arrow-bar-to-down.svg,889f413a43fae451deb62b74b755955091df00d98a0fba44b347262ede8ded63,0 0 24 24,XML VALID — VISUAL REVIEW PENDING
assets/icons/tabler/outline/arrow-bar-to-left-dashed.svg,356c6c5dba313876899c6f29317a99dd8fb271e86f3a6a1e1635970b84587015,0 0 24 24,XML VALID — VISUAL REVIEW PENDING
assets/icons/tabler/outline/arrow-bar-to-left.svg,b77ccdd8f3f453e39487105a201fb2c2b899dbb7d5b162a2c3291857902eb344,0 0 24 24,XML VALID — VISUAL REVIEW PENDING
assets/icons/tabler/outline/arrow-bar-to-right-dashed.svg,5ee57a6fe5fe0df6f6c2bbc1bc0dc5481a364f17be7b8ef873b8c1d80c66bb86,0 0 24 24,XML VALID — VISUAL REVIEW PENDING
assets/icons/tabler/outline/arrow-bar-to-right.svg,7a62b39c4cc0091979d6b0c5562f520af9e3b10e196a5333d9792b856064a841,0 0 24 24,XML VALID — VISUAL REVIEW PENDING
assets/icons/tabler/outline/arrow-bar-to-up-dashed.svg,dd3c4420f21fdd7270cc3151e5a02a96fc1fb3a3c6ddc294ce88ec8b11673945,0 0 24 24,XML VALID — VISUAL REVIEW PENDING
assets/icons/tabler/outline/arrow-bar-to-up.svg,178348170da27fb3c4150d11adbef7589111c2ef67d55c96dbe675326808cafa,0 0 24 24,XML VALID — VISUAL REVIEW PENDING
assets/icons/tabler/outline/arrow-bar-up.svg,3e52dec40a63e6d1052181583626fd77168cc0112adfeafcae61e9cdc0d4f094,0 0 24 24,XML VALID — VISUAL REVIEW PENDING
assets/icons/tabler/outline/arrow-bear-left-2.svg,fb1f924001a5a32e0c9439132b146579eaba5388dd1b151d7ed061451bdb3a7a,0 0 24 24,XML VALID — VISUAL REVIEW PENDING
assets/icons/tabler/outline/arrow-bear-left.svg,8abd1fafe7143f509409164970f4c45578b2ff8245c1c3ba2162c6a53d434d01,0 0 24 24,XML VALID — VISUAL REVIEW PENDING
assets/icons/tabler/outline/arrow-bear-right-2.svg,d5215a60d5c24d560cfe33176fdd0d994fc758fda7c7496b299d1e79ca2444a6,0 0 24 24,XML VALID — VISUAL REVIEW PENDING
assets/icons/tabler/outline/arrow-bear-right.svg,8b7b177edccf13e07a5dc598fb6c8dfe146dee6fb711c234fe7042f7ce8b9d75,0 0 24 24,XML VALID — VISUAL REVIEW PENDING
assets/icons/tabler/outline/arrow-big-down-line.svg,c793904168e3f574b2b9ea5258dd9a7f44d6d46a36bea3805d5250741664002a,0 0 24 24,XML VALID — VISUAL REVIEW PENDING
assets/icons/tabler/outline/arrow-big-down-lines.svg,384f50af291e07c37ddf09171f591f427bb5c151c78dbec6e1000dd30491372d,0 0 24 24,XML VALID — VISUAL REVIEW PENDING
assets/icons/tabler/outline/arrow-big-down.svg,966ad9091c8707f47166c1b415645d6f8e47915f64c3f829414f1e3628bbca78,0 0 24 24,XML VALID — VISUAL REVIEW PENDING
assets/icons/tabler/outline/arrow-big-left-line.svg,5982eae7b503ecd7ffc1d78e99fe8116dff29b808df3db211273166e053d791c,0 0 24 24,XML VALID — VISUAL REVIEW PENDING
assets/icons/tabler/outline/arrow-big-left-lines.svg,6e08d5170188799710586cf465aae34524cca5dbca8128ba16afcef3ca307367,0 0 24 24,XML VALID — VISUAL REVIEW PENDING
assets/icons/tabler/outline/arrow-big-left.svg,e8ae6d95c0a68e617a3abecff13f5fd130513a46f91dc70eb6ad8d3118f496ec,0 0 24 24,XML VALID — VISUAL REVIEW PENDING
assets/icons/tabler/outline/arrow-big-right-line.svg,ed848438d93c95ba300498a31e3d9eed65325aac5e622945c3a64a5f2bdbc223,0 0 24 24,XML VALID — VISUAL REVIEW PENDING
assets/icons/tabler/outline/arrow-big-right-lines.svg,75e56d3bc9bfbecaa4e6e3874d27a55fd62dfa630be6f1d6527cb058cd858ffe,0 0 24 24,XML VALID — VISUAL REVIEW PENDING
assets/icons/tabler/outline/arrow-big-right.svg,62019ee1a75be621e6984600a6ff834d9c5b71f78e9e5004790345e2c2b78378,0 0 24 24,XML VALID — VISUAL REVIEW PENDING
assets/icons/tabler/outline/arrow-big-up-line.svg,e5172245a838238837994727ffc0f4cadf9103e878bed643f53e5c33ac55be91,0 0 24 24,XML VALID — VISUAL REVIEW PENDING
assets/icons/tabler/outline/arrow-big-up-lines.svg,a28b2f506e0289ed838cd666e6f3b8dd482e983d122065fe6ed9cacd682c5df3,0 0 24 24,XML VALID — VISUAL REVIEW PENDING
assets/icons/tabler/outline/arrow-big-up.svg,07a3f3d5285bef13e035c1b8a0de6669aeda115d0c4006088e725ab8d077580a,0 0 24 24,XML VALID — VISUAL REVIEW PENDING
assets/icons/tabler/outline/arrow-bounce.svg,184e73f0de003d63724f03343c06eb4bba0a1688cfcf11bb7f45b737af4406c9,0 0 24 24,XML VALID — VISUAL REVIEW PENDING
assets/icons/tabler/outline/arrow-capsule.svg,11f947012930ec36f7034058160b561f309fafdeb0474d9f257b993bfd9c3f76,0 0 24 24,XML VALID — VISUAL REVIEW PENDING
assets/icons/tabler/outline/arrow-curve-left.svg,464877519f15ec1a138c52c0bf81dae87ec618ad529b0a6f31c9d65d9b1e1ca5,0 0 24 24,XML VALID — VISUAL REVIEW PENDING
assets/icons/tabler/outline/arrow-curve-right.svg,d1c37b54b025595c0941baeb5a9b34d8c64b227ad36a9f91c6b10a2a37f858fc,0 0 24 24,XML VALID — VISUAL REVIEW PENDING
assets/icons/tabler/outline/arrow-down-bar.svg,491927cad625434d5c84d7b41e71fdea8c4347ac90f3accfa7e92b6dcbb58408,0 0 24 24,XML VALID — VISUAL REVIEW PENDING
assets/icons/tabler/outline/arrow-down-circle.svg,6972d70f04b9df542ea02cc26c02a8143771abdb1e4a9094a5808068828b74e9,0 0 24 24,XML VALID — VISUAL REVIEW PENDING
assets/icons/tabler/outline/arrow-down-dashed.svg,0bb39f3d2ea05922d1e150ed6c6c94fcc1f1f3135834e5137bb33b3cc81bd358,0 0 24 24,XML VALID — VISUAL REVIEW PENDING
assets/icons/tabler/outline/arrow-down-from-arc.svg,7f5fde41968e1500dbe3f7760c8ccfaa1123428a8d25e8619a37eee906f48c9d,0 0 24 24,XML VALID — VISUAL REVIEW PENDING
assets/icons/tabler/outline/arrow-down-left-circle.svg,68c9f1b0909ceeadf40dc7f392593d43e77d1cea31cfbc5cc646d704dc0ff973,0 0 24 24,XML VALID — VISUAL REVIEW PENDING
assets/icons/tabler/outline/arrow-down-left.svg,d4ca2cfa6d9d9dd27fc1bf15f477303a5f97f7282a9b151023b0489217387baa,0 0 24 24,XML VALID — VISUAL REVIEW PENDING
assets/icons/tabler/outline/arrow-down-rhombus.svg,cb32cb5cf3b9802e330c1ed0183752356880d1126fde4ca24683dc1362f39878,0 0 24 24,XML VALID — VISUAL REVIEW PENDING
assets/icons/tabler/outline/arrow-down-right-circle.svg,504e9f43f7449c4cf94fdfdd4ecc5fbb3ed2c4d7834f231dd3d7cb73cdb6e435,0 0 24 24,XML VALID — VISUAL REVIEW PENDING
assets/icons/tabler/outline/arrow-down-right.svg,a9585d46de782b12c53d2808a2b757a758b2d4bbcbb39a5d38bc9cbc2db9e61f,0 0 24 24,XML VALID — VISUAL REVIEW PENDING
assets/icons/tabler/outline/arrow-down-square.svg,d4b092967b1bfd21d9b66f792e8eb6780ef2481e6886bdaa459b148e6081bcb9,0 0 24 24,XML VALID — VISUAL REVIEW PENDING
assets/icons/tabler/outline/arrow-down-tail.svg,817bfdc4f9d6e9b732d9c0fe1a985435fb980e4ac002278ff2ee9e9663ea2c84,0 0 24 24,XML VALID — VISUAL REVIEW PENDING
assets/icons/tabler/outline/arrow-down-to-arc.svg,d9268996c0acb1111ff622a183153e2e11721da5c31150c0ebda1af52678ba92,0 0 24 24,XML VALID — VISUAL REVIEW PENDING
assets/icons/tabler/outline/arrow-down.svg,8539c765173900db3ffc581ebd7f7c478e757240b9bacba20ba40c13fab0ec1e,0 0 24 24,XML VALID — VISUAL REVIEW PENDING
assets/icons/tabler/outline/arrow-elbow-left.svg,45944b165ecb482f9bacf68cedd6775eb012f8902f434c91c3f1c2674ffd3714,0 0 24 24,XML VALID — VISUAL REVIEW PENDING
assets/icons/tabler/outline/arrow-elbow-right.svg,2f50120bf2688c86bf0acb231ef6fa125e9fff602a865f976bb1e8ea812aa80f,0 0 24 24,XML VALID — VISUAL REVIEW PENDING
assets/icons/tabler/outline/arrow-fork.svg,5c0afa4b423b6f6b227e21c5c721988311461c0de4b7a32d2d581a44392abdfc,0 0 24 24,XML VALID — VISUAL REVIEW PENDING
assets/icons/tabler/outline/arrow-forward-up-double.svg,a9afdf1dbd9a7be8f16e8bee626abf5bdf148835790ba7452451991756f3250f,0 0 24 24,XML VALID — VISUAL REVIEW PENDING
assets/icons/tabler/outline/arrow-forward-up.svg,27f4585fcbf87c601b7660e64e4eb586ab3afcb778dff3213ff5b84a010e8cea,0 0 24 24,XML VALID — VISUAL REVIEW PENDING
assets/icons/tabler/outline/arrow-forward.svg,a02f7c228df1a662044ed95537ffff49fcfd5c378d151c5a5a30088bd700be78,0 0 24 24,XML VALID — VISUAL REVIEW PENDING
assets/icons/tabler/outline/arrow-guide.svg,eb542adb821e53373dff1f44265f9663ad996592619492dbe3dbdfa11ffae402,0 0 24 24,XML VALID — VISUAL REVIEW PENDING
assets/icons/tabler/outline/arrow-iteration.svg,0e064dcb27bb4faf6b5e36e6dc91da14a8b046fb290f1ca75fd1839dfdf4df52,0 0 24 24,XML VALID — VISUAL REVIEW PENDING
assets/icons/tabler/outline/arrow-left-bar.svg,be779e2f5202bd5cf2c3026b8a82ff7ac90702e45e96bdc7dedb0c12d629b892,0 0 24 24,XML VALID — VISUAL REVIEW PENDING
assets/icons/tabler/outline/arrow-left-circle.svg,22e0af34d9fe59d078e68e37bf6fbb9bac8b4b728f622dfabf0b4441c50ec43c,0 0 24 24,XML VALID — VISUAL REVIEW PENDING
assets/icons/tabler/outline/arrow-left-dashed.svg,e879c561fa2dfd01158c09c669cf2252f07dbc549832ae80d7f4d72522ac2935,0 0 24 24,XML VALID — VISUAL REVIEW PENDING
assets/icons/tabler/outline/arrow-left-from-arc.svg,44a87840cbb047f7fdc26a30f0d4c98046aa172fd3e82f7c32a65b550e7e59ea,0 0 24 24,XML VALID — VISUAL REVIEW PENDING
assets/icons/tabler/outline/arrow-left-rhombus.svg,4892d44ef0c4e15ed70241fa57995333bfb76c3d8f75201e3a50ad10d61e0aa7,0 0 24 24,XML VALID — VISUAL REVIEW PENDING
assets/icons/tabler/outline/arrow-left-right.svg,135262afd6a74b4ec4dcf6937a6a79d2de663323b570c39fa105e57a6fe818fb,0 0 24 24,XML VALID — VISUAL REVIEW PENDING
assets/icons/tabler/outline/arrow-left-square.svg,5c016de23e412fd84933bf01d54da803875294d85873166c95715d4669425037,0 0 24 24,XML VALID — VISUAL REVIEW PENDING
assets/icons/tabler/outline/arrow-left-tail.svg,3bbb7f322d163b628685251c0ac1cb312b1c4509dcdb29068190c3ac7ee266a4,0 0 24 24,XML VALID — VISUAL REVIEW PENDING
assets/icons/tabler/outline/arrow-left-to-arc.svg,a8ab4220850fc064aa50b30af1637ca761ab05698f844098040f31acd9f45397,0 0 24 24,XML VALID — VISUAL REVIEW PENDING
assets/icons/tabler/outline/arrow-left.svg,0f2d443379c47b08d1934e395bd32746e1b8e71db59dc5b7ed6ce999221eea8b,0 0 24 24,XML VALID — VISUAL REVIEW PENDING
assets/icons/tabler/outline/arrow-loop-left-2.svg,f0307081306c65b6daee902d535f69c21129beef8ce2d7f5b7918049f4d38bc4,0 0 24 24,XML VALID — VISUAL REVIEW PENDING
assets/icons/tabler/outline/arrow-loop-left.svg,51b785c274c5a6e9c2869dee890b267438a90ebcd196721670d488828c6b7d82,0 0 24 24,XML VALID — VISUAL REVIEW PENDING
assets/icons/tabler/outline/arrow-loop-right-2.svg,aa435fd6225af053ed86cbcfe67821bf59cb3403dba1deb58133e2dfac47d4ae,0 0 24 24,XML VALID — VISUAL REVIEW PENDING
assets/icons/tabler/outline/arrow-loop-right.svg,4e0c210b880be8c20aa31ccad305d2f99acddb8370604548a8937d4707be3f74,0 0 24 24,XML VALID — VISUAL REVIEW PENDING
assets/icons/tabler/outline/arrow-merge-alt-left.svg,f6be2e076827220c814ff9aa957c125591b539ce70b3d237017b2abc0f27a1b3,0 0 24 24,XML VALID — VISUAL REVIEW PENDING
assets/icons/tabler/outline/arrow-merge-alt-right.svg,6ce01629929eb4bf4f75f10be459b695cd1d7f286e79d4e0b3fb086afb4479ef,0 0 24 24,XML VALID — VISUAL REVIEW PENDING
assets/icons/tabler/outline/arrow-merge-both.svg,60c5528d7d81b412f0c2c35d0f4df603eeee5f2173ef4ec9a288532f066f38c5,0 0 24 24,XML VALID — VISUAL REVIEW PENDING
assets/icons/tabler/outline/arrow-merge-left.svg,300d5358374480a401f5ccc7fe8a7fb586556c5a47616125cd850860dbb69ff6,0 0 24 24,XML VALID — VISUAL REVIEW PENDING
assets/icons/tabler/outline/arrow-merge-right.svg,a8e5c6d7bed53641866a320517d7cb89756340b7b54a71ec34ed8dc86ce7f069,0 0 24 24,XML VALID — VISUAL REVIEW PENDING
assets/icons/tabler/outline/arrow-merge.svg,4917de86385cf1f8500b91cde1bc8a6aac4a626523eb9f5abeda0df0bd15995b,0 0 24 24,XML VALID — VISUAL REVIEW PENDING
assets/icons/tabler/outline/arrow-move-down.svg,3b87a53846eb6c2c2ecaac6c5f12585ae6a4a19ff9a63ee7fa0a919c34b5e2e3,0 0 24 24,XML VALID — VISUAL REVIEW PENDING
assets/icons/tabler/outline/arrow-move-left.svg,925443187d9426751057a65f2b5eda1f127cf7ac81c47c901327699591bcf76c,0 0 24 24,XML VALID — VISUAL REVIEW PENDING
assets/icons/tabler/outline/arrow-move-right.svg,47dce69073770672152b360018a2953a68ab678dd0b6569587c1de6d58b7d3dd,0 0 24 24,XML VALID — VISUAL REVIEW PENDING
assets/icons/tabler/outline/arrow-move-up.svg,ae00eda552967cf14cc35dd48b3ed87956803166f2f00664f65af9a0f9c036ec,0 0 24 24,XML VALID — VISUAL REVIEW PENDING
assets/icons/tabler/outline/arrow-narrow-down-dashed.svg,528550bd0d494f8efbdf88b21f6b7e3e076fd3918a19a07537885ed74b6eb75f,0 0 24 24,XML VALID — VISUAL REVIEW PENDING
assets/icons/tabler/outline/arrow-narrow-down.svg,4b451d409292257a91b41654e8580c984880cc7576331c1295371cb6268a09a0,0 0 24 24,XML VALID — VISUAL REVIEW PENDING
assets/icons/tabler/outline/arrow-narrow-left-dashed.svg,9a45043f5a8ee54b2836d99cc6bd55ac18fb21bd47a95983ab8eac54fd83cbc4,0 0 24 24,XML VALID — VISUAL REVIEW PENDING
assets/icons/tabler/outline/arrow-narrow-left.svg,0203db9ff16b9446f4e8b6c5a7318f0d53eb5d78dda28121cf379aa03803bba3,0 0 24 24,XML VALID — VISUAL REVIEW PENDING
assets/icons/tabler/outline/arrow-narrow-right-dashed.svg,d3d6e1456c0f3131e991824f510a9a1697228d7a738483985e027d9b11dc2ad1,0 0 24 24,XML VALID — VISUAL REVIEW PENDING
assets/icons/tabler/outline/arrow-narrow-right.svg,5e9ac9158134461c9848537b499b400aa85097a3166a932c0432f89c2ccbe3d7,0 0 24 24,XML VALID — VISUAL REVIEW PENDING
assets/icons/tabler/outline/arrow-narrow-up-dashed.svg,d66fc3b7caf263c30d1c0d79525d9826092a1e643e5815042e776601fc183203,0 0 24 24,XML VALID — VISUAL REVIEW PENDING
assets/icons/tabler/outline/arrow-narrow-up.svg,68eaa362b2f45886d968223bff1ca4da14909fa0d54a421d82d3f08a66a4b296,0 0 24 24,XML VALID — VISUAL REVIEW PENDING
assets/icons/tabler/outline/arrow-ramp-left-2.svg,0f530b5c7b422e4a9f1776d33b732d6012652906148c62038798b1fd2e93160f,0 0 24 24,XML VALID — VISUAL REVIEW PENDING
assets/icons/tabler/outline/arrow-ramp-left-3.svg,2c5cb3b306508635b72c2044e65b8b1392a75f44f1ef67ab3f93a355a9880ed3,0 0 24 24,XML VALID — VISUAL REVIEW PENDING
assets/icons/tabler/outline/arrow-ramp-left.svg,c40e2599ba75eca02131c12adc16b9d78b4d84598e239f70ddc685131e4a3c79,0 0 24 24,XML VALID — VISUAL REVIEW PENDING
assets/icons/tabler/outline/arrow-ramp-right-2.svg,76c55c4a8f0fb6e1ad07ccaee91d6cb185e4cb3483bd53ddcdee31f38220a320,0 0 24 24,XML VALID — VISUAL REVIEW PENDING
assets/icons/tabler/outline/arrow-ramp-right-3.svg,af76cc832d7809dda6f077c9ba921b165a413450db0c2110ab1913231123bfc0,0 0 24 24,XML VALID — VISUAL REVIEW PENDING
assets/icons/tabler/outline/arrow-ramp-right.svg,3d1750cb9e9eae0fbe3405258d64d89b515039a5e8295c37109f8da75c0ea737,0 0 24 24,XML VALID — VISUAL REVIEW PENDING
assets/icons/tabler/outline/arrow-right-bar.svg,aa58a39bd826a71bf9ada0b4ba3c8e470bf684bda394b07bfb3511bbb2e1eb16,0 0 24 24,XML VALID — VISUAL REVIEW PENDING
assets/icons/tabler/outline/arrow-right-circle.svg,3a48215ae4d5e2d18fc38a9aefed38826d8cf94721c5aa60b8e6887cb5a4ae6d,0 0 24 24,XML VALID — VISUAL REVIEW PENDING
assets/icons/tabler/outline/arrow-right-dashed.svg,498c9afd8afd81416bbf1102a34f4659a974be8685f48f5d1eec1ef67104837c,0 0 24 24,XML VALID — VISUAL REVIEW PENDING
assets/icons/tabler/outline/arrow-right-from-arc.svg,3af950def9fc01092ea464c7c19986cc8ec4c395fc2a4680b1329d21d9ebefc1,0 0 24 24,XML VALID — VISUAL REVIEW PENDING
assets/icons/tabler/outline/arrow-right-rhombus.svg,e9091e98b0a55bc560004fc479ea39af646908af1c9f216980bc99591155dcbd,0 0 24 24,XML VALID — VISUAL REVIEW PENDING
assets/icons/tabler/outline/arrow-right-square.svg,1d8fd6adff7dc9d609a58ab89c280fb5026128958ddca15ca57afe7cb1a75815,0 0 24 24,XML VALID — VISUAL REVIEW PENDING
assets/icons/tabler/outline/arrow-right-tail.svg,db8dec398835387e7dc500d443712c5eca07675c9fa9cbec31ce8ba8f33e875d,0 0 24 24,XML VALID — VISUAL REVIEW PENDING
assets/icons/tabler/outline/arrow-right-to-arc.svg,1d18282fdbdd53e008024643bb06db9730bf59c033028e7419ea527bd0a965cd,0 0 24 24,XML VALID — VISUAL REVIEW PENDING
assets/icons/tabler/outline/arrow-right.svg,dbd1e4c0396bee3b683d5b19e82080a0a27ac9dbab5ebd041590b0c95da04abe,0 0 24 24,XML VALID — VISUAL REVIEW PENDING
assets/icons/tabler/outline/arrow-rotary-first-left.svg,3937edaac5259d79ff69f471e9581edf6052e82b95910d42b6982eaa3339c31b,0 0 24 24,XML VALID — VISUAL REVIEW PENDING
assets/icons/tabler/outline/arrow-rotary-first-right.svg,62b9ba499149dd9134f07e50e249076a35997c12299f3c6338f9abf7cbaa3468,0 0 24 24,XML VALID — VISUAL REVIEW PENDING
assets/icons/tabler/outline/arrow-rotary-last-left.svg,3cea0691ca6898ddcb922ae459bc4daca09a205bb34bcec57dda545999113e11,0 0 24 24,XML VALID — VISUAL REVIEW PENDING
assets/icons/tabler/outline/arrow-rotary-last-right.svg,d2aac5cab7dd75b3ded129fe446061bf5821c2bd3712c3ab223dcece613aaa03,0 0 24 24,XML VALID — VISUAL REVIEW PENDING
assets/icons/tabler/outline/arrow-rotary-left.svg,2d064b9dc6d4d3e345e7f8e2330d9719615964ebdcb90389bf43c4882ba7169f,0 0 24 24,XML VALID — VISUAL REVIEW PENDING
assets/icons/tabler/outline/arrow-rotary-right.svg,0fc5d35f4c6a20c035bfb1c3303b0529ecf4892cf7bcd00154e1f57f8e79ccf0,0 0 24 24,XML VALID — VISUAL REVIEW PENDING
assets/icons/tabler/outline/arrow-rotary-straight.svg,7ff21be27eb2ea5406d5f6669d21f73195b17c58731ca40b40a277dcbe460d95,0 0 24 24,XML VALID — VISUAL REVIEW PENDING
assets/icons/tabler/outline/arrow-roundabout-left.svg,16909b920693c2709c0edacb1bfc3a85a796e43461a8f6bcd478dcd488fb05ff,0 0 24 24,XML VALID — VISUAL REVIEW PENDING
assets/icons/tabler/outline/arrow-roundabout-right.svg,926a89f77b9aece5c7873f7495929fe507b9d20547659a35f2c2f685a91b4443,0 0 24 24,XML VALID — VISUAL REVIEW PENDING
assets/icons/tabler/outline/arrow-sharp-turn-left.svg,74999a09421bc22a323d16f2c6a813a56e46452a49f5a57198fca2988992781d,0 0 24 24,XML VALID — VISUAL REVIEW PENDING
assets/icons/tabler/outline/arrow-sharp-turn-right.svg,88e8caf9539e84eac17c02ee08e3c634093bf96fab2ca8c95d1221d2afb4b08d,0 0 24 24,XML VALID — VISUAL REVIEW PENDING
assets/icons/tabler/outline/arrow-up-bar.svg,2414cc04ef025bcff89636cb57e3b0b17816a7b42eb535aad4dba8d164ff5a3f,0 0 24 24,XML VALID — VISUAL REVIEW PENDING
assets/icons/tabler/outline/arrow-up-circle.svg,b14317b4cb871b7f72506988a88ea8d31ae1fbf5ae8c74aee728c33cf8af8819,0 0 24 24,XML VALID — VISUAL REVIEW PENDING
assets/icons/tabler/outline/arrow-up-dashed.svg,c491b101c796b0ebb680f25d8c2284b531b414f4550845e9651314e8d49a467f,0 0 24 24,XML VALID — VISUAL REVIEW PENDING
assets/icons/tabler/outline/arrow-up-from-arc.svg,23b11a861bb6827b84259c28c48cbd7b9ba9841c0d22fddf6acde9a1491b3455,0 0 24 24,XML VALID — VISUAL REVIEW PENDING
assets/icons/tabler/outline/arrow-up-left-circle.svg,72092fe8b1eaad4cf1cd0746ad0d77c57b6a37a137d4bb39d238986c6cce5bb8,0 0 24 24,XML VALID — VISUAL REVIEW PENDING
assets/icons/tabler/outline/arrow-up-left.svg,b3172b5e355aa66979ce526108184a3c8442991a8fc7f7c5dbdf11cdeb27b23f,0 0 24 24,XML VALID — VISUAL REVIEW PENDING
assets/icons/tabler/outline/arrow-up-rhombus.svg,e30abcba60d65925f1aa418fa4f4e00516ac8b58f58055453185f3f3a594fb59,0 0 24 24,XML VALID — VISUAL REVIEW PENDING
assets/icons/tabler/outline/arrow-up-right-circle.svg,540691e6e3358d22b803c9b83e2f18b1b4f59c8547c08ec241c465d8f1205857,0 0 24 24,XML VALID — VISUAL REVIEW PENDING
assets/icons/tabler/outline/arrow-up-right.svg,abcc3cef531795db58f8fac0f2b999b2e9f418021d9522ce05c547ac89460c41,0 0 24 24,XML VALID — VISUAL REVIEW PENDING
assets/icons/tabler/outline/arrow-up-square.svg,dccb62ec079eb1354a74a21ce44c6f22f886da698b67b0a56493fdfa6789f58e,0 0 24 24,XML VALID — VISUAL REVIEW PENDING
assets/icons/tabler/outline/arrow-up-tail.svg,d834bd600826abb5a4db8a4c4e95040adf3d3f5c918e8abab2bed0f01aabb508,0 0 24 24,XML VALID — VISUAL REVIEW PENDING
assets/icons/tabler/outline/arrow-up-to-arc.svg,831901607ff4bedebac26314fb28abd3b7f778bf8159105bd924c48d959f714b,0 0 24 24,XML VALID — VISUAL REVIEW PENDING
assets/icons/tabler/outline/arrow-up.svg,846c6b8fd98a580ff8ea118eb25ce7cf06f0722f9ff88f6546f050d99d6b8d86,0 0 24 24,XML VALID — VISUAL REVIEW PENDING
assets/icons/tabler/outline/arrow-wave-left-down.svg,6d150e1f9a21f628d57146366572f9a3e377f6be2cc27924cd1db33aca3d4f47,0 0 24 24,XML VALID — VISUAL REVIEW PENDING
assets/icons/tabler/outline/arrow-wave-left-up.svg,85792919497ec507f322ec372323b9a68ce8a88c150768e2671a730d3f1d6280,0 0 24 24,XML VALID — VISUAL REVIEW PENDING
assets/icons/tabler/outline/arrow-wave-right-down.svg,0be271e8645c7c1abf359ef3762eeb3a9afc36ae328432d2758eb8d366573ce0,0 0 24 24,XML VALID — VISUAL REVIEW PENDING
assets/icons/tabler/outline/arrow-wave-right-up.svg,d69bbafee28476dff70c2b9136de1233680ae25fe6c00fc7f7b4f305a654d145,0 0 24 24,XML VALID — VISUAL REVIEW PENDING
assets/icons/tabler/outline/arrow-zig-zag.svg,103486ff15d204a7653ef2ed7984cf4c464d4ecd8b23945b2669b043af1216b3,0 0 24 24,XML VALID — VISUAL REVIEW PENDING
assets/icons/tabler/outline/arrows-cross.svg,0573a1fb2f2ca9f8d48be8ae066126c2b894d14d93bf1a8d2d5a0b148954f39d,0 0 24 24,XML VALID — VISUAL REVIEW PENDING
assets/icons/tabler/outline/arrows-diagonal-2.svg,e5fdc978b4cd5b76cff1817653c703eb8730b27d0da0a7cfa5e7e11bf5b46e57,0 0 24 24,XML VALID — VISUAL REVIEW PENDING
assets/icons/tabler/outline/arrows-diagonal-minimize-2.svg,262c1d418b6a452c8041b6931f836be283ac6226ddb18db369482d90d71c9043,0 0 24 24,XML VALID — VISUAL REVIEW PENDING
assets/icons/tabler/outline/arrows-diagonal-minimize.svg,a21999ddbb09d154230e88c2a8d29520acc06a427fd7035b27755c6894cc36e2,0 0 24 24,XML VALID — VISUAL REVIEW PENDING
assets/icons/tabler/outline/arrows-diagonal.svg,1ec0accff33e20a3f52aa855c6527bef6334e7714d485a67f7afe7f8fcc55940,0 0 24 24,XML VALID — VISUAL REVIEW PENDING
assets/icons/tabler/outline/arrows-diff.svg,675aef3e34183647ce7215a9e0cdee3b062d43ca16f14bfda2b33dc1387d003a,0 0 24 24,XML VALID — VISUAL REVIEW PENDING
assets/icons/tabler/outline/arrows-double-ne-sw.svg,f498d0ed8cbd7605b2745e6a4f9de03860c7f6209247911c926ab40a1e39bd26,0 0 24 24,XML VALID — VISUAL REVIEW PENDING
assets/icons/tabler/outline/arrows-double-nw-se.svg,bfc758af65ba9f7d9921857d4c69edc75eb3a16e2768e85acecd979bf39cbd63,0 0 24 24,XML VALID — VISUAL REVIEW PENDING
assets/icons/tabler/outline/arrows-double-se-nw.svg,abab2148c18b145e868f9dff1affb06fcad791b95d0698528e0ffa843df4ddd1,0 0 24 24,XML VALID — VISUAL REVIEW PENDING
assets/icons/tabler/outline/arrows-double-sw-ne.svg,c6e67eba8e283191e4a459d35f53637d0f0f5756ba1b00de33aec8d586c7a1e5,0 0 24 24,XML VALID — VISUAL REVIEW PENDING
assets/icons/tabler/outline/arrows-down-up.svg,22a1e5c07e81d51f3af1d0b0a5820c90b81d7f19807d9fcdfebba076552c227f,0 0 24 24,XML VALID — VISUAL REVIEW PENDING
assets/icons/tabler/outline/arrows-down.svg,97099b44366c1100c2a8b692472882a1468eefb4b5e454126aa466bcc4d2e3fa,0 0 24 24,XML VALID — VISUAL REVIEW PENDING
assets/icons/tabler/outline/arrows-exchange-2.svg,7cc768d1999d88e6528a2cc46bab1d503214189dfd60be9c58a2a442cf405a4c,0 0 24 24,XML VALID — VISUAL REVIEW PENDING
assets/icons/tabler/outline/arrows-exchange.svg,49894d14fff8d35ec0c904120e6975aab310fca6d406c4e77f5ce3f615f747d7,0 0 24 24,XML VALID — VISUAL REVIEW PENDING
assets/icons/tabler/outline/arrows-horizontal.svg,2b2c7f7356d8d6486eb64fde6c07b2c91389f8d069ec89c9af33640bb736c0e5,0 0 24 24,XML VALID — VISUAL REVIEW PENDING
assets/icons/tabler/outline/arrows-join-2.svg,3b1b14815bcbf55c7abe59ec3afeb8a9850ee71aa845453035c1ec9af29911d3,0 0 24 24,XML VALID — VISUAL REVIEW PENDING
assets/icons/tabler/outline/arrows-join.svg,9e4dc448d04b3fc1ac8cf63953b6407c2f3e555cb5adab03e4a20ac1722d6eb1,0 0 24 24,XML VALID — VISUAL REVIEW PENDING
assets/icons/tabler/outline/arrows-left-down.svg,0dc4d26a23666a233e69e13661ed92b7749ff1334f90ce884f85920022bb2d4d,0 0 24 24,XML VALID — VISUAL REVIEW PENDING
assets/icons/tabler/outline/arrows-left-right.svg,fe8c5f956cdf32c6754134133b2c50fd26fc45367b0ca74cc3e7e88466fa3eac,0 0 24 24,XML VALID — VISUAL REVIEW PENDING
assets/icons/tabler/outline/arrows-left.svg,e9f61a24b3144e8dc0535414cc59c51f87bf500d5f8afba88c0b8e01893caa20,0 0 24 24,XML VALID — VISUAL REVIEW PENDING
assets/icons/tabler/outline/arrows-maximize.svg,38b447f5419ca96f4d94b38f134477c0cf049aaee8ba01b040587554768f66d8,0 0 24 24,XML VALID — VISUAL REVIEW PENDING
assets/icons/tabler/outline/arrows-minimize.svg,bcb83300969d2b6d75636db7e7acde95f32ae2b20f735d65065539807466cefd,0 0 24 24,XML VALID — VISUAL REVIEW PENDING
assets/icons/tabler/outline/arrows-move-horizontal.svg,8862b249812ceb64cd1f2d99a0c32e86b61920824955e66c6a9e519905b78987,0 0 24 24,XML VALID — VISUAL REVIEW PENDING
assets/icons/tabler/outline/arrows-move-vertical.svg,120baae411970e237fed0209a72d2fe1ea2622e0ec1da2d5cc9f77ed8b9a7232,0 0 24 24,XML VALID — VISUAL REVIEW PENDING
assets/icons/tabler/outline/arrows-move.svg,55060e34d1e0e33dff651ceadf2594e372f149540b0fc3c4e4fa238974965b88,0 0 24 24,XML VALID — VISUAL REVIEW PENDING
assets/icons/tabler/outline/arrows-random.svg,870b4a98a06d685cd2295bc191dd82a9e75b6ad5ca9a5126f64fa4963beec142,0 0 24 24,XML VALID — VISUAL REVIEW PENDING
assets/icons/tabler/outline/arrows-right-down.svg,a3068b4e4d094686dd5c651468138dfeea2adb24f0176e6e11b78091ce96046c,0 0 24 24,XML VALID — VISUAL REVIEW PENDING
assets/icons/tabler/outline/arrows-right-left.svg,c7d94de8039024a4975881dd9cbde03b828e74690bfb25d4460deaf1ca9cdea7,0 0 24 24,XML VALID — VISUAL REVIEW PENDING
assets/icons/tabler/outline/arrows-right.svg,7f99e0795cdfd63ae53ead80689c5d5a77a8fc530c70efe4f25bbf1ae26dc842,0 0 24 24,XML VALID — VISUAL REVIEW PENDING
assets/icons/tabler/outline/arrows-shuffle-2.svg,f8966ab0a4607c484ba284d220fa619a2ba0650ae1ad5f9724b6f4822948494c,0 0 24 24,XML VALID — VISUAL REVIEW PENDING
assets/icons/tabler/outline/arrows-shuffle.svg,9414cd0c6561687be4d123e8aa5aa030c271bd91f3afd848190af96703c40662,0 0 24 24,XML VALID — VISUAL REVIEW PENDING
assets/icons/tabler/outline/arrows-sort.svg,0a0a7835f6f502bf0e58a313014bff7d9a85d88b7a4e49cee0f5c91676be3453,0 0 24 24,XML VALID — VISUAL REVIEW PENDING
assets/icons/tabler/outline/arrows-split-2.svg,ee2a147a5037ddb70aa5df67cd6dc0d9928d3ce25263adceb52e8e5b5820a778,0 0 24 24,XML VALID — VISUAL REVIEW PENDING
assets/icons/tabler/outline/arrows-split.svg,839685c755d4e450e89a34c2a3156ae19c9e2d275e4b85ddf370bbd031baa5dd,0 0 24 24,XML VALID — VISUAL REVIEW PENDING
assets/icons/tabler/outline/arrows-transfer-down.svg,b88859643ed8e083f40f08b8f520e6f9c6f8ab0cf2aacfcc84638a09a89fca43,0 0 24 24,XML VALID — VISUAL REVIEW PENDING
assets/icons/tabler/outline/arrows-transfer-up-down.svg,819056a45aecab914f319ceab844d7399db60dcfe51162ef9421893b7413582c,0 0 24 24,XML VALID — VISUAL REVIEW PENDING
assets/icons/tabler/outline/arrows-transfer-up.svg,4f3af71c1d164a55703c315cc03a4001f1c2a16c074564064743719155a2f07a,0 0 24 24,XML VALID — VISUAL REVIEW PENDING
assets/icons/tabler/outline/arrows-up-down.svg,0527980e2e49dba4a46e04165d8ba32ea1b4a6c85cea208e6e3075746ead4df1,0 0 24 24,XML VALID — VISUAL REVIEW PENDING
assets/icons/tabler/outline/arrows-up-left.svg,9ac8322bb546f87990ed73428d29d05f72b92fd512a58963077e1de56a140eac,0 0 24 24,XML VALID — VISUAL REVIEW PENDING
assets/icons/tabler/outline/arrows-up-right.svg,a6efedd30d6e0edfb6efa4e62b31d6d3511c944d3348e01066359a91d08fc111,0 0 24 24,XML VALID — VISUAL REVIEW PENDING
assets/icons/tabler/outline/arrows-up.svg,791fc509b5d8efe2d1c460fd0119bc4e7f4ace4f7ab75021a14efc036916b3c8,0 0 24 24,XML VALID — VISUAL REVIEW PENDING
assets/icons/tabler/outline/arrows-vertical.svg,53bc4eeb0a9159eb3be0f535ae468212eb22e07cee0b5bfc531ac87a9a903832,0 0 24 24,XML VALID — VISUAL REVIEW PENDING
assets/icons/tabler/outline/artboard-off.svg,bbcc174141795e3a9722ccba3cf91a486afb71653c9ffce9c6e42f75e4df7e8e,0 0 24 24,XML VALID — VISUAL REVIEW PENDING
assets/icons/tabler/outline/artboard.svg,2d0fc8133f1e8188a8d9bc2ca03a25a118e566f3e452bf2fddbeb8ba79e0d6bf,0 0 24 24,XML VALID — VISUAL REVIEW PENDING
assets/icons/tabler/outline/article-off.svg,d942bf2af81e365779962a39dabb1373f764e8896e718d7442bf7d6ff657bfbb,0 0 24 24,XML VALID — VISUAL REVIEW PENDING
assets/icons/tabler/outline/article.svg,8a6b91c22e213cd432354a177f59e67f34ca154d1f40db539e67029a1cf0acfc,0 0 24 24,XML VALID — VISUAL REVIEW PENDING
assets/icons/tabler/outline/aspect-ratio-off.svg,3e1eaad8c1e4c44742dfe51ef499bc486bb87119f27e7b589ec30cb829d21912,0 0 24 24,XML VALID — VISUAL REVIEW PENDING
assets/icons/tabler/outline/aspect-ratio.svg,314dfa67d8148e037cfa74d0afbec0991728ad77a2bbc7fbd5134c7fd59ef6e8,0 0 24 24,XML VALID — VISUAL REVIEW PENDING
assets/icons/tabler/outline/assembly-off.svg,08f7981e1ebb03b4749f424b90ddf48c3261d4afbf2ca53b8e09c705d995b5c0,0 0 24 24,XML VALID — VISUAL REVIEW PENDING
assets/icons/tabler/outline/assembly.svg,f05ec629b5a10ff46ce2db65409f5798103fe6938f05b3cf475dec11b1faccf4,0 0 24 24,XML VALID — VISUAL REVIEW PENDING
assets/icons/tabler/outline/asset.svg,8edf64c2b4b2de446668cb31cbd3226196c8e5a02f2ea232cd7a1770259d772d,0 0 24 24,XML VALID — VISUAL REVIEW PENDING
assets/icons/tabler/outline/asterisk-simple.svg,7c98331c758661b3323845e66eb9fe44ae82677f913b5bfc1c2bd8996f1a1b3c,0 0 24 24,XML VALID — VISUAL REVIEW PENDING
assets/icons/tabler/outline/asterisk.svg,de6e91216abbb2b7340990dae88f844b890c0ca429bbd9628b625f7d188c76a2,0 0 24 24,XML VALID — VISUAL REVIEW PENDING
assets/icons/tabler/outline/at-off.svg,2b7eb9c293b38b3f9ae0a87a73413ffd181dff0384d8eae1aef65e5624b18627,0 0 24 24,XML VALID — VISUAL REVIEW PENDING
assets/icons/tabler/outline/at.svg,c1960c13ce19d9d66ac2a469bfee182259987e94381bb01a277d157008ae6315,0 0 24 24,XML VALID — VISUAL REVIEW PENDING
assets/icons/tabler/outline/atom-2.svg,7935920f8205490c39003c60aa33c0ab67eee5be8298db4a841416e901a31bbb,0 0 24 24,XML VALID — VISUAL REVIEW PENDING
assets/icons/tabler/outline/atom-off.svg,3384c96423ac0b995ad669fa53f1041078d34e2dbfe868806e0062d577cb190e,0 0 24 24,XML VALID — VISUAL REVIEW PENDING
assets/icons/tabler/outline/atom.svg,b13b839a2737b63a8d5303dfbcbca6af055671dcab0dcc92d83a1791f7ffeb91,0 0 24 24,XML VALID — VISUAL REVIEW PENDING
assets/icons/tabler/outline/augmented-reality-2.svg,fa7d3febf40babb566256bd2502c491bc4bab33e4b70ce50fdf6df34a4ecae62,0 0 24 24,XML VALID — VISUAL REVIEW PENDING
assets/icons/tabler/outline/augmented-reality-off.svg,c36f4e016ea5c487fdfdd4a2aab6f4a5cc61e9d0cc931ef51891316a4f70db94,0 0 24 24,XML VALID — VISUAL REVIEW PENDING
assets/icons/tabler/outline/augmented-reality.svg,0ba0939ae8d81907d0c4f688bfe5a6fa47f8c2fed8f4a35330670d2195cf34bc,0 0 24 24,XML VALID — VISUAL REVIEW PENDING
assets/icons/tabler/outline/auth-2fa.svg,0ae98c57ec2b9c5776eb314a6507a5a0b4896ae9a9c5390c5919cc0203bb7a51,0 0 24 24,XML VALID — VISUAL REVIEW PENDING
assets/icons/tabler/outline/automatic-gearbox.svg,7539bef6f68dd74d9b0fb78156e0eda9b19fe36b99991a0cc4d2f1a69ddab647,0 0 24 24,XML VALID — VISUAL REVIEW PENDING
assets/icons/tabler/outline/automation.svg,cbcfaf3ac6db83cd8ce40b9515f64774bcdde3d20885fc76934581348c4bc528,0 0 24 24,XML VALID — VISUAL REVIEW PENDING
assets/icons/tabler/outline/avocado.svg,919b87bb6b2dea602c66f637862401a8b51f7410752bdc22e957e2ba6fb4d67e,0 0 24 24,XML VALID — VISUAL REVIEW PENDING
assets/icons/tabler/outline/award-off.svg,4fb0e6f4acd600098e6496b7579a40f8c3f24cd2b37afeadde0c0f9a1500e319,0 0 24 24,XML VALID — VISUAL REVIEW PENDING
assets/icons/tabler/outline/award.svg,1eb61670b8c8560dc5e73d06ac086fb84cda530ad94cdbcc5c125657903a8ba3,0 0 24 24,XML VALID — VISUAL REVIEW PENDING
assets/icons/tabler/outline/axe.svg,160859c0380eee704f9bf26c1e53ccab2d97b78e8b6e37f3fe8d8aa390e89370,0 0 24 24,XML VALID — VISUAL REVIEW PENDING
assets/icons/tabler/outline/axis-x.svg,5c2db8840f44ce022b3a6a5bb12aa32b7f90361c8aeba1545c0c3699cc3f6453,0 0 24 24,XML VALID — VISUAL REVIEW PENDING
