File,SHA256,ViewBox,Disposition
assets/icons/tabler/outline/circle-dashed-percentage.svg,c3f70aa5844f12b3b51daebbf8a61b72900ab00b4a8cfbeccd1e89dafb3fa3f2,0 0 24 24,XML VALID — VISUAL REVIEW PENDING
assets/icons/tabler/outline/circle-dashed-plus.svg,4868291c9a15ed2ddb40d07d6093b092e58dd4b312864652d63adf987feac6a5,0 0 24 24,XML VALID — VISUAL REVIEW PENDING
assets/icons/tabler/outline/circle-dashed-x.svg,30e2f0e814a987acc6f5360850d4ae1f65df5f8da9cbed604463bb8360abfbcc,0 0 24 24,XML VALID — VISUAL REVIEW PENDING
assets/icons/tabler/outline/circle-dashed.svg,c93688c0a4d231e11a19a179bcb6c1fe5ccef500b51cc21262f73381b07773f4,0 0 24 24,XML VALID — VISUAL REVIEW PENDING
assets/icons/tabler/outline/circle-dot.svg,e365865bc6ab7d043340787ebf1181183d7b2d020f1b9e2a0474f35ba6502e9a,0 0 24 24,XML VALID — VISUAL REVIEW PENDING
assets/icons/tabler/outline/circle-dotted-letter-a.svg,c5a72a044d8031d56076bb1dda40b30833b60eeb44150e49d6688c55b15e9a9b,0 0 24 24,XML VALID — VISUAL REVIEW PENDING
assets/icons/tabler/outline/circle-dotted-letter-b.svg,64fb6955c760cdbf50c6d86820bfb4eadc52b55cebb481dc247b732d55707dde,0 0 24 24,XML VALID — VISUAL REVIEW PENDING
assets/icons/tabler/outline/circle-dotted-letter-c.svg,cdff27f374f8860fa095d83fe85d3fbfcf52d16bcac7a4d79437545fa39baf4d,0 0 24 24,XML VALID — VISUAL REVIEW PENDING
assets/icons/tabler/outline/circle-dotted-letter-d.svg,689a51211d984bc24a88ed486f2fe3bcb50fc9542b41ebfea02f5a2b1aa840df,0 0 24 24,XML VALID — VISUAL REVIEW PENDING
assets/icons/tabler/outline/circle-dotted-letter-e.svg,dfb72b39868806f72073b571ec2ae1f19be2aa8f9840caf1e2aee2ab6d30cf4b,0 0 24 24,XML VALID — VISUAL REVIEW PENDING
assets/icons/tabler/outline/circle-dotted-letter-f.svg,da1378ba24570c76e3d7f03b2128354d9e156a701fa45436f40a522b338bce07,0 0 24 24,XML VALID — VISUAL REVIEW PENDING
assets/icons/tabler/outline/circle-dotted-letter-g.svg,0b00dd385008c02c15f5ed28e3715ed84754f95027ce8aabdf70ded710433b5c,0 0 24 24,XML VALID — VISUAL REVIEW PENDING
assets/icons/tabler/outline/circle-dotted-letter-h.svg,c9b814c8bdce1c387146975c11f54aec240ae2828bd93bcbb5d72096b68760a2,0 0 24 24,XML VALID — VISUAL REVIEW PENDING
assets/icons/tabler/outline/circle-dotted-letter-i.svg,9898a4878d4da207976f7fd33a2e802028a674bc48a61672d1270d03845dd1df,0 0 24 24,XML VALID — VISUAL REVIEW PENDING
assets/icons/tabler/outline/circle-dotted-letter-j.svg,11a20c438cdcb24b55a2b6a251b7875483413bbaefce86876167af98daf45006,0 0 24 24,XML VALID — VISUAL REVIEW PENDING
assets/icons/tabler/outline/circle-dotted-letter-k.svg,4ac574fd269b1bed6a2dfd948439a0db9905fe1395e602a1f769c7941ce6461d,0 0 24 24,XML VALID — VISUAL REVIEW PENDING
assets/icons/tabler/outline/circle-dotted-letter-l.svg,c5cf55db6936392c4a1aea9ce6b4edf8df379d74065b31c1a8ed6503781f9d8f,0 0 24 24,XML VALID — VISUAL REVIEW PENDING
assets/icons/tabler/outline/circle-dotted-letter-m.svg,b15d334a1e054748422f89f1beab2064f507511202e40fdb8f81b2309c5c6c0f,0 0 24 24,XML VALID — VISUAL REVIEW PENDING
assets/icons/tabler/outline/circle-dotted-letter-n.svg,197cd40cd91b2c56aae80532165bfd08f6648106e19ecde381987331197fb4e6,0 0 24 24,XML VALID — VISUAL REVIEW PENDING
assets/icons/tabler/outline/circle-dotted-letter-o.svg,7736b8bf2bfac3bfeb6efc5c106f65ee98847e6b6487c8ef2c7cda3c25179c6d,0 0 24 24,XML VALID — VISUAL REVIEW PENDING
assets/icons/tabler/outline/circle-dotted-letter-p.svg,a46a772f746c1ded27bb990de329b6a236a3968371cf37975b8c27a99ae19738,0 0 24 24,XML VALID — VISUAL REVIEW PENDING
assets/icons/tabler/outline/circle-dotted-letter-q.svg,fbb472e914c275dfe5abddb376443943095e5c2e61a9e3c3fc7e0cd5a55b450e,0 0 24 24,XML VALID — VISUAL REVIEW PENDING
assets/icons/tabler/outline/circle-dotted-letter-r.svg,ba2c978e76fa2da5910ffb5b01cb09626e69c0bfd0f0f0efb38cdd9d526226ca,0 0 24 24,XML VALID — VISUAL REVIEW PENDING
assets/icons/tabler/outline/circle-dotted-letter-s.svg,62a4f0ed2b0f298cfd1ec6fdf02d50248d1c5d4fc363d668d40333d3e1b9ad55,0 0 24 24,XML VALID — VISUAL REVIEW PENDING
assets/icons/tabler/outline/circle-dotted-letter-t.svg,a416ecd14f0e00b4fb4b65ec2387cc5313c7afb8429917c5879b51fe0506f43e,0 0 24 24,XML VALID — VISUAL REVIEW PENDING
assets/icons/tabler/outline/circle-dotted-letter-u.svg,bb27c7a2c7b6cb8f46789a1c5f62f7e3dea007bb066d83aec753ac20fae6cddf,0 0 24 24,XML VALID — VISUAL REVIEW PENDING
assets/icons/tabler/outline/circle-dotted-letter-v.svg,3e69ca20372e3ff91504966c6b9ff8342a87d32e78feb7a29b9c143a677df0f5,0 0 24 24,XML VALID — VISUAL REVIEW PENDING
assets/icons/tabler/outline/circle-dotted-letter-w.svg,52c14fe42d53455b8c9b33089448ef1ec0e0e6bb7f777b35e51b34dc6f198d68,0 0 24 24,XML VALID — VISUAL REVIEW PENDING
assets/icons/tabler/outline/circle-dotted-letter-x.svg,656ba0aafb9dcb0990c778693a1e8d31708c0c29e73e5fc4fd308d2f701f9ee8,0 0 24 24,XML VALID — VISUAL REVIEW PENDING
assets/icons/tabler/outline/circle-dotted-letter-y.svg,79a00eda2e71e7754bbd2948f05d4688499e611e0088fbe0559817720531db16,0 0 24 24,XML VALID — VISUAL REVIEW PENDING
assets/icons/tabler/outline/circle-dotted-letter-z.svg,30151dda4a7efccf464ad845c0bd2fd88e46992a56d0594ae1e6e2b6afc0b151,0 0 24 24,XML VALID — VISUAL REVIEW PENDING
assets/icons/tabler/outline/circle-dotted.svg,b20795fa5f4cc3ec5275733cec63f192beffcfeed96b134b0356ab15243063d3,0 0 24 24,XML VALID — VISUAL REVIEW PENDING
assets/icons/tabler/outline/circle-half-2.svg,ba2532d9bfcf97a29a9a3bb48df6ace25be5194fe9f3c60e2ecc309b55bbd1b5,0 0 24 24,XML VALID — VISUAL REVIEW PENDING
assets/icons/tabler/outline/circle-half-vertical.svg,b642edaf79e1f1bb0f8f3b4bad93ee9a10702ba952314cdac2701f95af662a40,0 0 24 24,XML VALID — VISUAL REVIEW PENDING
assets/icons/tabler/outline/circle-half.svg,56573d54a53cb1435b5210bdfd9dea7e820759f6ab4002b25286b8d77cfe0b6b,0 0 24 24,XML VALID — VISUAL REVIEW PENDING
assets/icons/tabler/outline/circle-key.svg,bf8e9606bf431da45335fa99a2e4ead64d51083450e8ead1bc69edda91385475,0 0 24 24,XML VALID — VISUAL REVIEW PENDING
assets/icons/tabler/outline/circle-letter-a.svg,064855fbedaf04aece10897197e8cc747535696578e1650a7a510493f59e50b5,0 0 24 24,XML VALID — VISUAL REVIEW PENDING
assets/icons/tabler/outline/circle-letter-b.svg,638309161763eaa06148a330d1314921a2f22ca6964165334861549256c0bf23,0 0 24 24,XML VALID — VISUAL REVIEW PENDING
assets/icons/tabler/outline/circle-letter-c.svg,7b4a174b87d24f7d66da56f07e89b345b40c1b3e360a8274a15e8d255dc2d53e,0 0 24 24,XML VALID — VISUAL REVIEW PENDING
assets/icons/tabler/outline/circle-letter-d.svg,46c2e4a30e00f8755d60f1105d6d89bc22aacd7e39ee5d124078bb4815c03fd0,0 0 24 24,XML VALID — VISUAL REVIEW PENDING
assets/icons/tabler/outline/circle-letter-e.svg,f0e15e7ed1c988a9611cdbd3b675e2c4c0c5464c0d1e8c8331ec3a7c9f35ecfe,0 0 24 24,XML VALID — VISUAL REVIEW PENDING
assets/icons/tabler/outline/circle-letter-f.svg,28c9525366c785ec81a6e942619918dfe4862c320500e4a6ee2cc0ab62bcf476,0 0 24 24,XML VALID — VISUAL REVIEW PENDING
assets/icons/tabler/outline/circle-letter-g.svg,11623fa09947d0e4b106baacee8db41db3ff1d4ba969487c1ef6ca672920aff3,0 0 24 24,XML VALID — VISUAL REVIEW PENDING
assets/icons/tabler/outline/circle-letter-h.svg,49896e352eed79889938d1b00b3ef9af2306cddda7b0659d22955c5bdc82a6a6,0 0 24 24,XML VALID — VISUAL REVIEW PENDING
assets/icons/tabler/outline/circle-letter-i.svg,1cd759ad92bc0c149260ff4b0e30ebf3d17605ecc7f68e67ed5067438508faa8,0 0 24 24,XML VALID — VISUAL REVIEW PENDING
assets/icons/tabler/outline/circle-letter-j.svg,22d2cd045cdf4fb952aa0bae5352c27939e9cd11069957d47bf8a2558a81d5a8,0 0 24 24,XML VALID — VISUAL REVIEW PENDING
assets/icons/tabler/outline/circle-letter-k.svg,fbf273a7125fea1fccbfbbb2dd9fadeaeec9701e725b7e65bd89e31cc3d0cf47,0 0 24 24,XML VALID — VISUAL REVIEW PENDING
assets/icons/tabler/outline/circle-letter-l.svg,674211cfd335c4ad4d346496be52d72bc48b3db582ef65a3b101781bab556690,0 0 24 24,XML VALID — VISUAL REVIEW PENDING
assets/icons/tabler/outline/circle-letter-m.svg,ec9a38a04dff0f1c4dbebf079d3ae484f738c6de4bac892e71a26d6b221db0c0,0 0 24 24,XML VALID — VISUAL REVIEW PENDING
assets/icons/tabler/outline/circle-letter-n.svg,b1efdcacf5b50ddb6405e08260254df5b5692f840463a8017518fc1322bcf23d,0 0 24 24,XML VALID — VISUAL REVIEW PENDING
assets/icons/tabler/outline/circle-letter-o.svg,0a47abb12f8749019e73fdbb4523fd68b850988b111d59244542ade447dae9b0,0 0 24 24,XML VALID — VISUAL REVIEW PENDING
assets/icons/tabler/outline/circle-letter-p.svg,4062c59d75c9e9cedaabd03ef776104daef4ce82084a71a07f9e3e87c6de4f11,0 0 24 24,XML VALID — VISUAL REVIEW PENDING
assets/icons/tabler/outline/circle-letter-q.svg,0305d6f16958f21e06a1582e908e25f135aab3ded2ccf6feb640f957dc3264dd,0 0 24 24,XML VALID — VISUAL REVIEW PENDING
assets/icons/tabler/outline/circle-letter-r.svg,436546b69fc8ae9c7b571cc61e5e03fb283455c631b60f9f56dcf63556f7653d,0 0 24 24,XML VALID — VISUAL REVIEW PENDING
assets/icons/tabler/outline/circle-letter-s.svg,08f2793b7cf486e262623b38a1eca9081c643084c3e2b3dda61cd8c1bdaf8faa,0 0 24 24,XML VALID — VISUAL REVIEW PENDING
assets/icons/tabler/outline/circle-letter-t.svg,46d98927768696d1f5843e2c9860ec7470e624d7bc07c45136f795ce10efe6dd,0 0 24 24,XML VALID — VISUAL REVIEW PENDING
assets/icons/tabler/outline/circle-letter-u.svg,818045e63f7216bda951d3b7e230342c52f952002b6e44df154c5d3dadddef90,0 0 24 24,XML VALID — VISUAL REVIEW PENDING
assets/icons/tabler/outline/circle-letter-v.svg,9d877e1dc2e3084e61b418f63a1fa30b58d16ac87d5612e214ee8d06ed642043,0 0 24 24,XML VALID — VISUAL REVIEW PENDING
assets/icons/tabler/outline/circle-letter-w.svg,50550f255a54e96eae29e57ad44d3b6af172341f67f796f3f6a09ea3e511aa31,0 0 24 24,XML VALID — VISUAL REVIEW PENDING
assets/icons/tabler/outline/circle-letter-x.svg,941cf36055043604834646244cbc7c1afd2af5885007eb8fa6a568f20b0aeee8,0 0 24 24,XML VALID — VISUAL REVIEW PENDING
assets/icons/tabler/outline/circle-letter-y.svg,539a3da29d2ed8182c944f6d72b725ca9b08b13ee5f83f6820bb84432c081754,0 0 24 24,XML VALID — VISUAL REVIEW PENDING
assets/icons/tabler/outline/circle-letter-z.svg,84d1737915d4e4c616c9e23388fb4d49b2030621c9c500ff52f8712091556f2c,0 0 24 24,XML VALID — VISUAL REVIEW PENDING
assets/icons/tabler/outline/circle-minus-2.svg,3af8613d87ffc62613ad9b12987b2268615eb246e454a6523f3063dc797fe6c1,0 0 24 24,XML VALID — VISUAL REVIEW PENDING
assets/icons/tabler/outline/circle-minus.svg,c5f19aa005e66850a83019ce4b1cce38a1d27a818e923baf70f948d136868420,0 0 24 24,XML VALID — VISUAL REVIEW PENDING
assets/icons/tabler/outline/circle-number-0.svg,ef77a5a8014a1e678cd97f801a769522b922637fb563e1ddbd3f8c2fd7ccb2e8,0 0 24 24,XML VALID — VISUAL REVIEW PENDING
assets/icons/tabler/outline/circle-number-1.svg,a6d8225e7f5a540a26b69a9d86f6924130b073992f98a34018d1db52feb2af07,0 0 24 24,XML VALID — VISUAL REVIEW PENDING
assets/icons/tabler/outline/circle-number-2.svg,9a1a54f12e8ddfffc63c41c4ae15dd3aeef14d928701ffcf9801ce664a8e1a85,0 0 24 24,XML VALID — VISUAL REVIEW PENDING
assets/icons/tabler/outline/circle-number-3.svg,8955a13776e60fe9c8f81946d43ca7f5cb47832ac05ed0c769c0a031558726ae,0 0 24 24,XML VALID — VISUAL REVIEW PENDING
assets/icons/tabler/outline/circle-number-4.svg,a72b98196f7d0dfcc330925bb782191aa82258b7c8397754f58dca24be7d7e89,0 0 24 24,XML VALID — VISUAL REVIEW PENDING
assets/icons/tabler/outline/circle-number-5.svg,e03019d5a3466ac501f047c2c53dfb355438926717ef3b256c103ac67107c5f0,0 0 24 24,XML VALID — VISUAL REVIEW PENDING
assets/icons/tabler/outline/circle-number-6.svg,e58c81b8463ae6a852df2ecd33c28094f4ea70af8ebe91102f4a559a630a64c8,0 0 24 24,XML VALID — VISUAL REVIEW PENDING
assets/icons/tabler/outline/circle-number-7.svg,a15f90f146c046bdd6caeb3442c3e8d3910505f6bd6b8db21328b244ecc33756,0 0 24 24,XML VALID — VISUAL REVIEW PENDING
assets/icons/tabler/outline/circle-number-8.svg,2516180a6b569b2380767418f5c0967c5c0daca3946d3c209f926adf60ca4129,0 0 24 24,XML VALID — VISUAL REVIEW PENDING
assets/icons/tabler/outline/circle-number-9.svg,f0271829d3c7b69c8e372e740d43f4ffa5b0c1d86849290d27d5b691ebe2d768,0 0 24 24,XML VALID — VISUAL REVIEW PENDING
assets/icons/tabler/outline/circle-off.svg,a5511d87be9696ba705876124bf175bb772872a898642ba9b3e98e89d3058491,0 0 24 24,XML VALID — VISUAL REVIEW PENDING
assets/icons/tabler/outline/circle-percentage.svg,11dce58cc3c4c26092f5d779248db9f8c1b15cbdd400318d999886f03bd89d0f,0 0 24 24,XML VALID — VISUAL REVIEW PENDING
assets/icons/tabler/outline/circle-plus-2.svg,a90a1d24cb277b1681afce0a7d713618acc4eaadb1b5c72c295e66e443d8f2f0,0 0 24 24,XML VALID — VISUAL REVIEW PENDING
assets/icons/tabler/outline/circle-plus.svg,5ac82d1d93de7252a737c92f6183cc24261633bce45e9aefc6085072ac374506,0 0 24 24,XML VALID — VISUAL REVIEW PENDING
assets/icons/tabler/outline/circle-rectangle-off.svg,cb3f1e607bb387e0f6dda1a377f6d2999288b3b512c45b0f44b080c67dccb4d1,0 0 24 24,XML VALID — VISUAL REVIEW PENDING
assets/icons/tabler/outline/circle-rectangle.svg,45b04c5fa38f4f462dea83f83f35d9dd51dc4431a0b9497d3c6a0398e9a3a9ea,0 0 24 24,XML VALID — VISUAL REVIEW PENDING
assets/icons/tabler/outline/circle-square.svg,b9b67fb6fd5df6a128af1cf51b242066a249b4b5238a7bcb60a077663481b5b8,0 0 24 24,XML VALID — VISUAL REVIEW PENDING
assets/icons/tabler/outline/circle-triangle.svg,7d598e1d7ae88f8611059619254418c71daf82fa2fe3c66d90ffe5a197bc1d9a,0 0 24 24,XML VALID — VISUAL REVIEW PENDING
assets/icons/tabler/outline/circle-x.svg,f4a749d745f12226517be9956457823da7d62123c9dfb05a21ddbf6665d65180,0 0 24 24,XML VALID — VISUAL REVIEW PENDING
assets/icons/tabler/outline/circle.svg,bdbb0cce3d4f1b3004367b4732a1422c4937a90382e2b7ed148c644b3930c2c2,0 0 24 24,XML VALID — VISUAL REVIEW PENDING
assets/icons/tabler/outline/circles-relation.svg,89de16eeae689a8ba860ab07476fc89386be103e81263a5fa11220470eaa1781,0 0 24 24,XML VALID — VISUAL REVIEW PENDING
assets/icons/tabler/outline/circles.svg,fff04797682f4f7614df23706f80a87ef17d048c8df99c8bf2cc6e661024072d,0 0 24 24,XML VALID — VISUAL REVIEW PENDING
assets/icons/tabler/outline/circuit-ammeter.svg,2d1afc8dcfcd768980068a82e0b47fcb306116e90286160f06358b9f24972451,0 0 24 24,XML VALID — VISUAL REVIEW PENDING
assets/icons/tabler/outline/circuit-battery.svg,e126aa25a60666993947c352713b6a72431a0f47ecf1ffeb919592e9d051fd7e,0 0 24 24,XML VALID — VISUAL REVIEW PENDING
assets/icons/tabler/outline/circuit-bulb.svg,4075f5c6f51ff4c945a8b017030725268735800024d907df256f1a22470fd647,0 0 24 24,XML VALID — VISUAL REVIEW PENDING
assets/icons/tabler/outline/circuit-capacitor-polarized.svg,f620544f2398c83665d175f9e03a0f43df953f95e72a635c8737212fb99270ca,0 0 24 24,XML VALID — VISUAL REVIEW PENDING
assets/icons/tabler/outline/circuit-capacitor.svg,cfe110b39e3956e4bc1cf25d1af9bbcd2441bd928434ead2e9f78aaf9b453606,0 0 24 24,XML VALID — VISUAL REVIEW PENDING
assets/icons/tabler/outline/circuit-cell-plus.svg,acb861c5fc0bf59825ac1021a141a31d51999543c2e5dbb6dbf41b78ea3c8a7b,0 0 24 24,XML VALID — VISUAL REVIEW PENDING
assets/icons/tabler/outline/circuit-cell.svg,08a117e2988d71b9fd2ed34d9a468e43728339dcdb82b160c75a26718a3d9c29,0 0 24 24,XML VALID — VISUAL REVIEW PENDING
assets/icons/tabler/outline/circuit-changeover.svg,f37312b5dcd125d4528d9f0c862fb8777a6f9f9f76127a301b9cdf995b2aaa17,0 0 24 24,XML VALID — VISUAL REVIEW PENDING
assets/icons/tabler/outline/circuit-diode-zener.svg,b80c6ad07c13c34bbc511fc2184483aad4c65473862a533bd71ee5a63fb5b3f2,0 0 24 24,XML VALID — VISUAL REVIEW PENDING
assets/icons/tabler/outline/circuit-diode.svg,c7b4f6c1028ff5c3bd3b65ebb47510c441e77e51d4ab46c5de3742cafb242cec,0 0 24 24,XML VALID — VISUAL REVIEW PENDING
assets/icons/tabler/outline/circuit-ground-digital.svg,26da086b5306fac04bd3c34ecc080baa3ab50eb57400f6ef0a91dd5163069fd1,0 0 24 24,XML VALID — VISUAL REVIEW PENDING
assets/icons/tabler/outline/circuit-ground.svg,c8b73e45231d255300ca067ed80a48cb80fac86f2c52b3d0912fe865aea21a1a,0 0 24 24,XML VALID — VISUAL REVIEW PENDING
assets/icons/tabler/outline/circuit-inductor.svg,2ebf16cf00a291f38012477ff94440b2d608000f0826ef42f1c09159a161b660,0 0 24 24,XML VALID — VISUAL REVIEW PENDING
assets/icons/tabler/outline/circuit-motor.svg,36a15767a0e767c6e873d2e5f9d48be0edece34516b54fd8127c71b4d7fabc57,0 0 24 24,XML VALID — VISUAL REVIEW PENDING
assets/icons/tabler/outline/circuit-pushbutton.svg,ccfd5e946f46488eab7e175948d2e780484bf992c92416be6f6dc7cda8987140,0 0 24 24,XML VALID — VISUAL REVIEW PENDING
assets/icons/tabler/outline/circuit-resistor.svg,c58701ec4fe93f5eae0bd5bebc9e8f02de42fa33c062b0cb9a7786563551ff24,0 0 24 24,XML VALID — VISUAL REVIEW PENDING
assets/icons/tabler/outline/circuit-switch-closed.svg,cc90c58bee5b07398ada726c7a563116314a6a597e107c5989a116badc60b060,0 0 24 24,XML VALID — VISUAL REVIEW PENDING
assets/icons/tabler/outline/circuit-switch-open.svg,46eecbd598d158c3469069e1006f874c810bfe649d92d46eb25321400c75f7ee,0 0 24 24,XML VALID — VISUAL REVIEW PENDING
assets/icons/tabler/outline/circuit-voltmeter.svg,ac18a1ec50ba2a094d2bad0f1b6a5d60caec5a6517911f717928757bb6cf486a,0 0 24 24,XML VALID — VISUAL REVIEW PENDING
assets/icons/tabler/outline/clear-all.svg,33a57fe71b1ea9d5f0079ebb2a764566e04d1198dfd12117f2f38775c5388ac6,0 0 24 24,XML VALID — VISUAL REVIEW PENDING
assets/icons/tabler/outline/clear-formatting.svg,5fc5ad07c4f96394dd623123a6e46dca2ffdae356c44aab545449df0951ccd89,0 0 24 24,XML VALID — VISUAL REVIEW PENDING
assets/icons/tabler/outline/click.svg,fd83db3f7532c261bdb7b7054f546270a4f99983b3b9a2857d748121050a7e72,0 0 24 24,XML VALID — VISUAL REVIEW PENDING
assets/icons/tabler/outline/cliff-jumping.svg,04091ca2d71d24e158c67be5ba4d8fff613d3037082fe485644568a36454717b,0 0 24 24,XML VALID — VISUAL REVIEW PENDING
assets/icons/tabler/outline/clipboard-check.svg,ba29d5ed9fc7eae466bd1a3136182c3f175d76f0e8d5a57a47bb085ccd36bcc2,0 0 24 24,XML VALID — VISUAL REVIEW PENDING
assets/icons/tabler/outline/clipboard-copy.svg,fff0eb3eee680247d6e7efb3e40fb8cdc6b3a7883a2c208dd5fa73d7d232382b,0 0 24 24,XML VALID — VISUAL REVIEW PENDING
assets/icons/tabler/outline/clipboard-data.svg,adeabcbe10ce6d0ec74b2101a678f77f0eb3e1a55fb7ef65c686caa1abdce0fc,0 0 24 24,XML VALID — VISUAL REVIEW PENDING
assets/icons/tabler/outline/clipboard-heart.svg,0983e6d80d238796b0d9bfa2f2bb8fee43c295221d7991250ccc5eca84748b25,0 0 24 24,XML VALID — VISUAL REVIEW PENDING
assets/icons/tabler/outline/clipboard-list.svg,05816f25acc40c47f028d78833f7d0323731f3a419b0bb51eb8804be964c3a77,0 0 24 24,XML VALID — VISUAL REVIEW PENDING
assets/icons/tabler/outline/clipboard-off.svg,b9acfcfea03eb07e6907db110a6111a6621a8e84ada03f2a5c674470ed335ce1,0 0 24 24,XML VALID — VISUAL REVIEW PENDING
assets/icons/tabler/outline/clipboard-plus.svg,8b72a8cd1f2de0629ec372a7b06e4808897f113e9ff272d325861a169cc0b76c,0 0 24 24,XML VALID — VISUAL REVIEW PENDING
assets/icons/tabler/outline/clipboard-search.svg,dfd533b08f3a2222253cd1ab664cfd2603fd30f4ba443c3ac425885006109045,0 0 24 24,XML VALID — VISUAL REVIEW PENDING
assets/icons/tabler/outline/clipboard-smile.svg,debc70a47414a209d03d896de21df8d33b0fd7e3c2d16882550999a91d8f9aa0,0 0 24 24,XML VALID — VISUAL REVIEW PENDING
assets/icons/tabler/outline/clipboard-text.svg,e418e3a870f593b789b83ff3af14df90249c75ac57a4497cce3327ae8826d203,0 0 24 24,XML VALID — VISUAL REVIEW PENDING
assets/icons/tabler/outline/clipboard-typography.svg,3f1142603d87ba8a27656be90c5b22b97d072ec76cba956143bd3d0c1d973bc8,0 0 24 24,XML VALID — VISUAL REVIEW PENDING
assets/icons/tabler/outline/clipboard-x.svg,45a8d7b4f69c70242ac0acaacec22af82766e3caded6e2bb7c516514ee7bec4b,0 0 24 24,XML VALID — VISUAL REVIEW PENDING
assets/icons/tabler/outline/clipboard.svg,dc5149e5500365d9920d159929e47b1805e6b031c4bd51026d0096ef541eb2a7,0 0 24 24,XML VALID — VISUAL REVIEW PENDING
assets/icons/tabler/outline/clock-12.svg,7c3626f77ca36ccbd32b7e160e9376c75c4a2a7e397b609b965f77a83411e218,0 0 24 24,XML VALID — VISUAL REVIEW PENDING
assets/icons/tabler/outline/clock-2.svg,d92d6ab635ca0afd381c6300b19818ac6332bab477e911534779308c346e6dd2,0 0 24 24,XML VALID — VISUAL REVIEW PENDING
assets/icons/tabler/outline/clock-24.svg,a3e1f2275d23b9030cbc8538bd4218c26405a7e373ecbf83f8a7302a5865b51d,0 0 24 24,XML VALID — VISUAL REVIEW PENDING
assets/icons/tabler/outline/clock-bitcoin.svg,83c2ccf11a5c81947b29605c55fc6764e53b04e2410f97585390aa44842fcf0b,0 0 24 24,XML VALID — VISUAL REVIEW PENDING
assets/icons/tabler/outline/clock-bolt.svg,f4a067275b0737eb87583f847694f7e2d69cfe260db58e39c3b0021db11b9548,0 0 24 24,XML VALID — VISUAL REVIEW PENDING
assets/icons/tabler/outline/clock-cancel.svg,dc56e984c3548ff3dd7020882dc686d5c8b3eddb4c8a09bb0cb37e5dac93a8d4,0 0 24 24,XML VALID — VISUAL REVIEW PENDING
assets/icons/tabler/outline/clock-check.svg,37ff70b3a399b8e6488425eaab8d542c5a82cd7f6d18b8803eb7db62bbafe824,0 0 24 24,XML VALID — VISUAL REVIEW PENDING
assets/icons/tabler/outline/clock-code.svg,f15f4fbe0fb90e69b2ab247a63d84d03f78733128da71a573340297089258ecb,0 0 24 24,XML VALID — VISUAL REVIEW PENDING
assets/icons/tabler/outline/clock-cog.svg,3bd56023e516cf41b0031e80bbfdf47275459b5dd5c775683d60e83466d3a1e1,0 0 24 24,XML VALID — VISUAL REVIEW PENDING
assets/icons/tabler/outline/clock-dollar.svg,177990d521083510ba31b9338214973e0de6d42ee3a9f5e7465229b747f0025e,0 0 24 24,XML VALID — VISUAL REVIEW PENDING
assets/icons/tabler/outline/clock-down.svg,b22b2bd8ef3564a4b55ba896332afd18c44457dd2c0c49efa9b722e6f66a67e7,0 0 24 24,XML VALID — VISUAL REVIEW PENDING
assets/icons/tabler/outline/clock-edit.svg,f842ebbaf725941089d8fed6046978ab1dc5688bf4e4fa3a4c1f45b266f72d42,0 0 24 24,XML VALID — VISUAL REVIEW PENDING
assets/icons/tabler/outline/clock-exclamation.svg,e91fcf730e25e573e2db8ce50504e082cc5891bf441007bfbd0c334938d10198,0 0 24 24,XML VALID — VISUAL REVIEW PENDING
assets/icons/tabler/outline/clock-heart.svg,78b058cc5c0106682b4029d064367db0b06d3b9e9520ffce26edda676d71b1ba,0 0 24 24,XML VALID — VISUAL REVIEW PENDING
assets/icons/tabler/outline/clock-hour-1.svg,008b0ae4022e6566e69de45c145defcb0a8c37c2e691209957d2e5f9babaec1d,0 0 24 24,XML VALID — VISUAL REVIEW PENDING
assets/icons/tabler/outline/clock-hour-10.svg,9dcf0e261b905418aafd95da2ab8987f950ec6cc884da0aee14d641dc95771d9,0 0 24 24,XML VALID — VISUAL REVIEW PENDING
assets/icons/tabler/outline/clock-hour-11.svg,1d25483da71638dfc3527076e7ac6eb7e1dbe3ad5baa44f88fa7dfd387333ebf,0 0 24 24,XML VALID — VISUAL REVIEW PENDING
assets/icons/tabler/outline/clock-hour-12.svg,5e2b5503778c025c72c3577fb6037c8dd7e6013459b028917c2486f89e607165,0 0 24 24,XML VALID — VISUAL REVIEW PENDING
assets/icons/tabler/outline/clock-hour-2.svg,3dc964dd1bcf449e0311b06207a2bab56724d2056c7d9f8d0282a2af3972d967,0 0 24 24,XML VALID — VISUAL REVIEW PENDING
assets/icons/tabler/outline/clock-hour-3.svg,e518430363e114cc74de6378b28e3748888ec6c58347aafaf3583fd70d86b8a1,0 0 24 24,XML VALID — VISUAL REVIEW PENDING
assets/icons/tabler/outline/clock-hour-4.svg,0bedd14a91121b34fac4bf2da341494535d8219395f2d96de7df7c953e2e4bf9,0 0 24 24,XML VALID — VISUAL REVIEW PENDING
assets/icons/tabler/outline/clock-hour-5.svg,4679e3292b2383ea7a1bf29e64d3507f2849518c6894d2a2c4e16ee445aff632,0 0 24 24,XML VALID — VISUAL REVIEW PENDING
assets/icons/tabler/outline/clock-hour-6.svg,a3b2e6773edbc7d2007e13db657cd8c7f1294f04d3f401b1030e0c894c171dd3,0 0 24 24,XML VALID — VISUAL REVIEW PENDING
assets/icons/tabler/outline/clock-hour-7.svg,e0b6e8d59d32cde42fb302df66f263b6f7ee2a29b58bbedaf95b81d374ca3834,0 0 24 24,XML VALID — VISUAL REVIEW PENDING
assets/icons/tabler/outline/clock-hour-8.svg,af6a21295b970dcd6aac6b1ed3b6586ab4deca2703c21c4fde0295b9b3c04d38,0 0 24 24,XML VALID — VISUAL REVIEW PENDING
assets/icons/tabler/outline/clock-hour-9.svg,387eacf944a4910b3825febbaff3dde0eecd53f12baf29f1ffc30112a170ac17,0 0 24 24,XML VALID — VISUAL REVIEW PENDING
assets/icons/tabler/outline/clock-minus.svg,88013444c45221527d6afa2a08b12b25beba8535f3beac0235237f43de63bed9,0 0 24 24,XML VALID — VISUAL REVIEW PENDING
assets/icons/tabler/outline/clock-off.svg,91d639c7502394327d897c0ce658970548940a2adec4575060b3055139992aca,0 0 24 24,XML VALID — VISUAL REVIEW PENDING
assets/icons/tabler/outline/clock-pause.svg,18d04c9f2ed34f8ed5aae27e9e230a3e565e83d988d17ca46323fb81b04a0a22,0 0 24 24,XML VALID — VISUAL REVIEW PENDING
assets/icons/tabler/outline/clock-pin.svg,93069145d1e53700361ce71ee6253ab0cb1a9a3559a160a995b562e555bebcd4,0 0 24 24,XML VALID — VISUAL REVIEW PENDING
assets/icons/tabler/outline/clock-play.svg,8f3e92c1f2eb8432de3b166cf63572cec5636306583f048bbb40778a0b1cfbd9,0 0 24 24,XML VALID — VISUAL REVIEW PENDING
assets/icons/tabler/outline/clock-plus.svg,9f12f8c47ad9fbf8d72d926a5de069aa031a1c597112b67bfbde885a69ed296f,0 0 24 24,XML VALID — VISUAL REVIEW PENDING
assets/icons/tabler/outline/clock-question.svg,54219c09ae7a54a5eb120c2f287cfd5668a54ad8a3b991bd2a9b364523b9e64b,0 0 24 24,XML VALID — VISUAL REVIEW PENDING
assets/icons/tabler/outline/clock-record.svg,70100fd4171f620542776e70a2ea708d8a1a5911eef643bd0d58b391886f6036,0 0 24 24,XML VALID — VISUAL REVIEW PENDING
assets/icons/tabler/outline/clock-search.svg,d6272d1a64a8b8fbba42300ae393938ccd6875fea9378084c87b669b3cb4d865,0 0 24 24,XML VALID — VISUAL REVIEW PENDING
assets/icons/tabler/outline/clock-share.svg,674a7bc974f031068d4fc6a7a4bbf188a6bf95e0e454bd0ce84708ba6936a38d,0 0 24 24,XML VALID — VISUAL REVIEW PENDING
assets/icons/tabler/outline/clock-shield.svg,818fcbc09ab1c8cd88978a9e3cecb400d32775f0b8bd143dc07eb14f9139051e,0 0 24 24,XML VALID — VISUAL REVIEW PENDING
assets/icons/tabler/outline/clock-star.svg,0feb0d2be2664e639cb52b3c353a61830b65e9d901ae5b919e40397b0801ef88,0 0 24 24,XML VALID — VISUAL REVIEW PENDING
assets/icons/tabler/outline/clock-stop.svg,9baba4aad9d38db1ee400cfb0586de58639b59e105d12f37a3028637d48b5271,0 0 24 24,XML VALID — VISUAL REVIEW PENDING
assets/icons/tabler/outline/clock-up.svg,651a62bc8001708c8c67dd27b3ec4e1e77c319a5ca07f5f4cca0e268e54c188b,0 0 24 24,XML VALID — VISUAL REVIEW PENDING
assets/icons/tabler/outline/clock-x.svg,77848eb2f3e413c6cf2a1511348fd890ba1bd7457b66d3bc27d5e8f45e5b0d04,0 0 24 24,XML VALID — VISUAL REVIEW PENDING
assets/icons/tabler/outline/clock.svg,eaa12052f6cdc839b8b27f23558f202866c8751dd04a1481fd30430acc2e6526,0 0 24 24,XML VALID — VISUAL REVIEW PENDING
assets/icons/tabler/outline/clothes-rack-off.svg,a9bd47e596fa5cfdf77e9d3ff9d860e56f96121faac7b5dc781d2d4d26fe6df0,0 0 24 24,XML VALID — VISUAL REVIEW PENDING
assets/icons/tabler/outline/clothes-rack.svg,eeff9d66bddfa1371b5908fbb69853b2ccede8f061b4f9226b1aeee46eb7c263,0 0 24 24,XML VALID — VISUAL REVIEW PENDING
assets/icons/tabler/outline/cloud-bitcoin.svg,7348cd3d2d841a6dc4144ceac24f7deb7107e8ae79657f0811103f5c22a29b34,0 0 24 24,XML VALID — VISUAL REVIEW PENDING
assets/icons/tabler/outline/cloud-bolt.svg,12fe20b58aa20a28f5a504ada2ce6322b9c1a5f37980f6e3d03707251e0e7d84,0 0 24 24,XML VALID — VISUAL REVIEW PENDING
assets/icons/tabler/outline/cloud-cancel.svg,b7d90892b6a4450112851c51f3f9800f1b6b8d2ed3c5af25274376a2acb1cd98,0 0 24 24,XML VALID — VISUAL REVIEW PENDING
assets/icons/tabler/outline/cloud-check.svg,98634a2eab801c765dd302f4ec87fe908485c9c678580f194d72d91846e579ce,0 0 24 24,XML VALID — VISUAL REVIEW PENDING
assets/icons/tabler/outline/cloud-code.svg,61fd9c6c1fb418c905e0f7accdf5aa25afdef83e9e2c1c26c1b181ae05511efc,0 0 24 24,XML VALID — VISUAL REVIEW PENDING
assets/icons/tabler/outline/cloud-cog.svg,ed571fb1985f1a103fe048393d6502c2347224927f10483dd3a474b2618467e3,0 0 24 24,XML VALID — VISUAL REVIEW PENDING
assets/icons/tabler/outline/cloud-computing.svg,ea27251b0c9b0db78132ef861b95c71b6829731e64e8490bc75e481148748d0c,0 0 24 24,XML VALID — VISUAL REVIEW PENDING
assets/icons/tabler/outline/cloud-data-connection.svg,fe8ef6196cc73d2805579aabdda9ae75201b12a19a60d2bf7bcdba6b18ff44e6,0 0 24 24,XML VALID — VISUAL REVIEW PENDING
assets/icons/tabler/outline/cloud-dollar.svg,aade79d6860a9668363964dfc1bb2aa90b4925d9a86af25ef5c24c5386d16688,0 0 24 24,XML VALID — VISUAL REVIEW PENDING
assets/icons/tabler/outline/cloud-down.svg,30bd0eb0372591a4f3f5c5dbe78850afd07acc9a126ccf1c84502fdf63aa08cd,0 0 24 24,XML VALID — VISUAL REVIEW PENDING
assets/icons/tabler/outline/cloud-download.svg,38f8cc34d08c9327d334cdaf197fd46e4a7a4a53ee18efab254cf5db80bcda1d,0 0 24 24,XML VALID — VISUAL REVIEW PENDING
assets/icons/tabler/outline/cloud-exclamation.svg,0c58e02ee2b7e7ef4afb2d89f8c7c71ab45cff480042f61a0bc7261e843e196d,0 0 24 24,XML VALID — VISUAL REVIEW PENDING
assets/icons/tabler/outline/cloud-fog.svg,71059fa1328a3ce9d38f42e7ace1b9344e293d0fbeacbbfc95049f77e944b31a,0 0 24 24,XML VALID — VISUAL REVIEW PENDING
assets/icons/tabler/outline/cloud-heart.svg,80c5ed163549546350d1ba207ee1876870c04e6f9f1d9d6392f7ae9167e71e0f,0 0 24 24,XML VALID — VISUAL REVIEW PENDING
assets/icons/tabler/outline/cloud-lock-open.svg,af1f48674f292b039753da31e785982e1cae285b50082a4ccb34e28ba0a03c54,0 0 24 24,XML VALID — VISUAL REVIEW PENDING
assets/icons/tabler/outline/cloud-lock.svg,77825dac71a5e8f9cefd85bc447a2c06b0ea0d2ec570d772ba1c3da78ad30a2f,0 0 24 24,XML VALID — VISUAL REVIEW PENDING
assets/icons/tabler/outline/cloud-minus.svg,113725ef482c9fb26df64ff38269b3273ecff08a80ce3743ff0d49e19aeff3c4,0 0 24 24,XML VALID — VISUAL REVIEW PENDING
assets/icons/tabler/outline/cloud-network.svg,39c6e539e77cbcdc74be735698b5a19c593a2a1f4ae9196087770b119e72ce18,0 0 24 24,XML VALID — VISUAL REVIEW PENDING
assets/icons/tabler/outline/cloud-off.svg,f245f5f908feb35085b81f164667a7851b68828d32f3d478b7cd5a78d70f3060,0 0 24 24,XML VALID — VISUAL REVIEW PENDING
assets/icons/tabler/outline/cloud-pause.svg,5511eaba0bfef3da5ef638022d51b8cc59c7d989615dc8a1844e1493f4f85fc0,0 0 24 24,XML VALID — VISUAL REVIEW PENDING
assets/icons/tabler/outline/cloud-pin.svg,91fe682d1340bb475bf25d412e6ee239754911e6dee51816d1b328b4dfd10fe4,0 0 24 24,XML VALID — VISUAL REVIEW PENDING
assets/icons/tabler/outline/cloud-plus.svg,9d51882a8e63b6d63eabb5137ed618f53131b721203ee286110ba5c5a3f456c6,0 0 24 24,XML VALID — VISUAL REVIEW PENDING
assets/icons/tabler/outline/cloud-question.svg,1d0c88cff927506fd9e8b2eccd1aebd207f08d915e850c4df8d8594053746490,0 0 24 24,XML VALID — VISUAL REVIEW PENDING
assets/icons/tabler/outline/cloud-rain.svg,3537c1881c44b22eaaf9c91ea183fac52f2fdc6801f9a737bf6560f517affa1e,0 0 24 24,XML VALID — VISUAL REVIEW PENDING
assets/icons/tabler/outline/cloud-search.svg,a576f5002c7f66e9c82ee975a613cf419351bf97a7cbb579eaed6997c634090e,0 0 24 24,XML VALID — VISUAL REVIEW PENDING
assets/icons/tabler/outline/cloud-share.svg,d57cf14192cd3032f653cad7899e970da8e0ab7dec795332f5ceac49a92aaa7f,0 0 24 24,XML VALID — VISUAL REVIEW PENDING
assets/icons/tabler/outline/cloud-snow.svg,0789a5c5bec06183804fa15e73bf5f636292ea3a2bfb863776d9e3905833ffb2,0 0 24 24,XML VALID — VISUAL REVIEW PENDING
assets/icons/tabler/outline/cloud-star.svg,aa7970c973c596ebd875c8713b42e0db254c3f504bbe7d04cd5e93dd52d727e5,0 0 24 24,XML VALID — VISUAL REVIEW PENDING
assets/icons/tabler/outline/cloud-storm.svg,32a568f7dd6c0dff3ba3a98ca0dec80e6e2d96e39ccc47b1005588fbf42c8a4d,0 0 24 24,XML VALID — VISUAL REVIEW PENDING
assets/icons/tabler/outline/cloud-up.svg,80c616d052d00db4d5adc6932e0ef2ac54f2028b67a7638b4a3e5b9904db1070,0 0 24 24,XML VALID — VISUAL REVIEW PENDING
assets/icons/tabler/outline/cloud-upload.svg,4c70a84a70a5e59d96862ecf032027f132bf1632be2ba203509b95c5389946d3,0 0 24 24,XML VALID — VISUAL REVIEW PENDING
assets/icons/tabler/outline/cloud-x.svg,a827fc0e49c03267196d1bc4454fccac0facca246f551277752033fc3705daae,0 0 24 24,XML VALID — VISUAL REVIEW PENDING
assets/icons/tabler/outline/cloud.svg,86fc1070c015e50090ee3f79b2eb205d827c854bf668c6241903d2bce58f3158,0 0 24 24,XML VALID — VISUAL REVIEW PENDING
assets/icons/tabler/outline/clover-2.svg,13850d13b1c76102c5eef2e615a2103ee63b1f456b5d970c4cf05570f69b3e4c,0 0 24 24,XML VALID — VISUAL REVIEW PENDING
assets/icons/tabler/outline/clover.svg,37bfcacc4fac73cb02be914e16e037c1a4bc06bc8fd535163d5aaa16e03bb9b6,0 0 24 24,XML VALID — VISUAL REVIEW PENDING
assets/icons/tabler/outline/clubs.svg,75294ef19f52498f058a4566caa7bef15a88820aec8f57515b405640490e43a0,0 0 24 24,XML VALID — VISUAL REVIEW PENDING
assets/icons/tabler/outline/code-asterisk.svg,4f3e17ca013c057b77a3c61a2427007145f1feca36a958f524ea0e6ad9127d24,0 0 24 24,XML VALID — VISUAL REVIEW PENDING
assets/icons/tabler/outline/code-circle-2.svg,18d381b5b5f0b6bd2bfb94a5b1cae1252a07033f0434e52e784f3f327aba844d,0 0 24 24,XML VALID — VISUAL REVIEW PENDING
assets/icons/tabler/outline/code-circle.svg,128c139f030c4ec440e107b957573f181a960f2ce5bf9315913e27617e8d96b6,0 0 24 24,XML VALID — VISUAL REVIEW PENDING
assets/icons/tabler/outline/code-dots.svg,e2869c9fc74df4e5fdfc444a237b7916d8fd7512089fece0caa408f663c7fa4d,0 0 24 24,XML VALID — VISUAL REVIEW PENDING
assets/icons/tabler/outline/code-minus.svg,293e0aed62e85d8bf668d716dd010b1dd8362594d7447752c0a7bee470c034d3,0 0 24 24,XML VALID — VISUAL REVIEW PENDING
assets/icons/tabler/outline/code-off.svg,f881e04631d2a1ba8f203af2f0afe7c0859c413ebd14befbd16fbc422e8d69ee,0 0 24 24,XML VALID — VISUAL REVIEW PENDING
assets/icons/tabler/outline/code-plus.svg,9114e6964f2b14d0220e7da7b3f391d6ac4e2d9fa59e465b602959c2597f8d92,0 0 24 24,XML VALID — VISUAL REVIEW PENDING
assets/icons/tabler/outline/code-variable-minus.svg,3a7619c0bfe7e1ea3b2fcc159c04ee674332ccd307ea2ee908562c1c7c32a33f,0 0 24 24,XML VALID — VISUAL REVIEW PENDING
assets/icons/tabler/outline/code-variable-plus.svg,e04c15227f3823a6592dcb0d289546315b4d7cf85b1ebbb92605ac116d258e1d,0 0 24 24,XML VALID — VISUAL REVIEW PENDING
assets/icons/tabler/outline/code-variable.svg,cdee915777b677729fdfedb67852d7b36d271cd3f7d2fa6917c55f64b0e3de27,0 0 24 24,XML VALID — VISUAL REVIEW PENDING
assets/icons/tabler/outline/code.svg,cf858dbe4fe07d7f62a0e20c328eb561f1108cfb99cd4d7837c0fe0951af4c11,0 0 24 24,XML VALID — VISUAL REVIEW PENDING
assets/icons/tabler/outline/coffee-off.svg,43ae2cff3220ac62e5fe7001b6c55412c46558bb7361bbe6d507f39082155352,0 0 24 24,XML VALID — VISUAL REVIEW PENDING
assets/icons/tabler/outline/coffee.svg,9cd801e843eef46d15119fcd88e702a279277b76304eb99c6af924c793f4619f,0 0 24 24,XML VALID — VISUAL REVIEW PENDING
assets/icons/tabler/outline/coffin.svg,2f3df79d87abdd661455d24bbe616db26688efd50830fd5259fd5d7486389c0c,0 0 24 24,XML VALID — VISUAL REVIEW PENDING
assets/icons/tabler/outline/coin-bitcoin.svg,b3470f43bd7f911788e4cdd2c2e29655ed3eb3eaf160b39221a6fb23d5fb2ad8,0 0 24 24,XML VALID — VISUAL REVIEW PENDING
assets/icons/tabler/outline/coin-euro.svg,32063fa7580f919ca3f9b8429ce61de468faa63367c56bc048c6c6cebb6e7de0,0 0 24 24,XML VALID — VISUAL REVIEW PENDING
assets/icons/tabler/outline/coin-monero.svg,c810b49d89451bfedeefbcd86c4685421550f80d0c669fb55b2372b5cbc88320,0 0 24 24,XML VALID — VISUAL REVIEW PENDING
assets/icons/tabler/outline/coin-off.svg,6d2e7ea19b42032f5bfa38491ee904b4dc8091bfa45fc439295835f561912688,0 0 24 24,XML VALID — VISUAL REVIEW PENDING
assets/icons/tabler/outline/coin-pound.svg,0cde0fb8ccb3553e76e54961e40da67657a222116902010b71035afacf9ee306,0 0 24 24,XML VALID — VISUAL REVIEW PENDING
assets/icons/tabler/outline/coin-rupee.svg,3a1b678b9a306e2b2c3f5c2d325dce1952495d7d04521908f8c926dd386b55e7,0 0 24 24,XML VALID — VISUAL REVIEW PENDING
assets/icons/tabler/outline/coin-taka.svg,7318e06295dd60abdf778741f97b101c162e5568911653407edcb7f93f905cc8,0 0 24 24,XML VALID — VISUAL REVIEW PENDING
assets/icons/tabler/outline/coin-yen.svg,f9f3f13fb0244f18897cb209f24ff96f15928bd16bccfee74542485c49633655,0 0 24 24,XML VALID — VISUAL REVIEW PENDING
assets/icons/tabler/outline/coin-yuan.svg,33b1efa4523d042d14b947241a051c0781e1ba4e12985ea22c76302bceaf4269,0 0 24 24,XML VALID — VISUAL REVIEW PENDING
assets/icons/tabler/outline/coin.svg,74aeceb34b31f2b4eccfacf8d8e8d29ee6280b77ae23f27acdf365552cc64151,0 0 24 24,XML VALID — VISUAL REVIEW PENDING
assets/icons/tabler/outline/coins.svg,66fc6c77624f9214a3147d4cd5237fd7596104e96823c956ff4a30c93860416b,0 0 24 24,XML VALID — VISUAL REVIEW PENDING
assets/icons/tabler/outline/color-filter.svg,9cc2b76a18b3d16bb818a14047dcbccf500de11e430485f92358051a2863090e,0 0 24 24,XML VALID — VISUAL REVIEW PENDING
assets/icons/tabler/outline/color-picker-off.svg,bd7511d35ffb8df3c9f2f830300a3afde863bae26d369640fea501404028ee42,0 0 24 24,XML VALID — VISUAL REVIEW PENDING
assets/icons/tabler/outline/color-picker.svg,346f082e5c4a33ba24e3dff616d4b4de0f11c54d7c3a63c7f391800fda96b832,0 0 24 24,XML VALID — VISUAL REVIEW PENDING
assets/icons/tabler/outline/color-swatch-off.svg,9b74b07bca7405805369c9226a6f81fcf8c111ad78ca6f1200d0b2766528f608,0 0 24 24,XML VALID — VISUAL REVIEW PENDING
assets/icons/tabler/outline/color-swatch.svg,794c0d64fec5a0b3c7fbb5a7e1e7fd53da99a59a0d0f3491b054f1c8c3b3c059,0 0 24 24,XML VALID — VISUAL REVIEW PENDING
assets/icons/tabler/outline/column-insert-left.svg,8adbb4b6ceda42db798812bfefb68205d74b62bef60b54b13ec960f257d1fb20,0 0 24 24,XML VALID — VISUAL REVIEW PENDING
assets/icons/tabler/outline/column-insert-right.svg,39b753cf7cdb0017fb7a13631a25015dc07fabba8be47fb70753764e9593949a,0 0 24 24,XML VALID — VISUAL REVIEW PENDING
assets/icons/tabler/outline/column-remove.svg,a1b974839ad168870f46111f4c7359a9fdd69ef98a45d0658f7dadcb4010c3be,0 0 24 24,XML VALID — VISUAL REVIEW PENDING
assets/icons/tabler/outline/columns-1.svg,5755d55a8f2a0af75ca061d52149d576440d233634f8cba86069fbd361b88d5e,0 0 24 24,XML VALID — VISUAL REVIEW PENDING
assets/icons/tabler/outline/columns-2.svg,0f4459b07b65796795d67ed398880adc228554d2d8d9765f71e1f3887ec65610,0 0 24 24,XML VALID — VISUAL REVIEW PENDING
assets/icons/tabler/outline/columns-3.svg,70c9caf5beb5c2fdfd94b15b771ea9f45494636532974e43154b3642f151823f,0 0 24 24,XML VALID — VISUAL REVIEW PENDING
assets/icons/tabler/outline/columns-off.svg,2ae73a8a4242196c0024a1952d8fba0c059b062efb90d27463bad6478f3826ef,0 0 24 24,XML VALID — VISUAL REVIEW PENDING
assets/icons/tabler/outline/columns.svg,ffd2f0285ed913a7bceb73955f4868e86fd8cfee6dff3349b5de3c8219ca1023,0 0 24 24,XML VALID — VISUAL REVIEW PENDING
assets/icons/tabler/outline/comet.svg,dacd8a2a28ffd079ee952d68d51751882403dfb753d725d889ed40951a9d13ff,0 0 24 24,XML VALID — VISUAL REVIEW PENDING
assets/icons/tabler/outline/command-off.svg,3ecc1e23bf2f2c4a00976be888882ae8dae2489af20011315acf3e73fe4577f5,0 0 24 24,XML VALID — VISUAL REVIEW PENDING
assets/icons/tabler/outline/command.svg,4af7de45aa4326942f8d9dc231042f23ed1759c2906c4bd9bc64c033bd4e224b,0 0 24 24,XML VALID — VISUAL REVIEW PENDING
assets/icons/tabler/outline/compass-off.svg,3fd40cd466cfc91e26a56b1fe6cbe83e4857831f21f49a77e1cc6454b458a46f,0 0 24 24,XML VALID — VISUAL REVIEW PENDING
assets/icons/tabler/outline/compass.svg,984149e44622d237bed96067bfcfaefd900b1b27568bd960d32abc78c94c6965,0 0 24 24,XML VALID — VISUAL REVIEW PENDING
assets/icons/tabler/outline/components-off.svg,a93bc502505091b3e6a1536bf1e6ad96ef3bf767500cefeaaaf560404a1828c6,0 0 24 24,XML VALID — VISUAL REVIEW PENDING
assets/icons/tabler/outline/components.svg,9241705020fa617e8086785001859b27baeda485db08ef0dad22489638286d6f,0 0 24 24,XML VALID — VISUAL REVIEW PENDING
assets/icons/tabler/outline/cone-2.svg,05dd4ca97806bf7ef2183672478bc156be19a12151ea9a0287be4cb497895a4a,0 0 24 24,XML VALID — VISUAL REVIEW PENDING
assets/icons/tabler/outline/cone-off.svg,28ee3711e1143bb5fa3306afbab194b75eda5c43a3cb3cca147a4d0ee62e88e7,0 0 24 24,XML VALID — VISUAL REVIEW PENDING
assets/icons/tabler/outline/cone-plus.svg,2146b871938d3ac9e0a8a40835cc6fc9c3c47ab1f392c3ccdc0d0561591af17c,0 0 24 24,XML VALID — VISUAL REVIEW PENDING
assets/icons/tabler/outline/cone.svg,4f18b6b9e1a509fab3ec383202507ecd438f9568b7e9adf781d8784ca06408a7,0 0 24 24,XML VALID — VISUAL REVIEW PENDING
assets/icons/tabler/outline/confetti-off.svg,ab43aad8e4a22489f16df640980c6e5c0adb1c7c49c3ac0f54b71a247f99fa9a,0 0 24 24,XML VALID — VISUAL REVIEW PENDING
assets/icons/tabler/outline/confetti.svg,7f2b93c7b6674625f4b995a9f1328aca6b49095224f8d5a1e2acb367aed8944c,0 0 24 24,XML VALID — VISUAL REVIEW PENDING
assets/icons/tabler/outline/confucius.svg,c0348457390b86254df2b91107226c703acc0c5c30d8a0bef20339b758aa6136,0 0 24 24,XML VALID — VISUAL REVIEW PENDING
assets/icons/tabler/outline/congruent-to.svg,6830d522d22efcb16c491f56aad1eb25a9834045ac2aa50f9e10635905fe01f2,0 0 24 24,XML VALID — VISUAL REVIEW PENDING
assets/icons/tabler/outline/container-off.svg,1c9ddec392df731721aa39294a178c6d308ee0534af2c34c030081a612342139,0 0 24 24,XML VALID — VISUAL REVIEW PENDING
assets/icons/tabler/outline/container.svg,1b9915812724fe5f57cba20f7e8bba3c9fd2140fd65023d21378f0d60d16daf5,0 0 24 24,XML VALID — VISUAL REVIEW PENDING
assets/icons/tabler/outline/contract.svg,0c0baec28992f7011f846007343f1d9df0c0eef4d990fa29721194ce5821a81c,0 0 24 24,XML VALID — VISUAL REVIEW PENDING
assets/icons/tabler/outline/contrast-2-off.svg,eb35d45c3af3a0334bf72d9cc86e4c5ea8aa3c29315ce545c8299f02d49b1b00,0 0 24 24,XML VALID — VISUAL REVIEW PENDING
assets/icons/tabler/outline/contrast-2.svg,f7994b1c887c8225a2c781fe52bff604e9bd0a88e86f7c739e4a4faefbbf5b78,0 0 24 24,XML VALID — VISUAL REVIEW PENDING
assets/icons/tabler/outline/contrast-off.svg,863c81101472ddbe2fce61134d3b8b196363c1d1e07c8526ad351e610842d785,0 0 24 24,XML VALID — VISUAL REVIEW PENDING
assets/icons/tabler/outline/contrast.svg,e15f62fcc6647c89a1f18402815ec063c5ece129332be9bca3a0a4c34b8fa5c2,0 0 24 24,XML VALID — VISUAL REVIEW PENDING
assets/icons/tabler/outline/cooker.svg,51b8ffb8a11bcd4c55f691c5e3640ed24754d3c9bf095a710e19b34aa79f6b6c,0 0 24 24,XML VALID — VISUAL REVIEW PENDING
assets/icons/tabler/outline/cookie-man.svg,135cc0bc100eda64dd0ec5347eeb918682702c4849ffe5f470aa2960a7632d5f,0 0 24 24,XML VALID — VISUAL REVIEW PENDING
assets/icons/tabler/outline/cookie-off.svg,8c683be327bebeea969f78c37d3ca9f09134fa4a9f52b3e843ede6953c8acdbf,0 0 24 24,XML VALID — VISUAL REVIEW PENDING
assets/icons/tabler/outline/cookie.svg,b16ad85c5b7c03b3d3aeabca8545deb75ba94964891fc70c7c68158f67e3243a,0 0 24 24,XML VALID — VISUAL REVIEW PENDING
assets/icons/tabler/outline/copy-check.svg,e109fca3d30e2ec0e360966d3bd37ef41d2722e75d8c3bbe3ec4c2e7b0aacfee,0 0 24 24,XML VALID — VISUAL REVIEW PENDING
assets/icons/tabler/outline/copy-minus.svg,427bb6f9e50f42252a52cd5bd99638d6ed499cc6492338b739f23116ec361fc7,0 0 24 24,XML VALID — VISUAL REVIEW PENDING
assets/icons/tabler/outline/copy-off.svg,b78ad9e2a0e08f8f9bac6132844ee2451cc55b68b737ff357bee6a3f821493f3,0 0 24 24,XML VALID — VISUAL REVIEW PENDING
assets/icons/tabler/outline/copy-plus.svg,715a8d3e6bd26484f67f7f72b737aed1c340685cb3b6f2f0f5fe1603acae16bb,0 0 24 24,XML VALID — VISUAL REVIEW PENDING
assets/icons/tabler/outline/copy-x.svg,458cf3a2740986eb42fd758c2223284c62b4b7a00a314524726dae30244f469a,0 0 24 24,XML VALID — VISUAL REVIEW PENDING
assets/icons/tabler/outline/copy.svg,9df962ef807d1c11fbfa216f6bda7e7a39e0615bcecc3ef6175712582d8a7100,0 0 24 24,XML VALID — VISUAL REVIEW PENDING
assets/icons/tabler/outline/copyleft-off.svg,56d538337bfeae9f8cedee7dcc635d289f26fa465f92d08bf7a72a2446f09968,0 0 24 24,XML VALID — VISUAL REVIEW PENDING
assets/icons/tabler/outline/copyleft.svg,b518a4054c555477ed02fc9c13e5a15a80a79cd56c1a606e5cb8a44ae1826d76,0 0 24 24,XML VALID — VISUAL REVIEW PENDING
assets/icons/tabler/outline/copyright-off.svg,efc61ec83100e50324347736b8aeea965ecc50509f772b923aa4e523b336a0ba,0 0 24 24,XML VALID — VISUAL REVIEW PENDING
assets/icons/tabler/outline/copyright.svg,4d805e7528b0ad776b38f3c25f61aa7aa81caf6595ff0693c07048328efa74b5,0 0 24 24,XML VALID — VISUAL REVIEW PENDING
assets/icons/tabler/outline/corner-down-left-double.svg,589ca72d8bf83a7e0fb9cf4415bcd7c5a946a35a45bc8ed6235be1f208752d8f,0 0 24 24,XML VALID — VISUAL REVIEW PENDING
assets/icons/tabler/outline/corner-down-left.svg,3b60190fd4f7acda0a8cbfe82ffc1356bb87ccd7e1928c2e778bc5c19b0bc47e,0 0 24 24,XML VALID — VISUAL REVIEW PENDING
assets/icons/tabler/outline/corner-down-right-double.svg,14370b2b2a478b45062903c86cca8ee8929db8749d600d6ff089f4bcd2df0ada,0 0 24 24,XML VALID — VISUAL REVIEW PENDING
assets/icons/tabler/outline/corner-down-right.svg,916184ac5fad89ead81ed223f2e67c419e693c14db51eb9b8e6e17796090c88d,0 0 24 24,XML VALID — VISUAL REVIEW PENDING
assets/icons/tabler/outline/corner-left-down-double.svg,4c29f241987e66d366e8bb48c3c201e9d0047ffa5d5ce58eb86a642086920c89,0 0 24 24,XML VALID — VISUAL REVIEW PENDING
assets/icons/tabler/outline/corner-left-down.svg,d09720376b6190b5effbd6212a8760d6a4554b0f6f91c745f01a91734b1886f6,0 0 24 24,XML VALID — VISUAL REVIEW PENDING
assets/icons/tabler/outline/corner-left-up-double.svg,641f385ca2db42d22df8e1170a790a806c0f82e6f90b4ee6ab97796a74732c34,0 0 24 24,XML VALID — VISUAL REVIEW PENDING
assets/icons/tabler/outline/corner-left-up.svg,476f99010db2a37087fa50d155cd7b7328282057438cdbcf57db9dbf99d0dd2b,0 0 24 24,XML VALID — VISUAL REVIEW PENDING
assets/icons/tabler/outline/corner-right-down-double.svg,5d54ddd6535622b19e1c4a39513ad2525aaa4b4024b22969a227032964499392,0 0 24 24,XML VALID — VISUAL REVIEW PENDING
assets/icons/tabler/outline/corner-right-down.svg,5e8b76b47c42b41c954df059b9d9ccc55378a1af85e28bdb6330667194d00668,0 0 24 24,XML VALID — VISUAL REVIEW PENDING
assets/icons/tabler/outline/corner-right-up-double.svg,a80ebf761ff7dc377471c4010fab0ece397fc405518bde0362c6830def57bc11,0 0 24 24,XML VALID — VISUAL REVIEW PENDING
assets/icons/tabler/outline/corner-right-up.svg,ba5c29138206b21c6cb6e0fe85ba428d7f08bf7e88596a67e58ae603ddae3872,0 0 24 24,XML VALID — VISUAL REVIEW PENDING
assets/icons/tabler/outline/corner-up-left-double.svg,f217988aad94cab1027606fa42138bfe072d30a29d2eeae147abb32a55419f41,0 0 24 24,XML VALID — VISUAL REVIEW PENDING
assets/icons/tabler/outline/corner-up-left.svg,5bff6e137151307784df165728cac576c458b83f0725d4175970043808e028d8,0 0 24 24,XML VALID — VISUAL REVIEW PENDING
assets/icons/tabler/outline/corner-up-right-double.svg,fab38ee0dfbd516415af494e0e233d91f0e7054ad77c46851906bf2a2b649120,0 0 24 24,XML VALID — VISUAL REVIEW PENDING
assets/icons/tabler/outline/corner-up-right.svg,fb9576e7b51abbc6dcec8c360d950ea90b15def5151cc8202a3ed27b424af3f8,0 0 24 24,XML VALID — VISUAL REVIEW PENDING
assets/icons/tabler/outline/cpu-2.svg,6c2d91834f75deb04179d092361f8b350196598bf3b6ca02434f0b17a6b03e69,0 0 24 24,XML VALID — VISUAL REVIEW PENDING
assets/icons/tabler/outline/cpu-off.svg,6eb33734cf88ff57207010f83ed32eaabce9593e25890e840df956580a29b8ed,0 0 24 24,XML VALID — VISUAL REVIEW PENDING
assets/icons/tabler/outline/cpu.svg,fa95fd59a92e13bde9cc50d996bf3e1d7583439d5aee980b01be944b5ba3b5a0,0 0 24 24,XML VALID — VISUAL REVIEW PENDING
assets/icons/tabler/outline/crane-off.svg,ee0d2e380a366afe946879a6d690badbdcb79c2c5499cb82278ee285daf09823,0 0 24 24,XML VALID — VISUAL REVIEW PENDING
assets/icons/tabler/outline/crane.svg,2583883db387b2af3431b5bf2427bb7fd7a52891025625d6dba1944ebafeb756,0 0 24 24,XML VALID — VISUAL REVIEW PENDING
assets/icons/tabler/outline/creative-commons-by.svg,a0fc9ffa159048954f0fe83410139026f323992404ae2682ed9e4b97f27b40fd,0 0 24 24,XML VALID — VISUAL REVIEW PENDING
assets/icons/tabler/outline/creative-commons-nc.svg,85b2fbbb661736176ff6119770cbfc875fd0e559f4db6512b91bee8fe35bb590,0 0 24 24,XML VALID — VISUAL REVIEW PENDING
assets/icons/tabler/outline/creative-commons-nd.svg,2983ad3521853c8428af552e492be2435e6ac9817e5e10f9e7753c9b2201add1,0 0 24 24,XML VALID — VISUAL REVIEW PENDING
assets/icons/tabler/outline/creative-commons-off.svg,60b5c95d8f145b972a76d90157c463d4037707d136c2ab011abef0d28831c3cc,0 0 24 24,XML VALID — VISUAL REVIEW PENDING
assets/icons/tabler/outline/creative-commons-sa.svg,5e5712dde795b6016d040ea97d55912399098ab60477bde4166502e7100cf86d,0 0 24 24,XML VALID — VISUAL REVIEW PENDING
assets/icons/tabler/outline/creative-commons-zero.svg,0b7cd834710daddd327a6b56ed7eaa365ffdd814e6ee4381dc15401ec9731bf3,0 0 24 24,XML VALID — VISUAL REVIEW PENDING
assets/icons/tabler/outline/creative-commons.svg,59232a6bc8570c3fc142cc55a1b43d6ebdd34a576199b55635517f9bd36a3303,0 0 24 24,XML VALID — VISUAL REVIEW PENDING
assets/icons/tabler/outline/credit-card-off.svg,400645119e2ab4a61f41887daf740db702afcc5f293dc016d05570f2eacf22f7,0 0 24 24,XML VALID — VISUAL REVIEW PENDING
assets/icons/tabler/outline/credit-card-pay.svg,101477ec9edc3aa059eba42885af526894e1ddd09a7eca286da52d11b1ef6ff1,0 0 24 24,XML VALID — VISUAL REVIEW PENDING
assets/icons/tabler/outline/credit-card-refund.svg,ca4d858a689400c786d2e378abadafedb020b6b32c150b9fd08f3d9994b7c0a9,0 0 24 24,XML VALID — VISUAL REVIEW PENDING
assets/icons/tabler/outline/credit-card.svg,3208bce712946e10424199b2d2f8b1877d5de0bcb931d4a0d278ab650c5a79f3,0 0 24 24,XML VALID — VISUAL REVIEW PENDING
assets/icons/tabler/outline/cricket.svg,ff8ab08552c27d064d4237007042e613b4c7cc01a8c9d8f248f8ff9bd21bd698,0 0 24 24,XML VALID — VISUAL REVIEW PENDING
assets/icons/tabler/outline/crop-1-1.svg,cbc275cd42b7e060419d59472fbd921db12a0c3bf63a950cc34810f2321c7d24,0 0 24 24,XML VALID — VISUAL REVIEW PENDING
assets/icons/tabler/outline/crop-16-9.svg,e63fba7ec3fdbe90e941042a86fad23c446b22b3731331968af215cc2230ff5b,0 0 24 24,XML VALID — VISUAL REVIEW PENDING
assets/icons/tabler/outline/crop-3-2.svg,e589faf367d642c861b02e1c3bb7be87b45dff206c3a51427516f6a14fb00f78,0 0 24 24,XML VALID — VISUAL REVIEW PENDING
assets/icons/tabler/outline/crop-5-4.svg,2b5bc72214e3fae25d5cb0aa78e7b4c213264cc7a50ead7ae599123684d45f35,0 0 24 24,XML VALID — VISUAL REVIEW PENDING
assets/icons/tabler/outline/crop-7-5.svg,e303fcaae813d2c5bba739e9cc7780963264c4b5d33a53a0ad5c967e6695e0cf,0 0 24 24,XML VALID — VISUAL REVIEW PENDING
assets/icons/tabler/outline/crop-landscape.svg,a90866746c05852f7c8f96d2b8c1f4eaf9ec6669bb723be0cbac96304f1fbf44,0 0 24 24,XML VALID — VISUAL REVIEW PENDING
assets/icons/tabler/outline/crop-portrait.svg,29f08ab6e618cd6dcf8a31f771645495049770e4cf865c27ca9284c3ac9b3277,0 0 24 24,XML VALID — VISUAL REVIEW PENDING
assets/icons/tabler/outline/crop.svg,9a002ea4bedec06d68306c6c674c4c45d4a68123e2b69f118ebf50f810ec6d94,0 0 24 24,XML VALID — VISUAL REVIEW PENDING
assets/icons/tabler/outline/cross-off.svg,7c2c7a8ba96072b2dde3592dae4b381174dad0e1a6a344fefeace6d1fd6e9697,0 0 24 24,XML VALID — VISUAL REVIEW PENDING
assets/icons/tabler/outline/cross.svg,34e047601bcca06de8bb489cb061cb1611c766ba95b9d3984aae580c9c686998,0 0 24 24,XML VALID — VISUAL REVIEW PENDING
assets/icons/tabler/outline/crosshair.svg,1e1ef60d7056d2ec51f7a1c4a1633b3917eb70f2c2f8ad8c22380e140ba366fd,0 0 24 24,XML VALID — VISUAL REVIEW PENDING
assets/icons/tabler/outline/crown-off.svg,4e8ff7aef8c170fa89393c8aa49f69914b46f7be82389cf7b77dc4908b71f65f,0 0 24 24,XML VALID — VISUAL REVIEW PENDING
assets/icons/tabler/outline/crown.svg,a40b6c8acb8b49031c4df37f182b157babaf7398db75fe5128bcd33de079bf89,0 0 24 24,XML VALID — VISUAL REVIEW PENDING
assets/icons/tabler/outline/crutches-off.svg,708a62768ce654b7d54d5d6b0c76889cff179c636c3ef1fea520cb9d8ee85d4f,0 0 24 24,XML VALID — VISUAL REVIEW PENDING
assets/icons/tabler/outline/crutches.svg,80e7452ec43f37c2ce96a2358c4bbe29cb47aa8ca2da28b6555f28a41fc5bc24,0 0 24 24,XML VALID — VISUAL REVIEW PENDING
assets/icons/tabler/outline/crystal-ball.svg,f3effabac407d016491974728cc441438d40a4f44cad1a7863394dd9ea9b5229,0 0 24 24,XML VALID — VISUAL REVIEW PENDING
assets/icons/tabler/outline/csv.svg,1e7778ee89446d9edd7fe8c9c69aea9c453de560b8d1e55ee2076fc07061516b,0 0 24 24,XML VALID — VISUAL REVIEW PENDING
assets/icons/tabler/outline/cube-3d-sphere-off.svg,2128d3a3e959bf65f8ec5a4aee9dacb30e9ed3b8713494299ed19bff59757cbf,0 0 24 24,XML VALID — VISUAL REVIEW PENDING
assets/icons/tabler/outline/cube-3d-sphere.svg,5c9fe24cba55ac7459c2102c6b5169bb8ee38eb43b11ef16a3a57a49f009642e,0 0 24 24,XML VALID — VISUAL REVIEW PENDING
assets/icons/tabler/outline/cube-off.svg,1ac8b1fa64a1dddc49ff6bf626a76b2fe0426cf5070e625cbb22222aa2d080c0,0 0 24 24,XML VALID — VISUAL REVIEW PENDING
assets/icons/tabler/outline/cube-plus.svg,91f0c453a51c5016170224612ae80542ad41bae51291b2fbfe25553f42b75008,0 0 24 24,XML VALID — VISUAL REVIEW PENDING
assets/icons/tabler/outline/cube-send.svg,ea891992591decf8e588886c30860b9c34e35d774c7356d420d13e6caf133700,0 0 24 24,XML VALID — VISUAL REVIEW PENDING
assets/icons/tabler/outline/cube-spark.svg,0f172d0dbe50ca9d892818c388361415aa6eda9324650eb8ae7dd7845816fb05,0 0 24 24,XML VALID — VISUAL REVIEW PENDING
assets/icons/tabler/outline/cube-unfolded.svg,fe49233ad74997cec794e3fc706f19c7726d2fe0c900e33f93315e13e7d0c7d7,0 0 24 24,XML VALID — VISUAL REVIEW PENDING
assets/icons/tabler/outline/cube.svg,8489d6c69aa99241bb852f196381ed32c93c80fda010829b9f1fbd675b5e44bb,0 0 24 24,XML VALID — VISUAL REVIEW PENDING
assets/icons/tabler/outline/cup-off.svg,cb7fbd48a13d35255e466e4b5ba496a89aac35eaff54b16930df186b42e98cb9,0 0 24 24,XML VALID — VISUAL REVIEW PENDING
assets/icons/tabler/outline/cup.svg,8d739bd51deee5d367958ae7cfb7a11c90bdf657bf5f56fd4aaaa829f8144bd6,0 0 24 24,XML VALID — VISUAL REVIEW PENDING
assets/icons/tabler/outline/curling.svg,c9a781022b35e6c01d4775ba187629397f79d512bd7064d022f4f0576886bcdf,0 0 24 24,XML VALID — VISUAL REVIEW PENDING
assets/icons/tabler/outline/curly-loop.svg,4cdca9689f7e04c557b3785b9500383d1ce70d29c24dbec328bea2bc65f48e45,0 0 24 24,XML VALID — VISUAL REVIEW PENDING
assets/icons/tabler/outline/currency-afghani.svg,d0104aa93edd9024dd17f181c837e875362edd05536805dc0edd6884055bad72,0 0 24 24,XML VALID — VISUAL REVIEW PENDING
assets/icons/tabler/outline/currency-bahraini.svg,64e99c2838f8d8dfb45df59d179dc62bee368cd138089f242d621bc64e49220c,0 0 24 24,XML VALID — VISUAL REVIEW PENDING
assets/icons/tabler/outline/currency-baht.svg,f696125cb4fc81cd9176e491b6655af9ad53da0c407a8e60f8401a5e5728b7d8,0 0 24 24,XML VALID — VISUAL REVIEW PENDING
assets/icons/tabler/outline/currency-bitcoin.svg,233e2bb47a9ade11fb784d64cd6176020c0840fa0e5ef3ec8e2f93aea9ba5ce2,0 0 24 24,XML VALID — VISUAL REVIEW PENDING
assets/icons/tabler/outline/currency-cent.svg,8fe2fe187d3d2cf2893910a90b287d5a0e3dbdc23a4a86776b49beb23f3be14e,0 0 24 24,XML VALID — VISUAL REVIEW PENDING
assets/icons/tabler/outline/currency-dinar.svg,6fef68eb7d456cfe4b56c4e0aae40d4b09148d2d97250ff935bca1483263c2b9,0 0 24 24,XML VALID — VISUAL REVIEW PENDING
assets/icons/tabler/outline/currency-dirham.svg,4655a1a1ccc3d549a422a377b22f5670a9fead81fba26005180ba9a9dee333d0,0 0 24 24,XML VALID — VISUAL REVIEW PENDING
assets/icons/tabler/outline/currency-dogecoin.svg,9558270585af61a61557e8b0e2849371c7a13a1fcc6631bd39bd72bb5858eaa0,0 0 24 24,XML VALID — VISUAL REVIEW PENDING
assets/icons/tabler/outline/currency-dollar-australian.svg,96c8af61a194a20f7c0c0f6d7d8553243753056fccc26e77d2dfb26c250175cb,0 0 24 24,XML VALID — VISUAL REVIEW PENDING
assets/icons/tabler/outline/currency-dollar-brunei.svg,c28c102d2966541fca2070211791b58461c5bca2cc7356f57cb13a97a047f1f3,0 0 24 24,XML VALID — VISUAL REVIEW PENDING
assets/icons/tabler/outline/currency-dollar-canadian.svg,a021fc9dc5b2e243c335e334761c341183f051fc5601af3ed6064d67eb76cdc9,0 0 24 24,XML VALID — VISUAL REVIEW PENDING
assets/icons/tabler/outline/currency-dollar-guyanese.svg,9af09a1809b6842fb6a0bb3aaa3d4bf19e2668856833cc7550906a17e4d65be8,0 0 24 24,XML VALID — VISUAL REVIEW PENDING
assets/icons/tabler/outline/currency-dollar-off.svg,c0fd6a19e196bb99ab176c12b67db3545e3f07f427ed23cf8c586d0513233690,0 0 24 24,XML VALID — VISUAL REVIEW PENDING
assets/icons/tabler/outline/currency-dollar-singapore.svg,dc72178776a0aeb4250c853f5e7d61a9615ebcaf84328f727f98f6900415720b,0 0 24 24,XML VALID — VISUAL REVIEW PENDING
assets/icons/tabler/outline/currency-dollar-zimbabwean.svg,8f07e3b5ddfafa8ff541c86e509707b32e75091061ef10cb7ef9acd3f9d4dfd2,0 0 24 24,XML VALID — VISUAL REVIEW PENDING
assets/icons/tabler/outline/currency-dollar.svg,ff9e6fd8c10ebe297aee536fd1495d3c6bb8c526f0b1bc2d0387220dd8ae86dd,0 0 24 24,XML VALID — VISUAL REVIEW PENDING
assets/icons/tabler/outline/currency-dong.svg,f42f5a84783755543baa4d728b87dd196786b79ce4b3d0e414fb9e9ad5daca79,0 0 24 24,XML VALID — VISUAL REVIEW PENDING
assets/icons/tabler/outline/currency-dram.svg,324a3b96ce73881a896eb4e8c844690863847bca55eb7523296ea9ffb16d6885,0 0 24 24,XML VALID — VISUAL REVIEW PENDING
assets/icons/tabler/outline/currency-ethereum.svg,2480190fa444ea22128505b7df2db7c6f7d7938ba8f73babce22ed226c71cb96,0 0 24 24,XML VALID — VISUAL REVIEW PENDING
assets/icons/tabler/outline/currency-euro-off.svg,06b66cd7abbcb9073bb150b0a64bfef491fa807c823ea09e910503b76311f79f,0 0 24 24,XML VALID — VISUAL REVIEW PENDING
assets/icons/tabler/outline/currency-euro.svg,8c31a3868dc47cfdded979cc82f999597283ee04a45fe824ed50fdebcca15dac,0 0 24 24,XML VALID — VISUAL REVIEW PENDING
assets/icons/tabler/outline/currency-florin.svg,5ee86097f4b602afd606ac958b6254d60f34d63bba71b278e7d14fed57bce2a3,0 0 24 24,XML VALID — VISUAL REVIEW PENDING
assets/icons/tabler/outline/currency-forint.svg,6c313b5433106d624af0d4af3df331d7791ce5912a1f51d741f7c7bf00174f11,0 0 24 24,XML VALID — VISUAL REVIEW PENDING
assets/icons/tabler/outline/currency-frank.svg,dcaad0f736f8520b7f47f7218c37eb4e18dd9c41434a7e6407b3b93f44196a76,0 0 24 24,XML VALID — VISUAL REVIEW PENDING
assets/icons/tabler/outline/currency-guarani.svg,e775dd8d1bc9b4600ed020168b5559fa5c013279caf59ca02c4d7984fa6f55ea,0 0 24 24,XML VALID — VISUAL REVIEW PENDING
assets/icons/tabler/outline/currency-hryvnia.svg,67f2194e947f965270a0dd87abec80d88af713ae74a6d98f51ff3d022963ca5a,0 0 24 24,XML VALID — VISUAL REVIEW PENDING
assets/icons/tabler/outline/currency-iranian-rial.svg,605e328787e5a26a121531374aea1112ed721779872159d3754cc309c4d7d9c4,0 0 24 24,XML VALID — VISUAL REVIEW PENDING
assets/icons/tabler/outline/currency-kip.svg,9af27c65340275a3f8099209115b89589060159831a3b4bc8107aac1e920593d,0 0 24 24,XML VALID — VISUAL REVIEW PENDING
assets/icons/tabler/outline/currency-krone-czech.svg,75b3b4f01298350638f5e756032af9c13cb52d1b59eda0b6c9a89d640514b847,0 0 24 24,XML VALID — VISUAL REVIEW PENDING
assets/icons/tabler/outline/currency-krone-danish.svg,b7c9000cc830b16f1731411c0065b8d6d08ec0a4c1eeb419ee85b77b3484ac70,0 0 24 24,XML VALID — VISUAL REVIEW PENDING
assets/icons/tabler/outline/currency-krone-swedish.svg,bbeeeb3b9b8d011ca25875942ad0478be36b21650dc65d5626d9da8da4c78cb9,0 0 24 24,XML VALID — VISUAL REVIEW PENDING
assets/icons/tabler/outline/currency-lari.svg,a11db697949e1c64c4e96d099cc41f73d5f11cb6ccfa82f9523e79afac6c69d4,0 0 24 24,XML VALID — VISUAL REVIEW PENDING
assets/icons/tabler/outline/currency-leu.svg,81044b0d3a4dac45757df1ceab38f6543745a7c56cde231dfaa3ddebfc8b8aa4,0 0 24 24,XML VALID — VISUAL REVIEW PENDING
assets/icons/tabler/outline/currency-lira.svg,cf547b44b604ac6171fde27ada32de58ba8ab124c50d9f08ff31b51127ce2fef,0 0 24 24,XML VALID — VISUAL REVIEW PENDING
assets/icons/tabler/outline/currency-litecoin.svg,02853c56d29b27b8c0db3bbccf534847b7d183e4223707aeed2814e12bdcd08a,0 0 24 24,XML VALID — VISUAL REVIEW PENDING
assets/icons/tabler/outline/currency-lyd.svg,11a140efa02bdf6443cb663f38019a675b39687b68f209e60d0db0cd5d5d6be5,0 0 24 24,XML VALID — VISUAL REVIEW PENDING
assets/icons/tabler/outline/currency-manat.svg,0973143420e1c736915d86b9a657e667b5fc7c752b77db638c392b627ee9bc27,0 0 24 24,XML VALID — VISUAL REVIEW PENDING
assets/icons/tabler/outline/currency-monero.svg,b8d846e9e6058321d3d4918944b4a939bafc481a4cae7dad72ef059408f80e51,0 0 24 24,XML VALID — VISUAL REVIEW PENDING
assets/icons/tabler/outline/currency-naira.svg,286131df03e96258e972c1240bab1b51f02f864c425eacab6246cbf3ad1ab184,0 0 24 24,XML VALID — VISUAL REVIEW PENDING
assets/icons/tabler/outline/currency-nano.svg,63d8f4ba419bd17be976974fb318e94f28343b86ef5cfee032695c6b73d92bcd,0 0 24 24,XML VALID — VISUAL REVIEW PENDING
assets/icons/tabler/outline/currency-off.svg,bda22a5bd28da5a6fd7e7a976431e5e7a6b2faefec00358817e2be5cd3833767,0 0 24 24,XML VALID — VISUAL REVIEW PENDING
assets/icons/tabler/outline/currency-paanga.svg,0d61b4bd3206cf7367276ccf0388c16e2a212236ebf45149cb77e3a95524dfb2,0 0 24 24,XML VALID — VISUAL REVIEW PENDING
assets/icons/tabler/outline/currency-peso.svg,8ac8b846bc100f1f6beb1cb585c3f13e5155a8d2b781edfdb3a4ea97c44dc293,0 0 24 24,XML VALID — VISUAL REVIEW PENDING
assets/icons/tabler/outline/currency-pound-off.svg,e9d078ab58a26b41534846c39e3597eb7e4b96f936af57e515c70ed5f4557218,0 0 24 24,XML VALID — VISUAL REVIEW PENDING
assets/icons/tabler/outline/currency-pound.svg,397c753e5386d41346f218aa92b8f6f2a164a3261c05a0df7fd7f10ef096def0,0 0 24 24,XML VALID — VISUAL REVIEW PENDING
assets/icons/tabler/outline/currency-quetzal.svg,f1652b7068089ce710255d6fc5bff5050b4f8967c438bbd2c33397f65200c555,0 0 24 24,XML VALID — VISUAL REVIEW PENDING
assets/icons/tabler/outline/currency-real.svg,1a86e7237630638040e4df75ea548749dc432f349f70bb7d626e4b23de4cce9d,0 0 24 24,XML VALID — VISUAL REVIEW PENDING
assets/icons/tabler/outline/currency-renminbi.svg,7f2794c02f142dc350907a633969aac6334fcfcdf3b3509360438413f9abcd85,0 0 24 24,XML VALID — VISUAL REVIEW PENDING
assets/icons/tabler/outline/currency-ripple.svg,fbdd116964533620a6de115ba1cb49b7d46b8c560083fa476cc22323aec6e8c4,0 0 24 24,XML VALID — VISUAL REVIEW PENDING
assets/icons/tabler/outline/currency-riyal.svg,244f03f5922141a6f4c238f807d7d0a9132e3ab343439219096c18719ccb3a10,0 0 24 24,XML VALID — VISUAL REVIEW PENDING
assets/icons/tabler/outline/currency-rubel.svg,ba3c8545f5675e40104038e6d22f69b2bd772a373fb16c5d06a987218591a1e8,0 0 24 24,XML VALID — VISUAL REVIEW PENDING
assets/icons/tabler/outline/currency-rufiyaa.svg,7ff168d0b73113ca73b070a598141f9998c07bce55b844c59095af368f8405a3,0 0 24 24,XML VALID — VISUAL REVIEW PENDING
assets/icons/tabler/outline/currency-rupee-nepalese.svg,22e48cc1d2c7aa207cd0689459aad1be120b037992ea0160cf72b2ed4b5bc0ef,0 0 24 24,XML VALID — VISUAL REVIEW PENDING
assets/icons/tabler/outline/currency-rupee.svg,848279ab696df59fce1bd3bc4e4525dda87ca82e8feb3ae1c5757ae5382a9586,0 0 24 24,XML VALID — VISUAL REVIEW PENDING
assets/icons/tabler/outline/currency-shekel.svg,222b40ce8492da800584fbce4b6fff65f40e19a426ad8f7dc591c24761787b21,0 0 24 24,XML VALID — VISUAL REVIEW PENDING
assets/icons/tabler/outline/currency-solana.svg,c14f6d4f35d9c7b166ae07db6fd0d7c1f2ba2adff1797dd0b415761fcb5acf0b,0 0 24 24,XML VALID — VISUAL REVIEW PENDING
assets/icons/tabler/outline/currency-som.svg,b3dd6df792e79e9df9d47ab82db03f3ee77097856925fe0a3a1d67d0fd497450,0 0 24 24,XML VALID — VISUAL REVIEW PENDING
assets/icons/tabler/outline/currency-taka.svg,f055f5882f15bfbc5dad512d105706f5243a7ad4235ce58f837e7663f1e49b0d,0 0 24 24,XML VALID — VISUAL REVIEW PENDING
assets/icons/tabler/outline/currency-tenge.svg,54401f57588a9ce9bf213349d759e0aa4877298bb211f68a5b1730e5ba26b7cb,0 0 24 24,XML VALID — VISUAL REVIEW PENDING
assets/icons/tabler/outline/currency-tugrik.svg,fc62a7abfe10802623df544361d2ad7da15721f2300fda29012640da353830b5,0 0 24 24,XML VALID — VISUAL REVIEW PENDING
assets/icons/tabler/outline/currency-won.svg,f2019bc1dffed555ee901970807facdeae9608cebb62097a30d22042a187dc79,0 0 24 24,XML VALID — VISUAL REVIEW PENDING
assets/icons/tabler/outline/currency-xrp.svg,f9fd7012cf497f675f2637732bedc9ef7cba2bcd3efa25564ff57bad075e2066,0 0 24 24,XML VALID — VISUAL REVIEW PENDING
assets/icons/tabler/outline/currency-yen-off.svg,f5d5498bc2530d13e998883551e913dee35b485518447af6e37c8d86a2c1e37f,0 0 24 24,XML VALID — VISUAL REVIEW PENDING
assets/icons/tabler/outline/currency-yen.svg,e3c221face91970f6275ecc97787a4f63f8b33da22e90511bbfdb3430796460a,0 0 24 24,XML VALID — VISUAL REVIEW PENDING
assets/icons/tabler/outline/currency-yuan.svg,27c7e9f232d13b11aaec1c4a3b45dc64b992e4379accc23005e7a1a8b62967e3,0 0 24 24,XML VALID — VISUAL REVIEW PENDING
assets/icons/tabler/outline/currency-zloty.svg,332b0548f259cc66bc28fea905f10d41e3a53c0bf33d086d4dd1d88c8c70f899,0 0 24 24,XML VALID — VISUAL REVIEW PENDING
assets/icons/tabler/outline/currency.svg,e9811988394d746cedd1530555a04dd3a45f105d883b9f382f6311388783dc33,0 0 24 24,XML VALID — VISUAL REVIEW PENDING
assets/icons/tabler/outline/current-location-off.svg,960aa634ebf1c77cc0e8bf1aa30fc8a82074663e8db3177d3b8e08901622597f,0 0 24 24,XML VALID — VISUAL REVIEW PENDING
assets/icons/tabler/outline/current-location.svg,3adb9fd28e1b45f88909a9257f866501c74c71e59e0628fde5f7eaf17240f387,0 0 24 24,XML VALID — VISUAL REVIEW PENDING
assets/icons/tabler/outline/cursor-off.svg,702ddce2551c3e15e3192a61d084868e49118f03ebcaa08bf1028ea51324e275,0 0 24 24,XML VALID — VISUAL REVIEW PENDING
assets/icons/tabler/outline/cursor-text.svg,24a8c6dce556ebaf1d4b0d1fd5e85a551f19abf686cdd67c30c93669f54c2a56,0 0 24 24,XML VALID — VISUAL REVIEW PENDING
assets/icons/tabler/outline/cut.svg,acea6c0955af33ca7fc2afcce7ae1894168628a0d3563b5c55405834d1649281,0 0 24 24,XML VALID — VISUAL REVIEW PENDING
assets/icons/tabler/outline/cylinder-off.svg,847a400fc41854709427635083c6636c5c7dc7d622c4603c61603497eacbe086,0 0 24 24,XML VALID — VISUAL REVIEW PENDING
assets/icons/tabler/outline/cylinder-plus.svg,738c201ac858296cb08f128d1cca0000ba91bf3eb9bd45cfae301b33df57fa83,0 0 24 24,XML VALID — VISUAL REVIEW PENDING
assets/icons/tabler/outline/cylinder.svg,06e562aff09bee340002c97ddba2b496ddd55fe6074458f6136d48ed579bf4b7,0 0 24 24,XML VALID — VISUAL REVIEW PENDING
assets/icons/tabler/outline/dashboard-off.svg,9cb8b2fc553a9530350989fc54a88f2b87a7b8f4067f62342516fa596ea0ffd6,0 0 24 24,XML VALID — VISUAL REVIEW PENDING
assets/icons/tabler/outline/dashboard.svg,4c5ec1b102227b29481daeed09435beddfa51cc36ad52e90eb52e682b1ea19cc,0 0 24 24,XML VALID — VISUAL REVIEW PENDING
assets/icons/tabler/outline/database-cog.svg,7a2a5c5bba59b579087ac87327d0a4a4382f593e1f6f0b31f02002ca51c9b220,0 0 24 24,XML VALID — VISUAL REVIEW PENDING
assets/icons/tabler/outline/database-dollar.svg,151be47f3091807b3693126447fb0296a6330fb2d13f56870afde45e2243905c,0 0 24 24,XML VALID — VISUAL REVIEW PENDING
assets/icons/tabler/outline/database-edit.svg,c5b648854d521be8052b299549a30dd49241aa284e18dd8cf8e395e697f57ce2,0 0 24 24,XML VALID — VISUAL REVIEW PENDING
assets/icons/tabler/outline/database-exclamation.svg,fc1e3b3e86d063a6e0341882a441ee23fba7e292f547775522fc107acb1c7b47,0 0 24 24,XML VALID — VISUAL REVIEW PENDING
assets/icons/tabler/outline/database-export.svg,a5e6ca7c94537d06077c353ca3aa1a8b765c1cff7493ca987b72323e58bf2a17,0 0 24 24,XML VALID — VISUAL REVIEW PENDING
assets/icons/tabler/outline/database-heart.svg,9e8abab6f2a712927393f50dd1ad8623b9759ef231810a089300920a15f5eeb3,0 0 24 24,XML VALID — VISUAL REVIEW PENDING
assets/icons/tabler/outline/database-import.svg,75510fe2b818a99512700569e7b1f57e16b550fef32e71edc45d6deb49e3b2ac,0 0 24 24,XML VALID — VISUAL REVIEW PENDING
assets/icons/tabler/outline/database-leak.svg,76d633f7ed576ed8269b1619350e5e8f61869441768909da7c2d591465e40440,0 0 24 24,XML VALID — VISUAL REVIEW PENDING
assets/icons/tabler/outline/database-minus.svg,a31ad1a1da714c39462282a99bfa788ea08eb219350fe92ae778767e6a9b724c,0 0 24 24,XML VALID — VISUAL REVIEW PENDING
assets/icons/tabler/outline/database-off.svg,3833d3a27cf9181fcf44e45595c282383b7abe8e80a197ec986abe141a9c09ec,0 0 24 24,XML VALID — VISUAL REVIEW PENDING
assets/icons/tabler/outline/database-plus.svg,441deb31c385feca311369d8c4d737319c6071f51098ab12a6e1810ac3a05491,0 0 24 24,XML VALID — VISUAL REVIEW PENDING
assets/icons/tabler/outline/database-search.svg,57b30fcb0235676041680060640a20ca07b645b84227d413c05973badd33eaf8,0 0 24 24,XML VALID — VISUAL REVIEW PENDING
assets/icons/tabler/outline/database-share.svg,8083cae0760775be10e2f77d2067af7c4e67e1e8f4311c82ca7fd1464a04356d,0 0 24 24,XML VALID — VISUAL REVIEW PENDING
assets/icons/tabler/outline/database-smile.svg,ced70d9bbec1095c3cbbda83f0df6711acc038dc3abba50797f80ed1363324c3,0 0 24 24,XML VALID — VISUAL REVIEW PENDING
assets/icons/tabler/outline/database-star.svg,0d5df60949b8d061b4b118040ae4cb1fc259234c2d2f74993065e479e5c77cb8,0 0 24 24,XML VALID — VISUAL REVIEW PENDING
assets/icons/tabler/outline/database-x.svg,c57cab8db695b6528c87efa2451a0857b6c8cd768a6289e5eb0b31ae06007576,0 0 24 24,XML VALID — VISUAL REVIEW PENDING
assets/icons/tabler/outline/database.svg,66db91b74bf76624aab59c0d47defd696d7367913ea646dfe4fcecbabdf6bee4,0 0 24 24,XML VALID — VISUAL REVIEW PENDING
assets/icons/tabler/outline/decimal.svg,7e618308d4788d14f3cd809b0f33195146886ca25a0ae8a16cf9d163d8d85be6,0 0 24 24,XML VALID — VISUAL REVIEW PENDING
assets/icons/tabler/outline/deer.svg,693ad8e9383a159bd6e9bbc92cf0edb23601a125e5a5f9e1a63b4b668b674132,0 0 24 24,XML VALID — VISUAL REVIEW PENDING
assets/icons/tabler/outline/delta.svg,7117dd37c7c2a7bc770aa08a1f5f46676acdd3eedaac6fb86ab5193cedd3aa82,0 0 24 24,XML VALID — VISUAL REVIEW PENDING
assets/icons/tabler/outline/dental-broken.svg,2cebdde8e7a9b55176b8cfe71fb90044590820a9bbb5b88ed938b7ddcd3a77ce,0 0 24 24,XML VALID — VISUAL REVIEW PENDING
assets/icons/tabler/outline/dental-off.svg,0bb626bee0910364c4ceb0eeb67c5569a2b87f2a9596e9ebf1d50c49ce9b0347,0 0 24 24,XML VALID — VISUAL REVIEW PENDING
assets/icons/tabler/outline/dental.svg,7daeb2e2c69662262144b16fc92316fe2c91df12de18f2673cebaae126976fe7,0 0 24 24,XML VALID — VISUAL REVIEW PENDING
assets/icons/tabler/outline/deselect.svg,54869d09701e2c698145efd8cfba486770900a9566c83196c793e1b08623d311,0 0 24 24,XML VALID — VISUAL REVIEW PENDING
assets/icons/tabler/outline/desk.svg,18392b05c0becf70f10bacf0ca52e625896954f73ddd4a43e6d65223cac5e520,0 0 24 24,XML VALID — VISUAL REVIEW PENDING
assets/icons/tabler/outline/details-off.svg,1c2e526a9f77dfe4c892768b71425933ef816948de74f4ba21acc780ea2166b9,0 0 24 24,XML VALID — VISUAL REVIEW PENDING
assets/icons/tabler/outline/details.svg,4cd9f90df7de4391d152ecfd2864d66fdfeca63af2631945a14b985ec7612d7a,0 0 24 24,XML VALID — VISUAL REVIEW PENDING
assets/icons/tabler/outline/device-airpods-case.svg,9d30f2422e39831bc50857e1afcdddd705f2be48205c0ae3f9025879e6453fca,0 0 24 24,XML VALID — VISUAL REVIEW PENDING
assets/icons/tabler/outline/device-airpods.svg,b97f64f02d9abc934f2d2f7e9d7e989994c42f891353e370c082efcdab245977,0 0 24 24,XML VALID — VISUAL REVIEW PENDING
assets/icons/tabler/outline/device-airtag.svg,eb62a6b76b2dc6b7581a62189b7f2c6b347f7cdced29bdc65ee7f29e44016820,0 0 24 24,XML VALID — VISUAL REVIEW PENDING
assets/icons/tabler/outline/device-analytics.svg,14c654cea910023400efad6e7d74551232e67cbe715232fd7e0e17b2c80f0ae2,0 0 24 24,XML VALID — VISUAL REVIEW PENDING
assets/icons/tabler/outline/device-audio-tape.svg,95a4f19f7272c95e2d50cad563d342fb40667855411ec13e834b6ab47afc3d9b,0 0 24 24,XML VALID — VISUAL REVIEW PENDING
assets/icons/tabler/outline/device-camera-phone.svg,899da959770824110d5d3f0990ee84811bb79eca236188ce150a8f702d655e76,0 0 24 24,XML VALID — VISUAL REVIEW PENDING
assets/icons/tabler/outline/device-cctv-off.svg,5afdf303eef2e2d6461b6973b84e60b9e725beb9bf2152e4d0733f2fd6047267,0 0 24 24,XML VALID — VISUAL REVIEW PENDING
assets/icons/tabler/outline/device-cctv.svg,3740ca74a87c183e205d146b5f25fa091e01175a7d87b64a577c907f71b424f5,0 0 24 24,XML VALID — VISUAL REVIEW PENDING
assets/icons/tabler/outline/device-computer-camera-off.svg,18ee95a8281ef482dd79ce9f5908cef6c88b57fb953fa0733e0e3091ad64366d,0 0 24 24,XML VALID — VISUAL REVIEW PENDING
assets/icons/tabler/outline/device-computer-camera.svg,8901dba8a184560fb9555166d166a915b97ffa12946935a5153f682be60cf372,0 0 24 24,XML VALID — VISUAL REVIEW PENDING
assets/icons/tabler/outline/device-desktop-analytics.svg,e295ebef2b6e6f87e1e6959229b591c835bfc080faebb4a07cfe10ee8ce835f1,0 0 24 24,XML VALID — VISUAL REVIEW PENDING
assets/icons/tabler/outline/device-desktop-bolt.svg,43c7d40ab59b7003db95a17a158876634f0f7c81b3e3f3486807e12217ad44ce,0 0 24 24,XML VALID — VISUAL REVIEW PENDING
assets/icons/tabler/outline/device-desktop-cancel.svg,d5c975fa8bc7858d107ab0864f0477cee9948224eecad220753b14fda26a7c20,0 0 24 24,XML VALID — VISUAL REVIEW PENDING
assets/icons/tabler/outline/device-desktop-check.svg,55c39ddba9a26ef6489a3cd9e9ece27a699d809dbca0a8cbc02948c4c3af9a2f,0 0 24 24,XML VALID — VISUAL REVIEW PENDING
assets/icons/tabler/outline/device-desktop-code.svg,5848f52b7b36d2d1cf3f0e0a612367c8f8ede6734b31e049d58ce5f25c1fc85b,0 0 24 24,XML VALID — VISUAL REVIEW PENDING
assets/icons/tabler/outline/device-desktop-cog.svg,a8e4327a58ed1cf802b8e2b326eae3fa5bad29e626bd6a1f975e815b55039195,0 0 24 24,XML VALID — VISUAL REVIEW PENDING
assets/icons/tabler/outline/device-desktop-dollar.svg,53295938c3c7b0cb3cee5db572be514cfbf44470e5e1b105728beb5169d5a9cd,0 0 24 24,XML VALID — VISUAL REVIEW PENDING
assets/icons/tabler/outline/device-desktop-down.svg,9aeea74e33b6d115435ed9b878e77b51e019b3f24b22454551eb049a14aad85c,0 0 24 24,XML VALID — VISUAL REVIEW PENDING
assets/icons/tabler/outline/device-desktop-exclamation.svg,03ec24daac8f7d379ca48afdb7578935d24c6482ced25db3c0107d2ce7ca4b84,0 0 24 24,XML VALID — VISUAL REVIEW PENDING
assets/icons/tabler/outline/device-desktop-heart.svg,c7d3fd00206c50bbe0df2336df2f25806b9bbcfd35ae915189b4616c3fe7fc7b,0 0 24 24,XML VALID — VISUAL REVIEW PENDING
assets/icons/tabler/outline/device-desktop-minus.svg,7e13f3197e899d5832c6fd960671f85a27bd30e5493169201aadf4a2e99e161b,0 0 24 24,XML VALID — VISUAL REVIEW PENDING
assets/icons/tabler/outline/device-desktop-off.svg,780cbcba9c81e7083c1005892f1a4b652e3795e09ed321ae2374f46388509dc1,0 0 24 24,XML VALID — VISUAL REVIEW PENDING
assets/icons/tabler/outline/device-desktop-pause.svg,a1d3371c61aa5988b68276c4e0531bf4a5fc50a3ad7739fed31e43d4a713a5a7,0 0 24 24,XML VALID — VISUAL REVIEW PENDING
assets/icons/tabler/outline/device-desktop-pin.svg,825a128325f9099d6b574ccd82011f23a4d97a4a474f81f725d7c17857eaeb8f,0 0 24 24,XML VALID — VISUAL REVIEW PENDING
assets/icons/tabler/outline/device-desktop-plus.svg,ff637411044d46570f8a11c07073a29cab235b873d3c984ae8f1a85434e2fe58,0 0 24 24,XML VALID — VISUAL REVIEW PENDING
assets/icons/tabler/outline/device-desktop-question.svg,8786eb47741824c1df5f8f82f254e761e2cb18ec9dc35852193148682a11e4d9,0 0 24 24,XML VALID — VISUAL REVIEW PENDING
assets/icons/tabler/outline/device-desktop-search.svg,2552038f9e33552b89283f659a431c642b5cc92f8678bd95053ed721f9df1066,0 0 24 24,XML VALID — VISUAL REVIEW PENDING
assets/icons/tabler/outline/device-desktop-share.svg,da5261d77e660c03ecc250bca94ca1d1773ded10434b7f32254e63085424b7bb,0 0 24 24,XML VALID — VISUAL REVIEW PENDING
assets/icons/tabler/outline/device-desktop-star.svg,d2ce77e92a8b32d657e0fd174360a0686e287601bb2f960787dcb292a8dcb9ce,0 0 24 24,XML VALID — VISUAL REVIEW PENDING
assets/icons/tabler/outline/device-desktop-up.svg,9309bebd396fb9d294575b5e7b1f2597ae6fccf4d5e7bcd188be5c8d42b55719,0 0 24 24,XML VALID — VISUAL REVIEW PENDING
assets/icons/tabler/outline/device-desktop-x.svg,ae276d7905ccfe662a9f67af2180a9bbaa324d8642e101e4a28051fea386d3a5,0 0 24 24,XML VALID — VISUAL REVIEW PENDING
assets/icons/tabler/outline/device-desktop.svg,aaca0278d00576e3bc06062bde0bc25a3caf4384f01f9cef298f893a0c2dfef4,0 0 24 24,XML VALID — VISUAL REVIEW PENDING
assets/icons/tabler/outline/device-floppy.svg,a73b4984265b034ec17da5380beceb530a1abffc4143a5e0f2c2f895c14ed5d5,0 0 24 24,XML VALID — VISUAL REVIEW PENDING
assets/icons/tabler/outline/device-gamepad-2.svg,a793562f2b171b4c11f9c6af1d3812c0df65dd717b0b03d65b07c507a28e3038,0 0 24 24,XML VALID — VISUAL REVIEW PENDING
assets/icons/tabler/outline/device-gamepad-3.svg,c759a4948123441ab93b06dbc3fe9f8144a7c2bc5ffff03afec74747228aab23,0 0 24 24,XML VALID — VISUAL REVIEW PENDING
assets/icons/tabler/outline/device-gamepad.svg,8df8286adacf85f4e7663ee505b298f71886cb9298b68bad2a2e7d76c0256255,0 0 24 24,XML VALID — VISUAL REVIEW PENDING
assets/icons/tabler/outline/device-heart-monitor.svg,3bc97f12516e32122a9ce05ae68215516bb31fd8a014682e49eaeebfb557646d,0 0 24 24,XML VALID — VISUAL REVIEW PENDING
assets/icons/tabler/outline/device-imac-bolt.svg,8e2ad491b25dfe0a72fc543286f56605a0a3203ed807c6ba4c45153062eba32a,0 0 24 24,XML VALID — VISUAL REVIEW PENDING
assets/icons/tabler/outline/device-imac-cancel.svg,1a83876c285498fbf680454f9fb416f2999dff04b1f19889a6e0837323a829d6,0 0 24 24,XML VALID — VISUAL REVIEW PENDING
assets/icons/tabler/outline/device-imac-check.svg,fac09952eef720fd893c716cd11b479b6ce435e92ce2490739de447a29a0556d,0 0 24 24,XML VALID — VISUAL REVIEW PENDING
assets/icons/tabler/outline/device-imac-code.svg,f2cb39dab1d8dd0663d3573a483f31cc9172176555da2a877663d124bc732ef4,0 0 24 24,XML VALID — VISUAL REVIEW PENDING
assets/icons/tabler/outline/device-imac-cog.svg,67e2eca00fdd35d74f72db4e06d13a1759448f8663fbf36f7c1060005f0c7ba9,0 0 24 24,XML VALID — VISUAL REVIEW PENDING
assets/icons/tabler/outline/device-imac-dollar.svg,7a85cc9b13e6bd93d169879bc62e7a59db630c2b121307e11a10c8ccc2769911,0 0 24 24,XML VALID — VISUAL REVIEW PENDING
assets/icons/tabler/outline/device-imac-down.svg,efa61a42796ea5e629cdbd7b94963f9624e325ac95328ed43513f7930c6fa2db,0 0 24 24,XML VALID — VISUAL REVIEW PENDING
assets/icons/tabler/outline/device-imac-exclamation.svg,6b0a335ca152c17a0a21d541c83a1392b3edabe4590d3b4dacccca64be5b3054,0 0 24 24,XML VALID — VISUAL REVIEW PENDING
assets/icons/tabler/outline/device-imac-heart.svg,897383d6221fc3bf88e6f34c7a3f6f96dd042d23a0f22eab97e6fff20fcbeaef,0 0 24 24,XML VALID — VISUAL REVIEW PENDING
assets/icons/tabler/outline/device-imac-minus.svg,afd66651a9862371f38dd122e937e91f9129a3cc0cdc593abd5057d4f2c40b11,0 0 24 24,XML VALID — VISUAL REVIEW PENDING
assets/icons/tabler/outline/device-imac-off.svg,1061ef1d198034780836cebb59eb1d2f02b268b1df42b5998fe4832138ba6e56,0 0 24 24,XML VALID — VISUAL REVIEW PENDING
assets/icons/tabler/outline/device-imac-pause.svg,ba411f1637ab4297d6c55f93fff9b3d9c24e8a1879d79f987f1f63c74a98882b,0 0 24 24,XML VALID — VISUAL REVIEW PENDING
assets/icons/tabler/outline/device-imac-pin.svg,88fc6c801cad2e450a50165cb91787129f20bb1afc0a3a614dca8e0492a59784,0 0 24 24,XML VALID — VISUAL REVIEW PENDING
assets/icons/tabler/outline/device-imac-plus.svg,29567904d82c8a0922994b89e686b75ec0b891cf721946002c746f4cb2da81cf,0 0 24 24,XML VALID — VISUAL REVIEW PENDING
assets/icons/tabler/outline/device-imac-question.svg,ecbddf1df8414d14ed1fb6d59a428bac95830f5fc6bde6a3a434657ecbb4b7fb,0 0 24 24,XML VALID — VISUAL REVIEW PENDING
assets/icons/tabler/outline/device-imac-search.svg,7d29df60825082898a9a90f576d7c705d8722b56c174fb19831b542baad5702f,0 0 24 24,XML VALID — VISUAL REVIEW PENDING
assets/icons/tabler/outline/device-imac-share.svg,d5a3d091ec111c87a79f16b3738cecf79802342a9f7a6352212f871055b76e51,0 0 24 24,XML VALID — VISUAL REVIEW PENDING
assets/icons/tabler/outline/device-imac-star.svg,279de37d9095b6bf061ead95bbdcff537505fd593c650354f72b766b81abcfeb,0 0 24 24,XML VALID — VISUAL REVIEW PENDING
assets/icons/tabler/outline/device-imac-up.svg,4e4641bbf67d643e756181aebf722657c9e3a229634f1484960e4bb1b599fd85,0 0 24 24,XML VALID — VISUAL REVIEW PENDING
assets/icons/tabler/outline/device-imac-x.svg,650f747fc2b6edd9ff821dd0f76d748a1fba12c877b9c4c801123dd32a455012,0 0 24 24,XML VALID — VISUAL REVIEW PENDING
assets/icons/tabler/outline/device-imac.svg,e52d2743cdb54b856db706969427b992d10daf060c49338aba4dd2e9cdfa41dc,0 0 24 24,XML VALID — VISUAL REVIEW PENDING
assets/icons/tabler/outline/device-ipad-bolt.svg,7f3fbdc26c62d50b7031485e026ac6898961b15f1cd53b3ea7b3ec5b67025a8d,0 0 24 24,XML VALID — VISUAL REVIEW PENDING
assets/icons/tabler/outline/device-ipad-cancel.svg,374bab3880a450f1a155524c32655fbbe1f7720b04db98a27c7e3b4d26ac14fd,0 0 24 24,XML VALID — VISUAL REVIEW PENDING
assets/icons/tabler/outline/device-ipad-check.svg,3d7567e333fd8c0e3e762d6e61ed6f0a8b194040839be5f01ef56b20f11409d6,0 0 24 24,XML VALID — VISUAL REVIEW PENDING
assets/icons/tabler/outline/device-ipad-code.svg,6520faf7cc1adeb43fc824d3e8a6aa049834ef82bd3c79c66abd2f55023c4a3b,0 0 24 24,XML VALID — VISUAL REVIEW PENDING
assets/icons/tabler/outline/device-ipad-cog.svg,de5f2dc7f2c61396b06b5390c19ba02723472eedafdec65b9175917595dbd36b,0 0 24 24,XML VALID — VISUAL REVIEW PENDING
assets/icons/tabler/outline/device-ipad-dollar.svg,596ce5fc3ea40aa4b2f51477136645b3fb37512c90f992006aa5896fe9887067,0 0 24 24,XML VALID — VISUAL REVIEW PENDING
assets/icons/tabler/outline/device-ipad-down.svg,574aeddf18cb9692f1cf6ab2f81f2ee4a2aed95063509f2f205e85270120ff96,0 0 24 24,XML VALID — VISUAL REVIEW PENDING
assets/icons/tabler/outline/device-ipad-exclamation.svg,5b6e0cfd277b25cc5d33cf98d1bc6b41d2294df00d103ff36c1231896adafd6e,0 0 24 24,XML VALID — VISUAL REVIEW PENDING
assets/icons/tabler/outline/device-ipad-heart.svg,f6bd97d89a34152a92fe91d7bd031d3e4fcb3af0786c2452381e371b49bc3106,0 0 24 24,XML VALID — VISUAL REVIEW PENDING
assets/icons/tabler/outline/device-ipad-horizontal-bolt.svg,3eb3f9ecca33ebdb824d3d8193f590a650d39b36beaa6076556edb3ffa2bb883,0 0 24 24,XML VALID — VISUAL REVIEW PENDING
assets/icons/tabler/outline/device-ipad-horizontal-cancel.svg,f661abd2a2dfdbff2b513972d5bb832b468c0413d26558ea2a739ba1c9ca6051,0 0 24 24,XML VALID — VISUAL REVIEW PENDING
assets/icons/tabler/outline/device-ipad-horizontal-check.svg,cdcd820dda8cdea32cfaaab96bbb90cc292bbbc975a30305aeffa78ecdb2adf6,0 0 24 24,XML VALID — VISUAL REVIEW PENDING
assets/icons/tabler/outline/device-ipad-horizontal-code.svg,ef21b2665435994806e85fe0a173e48dd5da7f580e57823782cd1477c87d8ccb,0 0 24 24,XML VALID — VISUAL REVIEW PENDING
assets/icons/tabler/outline/device-ipad-horizontal-cog.svg,fe69369711b82a89312913ec6ff7f7c9381363ba91c36dfc7fb0e302ee1b8863,0 0 24 24,XML VALID — VISUAL REVIEW PENDING
assets/icons/tabler/outline/device-ipad-horizontal-dollar.svg,a3d2899301c428786c3f6253a3a9c5c50996b3349c55988ebd613c80b3381f57,0 0 24 24,XML VALID — VISUAL REVIEW PENDING
assets/icons/tabler/outline/device-ipad-horizontal-down.svg,432a69e234dcd500ef28fcb946f3b4b48b64cb89648a731a3852eac7e5655349,0 0 24 24,XML VALID — VISUAL REVIEW PENDING
assets/icons/tabler/outline/device-ipad-horizontal-exclamation.svg,a78f2e643d8a79b490c04e704fad51039bd508a449e4593f013f94f53effdec7,0 0 24 24,XML VALID — VISUAL REVIEW PENDING
assets/icons/tabler/outline/device-ipad-horizontal-heart.svg,81f7cb0f0e3c57aba445b9fd157dee86968ee614af90055081caa3378abde566,0 0 24 24,XML VALID — VISUAL REVIEW PENDING
assets/icons/tabler/outline/device-ipad-horizontal-minus.svg,d5fa5c33cd0c63e4faacde3cea1b17b84cb72fb8149530152660a9d2b81d3b7f,0 0 24 24,XML VALID — VISUAL REVIEW PENDING
assets/icons/tabler/outline/device-ipad-horizontal-off.svg,7ceb63da872bd3d88cd1ed8a812b5e67183a6ea1379fd70d8ef0a3472d7e2e29,0 0 24 24,XML VALID — VISUAL REVIEW PENDING
assets/icons/tabler/outline/device-ipad-horizontal-pause.svg,221e71bc3e532d8577a113804f94ec9fa3964efccdb4a0a61c7f1eebacfb1c67,0 0 24 24,XML VALID — VISUAL REVIEW PENDING
assets/icons/tabler/outline/device-ipad-horizontal-pin.svg,f944cedd3d616fb2f228335c9b5f26886f8787ca43048fbc78ea7779da0899a0,0 0 24 24,XML VALID — VISUAL REVIEW PENDING
assets/icons/tabler/outline/device-ipad-horizontal-plus.svg,145263fbbe1c2d71f504afe078e1fd98b8e39b4e614a3f89047b9bcbb1f48d02,0 0 24 24,XML VALID — VISUAL REVIEW PENDING
assets/icons/tabler/outline/device-ipad-horizontal-question.svg,2b6b482b8045c90c1c602db87743ae66f129b923381ad04dc446b2ebb0850596,0 0 24 24,XML VALID — VISUAL REVIEW PENDING
assets/icons/tabler/outline/device-ipad-horizontal-search.svg,1a341eeed3b1a7bbf49e525bbaae535d9672fb43c5644c31d5abe0cd79f34b08,0 0 24 24,XML VALID — VISUAL REVIEW PENDING
assets/icons/tabler/outline/device-ipad-horizontal-share.svg,f5eb7125794bd6a6869f71b3dac5dbaad7b24bcaf6acb42f26be3430d15b8d30,0 0 24 24,XML VALID — VISUAL REVIEW PENDING
assets/icons/tabler/outline/device-ipad-horizontal-star.svg,ede7a40ff90fbf9528a45555ec3075e16810ad91f4e28368ac343a577ce98366,0 0 24 24,XML VALID — VISUAL REVIEW PENDING
assets/icons/tabler/outline/device-ipad-horizontal-up.svg,6b3b9f6d678f8417a50521756858b79a11955544d83836fd2e5ce6282f969f82,0 0 24 24,XML VALID — VISUAL REVIEW PENDING
assets/icons/tabler/outline/device-ipad-horizontal-x.svg,30fa8652b03063452e3a93a2d6c3e6f713c161fd692a4babc70aa88259de5f4a,0 0 24 24,XML VALID — VISUAL REVIEW PENDING
assets/icons/tabler/outline/device-ipad-horizontal.svg,4c7c2d677e3990bfc616f97320c63782498932744dd0836deabdf5316011876d,0 0 24 24,XML VALID — VISUAL REVIEW PENDING
assets/icons/tabler/outline/device-ipad-minus.svg,4350026e2defbc76eae4627a594cd2c9287d23f988fef242df509c5fd7f773b9,0 0 24 24,XML VALID — VISUAL REVIEW PENDING
assets/icons/tabler/outline/device-ipad-off.svg,d67cb38ca8b80946d39948067d4c8b15f794c386c60812897e03c3fe09fdac76,0 0 24 24,XML VALID — VISUAL REVIEW PENDING
assets/icons/tabler/outline/device-ipad-pause.svg,5720c1fecab5411cbd2041bc7fcfe1b07d28c79fbc2bdc661c01a06b1cfb6d13,0 0 24 24,XML VALID — VISUAL REVIEW PENDING
assets/icons/tabler/outline/device-ipad-pin.svg,1c39b76487bab3f2c2af0ee693c3208eea23aa35423d2a86621a86d2220a2ce4,0 0 24 24,XML VALID — VISUAL REVIEW PENDING
assets/icons/tabler/outline/device-ipad-plus.svg,30f8632c34c8c66df29b159d1d4cf4a0b79c9bd15ab01655264b7d94f9cda57d,0 0 24 24,XML VALID — VISUAL REVIEW PENDING
assets/icons/tabler/outline/device-ipad-question.svg,2db463c39ad58257a455ab25de38b7151087bffe3fe955eb4460f5374a2f2f77,0 0 24 24,XML VALID — VISUAL REVIEW PENDING
assets/icons/tabler/outline/device-ipad-search.svg,835c348f125c1ff4dada46832419c238a2036e97dc11917acb1f92dd5d607315,0 0 24 24,XML VALID — VISUAL REVIEW PENDING
assets/icons/tabler/outline/device-ipad-share.svg,fc2601d30300c21721cfe69395ea9a275e8752d86b2e9abd74a1aa2074a094da,0 0 24 24,XML VALID — VISUAL REVIEW PENDING
assets/icons/tabler/outline/device-ipad-star.svg,c3fb1071f084ebfe4d66605204facb6dc87de91dcb123a735fca8d4fc247095d,0 0 24 24,XML VALID — VISUAL REVIEW PENDING
assets/icons/tabler/outline/device-ipad-up.svg,133a675de9b85d82ebc4a0fbef202bac2c5ec8e4b4e6982abe5bf89e0d622c52,0 0 24 24,XML VALID — VISUAL REVIEW PENDING
assets/icons/tabler/outline/device-ipad-x.svg,d16a79d54dc69c4af4ebc91527de81a2829e9706161d192b541c31c92b0d054c,0 0 24 24,XML VALID — VISUAL REVIEW PENDING
assets/icons/tabler/outline/device-ipad.svg,06e2b3d83ac36dd5270d9f8d89b3689aa8bc0d96db6e03ccf07dcaa61c929946,0 0 24 24,XML VALID — VISUAL REVIEW PENDING
assets/icons/tabler/outline/device-landline-phone.svg,fc205a0e5482fb8b0b59431454dec866146d8e72ff95414ef47ac1b9f535c25d,0 0 24 24,XML VALID — VISUAL REVIEW PENDING
assets/icons/tabler/outline/device-laptop-off.svg,ceca5d40e91782797e9ea0fcf30476aa9e3bf8ef721d9c8d1df0b45c3ab6c6fa,0 0 24 24,XML VALID — VISUAL REVIEW PENDING
assets/icons/tabler/outline/device-laptop.svg,64f508f8500fcb014acd574df5cc65182101ff728b1085ef2367f451528c9742,0 0 24 24,XML VALID — VISUAL REVIEW PENDING
assets/icons/tabler/outline/device-mobile-bolt.svg,624c2fec4e054a48f631e0253d3b86c0fb94d05022e2152db89ebc67a8e6a880,0 0 24 24,XML VALID — VISUAL REVIEW PENDING
assets/icons/tabler/outline/device-mobile-cancel.svg,9cad4c0e025a1309ac41ab45a20728ed56cf4a027e9e7a9207e5876127256f84,0 0 24 24,XML VALID — VISUAL REVIEW PENDING
assets/icons/tabler/outline/device-mobile-charging.svg,a4746f74d47299dbaa8eae82898cec876ff99437fa3b871eab73931238145497,0 0 24 24,XML VALID — VISUAL REVIEW PENDING
assets/icons/tabler/outline/device-mobile-check.svg,65beabf0ecf7b1ae01701d897ff330729e30490fef9cca5d6a4691b250848e04,0 0 24 24,XML VALID — VISUAL REVIEW PENDING
assets/icons/tabler/outline/device-mobile-code.svg,744ec66ecef17fea14af48869ae8d915ac43ef3e29583e65c2762734d82a9c13,0 0 24 24,XML VALID — VISUAL REVIEW PENDING
assets/icons/tabler/outline/device-mobile-cog.svg,4a35a7c3fb9387966960c8db63bfc693067d811179789b3e376a3b4038b12a1c,0 0 24 24,XML VALID — VISUAL REVIEW PENDING
assets/icons/tabler/outline/device-mobile-dollar.svg,cf75f0309bb96ad265606050f4d6cffe03086e5e4851438a29215c1d59aaab90,0 0 24 24,XML VALID — VISUAL REVIEW PENDING
assets/icons/tabler/outline/device-mobile-down.svg,d08fd8070b70da9b88b6979c9e9cc99395310029476b1428cb59446b18c899ae,0 0 24 24,XML VALID — VISUAL REVIEW PENDING
assets/icons/tabler/outline/device-mobile-exclamation.svg,4eedb66468fd6847f8a9cb829be24b04c76009fdb708b9bdd4a9c23034a55159,0 0 24 24,XML VALID — VISUAL REVIEW PENDING
assets/icons/tabler/outline/device-mobile-heart.svg,21289c018a2fb8cab8d08d1f7e1303fb14c74fb38287c80db2ecf615437f5108,0 0 24 24,XML VALID — VISUAL REVIEW PENDING
assets/icons/tabler/outline/device-mobile-message.svg,146313e8a224a3e9b3ecda0a8d202eaa32c28bbf5545ca342842edad2406c35b,0 0 24 24,XML VALID — VISUAL REVIEW PENDING
assets/icons/tabler/outline/device-mobile-minus.svg,f3aa61d2e3315ada097c48c3763b8d2d13e49f6bed8ecdf7c682590bc1ad3733,0 0 24 24,XML VALID — VISUAL REVIEW PENDING
assets/icons/tabler/outline/device-mobile-off.svg,f2d0fceaed177760dae4fdb6308686ec4c957f85862805456bf8201f245dca32,0 0 24 24,XML VALID — VISUAL REVIEW PENDING
assets/icons/tabler/outline/device-mobile-pause.svg,af56b538e149ed7fc62121ce95340bb5a2e6f39b983746d9ec7461d62f7df842,0 0 24 24,XML VALID — VISUAL REVIEW PENDING
assets/icons/tabler/outline/device-mobile-pin.svg,55b93be2282123aee6bf6f589bcdf20eb440cd5243e2aa8e21dd30b6e475d6dd,0 0 24 24,XML VALID — VISUAL REVIEW PENDING
assets/icons/tabler/outline/device-mobile-plus.svg,eba4e13f80e4d5a3a1d666e7e92f730a88cf149f6bc1c94689a77c30a6153fce,0 0 24 24,XML VALID — VISUAL REVIEW PENDING
assets/icons/tabler/outline/device-mobile-question.svg,ce71327f444d606c824302ca4bb4c80f9146d25e5bb42dbbe87d0dd449705e9a,0 0 24 24,XML VALID — VISUAL REVIEW PENDING
assets/icons/tabler/outline/device-mobile-rotated.svg,ad149b8dbd7adc0d96e33c092c3a7ea85cb69e15219097bb075f908e32abc79e,0 0 24 24,XML VALID — VISUAL REVIEW PENDING
assets/icons/tabler/outline/device-mobile-search.svg,7317b63a08ff8e8230b4ba4552c9bbf7e32cbab6b7498f6aee43277653528bfc,0 0 24 24,XML VALID — VISUAL REVIEW PENDING
assets/icons/tabler/outline/device-mobile-share.svg,ff1ac722901f45679ebc9520d6679642372f00048f02c4f4f1811da357ba4f5d,0 0 24 24,XML VALID — VISUAL REVIEW PENDING
assets/icons/tabler/outline/device-mobile-star.svg,1d229caf4f67e59ef9bdd7561b92537147b0454b1a7742db845de6203e1c6bf4,0 0 24 24,XML VALID — VISUAL REVIEW PENDING
assets/icons/tabler/outline/device-mobile-up.svg,f10c1863a4a2fd9e8c53854fdd6f7caa54616606d73a0c2e84d591ad41b36610,0 0 24 24,XML VALID — VISUAL REVIEW PENDING
assets/icons/tabler/outline/device-mobile-vibration.svg,63ea6829d06cd16614b21bbef46197ccedea8d0f5cfbcc10cc64a9c8da5cb0f1,0 0 24 24,XML VALID — VISUAL REVIEW PENDING
assets/icons/tabler/outline/device-mobile-x.svg,30550f1b75bf42f266aa187f07bfeb3a704496f2a63134e57475dd3ae83ebe73,0 0 24 24,XML VALID — VISUAL REVIEW PENDING
assets/icons/tabler/outline/device-mobile.svg,2d32b5918ccd8d60b0096f7cbb9e66b25847a81860929bfb6f036d04beb9c6d9,0 0 24 24,XML VALID — VISUAL REVIEW PENDING
assets/icons/tabler/outline/device-nintendo-off.svg,25ef605cb97aba72f6574256292a39d2599f46fe30562387fbdeb40908cf2109,0 0 24 24,XML VALID — VISUAL REVIEW PENDING
assets/icons/tabler/outline/device-nintendo.svg,c9943f7ffe674976dd5e563ae9c2cffb9a825df21e9a0c6ce1ff68f39c19dcee,0 0 24 24,XML VALID — VISUAL REVIEW PENDING
assets/icons/tabler/outline/device-projector.svg,9c8ff638a5b4d0076bce2c0ed8c42f8259781d5631111221c107a80f0cb9ceac,0 0 24 24,XML VALID — VISUAL REVIEW PENDING
assets/icons/tabler/outline/device-remote.svg,3dba4acfc8aa51614eedb194d6f86538f9ff32b0e446c516c23a3904d0d51cee,0 0 24 24,XML VALID — VISUAL REVIEW PENDING
assets/icons/tabler/outline/device-sd-card.svg,b50d3bce7937cc7c47a12dd4df4be5fba4b4d58adf6e2195f3c50ecef80b36f0,0 0 24 24,XML VALID — VISUAL REVIEW PENDING
assets/icons/tabler/outline/device-sim-1.svg,4f689d3d3e375f1a1d1f86793aae0dec0f2522c706aad3d1fcfa9652e53b60a2,0 0 24 24,XML VALID — VISUAL REVIEW PENDING
assets/icons/tabler/outline/device-sim-2.svg,51fff613d83f83f3f65740ec5d9ff9305db7ac15c48eb5ae76f936301e8abb31,0 0 24 24,XML VALID — VISUAL REVIEW PENDING
assets/icons/tabler/outline/device-sim-3.svg,7c560dea54b5aaa759e0e00348549d189e51f0026aa2d993f635d5323c77c406,0 0 24 24,XML VALID — VISUAL REVIEW PENDING
assets/icons/tabler/outline/device-sim.svg,f048fe34cb7eb10a6d89fe7e1609f9eba085eda421201d670b5f64f8aaa0ab60,0 0 24 24,XML VALID — VISUAL REVIEW PENDING
assets/icons/tabler/outline/device-speaker-off.svg,415573929f5bf779cfaf2137fb80628cd4e659d17e72d17458d2fad73833056f,0 0 24 24,XML VALID — VISUAL REVIEW PENDING
assets/icons/tabler/outline/device-speaker.svg,2aa777216f7ef9e95cf01eca0dbede660b397f079820c335b4588eb84790026c,0 0 24 24,XML VALID — VISUAL REVIEW PENDING
assets/icons/tabler/outline/device-tablet-bolt.svg,6459506914beb4eec4a0c0fac16e7acb96e38a6523eea3c3f6ca9601a4c4e9e1,0 0 24 24,XML VALID — VISUAL REVIEW PENDING
assets/icons/tabler/outline/device-tablet-cancel.svg,105b3c55221a0255c9eba2cfd9c4d1b529645c2c81b0b3590589ba2398b6eca6,0 0 24 24,XML VALID — VISUAL REVIEW PENDING
assets/icons/tabler/outline/device-tablet-check.svg,1add77c5d622a54cd68cf7a6b39b1b717735010153da20e1cd726496b4a8b320,0 0 24 24,XML VALID — VISUAL REVIEW PENDING
assets/icons/tabler/outline/device-tablet-code.svg,7fa6102b6f2dc3fe5b6e8efd4994367366070463dadb1e8fb44ba89609dd903e,0 0 24 24,XML VALID — VISUAL REVIEW PENDING
assets/icons/tabler/outline/device-tablet-cog.svg,77b46b3d4adc5d7d9a279346fdba2c78b46faf3bb219c3a333ad54d2fb98a852,0 0 24 24,XML VALID — VISUAL REVIEW PENDING
assets/icons/tabler/outline/device-tablet-dollar.svg,2cdf3fcd0ad265d2fb08daf7db21d65d3884d2125a30c1ab545438dd3b4cb889,0 0 24 24,XML VALID — VISUAL REVIEW PENDING
assets/icons/tabler/outline/device-tablet-down.svg,d5fa89e4e8ed599f8e89f71943f185b32e18d3b5de08769c1bbc1f1a3a6a4bdb,0 0 24 24,XML VALID — VISUAL REVIEW PENDING
assets/icons/tabler/outline/device-tablet-exclamation.svg,c0ff0a50bb68359798a48f874632aa880ce2c23d0a5c6ca5dd9a61160477bbcf,0 0 24 24,XML VALID — VISUAL REVIEW PENDING
assets/icons/tabler/outline/device-tablet-heart.svg,05ce1413bacc2fe4e2a72c22fdb8e5b45d4282f24fb6f195dac5a73c50114020,0 0 24 24,XML VALID — VISUAL REVIEW PENDING
assets/icons/tabler/outline/device-tablet-minus.svg,13f5536df50d58f86c3471f3bcadf4f4710484200bff1faac0810bccbd66cbf0,0 0 24 24,XML VALID — VISUAL REVIEW PENDING
assets/icons/tabler/outline/device-tablet-off.svg,b2ab33243dea1849ef75b39bb601d46f0696bdf3a55ddf65e5928339c1290775,0 0 24 24,XML VALID — VISUAL REVIEW PENDING
assets/icons/tabler/outline/device-tablet-pause.svg,c17d5bd5584a17de1e6ba481213c4cb7aff596a2f1c72d34e90185b3b7170bb7,0 0 24 24,XML VALID — VISUAL REVIEW PENDING
assets/icons/tabler/outline/device-tablet-pin.svg,b8d107f7da5cdea8cdbb0896b411b569f8e6c9159de57897e02a2acb1b753cee,0 0 24 24,XML VALID — VISUAL REVIEW PENDING
assets/icons/tabler/outline/device-tablet-plus.svg,0e8ac2b3701e9517b08870a07f8b8ef1094449732371ef232bb30541e39a59d6,0 0 24 24,XML VALID — VISUAL REVIEW PENDING
assets/icons/tabler/outline/device-tablet-question.svg,fe8d941e91d22f95fcc0b22c7c0850ec9526d76f8e2827ac1ee70c2dfe0cd1db,0 0 24 24,XML VALID — VISUAL REVIEW PENDING
assets/icons/tabler/outline/device-tablet-search.svg,60140d752e369d04d3eb8a1465a4421f2fc9a8f8c847e386b61b03605bd0e51e,0 0 24 24,XML VALID — VISUAL REVIEW PENDING
assets/icons/tabler/outline/device-tablet-share.svg,c344262226a10600a92b7954990a2ae3da60eca2f3b199ed08bf97069968dbae,0 0 24 24,XML VALID — VISUAL REVIEW PENDING
assets/icons/tabler/outline/device-tablet-star.svg,a71164a3876dbed4c5bf9ae80118a07dffdddc34ba5ccfcbbf8533dec2480d33,0 0 24 24,XML VALID — VISUAL REVIEW PENDING
assets/icons/tabler/outline/device-tablet-up.svg,7f5f462ddec02e8604d5c3eec8a42231519d03119cd540a07f11f2189d454543,0 0 24 24,XML VALID — VISUAL REVIEW PENDING
assets/icons/tabler/outline/device-tablet-x.svg,5bb5d4e5edf11a829f934cb539bbabd74d8fdf133a70ed8ee6566688b065c2a0,0 0 24 24,XML VALID — VISUAL REVIEW PENDING
assets/icons/tabler/outline/device-tablet.svg,bbc6a345d34a6da1806f97b2c607780c0a0329a5564175b1e182b664ddf66f27,0 0 24 24,XML VALID — VISUAL REVIEW PENDING
assets/icons/tabler/outline/device-tv-off.svg,f0d813d42c6b34cf91680d504d22fa82f544ad236fa5a0433160c33235117e34,0 0 24 24,XML VALID — VISUAL REVIEW PENDING
assets/icons/tabler/outline/device-tv-old.svg,7eb5a827d21bf6f45aa8b19abdfe0cd3d042d49cdbfb2128f414a2bf9673083a,0 0 24 24,XML VALID — VISUAL REVIEW PENDING
assets/icons/tabler/outline/device-tv.svg,55d72b91c23e4c30d4f4ce0e02ef91de63c9f0201cb14d34f1c699636ff25c7e,0 0 24 24,XML VALID — VISUAL REVIEW PENDING
assets/icons/tabler/outline/device-unknown.svg,0f37f8a5792610f49c57855f0f98dfe7c5fe4b1b082ea0cf2cc5a7f59aca3f43,0 0 24 24,XML VALID — VISUAL REVIEW PENDING
assets/icons/tabler/outline/device-usb.svg,bef438b8b2fd3fc3fc78706a1e136d6b924b6840ed87a2409fbc2b1ecfa8a74b,0 0 24 24,XML VALID — VISUAL REVIEW PENDING
assets/icons/tabler/outline/device-vision-pro.svg,aa3653309b143e909f9c3d782e48474192e76963b820cd4d1754a751d947ec14,0 0 24 24,XML VALID — VISUAL REVIEW PENDING
assets/icons/tabler/outline/device-watch-bolt.svg,50b9cf17697687d7182c03a8dab99314304e32efebe0a1f819a6a6b4bc73bba0,0 0 24 24,XML VALID — VISUAL REVIEW PENDING
assets/icons/tabler/outline/device-watch-cancel.svg,352639601f5b728f3309476fb757189211a8667238d6189f9ded3ad5a9750b75,0 0 24 24,XML VALID — VISUAL REVIEW PENDING
assets/icons/tabler/outline/device-watch-check.svg,8d02b9ecf520f9809bbe7ed7207296574acc2f7385df4c0e032d863ecea230a9,0 0 24 24,XML VALID — VISUAL REVIEW PENDING
assets/icons/tabler/outline/device-watch-code.svg,23652b698cb5df5950e527fba3de0eaa8e586e9b4aae3986f8423f7ca023d487,0 0 24 24,XML VALID — VISUAL REVIEW PENDING
assets/icons/tabler/outline/device-watch-cog.svg,ebccf3cd4943ae6f3270277007b274c46a4d0ccce564470136e5cfe80aea45f1,0 0 24 24,XML VALID — VISUAL REVIEW PENDING
assets/icons/tabler/outline/device-watch-dollar.svg,fd5ecd3e44444c638d48229c17e50e54866a192acf7829bedd9a4022eb6cda1a,0 0 24 24,XML VALID — VISUAL REVIEW PENDING
assets/icons/tabler/outline/device-watch-down.svg,a331b8eb52e3085bf2aaf285d5fe4e3387148012b1848dd02dd5b06e9e403e2e,0 0 24 24,XML VALID — VISUAL REVIEW PENDING
assets/icons/tabler/outline/device-watch-exclamation.svg,682132aaf4cad5eefcada9bfbfdba8e3b84ba8750f23c8bec5744835369c688c,0 0 24 24,XML VALID — VISUAL REVIEW PENDING
assets/icons/tabler/outline/device-watch-heart.svg,e82b70756d38f6169a399fff8270fdbcd5ac98acbbb92c8d83af338f8dcef0f2,0 0 24 24,XML VALID — VISUAL REVIEW PENDING
assets/icons/tabler/outline/device-watch-minus.svg,fbc09cc22c0196d21a98c5d11e7b68b6934e1f596cc4ea5005a8f74013c3e56a,0 0 24 24,XML VALID — VISUAL REVIEW PENDING
assets/icons/tabler/outline/device-watch-off.svg,26dff9d566d219252d037b99a4522e1e3f0a6f60a3023dd31bf86dfb9acf6534,0 0 24 24,XML VALID — VISUAL REVIEW PENDING
assets/icons/tabler/outline/device-watch-pause.svg,6c7a700367ec1138763223124df9b0a9bf7db250aec1d2d132938e7dbf88138c,0 0 24 24,XML VALID — VISUAL REVIEW PENDING
assets/icons/tabler/outline/device-watch-pin.svg,cceed4f50fb71ab360a7e2329300ddfabd774b43e701547e2fe9ee289cf7c02b,0 0 24 24,XML VALID — VISUAL REVIEW PENDING
assets/icons/tabler/outline/device-watch-plus.svg,5ead3eec112359bec7b890bee10b19323a4198c5c450c375d79f1c80d6591ed6,0 0 24 24,XML VALID — VISUAL REVIEW PENDING
assets/icons/tabler/outline/device-watch-question.svg,9ab1b5e440f2b6769a5682b646241abb18ce9c073433712260ad917c27208f24,0 0 24 24,XML VALID — VISUAL REVIEW PENDING
assets/icons/tabler/outline/device-watch-search.svg,c4d12956d7ceaba6c150b6eecbd4aa6975923a263dde18c1928e3bdeed849b88,0 0 24 24,XML VALID — VISUAL REVIEW PENDING
assets/icons/tabler/outline/device-watch-share.svg,b24d58e2e2115b62148db36bb323218029d679d16b16ef4b8ce1fb987ecd99d0,0 0 24 24,XML VALID — VISUAL REVIEW PENDING
assets/icons/tabler/outline/device-watch-star.svg,f55836ed03389610712b994ab2ae0db16d24b47784484c56f61dee1454efebe6,0 0 24 24,XML VALID — VISUAL REVIEW PENDING
assets/icons/tabler/outline/device-watch-stats-2.svg,9aa59ab8b62fd8677d172e8833f6c0ba1181f290fc4c2370523d95bde01cb7a0,0 0 24 24,XML VALID — VISUAL REVIEW PENDING
assets/icons/tabler/outline/device-watch-stats.svg,bed287410c07a05c0ffa6ab146e8f431726af008e8b5b3b14f3f0fecf3f3e98b,0 0 24 24,XML VALID — VISUAL REVIEW PENDING
assets/icons/tabler/outline/device-watch-up.svg,1afbde56bca1790dc83a2db6e4a72a84a84f67b38ce18a18458bd5228db305b0,0 0 24 24,XML VALID — VISUAL REVIEW PENDING
assets/icons/tabler/outline/device-watch-x.svg,5614060e86a76ef26555f85d32fb150520661cbc1f7565e9428b53a8a95b290f,0 0 24 24,XML VALID — VISUAL REVIEW PENDING
assets/icons/tabler/outline/device-watch.svg,dd27d3d1b0e1d0f4c3a41e6be59c61d9b91de40a3fc435028f1d5bff1c12fb3b,0 0 24 24,XML VALID — VISUAL REVIEW PENDING
assets/icons/tabler/outline/devices-2.svg,59a925d5af84b634384632630d8600be86acc351840877bbc80a76b2d94579f4,0 0 24 24,XML VALID — VISUAL REVIEW PENDING
assets/icons/tabler/outline/devices-bolt.svg,b60041f27c2bbf289bf72dd0553de577ca335ba89eb428970fd13aaeaedd3e2a,0 0 24 24,XML VALID — VISUAL REVIEW PENDING
assets/icons/tabler/outline/devices-cancel.svg,74df1c9d3a12a8dd1f36ec7de9106c158e471b0b51a7a26c2cd612904f0aacfa,0 0 24 24,XML VALID — VISUAL REVIEW PENDING
assets/icons/tabler/outline/devices-check.svg,c9ee9c82e5a832fcf23c132840ab24e2974147028f27e3009b130a42a54a27f1,0 0 24 24,XML VALID — VISUAL REVIEW PENDING
assets/icons/tabler/outline/devices-code.svg,203c9e0a866ce21697830bd70e71d38bc02eef22861c7e6796a18aa08b6a1e93,0 0 24 24,XML VALID — VISUAL REVIEW PENDING
assets/icons/tabler/outline/devices-cog.svg,c5b589fcd23d66f17947d52ca0f96e3be8049629cd0f139054d80d4cb1df4d3e,0 0 24 24,XML VALID — VISUAL REVIEW PENDING
assets/icons/tabler/outline/devices-dollar.svg,7cb83d47d100881f5305052c1ade9f5ea12cdc2f0d0d3a8597da37e82edb8a50,0 0 24 24,XML VALID — VISUAL REVIEW PENDING
assets/icons/tabler/outline/devices-down.svg,1d228a3990b1aeb71c1838c7f46a377bbca57113e31ad7a00df1dca7756f1b71,0 0 24 24,XML VALID — VISUAL REVIEW PENDING
assets/icons/tabler/outline/devices-exclamation.svg,fc12be1f5c0eae75e29143624fa43b60b0869e435f6d96a3baa00c0a58d8843e,0 0 24 24,XML VALID — VISUAL REVIEW PENDING
assets/icons/tabler/outline/devices-heart.svg,4ab866941578144f9c370fa8a6c5dc5fde9091d24905a144e39b42f798f07b15,0 0 24 24,XML VALID — VISUAL REVIEW PENDING
assets/icons/tabler/outline/devices-minus.svg,4528e16c952f6cb9db6a7967b54415f917117c575fdccfb403a79eecacff3b7a,0 0 24 24,XML VALID — VISUAL REVIEW PENDING
assets/icons/tabler/outline/devices-off.svg,b19cee2695f1d4894057bc66cf4095fa5aaf913f3842e885630db159aafd9a1f,0 0 24 24,XML VALID — VISUAL REVIEW PENDING
assets/icons/tabler/outline/devices-pause.svg,8482d52115ef0149b576a35f84b9f55b6c25f7d41a1338bf7eeefb4a0a00db4f,0 0 24 24,XML VALID — VISUAL REVIEW PENDING
assets/icons/tabler/outline/devices-pc-off.svg,eab252a1852e38cf06af0a6dfdc987c7162155139c61b4adcb699af597bab0cd,0 0 24 24,XML VALID — VISUAL REVIEW PENDING
assets/icons/tabler/outline/devices-pc.svg,703a5a6b6d2d706fd7f70ea4a583ad3943846c59e1cf59dff5493bd980363e60,0 0 24 24,XML VALID — VISUAL REVIEW PENDING
assets/icons/tabler/outline/devices-pin.svg,e45a0b2e8071c22d4d50bc6f9af5f8e12a40d286697d6efdef5d9af69bb90f30,0 0 24 24,XML VALID — VISUAL REVIEW PENDING
assets/icons/tabler/outline/devices-plus.svg,a43d63a72a4ee11ae671c6e15b7e8649044da94deeadcce30bb8ca40050c0439,0 0 24 24,XML VALID — VISUAL REVIEW PENDING
assets/icons/tabler/outline/devices-question.svg,472900afc2955ce810ae12350e9cb94b84589d7519aad03905ddfe4cbe384205,0 0 24 24,XML VALID — VISUAL REVIEW PENDING
assets/icons/tabler/outline/devices-search.svg,efaddc4ccd2814cbb05ec261ab74bba1c4c11bff0cdcd15e9749162e6fb03441,0 0 24 24,XML VALID — VISUAL REVIEW PENDING
assets/icons/tabler/outline/devices-share.svg,c51950a7ded0802ed22f08bfbeb3f065b488c3565790edeece8c16f767ad63d4,0 0 24 24,XML VALID — VISUAL REVIEW PENDING
assets/icons/tabler/outline/devices-star.svg,750c0b258e59fb19c48d3cb38c7bf3cff7cfd1fa453e30a03fd14381ce5ceb3c,0 0 24 24,XML VALID — VISUAL REVIEW PENDING
assets/icons/tabler/outline/devices-up.svg,741f46e6a1149b2f554dcf3d843d7b4cb77a0d213ec4d1ec6f0fd7ee87400422,0 0 24 24,XML VALID — VISUAL REVIEW PENDING
assets/icons/tabler/outline/devices-x.svg,5ef07fb355f790f19a3cdc4cc1edecbe2107a8c033e95e0ff0b8ed5bb758687d,0 0 24 24,XML VALID — VISUAL REVIEW PENDING
assets/icons/tabler/outline/devices.svg,c57d5f58c2b26225c8b0c2b498013d8b02fc25e39a8d63990f44edbf904e54ee,0 0 24 24,XML VALID — VISUAL REVIEW PENDING
assets/icons/tabler/outline/diabolo-off.svg,2a1075eb19d0d6c7c6469827644736eee4d0800631d9b57f04127689c8d17610,0 0 24 24,XML VALID — VISUAL REVIEW PENDING
assets/icons/tabler/outline/diabolo-plus.svg,ab24365ca3846ea04bee21aeeb70cd656bf7277500b0ae75f1953f20f48b8069,0 0 24 24,XML VALID — VISUAL REVIEW PENDING
assets/icons/tabler/outline/diabolo.svg,896bf5d0dd84903efdb791afd4a6c8be1861bca04d06ce229fd44341577e2794,0 0 24 24,XML VALID — VISUAL REVIEW PENDING
assets/icons/tabler/outline/dialpad-off.svg,3cc70d081b6fcb59aa1e190b583fddadbead9c788734ace2994bec96653c9cc7,0 0 24 24,XML VALID — VISUAL REVIEW PENDING
assets/icons/tabler/outline/dialpad.svg,66052ad0a59656ec0f3e0bd907ad6e6d51b6e6e7ccce51a8474dc8137ba2082f,0 0 24 24,XML VALID — VISUAL REVIEW PENDING
assets/icons/tabler/outline/diamond-off.svg,4c7333848550f2d8028882326c48fdc47f9023aa93ae334ca06a8368ea56db54,0 0 24 24,XML VALID — VISUAL REVIEW PENDING
assets/icons/tabler/outline/diamond.svg,21bcf3e444af5a69e1753b7dfe8dd36789cd16929167b6e43dc6173939bfd5b6,0 0 24 24,XML VALID — VISUAL REVIEW PENDING
assets/icons/tabler/outline/diamonds.svg,cae9ec69ad93ebc55b41e412f3e261d9394e5679f4d43b5cc02f743a5f19f9cd,0 0 24 24,XML VALID — VISUAL REVIEW PENDING
assets/icons/tabler/outline/diaper.svg,bca8656d2f213ead088312c62cb701956f8b581d00f24c13eaa7a7a5fdfdca1f,0 0 24 24,XML VALID — VISUAL REVIEW PENDING
assets/icons/tabler/outline/dice-1.svg,b054809244084839288bafc63792fc1c4b5d678a76a6a417f0e15ba0cb000f71,0 0 24 24,XML VALID — VISUAL REVIEW PENDING
assets/icons/tabler/outline/dice-2.svg,289c75a37dea9b1cd10f34aa22ec427ec52ca0db3b637f7f035e61749f7e0aa6,0 0 24 24,XML VALID — VISUAL REVIEW PENDING
assets/icons/tabler/outline/dice-3.svg,1e04b5a8a849bfa436aba6ce115e18ddc00006e405068530729ddda6186044d3,0 0 24 24,XML VALID — VISUAL REVIEW PENDING
assets/icons/tabler/outline/dice-4.svg,294f134424bec62ec1dae0e8d964848301a02d53b67ae66369f792f9f1ac4a41,0 0 24 24,XML VALID — VISUAL REVIEW PENDING
assets/icons/tabler/outline/dice-5.svg,02127fe135b77e4edc4680bdf4f330421c8feaacdb505015bee0b77a8fa047e9,0 0 24 24,XML VALID — VISUAL REVIEW PENDING
assets/icons/tabler/outline/dice-6.svg,ea7fbc636097eeaca59dee39a9665f2a3b3207b5f10d7c703fe9d07462219585,0 0 24 24,XML VALID — VISUAL REVIEW PENDING
assets/icons/tabler/outline/dice.svg,20ca7e0ee92320a193f4f97c7317ab28b765221553b4988fbd1ac699310a54c0,0 0 24 24,XML VALID — VISUAL REVIEW PENDING
assets/icons/tabler/outline/dimensions.svg,f18474f3cf118ad626262be0e6c13faf609a6f0d1601b2dac47de6cdb0323747,0 0 24 24,XML VALID — VISUAL REVIEW PENDING
assets/icons/tabler/outline/direction-arrows.svg,497ec237c3175e68402958e6841357aaaa6cf1c3cdca2459af0203f3a88411c4,0 0 24 24,XML VALID — VISUAL REVIEW PENDING
assets/icons/tabler/outline/direction-horizontal.svg,f2d509f141abd5b85b0184b74487b604094c6277ce9c841f3c0e7a67049a1c13,0 0 24 24,XML VALID — VISUAL REVIEW PENDING
assets/icons/tabler/outline/direction-sign-off.svg,99692b2e910b792626a90029d78b084239f0ef0415c867595d3a206874c8f1b2,0 0 24 24,XML VALID — VISUAL REVIEW PENDING
assets/icons/tabler/outline/direction-sign.svg,67d51dcb1707d29c7d8184d3108b3682bb0d7a042b285ec9b80a78587ab2dd16,0 0 24 24,XML VALID — VISUAL REVIEW PENDING
assets/icons/tabler/outline/direction.svg,62c3d70c1a0fcc3e79c30f5d87e0ae2da8298c6527be66b94b2e64db71a1fc4f,0 0 24 24,XML VALID — VISUAL REVIEW PENDING
assets/icons/tabler/outline/directions-off.svg,0f09e19d50eb55564e0d6a701f24cb822baa75dfe0d2d295bab2bb8d7296e3da,0 0 24 24,XML VALID — VISUAL REVIEW PENDING
assets/icons/tabler/outline/directions.svg,73ea78161b84f4481d2569a1e3260bab3b2aea12e21889d232506879eda88f70,0 0 24 24,XML VALID — VISUAL REVIEW PENDING
assets/icons/tabler/outline/disabled-2.svg,e85188ffcc28d4aea3fc3d6646cedeac86fb64760ba679423ec76de8ceac8fd9,0 0 24 24,XML VALID — VISUAL REVIEW PENDING
assets/icons/tabler/outline/disabled-off.svg,cb0aa947d5802e1aeca57f4974f0a83f281e5b59d29cb3957084204457acf374,0 0 24 24,XML VALID — VISUAL REVIEW PENDING
assets/icons/tabler/outline/disabled.svg,b2a9b18c8189954c3bfde19817f829600c7e8485e07adb8de47fee300a786bba,0 0 24 24,XML VALID — VISUAL REVIEW PENDING
assets/icons/tabler/outline/disc-golf.svg,5ac7864e2a458163ee8916fa4834b69818a75277af1b39a47234daf9e9a4cc8d,0 0 24 24,XML VALID — VISUAL REVIEW PENDING
assets/icons/tabler/outline/disc-off.svg,4ecfe4c2f2b50391ed953d5e919f4a8716f436385b19f210e780785b590ba013,0 0 24 24,XML VALID — VISUAL REVIEW PENDING
assets/icons/tabler/outline/disc.svg,f9000dfb5acdb1d6c96725a8b3487a32e35ea89b42ad6f2c82383e94bf35b3e7,0 0 24 24,XML VALID — VISUAL REVIEW PENDING
assets/icons/tabler/outline/discount-off.svg,314a67b0e0e80880849e853a553d718f830b8b93ab232d58ba398e53c778e809,0 0 24 24,XML VALID — VISUAL REVIEW PENDING
assets/icons/tabler/outline/discount.svg,03722d51e2ec6e1cc127f3bca620d5d4ff49b04cf4385d1ccc9784013d9d8df7,0 0 24 24,XML VALID — VISUAL REVIEW PENDING
assets/icons/tabler/outline/divide.svg,42f02e068375ef30513a2b7e2ffc27d5abaeca6fd5f0707fa7541e0606a223c5,0 0 24 24,XML VALID — VISUAL REVIEW PENDING
assets/icons/tabler/outline/dna-2-off.svg,ff3b5f52b6656107149cee370ffcafb581eca91666e37137d550fc93b2b1e908,0 0 24 24,XML VALID — VISUAL REVIEW PENDING
assets/icons/tabler/outline/dna-2.svg,6a9b36a25710e812883df696ef53168aa31a38c3b91c6dbcab7a49b987237ede,0 0 24 24,XML VALID — VISUAL REVIEW PENDING
assets/icons/tabler/outline/dna-off.svg,ac0ddea82ef05afa8cc720d9df9b76d0d01ed14aadb7aacfab8f8d3edc2ef374,0 0 24 24,XML VALID — VISUAL REVIEW PENDING
assets/icons/tabler/outline/dna.svg,8145a592b6eb3f98020fd437dd922a95586f183f81b9c915caadf448d0df707b,0 0 24 24,XML VALID — VISUAL REVIEW PENDING
assets/icons/tabler/outline/dog-bowl.svg,6a4d24566fb148fb473fc6b7c125f170f80b67be9855760d4eca31703803b0ce,0 0 24 24,XML VALID — VISUAL REVIEW PENDING
assets/icons/tabler/outline/dog.svg,c3c652d9c7a78c50e77eb10e01b6c5337d9ea76c9a86840573d830b5918ddb4f,0 0 24 24,XML VALID — VISUAL REVIEW PENDING
assets/icons/tabler/outline/door-enter.svg,c6dd3ae84dfb8994ace01a865305b2f75aade8aa050e782d68c5b97d9eac7484,0 0 24 24,XML VALID — VISUAL REVIEW PENDING
assets/icons/tabler/outline/door-exit.svg,abcd8926b575f8f76e156ad3000f9c6dc1bc83a71b6ce8397c2253b014cf061b,0 0 24 24,XML VALID — VISUAL REVIEW PENDING
assets/icons/tabler/outline/door-off.svg,a7de4e7a874b21713f35aece9acb46d325bd771b87d9b3881abcd03cd14bdab0,0 0 24 24,XML VALID — VISUAL REVIEW PENDING
assets/icons/tabler/outline/door.svg,7b86602ad027605ed6076f425f32f9d21c5f3e9c926ad92893af72a0c95cb3f1,0 0 24 24,XML VALID — VISUAL REVIEW PENDING
assets/icons/tabler/outline/dots-circle-horizontal.svg,7ce45e0e24884cfbddebcc3ac578d14f2945a61bf935db98786df1755f9259bb,0 0 24 24,XML VALID — VISUAL REVIEW PENDING
assets/icons/tabler/outline/dots-diagonal-2.svg,7ad42a5a03abec2ec09f40afda81791bf061c13b7556897239a1513035c5b0d6,0 0 24 24,XML VALID — VISUAL REVIEW PENDING
assets/icons/tabler/outline/dots-diagonal.svg,1bf8185bbf82eff1da652cbccdf43f68f769c6dba9144c346f611ec5ad8cdb48,0 0 24 24,XML VALID — VISUAL REVIEW PENDING
assets/icons/tabler/outline/dots-vertical.svg,3a6c124b9d4207b532eb6208201a6533813efba5d43377d633714243d59f07e0,0 0 24 24,XML VALID — VISUAL REVIEW PENDING
assets/icons/tabler/outline/dots.svg,eac5a17d49b31133c6def86e9e2bc592aef4b15410fbaf516066b14cff4e6082,0 0 24 24,XML VALID — VISUAL REVIEW PENDING
assets/icons/tabler/outline/download-off.svg,6db3f033ee4766a5a7b5504e0dbe4e2f56866f20f266469970833313a86b11fe,0 0 24 24,XML VALID — VISUAL REVIEW PENDING
assets/icons/tabler/outline/download.svg,946da1719daac0cc5243ec8ac4de52ce3d7960b168dc2d17fe11f45e2eeb2de6,0 0 24 24,XML VALID — VISUAL REVIEW PENDING
assets/icons/tabler/outline/drag-drop-2.svg,d08895cd8b9612eb5c29ce7dd40cefb8a110afaba4a8cbc3c714464e85ba1d22,0 0 24 24,XML VALID — VISUAL REVIEW PENDING
assets/icons/tabler/outline/drag-drop.svg,5a156aeb88c653c4a0c696d0aa937a79d329806a22817fd5975d4c68a2158e45,0 0 24 24,XML VALID — VISUAL REVIEW PENDING
assets/icons/tabler/outline/drone-off.svg,2eabb2376adbb4be8c142785215438df266ba7920b9885532857dcd604555bca,0 0 24 24,XML VALID — VISUAL REVIEW PENDING
assets/icons/tabler/outline/drone.svg,4dcbb51ae9c09bc6dbfe7090db8a9cbecf7d75f34a1c0bf9cd9fff031133ff9e,0 0 24 24,XML VALID — VISUAL REVIEW PENDING
assets/icons/tabler/outline/drop-circle.svg,1c2e00ecbd4008d28c89cb12c508a64c6880ab5a353ab3a860ca1473f111d499,0 0 24 24,XML VALID — VISUAL REVIEW PENDING
assets/icons/tabler/outline/droplet-bolt.svg,4f75d785153db0e4e5dc146daacc4dde62ff4bd59369d53fd8d3a6a01ccc9897,0 0 24 24,XML VALID — VISUAL REVIEW PENDING
assets/icons/tabler/outline/droplet-cancel.svg,2a84cc895848606f483bbc484a268519514c0afd60d5c02d9c5447fa84f42423,0 0 24 24,XML VALID — VISUAL REVIEW PENDING
assets/icons/tabler/outline/droplet-check.svg,6fbdb5e28fee608852f9cefabb7f7e40a8e3518c2563c708533ffed8a9634a71,0 0 24 24,XML VALID — VISUAL REVIEW PENDING
assets/icons/tabler/outline/droplet-code.svg,f64a4ce443ca5bc5e6d4cb6d243d4f32be4a2790a9a4335b68bc143fb30f3f60,0 0 24 24,XML VALID — VISUAL REVIEW PENDING
assets/icons/tabler/outline/droplet-cog.svg,797e7e85a9ac777b7962344bd7bc62316d8e7574489c1d0acd6e7b9e9e938cfc,0 0 24 24,XML VALID — VISUAL REVIEW PENDING
assets/icons/tabler/outline/droplet-dollar.svg,ea0a04d0d2c98047fd39206742ff7fa87a8d9c0f718e8f334c5117ad441b7bdb,0 0 24 24,XML VALID — VISUAL REVIEW PENDING
assets/icons/tabler/outline/droplet-down.svg,6ae8dcb1af31cf7f1b60e1c3c63ca8d65231099bdc03f42a8a172a844dfbc817,0 0 24 24,XML VALID — VISUAL REVIEW PENDING
assets/icons/tabler/outline/droplet-exclamation.svg,ad4210d296e9f7f597ed5cdd22c248c4b43f9b8ada4875db01a550e6056e417c,0 0 24 24,XML VALID — VISUAL REVIEW PENDING
assets/icons/tabler/outline/droplet-half-2.svg,c32ca218ee2db0103f91c68cbe50aa0726a07c7e79f167cc1b4f3a435aa74da8,0 0 24 24,XML VALID — VISUAL REVIEW PENDING
assets/icons/tabler/outline/droplet-half.svg,423a6dbf0129516fc630e1d8ceaf5b037311c2bd47f7868410acc72306171c60,0 0 24 24,XML VALID — VISUAL REVIEW PENDING
assets/icons/tabler/outline/droplet-heart.svg,1c435ef0c0901eaef166b428b99f78dd2f068481fa7012e8db330ec07a7d9b4d,0 0 24 24,XML VALID — VISUAL REVIEW PENDING
assets/icons/tabler/outline/droplet-minus.svg,a296735a25fd8af153618e07f37d40e081fe326b9630a86eadba0c720bcc90f2,0 0 24 24,XML VALID — VISUAL REVIEW PENDING
assets/icons/tabler/outline/droplet-off.svg,a94bba9e88f895e87552f3241c0859bf9e2daa68229522d2243aa200c16e21fd,0 0 24 24,XML VALID — VISUAL REVIEW PENDING
assets/icons/tabler/outline/droplet-pause.svg,8f429acaa069c2f62bba5ceb3e064f71b688530614433e08d6ef8cc09bf22c71,0 0 24 24,XML VALID — VISUAL REVIEW PENDING
assets/icons/tabler/outline/droplet-pin.svg,c62c0cf14dff8dec99de3c12ec109e79948e94aa91c5ccd57448869246208ab4,0 0 24 24,XML VALID — VISUAL REVIEW PENDING
assets/icons/tabler/outline/droplet-plus.svg,73ca371d095cac67ce69b4fbc14f91a1e4c39c49b6cdb011443b620a336713d3,0 0 24 24,XML VALID — VISUAL REVIEW PENDING
assets/icons/tabler/outline/droplet-question.svg,909af496c6a55adef2aea00e2698e37c6d0737fffcf835356b0d3cb9e58b4eed,0 0 24 24,XML VALID — VISUAL REVIEW PENDING
assets/icons/tabler/outline/droplet-search.svg,11bbe97b9ca26df4e84c6114707e1c0fc5766764dcd3ffb889e64369281433a9,0 0 24 24,XML VALID — VISUAL REVIEW PENDING
assets/icons/tabler/outline/droplet-share.svg,e8fe8b525d59cf69b8be38a0f59e5ab6010705fb4c7b65aaef89065c9d76e848,0 0 24 24,XML VALID — VISUAL REVIEW PENDING
assets/icons/tabler/outline/droplet-star.svg,451603739e7d774bd6f5e72b3cd0bf7d190adb9e05d072f14fe8e5e489cd2325,0 0 24 24,XML VALID — VISUAL REVIEW PENDING
assets/icons/tabler/outline/droplet-up.svg,a9f545b9d0f355906c0cec3eeb74951b515ac17318bce457b32b7c2f958c3619,0 0 24 24,XML VALID — VISUAL REVIEW PENDING
assets/icons/tabler/outline/droplet-x.svg,aed31761047e1570660ab2e6d6a4dbd6522aa6f14dd9003e08d76441677e2faa,0 0 24 24,XML VALID — VISUAL REVIEW PENDING
assets/icons/tabler/outline/droplet.svg,12e1dd616ea2ebbea2474c62d467557f60cd372b61533665a4a2d2a72d44c17a,0 0 24 24,XML VALID — VISUAL REVIEW PENDING
assets/icons/tabler/outline/droplets.svg,1669d7c23ca9314c47d393378e244822f890b78969795ee9794a23d4141d8f2b,0 0 24 24,XML VALID — VISUAL REVIEW PENDING
assets/icons/tabler/outline/dual-screen.svg,b0a1b50826ac70873fec7b79ca839365691fbf070bc32e1cebda51e5f4f3d796,0 0 24 24,XML VALID — VISUAL REVIEW PENDING
assets/icons/tabler/outline/dumpling.svg,73c5fa8df7869d96df875e1404ec6a2b09f295cb147a65446f39e7566523203e,0 0 24 24,XML VALID — VISUAL REVIEW PENDING
assets/icons/tabler/outline/e-passport.svg,087472536847f54c4018d70f9953688c0cf591aff65efbe5e513d2b0b6831444,0 0 24 24,XML VALID — VISUAL REVIEW PENDING
assets/icons/tabler/outline/ear-off.svg,d142b5b50fa28b1e9e24be2eedae99cefe7708c2fb2b9e6648c839302ec96081,0 0 24 24,XML VALID — VISUAL REVIEW PENDING
assets/icons/tabler/outline/ear-scan.svg,35fefecbcea7c2ab157ecb349d8773b0104167b6479cdb5f2295e27a70640cbd,0 0 24 24,XML VALID — VISUAL REVIEW PENDING
assets/icons/tabler/outline/ear.svg,0e3c26785764a649b23ee1e88447ec169eb72fc20dfcee46a740adca988dc50a,0 0 24 24,XML VALID — VISUAL REVIEW PENDING
assets/icons/tabler/outline/ease-in-control-point.svg,5cb7374ab8a020c89afc239860bf426072823b3fdf7b420111010f52e86212d7,0 0 24 24,XML VALID — VISUAL REVIEW PENDING
assets/icons/tabler/outline/ease-in-out-control-points.svg,a8b9f095ed95c9eddedd921f6f781ba35c18355f831011ca183bf8d59ff38c0f,0 0 24 24,XML VALID — VISUAL REVIEW PENDING
assets/icons/tabler/outline/ease-in-out.svg,fb396836acafeec4ece697856b85c4792ee7eed54e10f522b6fc8252ec224317,0 0 24 24,XML VALID — VISUAL REVIEW PENDING
assets/icons/tabler/outline/ease-in.svg,63f4d32e3434e851d103f20bad75c8cbb01fe545823b72df9d176c1c1e0946c7,0 0 24 24,XML VALID — VISUAL REVIEW PENDING
assets/icons/tabler/outline/ease-out-control-point.svg,f4582d9e711bf8076d63e91f86c1ef8d256fcabe05ea1cd8fee4b6b16541a9cf,0 0 24 24,XML VALID — VISUAL REVIEW PENDING
assets/icons/tabler/outline/ease-out.svg,670e89ef91eae1a8d3d4b8b7377b4555fe9c0ce7a2d8f200b5f0cc19818df2cd,0 0 24 24,XML VALID — VISUAL REVIEW PENDING
assets/icons/tabler/outline/edit-circle-off.svg,1886c81de31725598f3b3a7ae4b12a386886ffb920b29392b02c231057667454,0 0 24 24,XML VALID — VISUAL REVIEW PENDING
assets/icons/tabler/outline/edit-circle.svg,5a345cf3fe7a33a0496a80c5de81cb71f5c7daba23935d8ec5ce6e159d7ddbb0,0 0 24 24,XML VALID — VISUAL REVIEW PENDING
assets/icons/tabler/outline/edit-off.svg,4911440158809262ff6694088c0c00f1290273e69a243c7e4a758aa36fec21a6,0 0 24 24,XML VALID — VISUAL REVIEW PENDING
assets/icons/tabler/outline/edit.svg,67f2a755b62314667e6feeb78625a3936aa7311f47211fa68a6614540d14fdba,0 0 24 24,XML VALID — VISUAL REVIEW PENDING
assets/icons/tabler/outline/egg-cracked.svg,1946e21961877b377795b1410463f78288cc49f42ca8142aa6ddbdd4e3b7c5b2,0 0 24 24,XML VALID — VISUAL REVIEW PENDING
assets/icons/tabler/outline/egg-fried.svg,47be5cb1ce7031b81e3676c9aa5943b44e85b6ae838aff0fcce6cbac80af7623,0 0 24 24,XML VALID — VISUAL REVIEW PENDING
assets/icons/tabler/outline/egg-off.svg,77d2d2e0e7b5ba18bae0cf31a8cb8bc499abf718a000adfa3b7df003d30777fa,0 0 24 24,XML VALID — VISUAL REVIEW PENDING
assets/icons/tabler/outline/egg.svg,2aa7b917e43443acbfe08a56d0e8507f2267391fe04aff5c2e3a2271721d4488,0 0 24 24,XML VALID — VISUAL REVIEW PENDING
assets/icons/tabler/outline/eggs.svg,02d1a57066fe983abd868d7eb70b1b0441cf7b4a6d8d0fba3a3fb14fe9f29266,0 0 24 24,XML VALID — VISUAL REVIEW PENDING
assets/icons/tabler/outline/elevator-off.svg,e4f8ea9b6ff48fa6a5570df606dfbb9e503c83145f8aa2f8f00d0e598d8e81d4,0 0 24 24,XML VALID — VISUAL REVIEW PENDING
assets/icons/tabler/outline/elevator.svg,b83e7613c08e36c65da59fe35dd6884a2939ade6a02bf8a29e614e5ff065226b,0 0 24 24,XML VALID — VISUAL REVIEW PENDING
assets/icons/tabler/outline/emergency-bed.svg,c7a229d4258b9d30f5dc1b0ad3e2b9624d6cda4d1ab7118d8c20dbcfec8347b2,0 0 24 24,XML VALID — VISUAL REVIEW PENDING
assets/icons/tabler/outline/empathize-off.svg,0cef89decf8067b00e5c2557c0f1901cb9daeeb1278f76209b4dd6184d19f7ac,0 0 24 24,XML VALID — VISUAL REVIEW PENDING
assets/icons/tabler/outline/empathize.svg,2433b58025d07c9508a7984d05cdf368b08245e3b01e28af0124499fee891b87,0 0 24 24,XML VALID — VISUAL REVIEW PENDING
assets/icons/tabler/outline/emphasis.svg,dd7864351b98bff2a2dbcda1124b9d179a9b0881567c738ef6aaed8d8ef1d899,0 0 24 24,XML VALID — VISUAL REVIEW PENDING
assets/icons/tabler/outline/engine-off.svg,baac65daea09b6bd93056d8590e5c1a78a7e2266827f42be49d556f14a37ed73,0 0 24 24,XML VALID — VISUAL REVIEW PENDING
assets/icons/tabler/outline/engine.svg,a902953ec28c89a8e713ff1f03bec716417a6e7abbe4dcd44340b1aca190e827,0 0 24 24,XML VALID — VISUAL REVIEW PENDING
assets/icons/tabler/outline/equal-double.svg,688d58ed5664d613c3c0612384b60b9f7d16090ea84ed2f55a8c120632c03e1d,0 0 24 24,XML VALID — VISUAL REVIEW PENDING
assets/icons/tabler/outline/equal-not.svg,ad28a178783438f41318257e5361bf0e9fc9aa1dd44f20465d71a3d54d41493c,0 0 24 24,XML VALID — VISUAL REVIEW PENDING
assets/icons/tabler/outline/equal.svg,93dad68522710d51db061a3968bb18209419d476ef7bd790720674eb7be0556a,0 0 24 24,XML VALID — VISUAL REVIEW PENDING
assets/icons/tabler/outline/eraser-off.svg,a637e015da475c501a8be71e2b32b554b207892777c0833e708a2cd0d8cc1a0f,0 0 24 24,XML VALID — VISUAL REVIEW PENDING
assets/icons/tabler/outline/eraser.svg,05aea583905e4be7076ede432863c58668249693684bd79357ee1112b9e75305,0 0 24 24,XML VALID — VISUAL REVIEW PENDING
assets/icons/tabler/outline/error-404-off.svg,c15b4b0c38de90059602d9bd996d07dfaa535e4bfbe0ef459e09d368ab48889e,0 0 24 24,XML VALID — VISUAL REVIEW PENDING
assets/icons/tabler/outline/error-404.svg,828430400115e118e22e90b63e5e03029c51209c0335433d4f2e0bb2a32921d3,0 0 24 24,XML VALID — VISUAL REVIEW PENDING
assets/icons/tabler/outline/escalator-down.svg,d602119f83668cf32104fb26bafbbb6297e473e4f7c1a841f687701aa64fadfd,0 0 24 24,XML VALID — VISUAL REVIEW PENDING
assets/icons/tabler/outline/escalator-up.svg,14702aad5a2216e5763ea3d83f2d700d45669e7933677d8a118fac178459f09f,0 0 24 24,XML VALID — VISUAL REVIEW PENDING
assets/icons/tabler/outline/escalator.svg,ebdab535279d2fa88a24f448812b0cd0327eccacebb15ee74bcd56489268e26d,0 0 24 24,XML VALID — VISUAL REVIEW PENDING
assets/icons/tabler/outline/exchange-off.svg,ada7b12fdf9da294302075f2b2331a6975cf7815d43320e2956aaa365936385e,0 0 24 24,XML VALID — VISUAL REVIEW PENDING
assets/icons/tabler/outline/exchange.svg,daa60c7867d0e7fecbae388492a55d2fd67a34db6bc056b5eac6c42ce35d854a,0 0 24 24,XML VALID — VISUAL REVIEW PENDING
assets/icons/tabler/outline/exclamation-circle.svg,a09578ccff43e2bd256159b0cb66dfccc5ca86da389ffefeff3b1e4aba911318,0 0 24 24,XML VALID — VISUAL REVIEW PENDING
assets/icons/tabler/outline/exclamation-mark-off.svg,4469887f14abf0bb4f5573bd36452373b9aa04c961916afb08b3c406665fb10f,0 0 24 24,XML VALID — VISUAL REVIEW PENDING
assets/icons/tabler/outline/exclamation-mark.svg,6fbd9239127400659aede4c83ca4521b2aee2e8cec2eb8b9bd25022cdad73f07,0 0 24 24,XML VALID — VISUAL REVIEW PENDING
assets/icons/tabler/outline/explicit-off.svg,b308605d10d8d4fdb91f14dee7cc1916ac172363d020cbfa0792531b3b36b904,0 0 24 24,XML VALID — VISUAL REVIEW PENDING
assets/icons/tabler/outline/explicit.svg,2a82353b81533f54d546af7579673da705d60dea9809e893c21e99646e2a9f2c,0 0 24 24,XML VALID — VISUAL REVIEW PENDING
assets/icons/tabler/outline/exposure-0.svg,02eb15bfd9586c424f29a9ae1f6891c3b1de5a9720a092e99fdfc2c45350970b,0 0 24 24,XML VALID — VISUAL REVIEW PENDING
assets/icons/tabler/outline/exposure-minus-1.svg,ec97c8044d59f1843aabee3b7a87542beba39c3a691d0b1e9078f280ed87e441,0 0 24 24,XML VALID — VISUAL REVIEW PENDING
assets/icons/tabler/outline/exposure-minus-2.svg,ed286bf34e6c720e1e45b7a52dad8f256d0d863e0d1812805921e7a4737ea0ea,0 0 24 24,XML VALID — VISUAL REVIEW PENDING
assets/icons/tabler/outline/exposure-off.svg,6bdea2a54e1ef253ceaa8c4ef2bd77bfd66460f53dea042f20bac57407b99a41,0 0 24 24,XML VALID — VISUAL REVIEW PENDING
assets/icons/tabler/outline/exposure-plus-1.svg,85b7c568c882f59e8a5f5e069664b2e3f9d26a6db64584a4707c82d5071ffdd0,0 0 24 24,XML VALID — VISUAL REVIEW PENDING
assets/icons/tabler/outline/exposure-plus-2.svg,6f2c5c3f1424e0f043cfa77a3195f410363e9d687d5392c6f87ca6fb1879565d,0 0 24 24,XML VALID — VISUAL REVIEW PENDING
assets/icons/tabler/outline/exposure.svg,a78d120b0b7b6802fb3e69188af362282ad83c6b059be3e16544aa2f36653a18,0 0 24 24,XML VALID — VISUAL REVIEW PENDING
assets/icons/tabler/outline/external-link-off.svg,22a296f73110c18bd20e97b4d7631d3d39e1b5075779a4296acdf9684e9e9c7e,0 0 24 24,XML VALID — VISUAL REVIEW PENDING
assets/icons/tabler/outline/external-link.svg,9ceb915a47d92cf53cc583701661ab0ff32616a75260a001003b378474f9cffa,0 0 24 24,XML VALID — VISUAL REVIEW PENDING
assets/icons/tabler/outline/eye-bitcoin.svg,775b4fb566f2ef8ef0930876aab446c2896c9ece519c7f5c75af373c8e4f96db,0 0 24 24,XML VALID — VISUAL REVIEW PENDING
assets/icons/tabler/outline/eye-bolt.svg,c357d89be814852e679768b4c8cd2fd0f11b0955d1ff4453a739d21d514cf4a7,0 0 24 24,XML VALID — VISUAL REVIEW PENDING
assets/icons/tabler/outline/eye-cancel.svg,6849ec51ea415d5a33b6bff52a82ec7d31d99567f57078ca961a20bec63398a7,0 0 24 24,XML VALID — VISUAL REVIEW PENDING
assets/icons/tabler/outline/eye-check.svg,3c2e7c3a67bd77db684c5268f77238e57f64250f8a9f762eeb6774b12836572d,0 0 24 24,XML VALID — VISUAL REVIEW PENDING
assets/icons/tabler/outline/eye-closed.svg,1d5919f4765478a737308066f08fd667b3e66aeda1ee52f6edbecee352d0b6e2,0 0 24 24,XML VALID — VISUAL REVIEW PENDING
assets/icons/tabler/outline/eye-code.svg,c9628f87611718fa6e0d68a1111c6a7d62a7d4de38b857b6b46c7627e38a3aa9,0 0 24 24,XML VALID — VISUAL REVIEW PENDING
assets/icons/tabler/outline/eye-cog.svg,2e5c4bdba3210e0ff875dd59529a7ffee8f53052ba7608266d4068c628f429b7,0 0 24 24,XML VALID — VISUAL REVIEW PENDING
assets/icons/tabler/outline/eye-discount.svg,608bcc2d8381cf62c1415d4963032299843b61ac53772570268a050e4e534550,0 0 24 24,XML VALID — VISUAL REVIEW PENDING
assets/icons/tabler/outline/eye-dollar.svg,b27c5314f2e3d82fbeac8f76ab8b15f3ba603fd5953745503090bf96b5493b27,0 0 24 24,XML VALID — VISUAL REVIEW PENDING
assets/icons/tabler/outline/eye-dotted.svg,a51373fbd6a2d51bb58ec45bd123296b9972b6d325d59202027cc8c35b7abab2,0 0 24 24,XML VALID — VISUAL REVIEW PENDING
assets/icons/tabler/outline/eye-down.svg,8265a4808dcb10631bfe1967bc07c8d87cabd7a304a6b77e196d2701a52fffa5,0 0 24 24,XML VALID — VISUAL REVIEW PENDING
assets/icons/tabler/outline/eye-edit.svg,eb14090489f908aaca56e8cadf973542a4cca94f937e57ad495a633777c3f1e5,0 0 24 24,XML VALID — VISUAL REVIEW PENDING
assets/icons/tabler/outline/eye-exclamation.svg,6bb6b5b05bfa9b02285b533624d532922f17312cdaef07df0fc63651e2e36df6,0 0 24 24,XML VALID — VISUAL REVIEW PENDING
assets/icons/tabler/outline/eye-heart.svg,f0b49fb91d30b98d779904acbb274352a85e7feacecf9b3f0d866519a6525e00,0 0 24 24,XML VALID — VISUAL REVIEW PENDING
assets/icons/tabler/outline/eye-minus.svg,a2b71453e2b4d48328c3e01c3d49ff4e7f461a363eb3819f9fb9d742f2def9e9,0 0 24 24,XML VALID — VISUAL REVIEW PENDING
assets/icons/tabler/outline/eye-off.svg,015ab39d273f0bab802f2c3743c2005b0dfaa9215d89a5d8128607936c1eff03,0 0 24 24,XML VALID — VISUAL REVIEW PENDING
assets/icons/tabler/outline/eye-pause.svg,b8d081b0d24238b4b4fd56d79905b9c35920ffe1aae908c26ac480027c29217c,0 0 24 24,XML VALID — VISUAL REVIEW PENDING
assets/icons/tabler/outline/eye-pin.svg,c1081e5626a189bebc7007d0cf69de98567f932e2e97ced79e971dbfeaa5b4cf,0 0 24 24,XML VALID — VISUAL REVIEW PENDING
assets/icons/tabler/outline/eye-plus.svg,a15ef9ff64f99b5eb970e2e72c83d43d90fe0a60692bd8bedd0cec430a1c46bd,0 0 24 24,XML VALID — VISUAL REVIEW PENDING
assets/icons/tabler/outline/eye-question.svg,bb08a020b384f214bce9ab65dd77247332f558c707a683fe8d52826d08896ac2,0 0 24 24,XML VALID — VISUAL REVIEW PENDING
assets/icons/tabler/outline/eye-search.svg,ed29dbdd583712fec8a04fa0513c066ea90b9c7c6c70bb4fcc65179282af8d0f,0 0 24 24,XML VALID — VISUAL REVIEW PENDING
assets/icons/tabler/outline/eye-share.svg,c55af9686f7361f274dfdba09374ce7b8249fc840707a65c6d33192c36e97f72,0 0 24 24,XML VALID — VISUAL REVIEW PENDING
assets/icons/tabler/outline/eye-spark.svg,fddef435a49548a50abd3c903d11454edb77fd8cf00b0b44b6eba80e0fc964e2,0 0 24 24,XML VALID — VISUAL REVIEW PENDING
assets/icons/tabler/outline/eye-star.svg,db0f115f71bfac43320b2095ad9db4d98c001c278eaf9f7910257da8176414b3,0 0 24 24,XML VALID — VISUAL REVIEW PENDING
assets/icons/tabler/outline/eye-table.svg,d934707488110d7cc3751de9ee6703eaaa342ea81fd576178bb39aa77bce4f15,0 0 24 24,XML VALID — VISUAL REVIEW PENDING
assets/icons/tabler/outline/eye-up.svg,9c037fa03fc282f645207bc6464173e19d3a5cace8485e6891c993b9330f69a0,0 0 24 24,XML VALID — VISUAL REVIEW PENDING
assets/icons/tabler/outline/eye-x.svg,2edf15cac2c7c9591b795eab860501a4eebfe6a79cd0ea962fded592b1f06349,0 0 24 24,XML VALID — VISUAL REVIEW PENDING
assets/icons/tabler/outline/eye.svg,4a99b60c52f23f25444b0c6dea6094b04703857a36cc3e099a85fda00b77a91a,0 0 24 24,XML VALID — VISUAL REVIEW PENDING
assets/icons/tabler/outline/eyeglass-2.svg,b006b4693f64d51ad77e03f77ef06b3e479c25c3caff2d8f5cc38526e2052445,0 0 24 24,XML VALID — VISUAL REVIEW PENDING
assets/icons/tabler/outline/eyeglass-off.svg,c42590bf48fc9b16893fd5eca1f31a596b8ad205b50b839c20bbea6038c0cb0e,0 0 24 24,XML VALID — VISUAL REVIEW PENDING
assets/icons/tabler/outline/eyeglass.svg,47ae6e56d3eef38920ff3661cca0f0c4e44a7a6f4cc380eb81086fd1da871e3a,0 0 24 24,XML VALID — VISUAL REVIEW PENDING
assets/icons/tabler/outline/face-id-error.svg,5f621f344e50a7ced0bc272560b0fd5a57c3d884cd6a73e67cea9489f4cb1828,0 0 24 24,XML VALID — VISUAL REVIEW PENDING
assets/icons/tabler/outline/face-id.svg,71650e06830c840b77fa891fdbe9d3b6981c63388363d094753706a73b8ae795,0 0 24 24,XML VALID — VISUAL REVIEW PENDING
assets/icons/tabler/outline/face-mask-off.svg,81176f4da430c8e0ddcb4c0bf4215b8c74d7291138aa9711b0f0f49e074a6c69,0 0 24 24,XML VALID — VISUAL REVIEW PENDING
assets/icons/tabler/outline/face-mask.svg,83e66cb7570748e6f1bc944d0978b0d5486601fe52f9670af642ce0403bd0e4e,0 0 24 24,XML VALID — VISUAL REVIEW PENDING
assets/icons/tabler/outline/fall.svg,2641128235b5361a7ff3cba258529dc7fbddf73c0523cc776bbbdb4dab3fe9fb,0 0 24 24,XML VALID — VISUAL REVIEW PENDING
assets/icons/tabler/outline/favicon.svg,c790f48eeedd7397f32977bfa0f3eea09c0a96f5d1a67179df76746e53569d62,0 0 24 24,XML VALID — VISUAL REVIEW PENDING
assets/icons/tabler/outline/feather-off.svg,c12230481d2bc467b905eb277a2b2c68dd0e074069749c50a2cdf5421afc0fec,0 0 24 24,XML VALID — VISUAL REVIEW PENDING
assets/icons/tabler/outline/feather.svg,6a9976467bd560c67a22b4f67baaa1bcbec861fb2b7b1b88e47a8215b8ff5d9d,0 0 24 24,XML VALID — VISUAL REVIEW PENDING
assets/icons/tabler/outline/fence-off.svg,e651b15ca06efd13e42f78be3508f3c1944124554c5e9741ddd6ee0d26ff8b03,0 0 24 24,XML VALID — VISUAL REVIEW PENDING
assets/icons/tabler/outline/fence.svg,42f10a1daf5ee3a39db0373d8764eff169fcffae9499ef8c38823d8d3b927edc,0 0 24 24,XML VALID — VISUAL REVIEW PENDING
assets/icons/tabler/outline/ferry.svg,c908945b2f09dc91cf2aab4d95036527123db7fa0bf4749994c421afefd087a1,0 0 24 24,XML VALID — VISUAL REVIEW PENDING
assets/icons/tabler/outline/fidget-spinner.svg,22ef5b4df7574b829dc23e597ce0972c5c9f5517b2f8e6e2b96bb43050391732,0 0 24 24,XML VALID — VISUAL REVIEW PENDING
assets/icons/tabler/outline/file-3d.svg,a317e73674070abdb5d48c5aa543a3dcfe7c1fc647926fc1e12084ed6d5c560e,0 0 24 24,XML VALID — VISUAL REVIEW PENDING
assets/icons/tabler/outline/file-ai.svg,7e437d901ce8c1694c9f28709221e67aa82623d0d3c811e5da5a9cdeef77c3bf,0 0 24 24,XML VALID — VISUAL REVIEW PENDING
assets/icons/tabler/outline/file-alert.svg,63b6ff3f5e4c0d166957f7c0f42230ab6da4344e0b72a62960f5e775994a3b08,0 0 24 24,XML VALID — VISUAL REVIEW PENDING
assets/icons/tabler/outline/file-analytics.svg,d23edec4e67a21151f4d94f00d42cbc1e9ac1227059a5fa1f2a9ee891e2b9bde,0 0 24 24,XML VALID — VISUAL REVIEW PENDING
assets/icons/tabler/outline/file-arrow-left.svg,9f51852802b2f0f756919cf9440d33b206da40340326b27f75f6004cff0032e0,0 0 24 24,XML VALID — VISUAL REVIEW PENDING
assets/icons/tabler/outline/file-arrow-right.svg,716e09a2844fbdeeb537617ebebb16387b25ec515378e29eb2f42d71fa3c7b43,0 0 24 24,XML VALID — VISUAL REVIEW PENDING
assets/icons/tabler/outline/file-barcode.svg,7f1225704c6c170ed9f78ed2f57c62fe97414d9f6880fefdd94dc1195c8040e9,0 0 24 24,XML VALID — VISUAL REVIEW PENDING
assets/icons/tabler/outline/file-bitcoin.svg,460af05e2629054796d7334c638b54afd54b2bf1b992df92fe6818170e368f9d,0 0 24 24,XML VALID — VISUAL REVIEW PENDING
assets/icons/tabler/outline/file-broken.svg,15601e22e6501934d5b8f567c30da546f65cac07335d1f5f2657e44840941922,0 0 24 24,XML VALID — VISUAL REVIEW PENDING
assets/icons/tabler/outline/file-certificate.svg,db9cba06e85cf371de92e75c8d958d95fdb71e32ae845d9fa5ab7f6c3ba22f74,0 0 24 24,XML VALID — VISUAL REVIEW PENDING
assets/icons/tabler/outline/file-chart.svg,64d3999ca7e841e50eb75a67c0131c858b017af608d5bfa431417ad9e50a975d,0 0 24 24,XML VALID — VISUAL REVIEW PENDING
assets/icons/tabler/outline/file-check.svg,9a01c23f9f73dad640f09368fe38475d2dff7ffb3986988a2546e896d9fe5fde,0 0 24 24,XML VALID — VISUAL REVIEW PENDING
assets/icons/tabler/outline/file-code-2.svg,93657c40cd839798d5ab8f4284401854d71b3f7f1814493033b13b1b448cd856,0 0 24 24,XML VALID — VISUAL REVIEW PENDING
assets/icons/tabler/outline/file-code.svg,c3884b03c5dd004fd87c2955a55ac1a265c31325a9249800b040341651355ee7,0 0 24 24,XML VALID — VISUAL REVIEW PENDING
assets/icons/tabler/outline/file-cv.svg,06beddfb6e16c4db5e3a3d64b15c6a42e5a92a32f076adaa47817a7d3ca6b5d0,0 0 24 24,XML VALID — VISUAL REVIEW PENDING
assets/icons/tabler/outline/file-database.svg,f4b61d6facfba7e13cb7c959c9a805052f0e55e22f864a40eb20fead60a214e6,0 0 24 24,XML VALID — VISUAL REVIEW PENDING
assets/icons/tabler/outline/file-delta.svg,60a490723f8ae71e8e4e3a296b4d7cf42bbff41664e56bc0ffefbad5cfb1407e,0 0 24 24,XML VALID — VISUAL REVIEW PENDING
assets/icons/tabler/outline/file-description.svg,0b0191bb687e12883aed213aad1f4b92f030175d08edbf5575d5415721c3c226,0 0 24 24,XML VALID — VISUAL REVIEW PENDING
assets/icons/tabler/outline/file-diff.svg,3c8867a61c24d6aa059ae6428b146fb63776800d763bfd12e6041c8f8af3cee7,0 0 24 24,XML VALID — VISUAL REVIEW PENDING
assets/icons/tabler/outline/file-digit.svg,f9359b4a782928b7830fa764f3d8747e91bb746d673677e5f38a725332003c55,0 0 24 24,XML VALID — VISUAL REVIEW PENDING
assets/icons/tabler/outline/file-dislike.svg,652f46630723cd881264622a0113a24c59c9632e6957e4a99a3f0786cb494050,0 0 24 24,XML VALID — VISUAL REVIEW PENDING
assets/icons/tabler/outline/file-dollar.svg,1b0bbbe0110f0769ad746b8db259c374d8eaee546b6801cffccb0ef4574c4db7,0 0 24 24,XML VALID — VISUAL REVIEW PENDING
assets/icons/tabler/outline/file-dots.svg,f1d4eb4a8b4d90329d8a7801d179b42114726f6ef62e88c03af8979c7ee88053,0 0 24 24,XML VALID — VISUAL REVIEW PENDING
assets/icons/tabler/outline/file-download.svg,e22f54f9cb5ad039b73f41f36c1c2694cc317d5c78938182ec41c2ace0052b61,0 0 24 24,XML VALID — VISUAL REVIEW PENDING
assets/icons/tabler/outline/file-euro.svg,245175843f248c33ed2ef3beb819090e5c8f318aba253871e52bd3aaaf00a19a,0 0 24 24,XML VALID — VISUAL REVIEW PENDING
assets/icons/tabler/outline/file-excel.svg,f86223f709b05604d279c17fb731c78b112ce442488c5cf80d46d383a4a494c9,0 0 24 24,XML VALID — VISUAL REVIEW PENDING
assets/icons/tabler/outline/file-export.svg,fefc70992559fedf0142e71790249e4832819ca16331d30b50abcb53d8e81d95,0 0 24 24,XML VALID — VISUAL REVIEW PENDING
assets/icons/tabler/outline/file-function.svg,2797fd033ab9dc18f3c87933751379cf552453b5fa71930c5169702a83df18c0,0 0 24 24,XML VALID — VISUAL REVIEW PENDING
assets/icons/tabler/outline/file-horizontal.svg,ef9f6b093629ed63890615e95ab2217d49d09a29d7d02ef5a0fbf0050dfcabb9,0 0 24 24,XML VALID — VISUAL REVIEW PENDING
assets/icons/tabler/outline/file-import.svg,c4bd8ecdbdd7081b8344155ca2a115240725e1475b15af87f968b55a035c7148,0 0 24 24,XML VALID — VISUAL REVIEW PENDING
assets/icons/tabler/outline/file-infinity.svg,2e2e65ed57d7f8beed6bdb068f938ea756e639151e46f45e168ef547f90ef31d,0 0 24 24,XML VALID — VISUAL REVIEW PENDING
assets/icons/tabler/outline/file-info.svg,9a4de938cb00b2e18f0c1951c159ace2c213f75bead8897ca75aeda10c688fbe,0 0 24 24,XML VALID — VISUAL REVIEW PENDING
assets/icons/tabler/outline/file-invoice.svg,d2c9828ffc40d0837572ebd211c9affb76e2a6559237ac4a512acc848e4ce37c,0 0 24 24,XML VALID — VISUAL REVIEW PENDING
assets/icons/tabler/outline/file-isr.svg,dd73abdcd57aaaaf3ac591a056bf2c91a66d0a7a5c8dfbe405f672b071209c6e,0 0 24 24,XML VALID — VISUAL REVIEW PENDING
assets/icons/tabler/outline/file-lambda.svg,bf9f9cc17b3a946a93ec7410cda8953ae5a4caf53b965b9fdd54829e6f8b5c26,0 0 24 24,XML VALID — VISUAL REVIEW PENDING
assets/icons/tabler/outline/file-like.svg,4713d0173f2102e00edcd54412ed1c3455aef2f8e6823529b7e785eb0f334ddc,0 0 24 24,XML VALID — VISUAL REVIEW PENDING
assets/icons/tabler/outline/file-minus.svg,113b8d2fa2095c4debb68bdf187999d3c9a12b600f1865f04419d2323b829308,0 0 24 24,XML VALID — VISUAL REVIEW PENDING
assets/icons/tabler/outline/file-music.svg,1c651e78da3fec3973e828b15f6a734c07396b02264637a70c16cec45ae8dab8,0 0 24 24,XML VALID — VISUAL REVIEW PENDING
assets/icons/tabler/outline/file-neutral.svg,a4312f049a9df5865190538294b3cbca4535c64302e2ecc31ac4f602cc3d8b4c,0 0 24 24,XML VALID — VISUAL REVIEW PENDING
assets/icons/tabler/outline/file-off.svg,dca6b2290bb7ff03971608d401413660be7cf5fdb3cfcde32585270e67366199,0 0 24 24,XML VALID — VISUAL REVIEW PENDING
assets/icons/tabler/outline/file-orientation.svg,4e09a2e9132db23cc6983d377fafe8ac281d38b320fa2f4546ce3b24b5f2be21,0 0 24 24,XML VALID — VISUAL REVIEW PENDING
assets/icons/tabler/outline/file-pencil.svg,c8c8ef6e187f57e9d3a2b2f0284fac176b10cb06295990c3a711df3c45618d64,0 0 24 24,XML VALID — VISUAL REVIEW PENDING
assets/icons/tabler/outline/file-percent.svg,aca512544343005cb2869fff642d9a7d7c6f985c40892fcec55373089bfd41e5,0 0 24 24,XML VALID — VISUAL REVIEW PENDING
assets/icons/tabler/outline/file-phone.svg,070b3749ed475bfaa75aa3a93747d92a044bb1cd00912a3f68ea280577008d72,0 0 24 24,XML VALID — VISUAL REVIEW PENDING
assets/icons/tabler/outline/file-plus.svg,76fca3fa061af1fbfd921ea6d1b11804e43f4fe7d548660e30baa5a4d2fdf439,0 0 24 24,XML VALID — VISUAL REVIEW PENDING
assets/icons/tabler/outline/file-power.svg,22af6cbc0cf3b6185f66cec2de823c3c1e9b3854647dbf5a247fffb705b2722c,0 0 24 24,XML VALID — VISUAL REVIEW PENDING
assets/icons/tabler/outline/file-report.svg,ec2ee0ab880737def9d79c0841f20f6327cc1ce53850a8c90ae492dcddc9f64b,0 0 24 24,XML VALID — VISUAL REVIEW PENDING
assets/icons/tabler/outline/file-rss.svg,ecbb9cdea567f4817ea3ea412f3ded61a6f754afcff61d10d7bee6df43d6e7b9,0 0 24 24,XML VALID — VISUAL REVIEW PENDING
assets/icons/tabler/outline/file-sad.svg,45431b915b7f8110cb481033d08e16e32726cdd403502b1d5ad5e85a6e8d9bf8,0 0 24 24,XML VALID — VISUAL REVIEW PENDING
assets/icons/tabler/outline/file-scissors.svg,3e69893d36765fbbd6511d9ed8acac1a292b32ba3798fea961308a41e6ae9632,0 0 24 24,XML VALID — VISUAL REVIEW PENDING
assets/icons/tabler/outline/file-search.svg,1835b0b03f00684c74b4e4a0a8d63b926d27fc7b5fb752df1e72930e25421883,0 0 24 24,XML VALID — VISUAL REVIEW PENDING
assets/icons/tabler/outline/file-settings.svg,b20e8d6894a67c9a576d33df7dd09bd31fe5bf1e04c8907f7aca693fcc8377ee,0 0 24 24,XML VALID — VISUAL REVIEW PENDING
assets/icons/tabler/outline/file-shredder.svg,55a217e9d20269d219ddd11995301e7c12335ec4ef9adbdbde07bb4167339dc0,0 0 24 24,XML VALID — VISUAL REVIEW PENDING
assets/icons/tabler/outline/file-signal.svg,d8b7b68613c5ca95d2aa6f0702f82acd113301655a37cd427ab6b9e1f9d1b06f,0 0 24 24,XML VALID — VISUAL REVIEW PENDING
assets/icons/tabler/outline/file-smile.svg,08e915b18dcfe40948d86b2192d9e6b41c5a76e65864453092269dd4003e5a11,0 0 24 24,XML VALID — VISUAL REVIEW PENDING
assets/icons/tabler/outline/file-spark.svg,d98f3ea2e481359fa7c8def91b969e3ce2f8295ccc8d068474519ed455f4de26,0 0 24 24,XML VALID — VISUAL REVIEW PENDING
assets/icons/tabler/outline/file-spreadsheet.svg,3c95b4d2014408feb2c0fc27a3c6eeaa0cf428d4cf2683e59e129aa22d706b4b,0 0 24 24,XML VALID — VISUAL REVIEW PENDING
assets/icons/tabler/outline/file-stack.svg,a31479a03882ec2fc373443eae351f0712a606d8f2ba0a840e9999122e6d88c9,0 0 24 24,XML VALID — VISUAL REVIEW PENDING
assets/icons/tabler/outline/file-star.svg,2f2dfd3a4c21bed14fe3c30d15a4f1682989ba0877eac62114db72d7608ab7a1,0 0 24 24,XML VALID — VISUAL REVIEW PENDING
assets/icons/tabler/outline/file-symlink.svg,80464a4844a08bfe0cf35f49f5c4fa2dd0cdbfaaca6e47e9c47386e2c940fe3b,0 0 24 24,XML VALID — VISUAL REVIEW PENDING
assets/icons/tabler/outline/file-text-ai.svg,6fe375c914953ee2ad1a5d5ff9dea8ddeecc120325e171efde4fb2ae846ccbf6,0 0 24 24,XML VALID — VISUAL REVIEW PENDING
assets/icons/tabler/outline/file-text-shield.svg,6988bf235aa4c15410f4a1657176700cc5ff0a653d478d645943f5565523127c,0 0 24 24,XML VALID — VISUAL REVIEW PENDING
assets/icons/tabler/outline/file-text-spark.svg,077b22e0297880a14854b318b9bb170ff036c1966b0733b74924b8cae579dc43,0 0 24 24,XML VALID — VISUAL REVIEW PENDING
assets/icons/tabler/outline/file-text.svg,a90fb0a1c59bbe5d20de1c5600929f83a8da038b6c95c17eb4879f5cf078f72e,0 0 24 24,XML VALID — VISUAL REVIEW PENDING
assets/icons/tabler/outline/file-time.svg,eb5c82bf4247dcc9cc3371337359f0696375204f8fe3f638628a69ef9a5fe67e,0 0 24 24,XML VALID — VISUAL REVIEW PENDING
assets/icons/tabler/outline/file-type-bmp.svg,1475481ab1940cb1c92775336fb201500bb6bcef561308175a62201161e62a09,0 0 24 24,XML VALID — VISUAL REVIEW PENDING
assets/icons/tabler/outline/file-type-css.svg,f4d2e744fc9794316a358bfcf8a0386b32292b82b364a12ccb842ae460b7df8a,0 0 24 24,XML VALID — VISUAL REVIEW PENDING
assets/icons/tabler/outline/file-type-csv.svg,ffc77f73efe9ef22b9f7b6bbce54d12e2ac7041ad0d9926589e77ec882f0bfd0,0 0 24 24,XML VALID — VISUAL REVIEW PENDING
assets/icons/tabler/outline/file-type-doc.svg,ca143b7f7a6f0057d0da0fbbaaf3787dc3784084232b39b2e727d56a7b597b19,0 0 24 24,XML VALID — VISUAL REVIEW PENDING
assets/icons/tabler/outline/file-type-docx.svg,f63de7caf6301902e36539acc1fd3573e8d3a50e39ebbff71b33e915e2178882,0 0 24 24,XML VALID — VISUAL REVIEW PENDING
assets/icons/tabler/outline/file-type-html.svg,922e028fd0efd39bf17ef987544bf9d81bf13dce70172aab2d0c7f3101dcf481,0 0 24 24,XML VALID — VISUAL REVIEW PENDING
assets/icons/tabler/outline/file-type-jpg.svg,f2f6c90f6707abbfd25200ce7b0406bd79cd706586d3d87ef67c47386f4695be,0 0 24 24,XML VALID — VISUAL REVIEW PENDING
assets/icons/tabler/outline/file-type-js.svg,eda35330369e663160ba43dd3e5ae725dc5fa10692514a7abc4add83ba51530c,0 0 24 24,XML VALID — VISUAL REVIEW PENDING
assets/icons/tabler/outline/file-type-jsx.svg,60368e37ceddd6e10c3d42b019a1538eeeb7ea4c5494caad2e1f404f200a2403,0 0 24 24,XML VALID — VISUAL REVIEW PENDING
assets/icons/tabler/outline/file-type-pdf.svg,fff7b89d4b6201f3894115128eef46c8f026489cda212f72481da4ae138324e9,0 0 24 24,XML VALID — VISUAL REVIEW PENDING
assets/icons/tabler/outline/file-type-php.svg,3230a9c448135f34151a3fbe170095c6b9547a5a99e28a4cdfde8a395a47530b,0 0 24 24,XML VALID — VISUAL REVIEW PENDING
assets/icons/tabler/outline/file-type-png.svg,d87aa099642e6b0d2520dec512c3c85fd7fdee3f930a1c34a40cd53aaa5ace1c,0 0 24 24,XML VALID — VISUAL REVIEW PENDING
assets/icons/tabler/outline/file-type-ppt.svg,05274595eed955da2dec1b0cd599a57887d78ddc72639441a4ce7c2285c3ace4,0 0 24 24,XML VALID — VISUAL REVIEW PENDING
assets/icons/tabler/outline/file-type-rs.svg,9f518a89af9e905e4eacb23116e3d18f011b747efe91ce48c47d0be706fb8a9d,0 0 24 24,XML VALID — VISUAL REVIEW PENDING
assets/icons/tabler/outline/file-type-sql.svg,b4b66b7bc24e8019592273db942b43d96d99e9888eafbc453d161eb4647c6a7b,0 0 24 24,XML VALID — VISUAL REVIEW PENDING
assets/icons/tabler/outline/file-type-svg.svg,1b32b408562be759f270764e9221708f88ef5fe9d0a16b433a60484e02b5f601,0 0 24 24,XML VALID — VISUAL REVIEW PENDING
assets/icons/tabler/outline/file-type-ts.svg,20bc671a6cdbe490c457d7836da9ae0c3422075100a199a936bf923cbf7f0599,0 0 24 24,XML VALID — VISUAL REVIEW PENDING
assets/icons/tabler/outline/file-type-tsx.svg,bd1ab8d278d882a00942938e7e9f9718ae8866bb3ea26874ceb61b48fe92d81f,0 0 24 24,XML VALID — VISUAL REVIEW PENDING
assets/icons/tabler/outline/file-type-txt.svg,59728da726b97932dc21070a5b4dc04819d2164127a242a5d9fe859c60e10075,0 0 24 24,XML VALID — VISUAL REVIEW PENDING
assets/icons/tabler/outline/file-type-vue.svg,f31ec1c0eaca774b91f7f1ef7b960587be9af8989459429fb97ec722084c75e8,0 0 24 24,XML VALID — VISUAL REVIEW PENDING
assets/icons/tabler/outline/file-type-xls.svg,0fc78c34933fc3678997c6cfe004bf9d62092d13d1719577d6a239c34dc56882,0 0 24 24,XML VALID — VISUAL REVIEW PENDING
assets/icons/tabler/outline/file-type-xml.svg,f621aa0c63015a7c6ca7d0ee44f1380883d8a2a3608a1718d2ffcb6b02e80b2e,0 0 24 24,XML VALID — VISUAL REVIEW PENDING
assets/icons/tabler/outline/file-type-zip.svg,0720c3890616645910569cf333f862318148f163f1437ec7bda9312fda27a915,0 0 24 24,XML VALID — VISUAL REVIEW PENDING
assets/icons/tabler/outline/file-typography.svg,dd37b3770916b27db394967aeab3c5602eeaeda18a2e5c0ca0c2c81f52ce0cdd,0 0 24 24,XML VALID — VISUAL REVIEW PENDING
assets/icons/tabler/outline/file-unknown.svg,16c12791aadf270ee2be979a26d97f14c0d8ca3fe5b47dab2d1f8ecd641feb2f,0 0 24 24,XML VALID — VISUAL REVIEW PENDING
assets/icons/tabler/outline/file-upload.svg,2ebf83aca4f5f5c825c427d9f0073d014bd0b4e1f9cd822bc6c9b167b665a8f6,0 0 24 24,XML VALID — VISUAL REVIEW PENDING
assets/icons/tabler/outline/file-vector.svg,e73a7d3b6d7562095323353fbefe0ca8c8271e5140be3fea899bd331bd23487d,0 0 24 24,XML VALID — VISUAL REVIEW PENDING
assets/icons/tabler/outline/file-word.svg,5d12bf83b4ed09de81cd6bddcae02aad3a5b1eb25c91f3f888269b55c60ab29d,0 0 24 24,XML VALID — VISUAL REVIEW PENDING
assets/icons/tabler/outline/file-x.svg,d0c24903676cf5ef644f1717941956ac06dc89e07652370778a6ac01fd26f7d9,0 0 24 24,XML VALID — VISUAL REVIEW PENDING
assets/icons/tabler/outline/file-zip.svg,3861992dfcfa474a9901c4019a61c6f19759dbbf8f97b2b304fe225df33a3f6f,0 0 24 24,XML VALID — VISUAL REVIEW PENDING
assets/icons/tabler/outline/file.svg,12338a03e435ca634fa653690f2afde83ad7992647fa21aa75e8ef4572888cfc,0 0 24 24,XML VALID — VISUAL REVIEW PENDING
assets/icons/tabler/outline/files-off.svg,72479f0c32a7ed5e6abfb98b9f3ff983893b7fd726770848ba563fd5e789dadc,0 0 24 24,XML VALID — VISUAL REVIEW PENDING
assets/icons/tabler/outline/files.svg,3c411478dcab6fb9236413623f53fb9bf54839acdd7e320257737591ee38a629,0 0 24 24,XML VALID — VISUAL REVIEW PENDING
assets/icons/tabler/outline/filter-2-bolt.svg,d16b28f19aaf6bdfbfad9edfe905143228f82d25162a47d358d3d358784ce4bb,0 0 24 24,XML VALID — VISUAL REVIEW PENDING
assets/icons/tabler/outline/filter-2-cancel.svg,763077fe3a49d307d3d90bc76156ce9eac8536a5bef885c343537f12cdcbbd36,0 0 24 24,XML VALID — VISUAL REVIEW PENDING
assets/icons/tabler/outline/filter-2-check.svg,a07885504174ba08fe5d314557e2d893a587b5fee091c9fcb74ffc0fe5f588e9,0 0 24 24,XML VALID — VISUAL REVIEW PENDING
assets/icons/tabler/outline/filter-2-code.svg,b44b8721335fe28e290c9af8afaadfb1d105f3c22c4affed0031136def3dcddb,0 0 24 24,XML VALID — VISUAL REVIEW PENDING
assets/icons/tabler/outline/filter-2-cog.svg,21a94579ea5cfe494c2e0b405d2c90954fad6240d9ed40b1bae117975f6a38c0,0 0 24 24,XML VALID — VISUAL REVIEW PENDING
assets/icons/tabler/outline/filter-2-discount.svg,31ef42447d3938f93acda8200c4e260a4c967237da7dcc923d7e51dfafb4e491,0 0 24 24,XML VALID — VISUAL REVIEW PENDING
assets/icons/tabler/outline/filter-2-dollar.svg,7da261514f4acb890c0fd59680cf459a4ee712e8413969b0b2c26ebc22bb2094,0 0 24 24,XML VALID — VISUAL REVIEW PENDING
assets/icons/tabler/outline/filter-2-down.svg,d18bd1b6275d6a16429ec04b37f75da8f80439a6e6b3ad23defc86bd8c6526da,0 0 24 24,XML VALID — VISUAL REVIEW PENDING
assets/icons/tabler/outline/filter-2-edit.svg,e21391b0d0f73cab028794715fabd8b7c2508433a84188891924d5b9b1442601,0 0 24 24,XML VALID — VISUAL REVIEW PENDING
assets/icons/tabler/outline/filter-2-exclamation.svg,093a328105421d49542ce1883ddfea1e7f1d554a9a1123a38692b1e3651118dd,0 0 24 24,XML VALID — VISUAL REVIEW PENDING
assets/icons/tabler/outline/filter-2-minus.svg,ee659b456cbeef382eef85b69326204821c84a9cd9f843707e3648bc3fdba71c,0 0 24 24,XML VALID — VISUAL REVIEW PENDING
assets/icons/tabler/outline/filter-2-pause.svg,1b550ab7f2a5a47604d6f33285ecc4616e59b32cfa3900abc77c72ef7fc2590d,0 0 24 24,XML VALID — VISUAL REVIEW PENDING
assets/icons/tabler/outline/filter-2-pin.svg,ea8f90a385198fb8bb95789c19938b6bb89cf954cc20858eb47376d6c1023de4,0 0 24 24,XML VALID — VISUAL REVIEW PENDING
assets/icons/tabler/outline/filter-2-plus.svg,d8949e83033c793b31608dec818826c57fa65549a6a61ae3aeb869511c44e9a2,0 0 24 24,XML VALID — VISUAL REVIEW PENDING
assets/icons/tabler/outline/filter-2-question.svg,1e81f0e2c47a8b773b4b56ed009799b8e22724c72f5af9077d98da4ef85011c1,0 0 24 24,XML VALID — VISUAL REVIEW PENDING
assets/icons/tabler/outline/filter-2-search.svg,7064ecb95cfb666fe4c48ae5abce48fcb0ccb2b66d4c55e6ca20ef8fc6aaa136,0 0 24 24,XML VALID — VISUAL REVIEW PENDING
assets/icons/tabler/outline/filter-2-share.svg,f463c24a3440ecd44ec3eb29af53bb2825f133f2b0298c2f071b70b5e72b3670,0 0 24 24,XML VALID — VISUAL REVIEW PENDING
assets/icons/tabler/outline/filter-2-spark.svg,a436a57c4714a8aa366c1eadebb3a0ce1d941efd5460c7ee110926a8e3fdbd2c,0 0 24 24,XML VALID — VISUAL REVIEW PENDING
assets/icons/tabler/outline/filter-2-up.svg,3288fa729ceebe89dc3c8bf84b9b1e9539614179e3b87d4aabe0a3a6c2896689,0 0 24 24,XML VALID — VISUAL REVIEW PENDING
assets/icons/tabler/outline/filter-2-x.svg,a6832197577e22a010b5f062883c266c4e671af2f9d4e7789a92e9034d993953,0 0 24 24,XML VALID — VISUAL REVIEW PENDING
assets/icons/tabler/outline/filter-2.svg,3060f0aa2245eb559b4968fbc734c75d9fa87b18ab26384767b3a529858de618,0 0 24 24,XML VALID — VISUAL REVIEW PENDING
assets/icons/tabler/outline/filter-bolt.svg,5cbfe0761f241ef7f8fe2cc623aa2db0660cd7e9e60ae065cf92addfc8f28f6d,0 0 24 24,XML VALID — VISUAL REVIEW PENDING
assets/icons/tabler/outline/filter-cancel.svg,57394962fbbdec70401760a7ecba32d8634bb7e19ef111181bed89fcf6ec0520,0 0 24 24,XML VALID — VISUAL REVIEW PENDING
assets/icons/tabler/outline/filter-check.svg,85fe191c3b8d43b09569f9e512734691a21c94eae05df059fb54e31a9cd51d6d,0 0 24 24,XML VALID — VISUAL REVIEW PENDING
assets/icons/tabler/outline/filter-code.svg,017a2633d413bd4ff3e6117b4def3b541345afa1c26cad9917fc6894ed65470c,0 0 24 24,XML VALID — VISUAL REVIEW PENDING
assets/icons/tabler/outline/filter-cog.svg,e08507b25407e6d4e3e4188c0b4980108be332a4d9686bad6055e3564829595e,0 0 24 24,XML VALID — VISUAL REVIEW PENDING
assets/icons/tabler/outline/filter-discount.svg,4acf93cde72fde0b4f74ba33cfbe386d5f617328ad3631fc77e59566fd40feff,0 0 24 24,XML VALID — VISUAL REVIEW PENDING
assets/icons/tabler/outline/filter-dollar.svg,8615bd6197648bc010fac257ecc44226493fb50210cb77e3702dc6f30fa2b41f,0 0 24 24,XML VALID — VISUAL REVIEW PENDING
assets/icons/tabler/outline/filter-down.svg,20920e9e4a020f73995e9d90b11d353a66f9e4f7ec0639c10a0a43e9837a51c7,0 0 24 24,XML VALID — VISUAL REVIEW PENDING
assets/icons/tabler/outline/filter-edit.svg,447c30f1c4aeec677a91be377d32e3dcf5fbe30dca15cb4928bc3b0cf07c8745,0 0 24 24,XML VALID — VISUAL REVIEW PENDING
assets/icons/tabler/outline/filter-exclamation.svg,dcabf0fdc83909d9dfeea63461b34f674385d39621714247d5b06a0e1b9d607f,0 0 24 24,XML VALID — VISUAL REVIEW PENDING
assets/icons/tabler/outline/filter-heart.svg,08b871ddf9c5f64f954dd2b230ab3d7c3afe236d76b21e6faf9edbff9aac35af,0 0 24 24,XML VALID — VISUAL REVIEW PENDING
assets/icons/tabler/outline/filter-minus.svg,ad06fa6b31b7e558f0efcf39b0c5b045dfb5953d81ae3e28fd144af130cc7d9d,0 0 24 24,XML VALID — VISUAL REVIEW PENDING
assets/icons/tabler/outline/filter-off.svg,2cd654ab89fbd253b5a502187ae172a05be077a6e3972bf4ba05b61064aef287,0 0 24 24,XML VALID — VISUAL REVIEW PENDING
assets/icons/tabler/outline/filter-pause.svg,a88934c14a85238d64800f65f2868c305143da655355eecba4e689c284386eed,0 0 24 24,XML VALID — VISUAL REVIEW PENDING
assets/icons/tabler/outline/filter-pin.svg,c75e738c2e0295fa40400c58c772b300149d65eed9133e8458aa6f4bdd8752ec,0 0 24 24,XML VALID — VISUAL REVIEW PENDING
assets/icons/tabler/outline/filter-plus.svg,1560b89822de6c7ab4693f548f97bf2c361c0b90f2c107be35be427d9c30299b,0 0 24 24,XML VALID — VISUAL REVIEW PENDING
assets/icons/tabler/outline/filter-question.svg,1f1db32673b090843410f67db577c987f31807ad531a5e5041290f8b7cf3ac6f,0 0 24 24,XML VALID — VISUAL REVIEW PENDING
assets/icons/tabler/outline/filter-search.svg,46af6d4722cf71eac06f88766f1462c42743350a3c3183e20c4eafb4823ab126,0 0 24 24,XML VALID — VISUAL REVIEW PENDING
assets/icons/tabler/outline/filter-share.svg,ecfa358f00122e4a77e4e7c4c677b7fc2fbe58d80e375e0805269b7b04068426,0 0 24 24,XML VALID — VISUAL REVIEW PENDING
assets/icons/tabler/outline/filter-spark.svg,6a7733b0efb8443fa857342d1012382203251d38ba845322b4f978f214e0fec9,0 0 24 24,XML VALID — VISUAL REVIEW PENDING
assets/icons/tabler/outline/filter-star.svg,f69bea556d27700251e4e74fa492b7451c9b05a9bfaf0954f46b5cb2f062785c,0 0 24 24,XML VALID — VISUAL REVIEW PENDING
assets/icons/tabler/outline/filter-up.svg,7fed731f2476db75507fe8ef6384b5933ca1def371faff73bcb9b82350247682,0 0 24 24,XML VALID — VISUAL REVIEW PENDING
assets/icons/tabler/outline/filter-x.svg,dc104f0153f404e3fdf76cf4a4680d78551d416b594bce760fa74f58cafdc9de,0 0 24 24,XML VALID — VISUAL REVIEW PENDING
assets/icons/tabler/outline/filter.svg,7e5838667d3e816d1bcdc2de3ca82cf8f22891a784b050b07292d208c02b5d0d,0 0 24 24,XML VALID — VISUAL REVIEW PENDING
assets/icons/tabler/outline/filters.svg,d0aa7b8a8618739295902a2e2907bc254fc4edb3b2890e475616e700be8e1068,0 0 24 24,XML VALID — VISUAL REVIEW PENDING
assets/icons/tabler/outline/fingerprint-off.svg,e20a1b8ebe5cab0883cc15a47173173ce6994a6e6d2bd8e24fff148f57bf87f9,0 0 24 24,XML VALID — VISUAL REVIEW PENDING
assets/icons/tabler/outline/fingerprint-scan.svg,9baac8920ea9b396e9f0974da41dcb4e67dabbd104a0ca2aea6aee625dd504ca,0 0 24 24,XML VALID — VISUAL REVIEW PENDING
assets/icons/tabler/outline/fingerprint.svg,4b7467999d823d2c4c6495ab5e280bf60d98c3fed068435df4a769b012773145,0 0 24 24,XML VALID — VISUAL REVIEW PENDING
assets/icons/tabler/outline/fire-extinguisher.svg,e93d4bcb61a8c88c64ac9753ffa32b98bec61772a423ccc23c4aec92f7c393bc,0 0 24 24,XML VALID — VISUAL REVIEW PENDING
assets/icons/tabler/outline/fire-hydrant-off.svg,844b474ba1b5b1c5e500e88c3c0241d3bfa31c8da63aaaf1c0e398ba6c814615,0 0 24 24,XML VALID — VISUAL REVIEW PENDING
assets/icons/tabler/outline/fire-hydrant.svg,993d1e38013ab674e1ab055bf47b16842a88b74b1e07ea2483c2d2f19a629c64,0 0 24 24,XML VALID — VISUAL REVIEW PENDING
assets/icons/tabler/outline/firetruck.svg,bc1a7f3fd36458e72952d76695ae5c74d82e602553c5353534529f884a3842d9,0 0 24 24,XML VALID — VISUAL REVIEW PENDING
assets/icons/tabler/outline/first-aid-kit-off.svg,b07f0aa69fcf1fa4812b0c5c885d2681e94f75d755fadf276e2963873074636b,0 0 24 24,XML VALID — VISUAL REVIEW PENDING
assets/icons/tabler/outline/first-aid-kit.svg,b68bb8c7a9bad9b0788e961a435e3bb2b5733b7ac74464286a435350ed5f7284,0 0 24 24,XML VALID — VISUAL REVIEW PENDING
assets/icons/tabler/outline/fish-bone.svg,239a5809219b827a69512ae738566749659f50348a4f10e63ed7261ca7febadc,0 0 24 24,XML VALID — VISUAL REVIEW PENDING
assets/icons/tabler/outline/fish-christianity.svg,4f2db5e09d0335f89e03807bcd0d9d8ab8bcf8dd59882255e77c4ec16b599ff8,0 0 24 24,XML VALID — VISUAL REVIEW PENDING
assets/icons/tabler/outline/fish-hook-off.svg,a6975ba24a873840a973624dd58bf80175250ed06b8b2fd3237cf9bbc86eb5de,0 0 24 24,XML VALID — VISUAL REVIEW PENDING
assets/icons/tabler/outline/fish-hook.svg,ac61e3c7ec149eca99208df56c21f0eb9f8b6fcfbb2626d86287106372970dc0,0 0 24 24,XML VALID — VISUAL REVIEW PENDING
assets/icons/tabler/outline/fish-off.svg,7a1759f3a1d809abe174fbde869a7ceee4cf5c886c65c43ed7c6c0ab2fd812c4,0 0 24 24,XML VALID — VISUAL REVIEW PENDING
assets/icons/tabler/outline/fish.svg,18eb0f97a19377f23c418e5b7bc5d2e93aec9e610d77210af687af819eb6e144,0 0 24 24,XML VALID — VISUAL REVIEW PENDING
assets/icons/tabler/outline/flag-2-off.svg,146604b57b6f295b98ebe5dd94e05106c5e8443041af80980b4f4247d34acdc1,0 0 24 24,XML VALID — VISUAL REVIEW PENDING
assets/icons/tabler/outline/flag-2.svg,f85bf36a2490884c8367d8a87674a6e3bec48b8c29d67dc9dc10869ec9431d9e,0 0 24 24,XML VALID — VISUAL REVIEW PENDING
assets/icons/tabler/outline/flag-3.svg,8acb97e680d29b3f050750f07b559d7a3abb562adbeda7b4fab2638b4da46100,0 0 24 24,XML VALID — VISUAL REVIEW PENDING
assets/icons/tabler/outline/flag-bitcoin.svg,4af34fe526bbc94f2a25e3aab33d643c05309b7dcb23a4280ed8a9eb4ce86a0e,0 0 24 24,XML VALID — VISUAL REVIEW PENDING
assets/icons/tabler/outline/flag-bolt.svg,af6fca85721973c5d3549a17184ec08cccacb760d6f85dd291f5a122c6fccf40,0 0 24 24,XML VALID — VISUAL REVIEW PENDING
assets/icons/tabler/outline/flag-cancel.svg,8b394bbfe2c269b63ea3c8956661cca5e08c056f016f20edecdbba50aa7a97ac,0 0 24 24,XML VALID — VISUAL REVIEW PENDING
assets/icons/tabler/outline/flag-check.svg,9b51f53517e9cb4c2c57bc1daf86ead62441986133e56db5da98871e2410136b,0 0 24 24,XML VALID — VISUAL REVIEW PENDING
assets/icons/tabler/outline/flag-code.svg,6c37dd2b13260ceed64c411bf5c41b6edcf4f15969ce9428917c9519f966f721,0 0 24 24,XML VALID — VISUAL REVIEW PENDING
assets/icons/tabler/outline/flag-cog.svg,ab33d1f124063df9497ee44d60c769dca04248b1154defef0ca3cdd4fbff2575,0 0 24 24,XML VALID — VISUAL REVIEW PENDING
