File,SHA256,ViewBox,Disposition
assets/icons/tabler/outline/flag-discount.svg,4d0b2255104b4cd2aa05f23ab2a0fe1f8ef2fb58fc0d0e9ed3517623d9adf174,0 0 24 24,XML VALID — VISUAL REVIEW PENDING
assets/icons/tabler/outline/flag-dollar.svg,bf3a85a1105d2addef5f71b6c63b099039ba5debb903db44bd340a2a254cc07f,0 0 24 24,XML VALID — VISUAL REVIEW PENDING
assets/icons/tabler/outline/flag-down.svg,ee2b40b113347549eb0909756ce204340cfd59925aed2db721ee3ececbdb377b,0 0 24 24,XML VALID — VISUAL REVIEW PENDING
assets/icons/tabler/outline/flag-exclamation.svg,9ecba8369050960efae439599a10cd6ebe44aa3e152cf66b888cdeafc333c1b9,0 0 24 24,XML VALID — VISUAL REVIEW PENDING
assets/icons/tabler/outline/flag-heart.svg,f601c2e7b22f358eb4a889df374e3f22e4b91783e2c9d0b7424e4f8bc8186eb4,0 0 24 24,XML VALID — VISUAL REVIEW PENDING
assets/icons/tabler/outline/flag-minus.svg,b070cc8632cee9bd2b280df60afcdaf5515a27700cc39c2ca1264ad2c89e66a4,0 0 24 24,XML VALID — VISUAL REVIEW PENDING
assets/icons/tabler/outline/flag-off.svg,01385c1ad8d474edc4f3d6bb09b58401db92eafc39a4bd1977c57f8fa3ad8f8c,0 0 24 24,XML VALID — VISUAL REVIEW PENDING
assets/icons/tabler/outline/flag-pause.svg,1b679a504d9e1abe44d311913ce9f803efbdc8d7091d014874bc72b6f38858ac,0 0 24 24,XML VALID — VISUAL REVIEW PENDING
assets/icons/tabler/outline/flag-pin.svg,49802fb30910a215547059bbd460ab31302896cad065836edd749ebef296bf46,0 0 24 24,XML VALID — VISUAL REVIEW PENDING
assets/icons/tabler/outline/flag-plus.svg,717cc6020c8522ebdc3a58a6db88986d783a31854203e589a5c93add6e63c682,0 0 24 24,XML VALID — VISUAL REVIEW PENDING
assets/icons/tabler/outline/flag-question.svg,6097453c485081001fa03c505c758ed40e073e53015eb97cdc6d8acc105a8046,0 0 24 24,XML VALID — VISUAL REVIEW PENDING
assets/icons/tabler/outline/flag-search.svg,a45680cf7d7444f81837402811b4f82adb4a2065a4cb9927f228a1a7ce08b0f7,0 0 24 24,XML VALID — VISUAL REVIEW PENDING
assets/icons/tabler/outline/flag-share.svg,f29525c0042894ead6b1150d838895f1eb63cecfc566e91857fd87cf7902da50,0 0 24 24,XML VALID — VISUAL REVIEW PENDING
assets/icons/tabler/outline/flag-spark.svg,e37a476e12e0ec5a1a3f26d53ad8fc5da3acabe8c49255c103d95f84684db32c,0 0 24 24,XML VALID — VISUAL REVIEW PENDING
assets/icons/tabler/outline/flag-star.svg,57400a09893b43309adc37aee8fc8523172f0077671d31febfcc22fa164b4fb6,0 0 24 24,XML VALID — VISUAL REVIEW PENDING
assets/icons/tabler/outline/flag-up.svg,237194c606d21f7d3901ac9eefa881de49b0d1f16a9f7c6f7999be0d07f40aeb,0 0 24 24,XML VALID — VISUAL REVIEW PENDING
assets/icons/tabler/outline/flag-x.svg,e595c4f353e72bf8c9f47b11f8e2e7f42f80a8fe926a51cdf29592124c61b69e,0 0 24 24,XML VALID — VISUAL REVIEW PENDING
assets/icons/tabler/outline/flag.svg,059113ef02670254ada85fb1b61b4e1ff6514bdb6733d2b7da25ac7cd0787f8c,0 0 24 24,XML VALID — VISUAL REVIEW PENDING
assets/icons/tabler/outline/flame-off.svg,c0e0534c729085174b3505d119bdd1b775ed22f085f424e889cf97ec8c333fbb,0 0 24 24,XML VALID — VISUAL REVIEW PENDING
assets/icons/tabler/outline/flame.svg,a85d3b070d88c3e0fc6b93b7b1f60b484359c5e03d8dc5f7e970ae174ed1fdfc,0 0 24 24,XML VALID — VISUAL REVIEW PENDING
assets/icons/tabler/outline/flare.svg,f40c1a3f252835404f9094f6e92eaaf4d4bb3949e6ca3c38e05b550dfc81f997,0 0 24 24,XML VALID — VISUAL REVIEW PENDING
assets/icons/tabler/outline/flask-2-off.svg,66e08a61a62caebd2526630cadbae87cd2ae4a174d33bf694fa43132a5ab1f80,0 0 24 24,XML VALID — VISUAL REVIEW PENDING
assets/icons/tabler/outline/flask-2.svg,a7b70f8b6aa301350c669e3e3c6a3709166cceab9fed2010b4457bec3cb65290,0 0 24 24,XML VALID — VISUAL REVIEW PENDING
assets/icons/tabler/outline/flask-off.svg,7898df8c396869a3dcddeda00f13b4dfed6bdbb4b213c86add68144fe50fd05b,0 0 24 24,XML VALID — VISUAL REVIEW PENDING
assets/icons/tabler/outline/flask.svg,9f436afc7d14dc3e24e8b0a761a596ff56102b557135b79bd0efa61cf2fdc384,0 0 24 24,XML VALID — VISUAL REVIEW PENDING
assets/icons/tabler/outline/flip-flops.svg,e67c6599ea8bc4e381f351492d7a137bf0bd03ec8466f949f51a9f853b53edcc,0 0 24 24,XML VALID — VISUAL REVIEW PENDING
assets/icons/tabler/outline/flip-horizontal.svg,5a33cd9daa979baf9df671ece54bd3585d25b9a7769a32f8204ee884189d8df0,0 0 24 24,XML VALID — VISUAL REVIEW PENDING
assets/icons/tabler/outline/flip-vertical.svg,f574fb9595d890b8ebbd71ca1b178d45a7d907680f4988568a44b2e9a37bbeba,0 0 24 24,XML VALID — VISUAL REVIEW PENDING
assets/icons/tabler/outline/float-center.svg,9660b9f20b934e4a747014961cfbe8f752bd8fabb2459f49a4055deb8a603f56,0 0 24 24,XML VALID — VISUAL REVIEW PENDING
assets/icons/tabler/outline/float-left.svg,4068e85aa924c241a8919b6f185a56ac61627c28706c3cd8ae922c42723ab437,0 0 24 24,XML VALID — VISUAL REVIEW PENDING
assets/icons/tabler/outline/float-none.svg,88cb5c6e2b0507a94fad22886f75dbbe486324d07e7821c88f6fe4a39c9c57b5,0 0 24 24,XML VALID — VISUAL REVIEW PENDING
assets/icons/tabler/outline/float-right.svg,310702f8f0b38eddc357da5da3eb6cba2ed5569ead32e864d05199053b8c2181,0 0 24 24,XML VALID — VISUAL REVIEW PENDING
assets/icons/tabler/outline/flower-off.svg,f8a9111c05ac1e93516e79202416aa98c88b491af68ea2a5944e56e29dd02a08,0 0 24 24,XML VALID — VISUAL REVIEW PENDING
assets/icons/tabler/outline/flower.svg,e375c9c7dc6b8d68689d3acbfe1c27606f85c2aa88e2fc7991c8cc0f4a070607,0 0 24 24,XML VALID — VISUAL REVIEW PENDING
assets/icons/tabler/outline/focus-2.svg,b2d01d209ab5c6e7e3b561e79fd03100629c289232dc910e03dbd8f33efa47da,0 0 24 24,XML VALID — VISUAL REVIEW PENDING
assets/icons/tabler/outline/focus-auto.svg,1a88cac45749302dd6818540b06949a3c7985db404c5dd8c2c1ee1cfbbddf601,0 0 24 24,XML VALID — VISUAL REVIEW PENDING
assets/icons/tabler/outline/focus-centered.svg,926571a258f6b10fbdbc52f145044c013911de9065f78251b2e3fdec280bd1e4,0 0 24 24,XML VALID — VISUAL REVIEW PENDING
assets/icons/tabler/outline/focus.svg,aed0c9858e56ac02b0491d4f45c03baefa56b0faa454df585b2406ed2deed820,0 0 24 24,XML VALID — VISUAL REVIEW PENDING
assets/icons/tabler/outline/fold-down.svg,8217cf16804b9436fff0de85bf91274a40a4aa459adbe11a006ff2c970897c19,0 0 24 24,XML VALID — VISUAL REVIEW PENDING
assets/icons/tabler/outline/fold-up.svg,7732103b1ff4f0f944d493401da569501bfa50001d38857878b92670cb896dfd,0 0 24 24,XML VALID — VISUAL REVIEW PENDING
assets/icons/tabler/outline/fold.svg,51068d8b9d88604b97225972578dd54627d4dc8b2ffa571665ec1535b735cd08,0 0 24 24,XML VALID — VISUAL REVIEW PENDING
assets/icons/tabler/outline/folder-bolt.svg,4429b532bdf6e5716d4eda6740af817dca2cb9b6fdb44ea221c037bab481875c,0 0 24 24,XML VALID — VISUAL REVIEW PENDING
assets/icons/tabler/outline/folder-cancel.svg,d081984d1f6ea715c0c3b15a01c5fc7662d12248600d77211aa710ca3bdc21e4,0 0 24 24,XML VALID — VISUAL REVIEW PENDING
assets/icons/tabler/outline/folder-check.svg,45ae2c403fe294a831dcbc32edb65e5ed66ab2ef25ee1d9b229d96c539a04dc8,0 0 24 24,XML VALID — VISUAL REVIEW PENDING
assets/icons/tabler/outline/folder-code.svg,9c08ed7438127a5d13c6b7f70cc49989c5674479763e12f59642c663b45bb7ee,0 0 24 24,XML VALID — VISUAL REVIEW PENDING
assets/icons/tabler/outline/folder-cog.svg,73af9ba91d4d5078c0969870fa8029627727bd86d3ad8856172eaecd7e9e9381,0 0 24 24,XML VALID — VISUAL REVIEW PENDING
assets/icons/tabler/outline/folder-dollar.svg,12f4f5591b38863e54b1679799cf143263df519b3306a5e49e356fd42c0b0175,0 0 24 24,XML VALID — VISUAL REVIEW PENDING
assets/icons/tabler/outline/folder-down.svg,8070f288778f247e5cf0a6b1094484385bed51fe8500216fa059fce4f5b9804c,0 0 24 24,XML VALID — VISUAL REVIEW PENDING
assets/icons/tabler/outline/folder-exclamation.svg,5ebcab4e2e686ece73da3177c84f72a89a8bc740624485e3aa767631d6f52cab,0 0 24 24,XML VALID — VISUAL REVIEW PENDING
assets/icons/tabler/outline/folder-heart.svg,5cf75cf1e6b1d8516ae37ac85b6077b7d534b9473a9cb63a2af84dcb3cab05f2,0 0 24 24,XML VALID — VISUAL REVIEW PENDING
assets/icons/tabler/outline/folder-minus.svg,0b89a1119d53fe116235302659b064b7a20ecb0ba7c385b6926987c3fc5b078f,0 0 24 24,XML VALID — VISUAL REVIEW PENDING
assets/icons/tabler/outline/folder-off.svg,1f02b48f859430df8b6600927196149997c5ded5e9b0bd97e5803a482000b4fe,0 0 24 24,XML VALID — VISUAL REVIEW PENDING
assets/icons/tabler/outline/folder-open.svg,7be153644a8b8235ef84bd1b18107af5cf5e1946da39f34a63abf13b879f6c82,0 0 24 24,XML VALID — VISUAL REVIEW PENDING
assets/icons/tabler/outline/folder-pause.svg,e44bbcdca102c1d76575c8c751b114cc27410b542b10c0cac35271d6853c2ae9,0 0 24 24,XML VALID — VISUAL REVIEW PENDING
assets/icons/tabler/outline/folder-pin.svg,cf01784b32cf2a7e16c4be013ff516d024b5f15b95294c50fd81b284999b445f,0 0 24 24,XML VALID — VISUAL REVIEW PENDING
assets/icons/tabler/outline/folder-plus.svg,371d8cd707ae0b9cb9ef846c0a423ea7012e17fad0f762eac94e1c36f2c72467,0 0 24 24,XML VALID — VISUAL REVIEW PENDING
assets/icons/tabler/outline/folder-question.svg,022bae143cb8290ccbe2d05ac8b02138201ac48354f1a04e864ec1cbd294512c,0 0 24 24,XML VALID — VISUAL REVIEW PENDING
assets/icons/tabler/outline/folder-root.svg,3b42dba11aa65ecf5c461f15cfbe45bf24deb0c2266c5c2852a9243eff564bf5,0 0 24 24,XML VALID — VISUAL REVIEW PENDING
assets/icons/tabler/outline/folder-search.svg,b4800307af3a0ae06e0c115391d80d851059c6f9adb257d88c11aa403a7067b2,0 0 24 24,XML VALID — VISUAL REVIEW PENDING
assets/icons/tabler/outline/folder-share.svg,72568540c51f934893a97d9e78e234f3a6e5ea530a39283b9be88b6f2fea1054,0 0 24 24,XML VALID — VISUAL REVIEW PENDING
assets/icons/tabler/outline/folder-star.svg,727bf98c1ced32662b46e971d8c4e9784384c8769acc62d15bcf01d46e395a8f,0 0 24 24,XML VALID — VISUAL REVIEW PENDING
assets/icons/tabler/outline/folder-symlink.svg,9478b2b844a657590680e1cae448f1f42356a859c6f56ff0ca685a76a912f7eb,0 0 24 24,XML VALID — VISUAL REVIEW PENDING
assets/icons/tabler/outline/folder-up.svg,2dfec7e63e59018b35cf62f37df37005e8cafcf9c113cbaae9b1e57f408fb010,0 0 24 24,XML VALID — VISUAL REVIEW PENDING
assets/icons/tabler/outline/folder-x.svg,78b5212f3077742ec8af047fde85b3990ba873fefb0fa19af4222edd56d7755c,0 0 24 24,XML VALID — VISUAL REVIEW PENDING
assets/icons/tabler/outline/folder.svg,648b0bdd1f1856ab5079dd12fd47758f4cbcd9ac49ed052de5058a19988b2032,0 0 24 24,XML VALID — VISUAL REVIEW PENDING
assets/icons/tabler/outline/folders-off.svg,bb003d47a8636ed440a2e03efd053d48e8c7d5f251b2016ad0879b8c0ea0d3c1,0 0 24 24,XML VALID — VISUAL REVIEW PENDING
assets/icons/tabler/outline/folders.svg,c021b878a6aa5d13da3a2010b40334f24bb6317a6c1bae8535c3a8743c66acff,0 0 24 24,XML VALID — VISUAL REVIEW PENDING
assets/icons/tabler/outline/forbid-2.svg,0bc92930c6db3d0084ceed348918fd41b493dcf14db55e6b7ceab7921eb54845,0 0 24 24,XML VALID — VISUAL REVIEW PENDING
assets/icons/tabler/outline/forbid.svg,03e76e14ca7c9ab4fd11b8cb0a8d4174178a4c8d772be475ca799c89fceb223c,0 0 24 24,XML VALID — VISUAL REVIEW PENDING
assets/icons/tabler/outline/forklift.svg,f8598ce448ea300021233ee8267fa13f6f77a24708e3844d40b5008bc19b6ab8,0 0 24 24,XML VALID — VISUAL REVIEW PENDING
assets/icons/tabler/outline/forms.svg,c136d9cfe96c4055306a60a6f27337c1acbbfde89f0a740bdca2136086c9495b,0 0 24 24,XML VALID — VISUAL REVIEW PENDING
assets/icons/tabler/outline/fountain-off.svg,baa8913479c678181a53ee6cf65e313ba9dd97d644d7ae2006f2d6a15b474496,0 0 24 24,XML VALID — VISUAL REVIEW PENDING
assets/icons/tabler/outline/fountain.svg,f10272eec0f7bb93eeabbba866603152cbc42ddfa86cbceeaa4b07f4035a578b,0 0 24 24,XML VALID — VISUAL REVIEW PENDING
assets/icons/tabler/outline/frame-off.svg,d30239b2d95a14828038a8ccc6ef4fbd96d01f7c4f0888e401db7c71be334069,0 0 24 24,XML VALID — VISUAL REVIEW PENDING
assets/icons/tabler/outline/frame.svg,7bc72e12c3da0cd430aae8bdd20b4a4ff4eb93d66fa82920dc886e7f87df8235,0 0 24 24,XML VALID — VISUAL REVIEW PENDING
assets/icons/tabler/outline/free-rights.svg,f7287471c799275bfbce10f0e0cbb398717d3896c45af57ecc91439ca16499ba,0 0 24 24,XML VALID — VISUAL REVIEW PENDING
assets/icons/tabler/outline/freeze-column.svg,f0aab53f922b702a86bf9c983f0c053cd3c00eaf595aa042af327e40117d92c9,0 0 24 24,XML VALID — VISUAL REVIEW PENDING
assets/icons/tabler/outline/freeze-row-column.svg,1d16c858a0bcf48d3db96123bb305467330cfc4b0eaecc16e54fc9f232b20558,0 0 24 24,XML VALID — VISUAL REVIEW PENDING
assets/icons/tabler/outline/freeze-row.svg,b3c457629f7f2c0740ab33732f1c9bde0daa946f1aaf2e8a36eca0c7d3819e5e,0 0 24 24,XML VALID — VISUAL REVIEW PENDING
assets/icons/tabler/outline/fridge-off.svg,319c899481b98708248c6e478957e527851d3bf2bd896e88dc8da7c669f97e08,0 0 24 24,XML VALID — VISUAL REVIEW PENDING
assets/icons/tabler/outline/fridge.svg,f93cf9e89422c15d102e02ec992848ab0fb65568d7d6660626658e3f6a104adb,0 0 24 24,XML VALID — VISUAL REVIEW PENDING
assets/icons/tabler/outline/friends-off.svg,5a8f4deb93aef274ca9750ef866fb7494ad1577ee4dd88476240ffb91e79420b,0 0 24 24,XML VALID — VISUAL REVIEW PENDING
assets/icons/tabler/outline/friends.svg,b3e11881a57a005dc20c4516b2b7e20b697981c6536c3779dd49011fecfccec6,0 0 24 24,XML VALID — VISUAL REVIEW PENDING
assets/icons/tabler/outline/frustum-off.svg,a7d9bf18ff83efca83db4d17bcbef2a157b86465911f6fa44b5cf00081601559,0 0 24 24,XML VALID — VISUAL REVIEW PENDING
assets/icons/tabler/outline/frustum-plus.svg,c76c438a2cb20b52af4ebb935cb72dd78647bc6ca9cbf3a253abcbbc0ddc05b7,0 0 24 24,XML VALID — VISUAL REVIEW PENDING
assets/icons/tabler/outline/frustum.svg,f2795d3ded2b76a19b35a82e07c26b6ca74fc283c9af32eaf07319d6bd13f4c1,0 0 24 24,XML VALID — VISUAL REVIEW PENDING
assets/icons/tabler/outline/function-off.svg,7da80b0818d7fff39c19d8e50eeffe6dea93cf95f4343925270eb16ef9be5bf6,0 0 24 24,XML VALID — VISUAL REVIEW PENDING
assets/icons/tabler/outline/function.svg,8860cc00752c8703af5a9f26757abd4dd363a5f8864db45d7f934d37a1f9f388,0 0 24 24,XML VALID — VISUAL REVIEW PENDING
assets/icons/tabler/outline/galaxy.svg,6fb18755dad3c21ed72613f8dcff377b743bc532fd43db4aeeb2c626c53a9575,0 0 24 24,XML VALID — VISUAL REVIEW PENDING
assets/icons/tabler/outline/garden-cart-off.svg,90ea8b79087014a2868bc50b771b0f76f3c1b7b1de53ed2a2a7c29a40d31ad21,0 0 24 24,XML VALID — VISUAL REVIEW PENDING
assets/icons/tabler/outline/garden-cart.svg,15c69d31f024a9d9e512b6118a0f0766ec50bafd326d2f4a5ceb78e92d687aa0,0 0 24 24,XML VALID — VISUAL REVIEW PENDING
assets/icons/tabler/outline/gas-station-off.svg,a6a2db90eef4287a735a6c198b6231b9d453b34784e1a70b38af2fb9d96f2f09,0 0 24 24,XML VALID — VISUAL REVIEW PENDING
assets/icons/tabler/outline/gas-station.svg,5355f2a0098336de8000eecb56bb221a424c45bcde2616726721726d4c813648,0 0 24 24,XML VALID — VISUAL REVIEW PENDING
assets/icons/tabler/outline/gauge-off.svg,e069c399aa7d7f33b990e94dc012f9cf861704e23f1e46bf67b479aa88d848e2,0 0 24 24,XML VALID — VISUAL REVIEW PENDING
assets/icons/tabler/outline/gauge.svg,50596d6c127b83786fa9cfe9d3fcea7a07e9a4896c0b01d49c088870663af605,0 0 24 24,XML VALID — VISUAL REVIEW PENDING
assets/icons/tabler/outline/gavel.svg,dab06d93aa2a5333f01a9c92e3f08de61b63aaa8bb4f9c9f2dcca459ba915276,0 0 24 24,XML VALID — VISUAL REVIEW PENDING
assets/icons/tabler/outline/gender-agender.svg,ca45e5c15ec6f3b0e7dd3db75a3bc9836b583d759eaad9e3428ac18ea7480fb4,0 0 24 24,XML VALID — VISUAL REVIEW PENDING
assets/icons/tabler/outline/gender-androgyne.svg,b41c7308a407eb2273ac98e69d72f1de41d62f82698aa2d5d3a05e0df0662648,0 0 24 24,XML VALID — VISUAL REVIEW PENDING
assets/icons/tabler/outline/gender-bigender.svg,48e2afbe2fd490a7b7d565770f6b80260a6247476f63172a7fd29f47de8eae52,0 0 24 24,XML VALID — VISUAL REVIEW PENDING
assets/icons/tabler/outline/gender-demiboy.svg,e761250be1eb256f4f6ba93386b1ba8b3262386d9e275fa3635f19560957ffb8,0 0 24 24,XML VALID — VISUAL REVIEW PENDING
assets/icons/tabler/outline/gender-demigirl.svg,50d819bbc8a9a3f9441e308f5b3b1140174cae74d11c68f5cf43504cd7bd0505,0 0 24 24,XML VALID — VISUAL REVIEW PENDING
assets/icons/tabler/outline/gender-epicene.svg,12f47e4bf8435166a10ac7c930a00c396b869c468202057585ef2226f373a05e,0 0 24 24,XML VALID — VISUAL REVIEW PENDING
assets/icons/tabler/outline/gender-female.svg,1cb3246d40157b81110b7b7bf121de2b04fd240ce3a134bd1d2255067f6b4153,0 0 24 24,XML VALID — VISUAL REVIEW PENDING
assets/icons/tabler/outline/gender-femme.svg,b96be7d086759a8b8d21da4da910ecaea47868ed930748db3116e95bc0259510,0 0 24 24,XML VALID — VISUAL REVIEW PENDING
assets/icons/tabler/outline/gender-genderfluid.svg,f3c69cc3559d1f5c5ef7b1a1c21a9e4bc7b6cef83767ee85c2ef6c8a8ad2079e,0 0 24 24,XML VALID — VISUAL REVIEW PENDING
assets/icons/tabler/outline/gender-genderless.svg,2353cb9703a7140503792ffc0c8663367e9dcbd9f24912a47484606588ec6cc9,0 0 24 24,XML VALID — VISUAL REVIEW PENDING
assets/icons/tabler/outline/gender-genderqueer.svg,2a7cd1a255cf2803c3eaaead6fc56278ff391b4b8402225491586036d14d7084,0 0 24 24,XML VALID — VISUAL REVIEW PENDING
assets/icons/tabler/outline/gender-hermaphrodite.svg,4bfec4b37f82b1d6b532a32eb9615db72676e34e6baf553c05a89230732d4357,0 0 24 24,XML VALID — VISUAL REVIEW PENDING
assets/icons/tabler/outline/gender-intergender.svg,7cd53f2fb4e95fe45f5b610f386abdbf916dc7ed5cdeba42c3173b799b5e46b0,0 0 24 24,XML VALID — VISUAL REVIEW PENDING
assets/icons/tabler/outline/gender-male.svg,9bb8575177e21f1485b20b79fd4b9020a44cb35e2935178f0fdd692df7e6b909,0 0 24 24,XML VALID — VISUAL REVIEW PENDING
assets/icons/tabler/outline/gender-neutrois.svg,7ad718a8250a505c0ff50f4864208b69724d09be20adddc7646f4148172fae5a,0 0 24 24,XML VALID — VISUAL REVIEW PENDING
assets/icons/tabler/outline/gender-third.svg,df4202a9f21397d5542fbef780b1be72e59f8a8731ba0650d253c90d486e15e9,0 0 24 24,XML VALID — VISUAL REVIEW PENDING
assets/icons/tabler/outline/gender-transgender.svg,f2845860069296fa4cb550e8edbb07ab455eb969c16f7be7bf62a4f890ccc891,0 0 24 24,XML VALID — VISUAL REVIEW PENDING
assets/icons/tabler/outline/gender-trasvesti.svg,b72404464b4763a02e75ba950c1a3f3c56e88b64c5b3eb3238ed7a5ddaca285a,0 0 24 24,XML VALID — VISUAL REVIEW PENDING
assets/icons/tabler/outline/geometry.svg,81a292ab2786312cf0613a18ace3e2d72a0135e8e474aa42cc4f6f6fdb048d1a,0 0 24 24,XML VALID — VISUAL REVIEW PENDING
assets/icons/tabler/outline/ghost-2.svg,ca6e8d47def6f2ed0dba72fe099905b3e6b8416a28be6ff71805f2781ff84626,0 0 24 24,XML VALID — VISUAL REVIEW PENDING
assets/icons/tabler/outline/ghost-3.svg,bf1743d1c8f4be6742f4683aea10d1fbef31bccae1d417a24c9ee758954fad26,0 0 24 24,XML VALID — VISUAL REVIEW PENDING
assets/icons/tabler/outline/ghost-off.svg,9cd5a517e0bc5471d07d4aae2370dcfc0d6a3702c457c4cec45c8dfaa0675056,0 0 24 24,XML VALID — VISUAL REVIEW PENDING
assets/icons/tabler/outline/ghost.svg,f380099111f91da1429fc9cd88cda61e43e334403a12757a0e9ab7a8231e523d,0 0 24 24,XML VALID — VISUAL REVIEW PENDING
assets/icons/tabler/outline/gif.svg,9d29c208f417ce80d93f49f1cddbd74365619ededa81f2f1257e37f8732aec17,0 0 24 24,XML VALID — VISUAL REVIEW PENDING
assets/icons/tabler/outline/gift-card.svg,d933cb17544d108abc552024c1c6a4cfa249442136355264629640ef3d47fc92,0 0 24 24,XML VALID — VISUAL REVIEW PENDING
assets/icons/tabler/outline/gift-off.svg,bf4ac92ce21eaae82771a2f1c624323611909ffe921eff61277f9d486e55d98f,0 0 24 24,XML VALID — VISUAL REVIEW PENDING
assets/icons/tabler/outline/gift.svg,7ed451f897dc69692ffce244bbeffc04415d0930042ef03abeca06689b2010ce,0 0 24 24,XML VALID — VISUAL REVIEW PENDING
assets/icons/tabler/outline/git-branch-deleted.svg,4c332ee9de696ddf47aab8b29dcb2dcc76fbc4ff503a047a5168d041bd7f94b1,0 0 24 24,XML VALID — VISUAL REVIEW PENDING
assets/icons/tabler/outline/git-branch.svg,a01fad5329b73e6bf88d9b90a605bbbde3d8c7721d58c5096fb8a5476c2ab77e,0 0 24 24,XML VALID — VISUAL REVIEW PENDING
assets/icons/tabler/outline/git-cherry-pick.svg,5c7eada5b7a8cbd19f9714545239d78d7bfc8846677f9aa13f403339e9db1683,0 0 24 24,XML VALID — VISUAL REVIEW PENDING
assets/icons/tabler/outline/git-commit.svg,3a82c7bd164c51e03ef0eede3d941a937717277ce615110500ce3164eb0067f1,0 0 24 24,XML VALID — VISUAL REVIEW PENDING
assets/icons/tabler/outline/git-compare.svg,03cbe2b0d675de56447f016f3df80b895b746f4a874f1dd6047ae49bbe9412fc,0 0 24 24,XML VALID — VISUAL REVIEW PENDING
assets/icons/tabler/outline/git-fork.svg,42611b2f3909101a492fb5bb19afe0eeb0a8101759bfc49b5e2adc06bc9261d2,0 0 24 24,XML VALID — VISUAL REVIEW PENDING
assets/icons/tabler/outline/git-merge.svg,7a0c97a92d1a62fe9fc862b4d5d3f4d8780dd879739395e188db8cc30fa1d172,0 0 24 24,XML VALID — VISUAL REVIEW PENDING
assets/icons/tabler/outline/git-pull-request-closed.svg,e156914e20789cefaa75553a89342124fd702f12d0157a186e037008c100aa98,0 0 24 24,XML VALID — VISUAL REVIEW PENDING
assets/icons/tabler/outline/git-pull-request-draft.svg,f94956b99ab9aae3f1645e9614c9d15fabeedbafb0b2792b562cac14eaa7f50b,0 0 24 24,XML VALID — VISUAL REVIEW PENDING
assets/icons/tabler/outline/git-pull-request.svg,08ce2aa4c09e8914dd9ca3acf3907f21eb2aa5c3f8dbdffc6e6000db379527d0,0 0 24 24,XML VALID — VISUAL REVIEW PENDING
assets/icons/tabler/outline/gizmo.svg,a237642dadff06f8cf6edf768694d007c67fb84c29d7780d4a8fb91c15a34718,0 0 24 24,XML VALID — VISUAL REVIEW PENDING
assets/icons/tabler/outline/glass-champagne.svg,5fedfd23336020ee310dba8dbe58f9e7a28987a4747f1f99079394ebcc9f1034,0 0 24 24,XML VALID — VISUAL REVIEW PENDING
assets/icons/tabler/outline/glass-cocktail.svg,d5a1a7e0ba08e2438ed24c333471936b9e0a04518825b7b82a57879509e30d55,0 0 24 24,XML VALID — VISUAL REVIEW PENDING
assets/icons/tabler/outline/glass-full.svg,2fb5090ce5f4b263cb5200804acefa3cce2d2b6b79e29289ed4a01a30b776fbf,0 0 24 24,XML VALID — VISUAL REVIEW PENDING
assets/icons/tabler/outline/glass-gin.svg,12b710d2fbc07e0a0fd59f37ae6ac472b62626c7d2ae5a226f83bfbfaf5461fc,0 0 24 24,XML VALID — VISUAL REVIEW PENDING
assets/icons/tabler/outline/glass-off.svg,27f8232f301cc0dc6d4cfb1569ad89a6337b58853b47ce00d15ae28cc80a2f60,0 0 24 24,XML VALID — VISUAL REVIEW PENDING
assets/icons/tabler/outline/glass.svg,8b74c7530245951b7c84ba622c5634d6d9f3f990943c791d9f5609f5fa434e29,0 0 24 24,XML VALID — VISUAL REVIEW PENDING
assets/icons/tabler/outline/globe-off.svg,8d34df56f31adb297716dfc3ba451d8a78536ea3b1be9b66a336725298bb5d18,0 0 24 24,XML VALID — VISUAL REVIEW PENDING
assets/icons/tabler/outline/globe.svg,4e48d6bde9186265565d17523dd29d3d2c980af3ac1741ecbf00b40201d5bac7,0 0 24 24,XML VALID — VISUAL REVIEW PENDING
assets/icons/tabler/outline/go-game.svg,92f068c16e998c1f48198cdb15afc9c5aa216b6caa767bf5838b613ea37dbc2d,0 0 24 24,XML VALID — VISUAL REVIEW PENDING
assets/icons/tabler/outline/golf-off.svg,edac7d3dd27a635911312b53c0061d7b03078393800ececb99f75948744e3f4f,0 0 24 24,XML VALID — VISUAL REVIEW PENDING
assets/icons/tabler/outline/golf.svg,ef06f64a2766c6a33c980ea0c8c0605831c7da845ed0a9756c55f81ac1a8b7f3,0 0 24 24,XML VALID — VISUAL REVIEW PENDING
assets/icons/tabler/outline/gps.svg,e67665c2ee18ab856aaa858b30a0e9b8176c9ec104e42267508fb2846a8e9f01,0 0 24 24,XML VALID — VISUAL REVIEW PENDING
assets/icons/tabler/outline/gradienter.svg,822cf7d90bbf9174361eb5c9f70b145c7eaf7f1a6eab937a970c4368b1cee944,0 0 24 24,XML VALID — VISUAL REVIEW PENDING
assets/icons/tabler/outline/grain.svg,b599fd90bcb8faca83082024f8a3004fccad625f9e8174008b0e37717f9e7608,0 0 24 24,XML VALID — VISUAL REVIEW PENDING
assets/icons/tabler/outline/graph-off.svg,936d355c1ada5cc0116a1761662a94736f33163ce034880b9579e8b09129c8ea,0 0 24 24,XML VALID — VISUAL REVIEW PENDING
assets/icons/tabler/outline/graph.svg,817441e5e0e6b69da89f51628df079770aeb96f9ca4c365e1d78753f4dcc7acb,0 0 24 24,XML VALID — VISUAL REVIEW PENDING
assets/icons/tabler/outline/grave-2.svg,64368211164f43cf370c7f647c0fdf28a8e564e4f22342d44bf5df4089a06ada,0 0 24 24,XML VALID — VISUAL REVIEW PENDING
assets/icons/tabler/outline/grave.svg,9cda8b2701b0c01acf92598bff5f5686405cb21c5fdb531046792fe5120be036,0 0 24 24,XML VALID — VISUAL REVIEW PENDING
assets/icons/tabler/outline/grid-3x3.svg,850ab65a5b043fc7d31e2517e07e3601f76d6a3a8668f479f0a7beb072c0f190,0 0 24 24,XML VALID — VISUAL REVIEW PENDING
assets/icons/tabler/outline/grid-4x4.svg,514c0cbead1207b95acf3fdb4d3c4701a8c6e6477506065b7cd70e5f8bb5995f,0 0 24 24,XML VALID — VISUAL REVIEW PENDING
assets/icons/tabler/outline/grid-dots.svg,e8a2a4f6eba2cde831504bccb38831f817d91146829090f4af7177c1d9a69c57,0 0 24 24,XML VALID — VISUAL REVIEW PENDING
assets/icons/tabler/outline/grid-goldenratio.svg,35dcb00d860eeaf7012a2843f8cb3640a25dfe5ba6c35c60ebb0fccfd3e35e8b,0 0 24 24,XML VALID — VISUAL REVIEW PENDING
assets/icons/tabler/outline/grid-pattern.svg,1d9aff78f80a8d107ea4bcd678e504813f90d3cbe2898c55b11e6480baad9e32,0 0 24 24,XML VALID — VISUAL REVIEW PENDING
assets/icons/tabler/outline/grid-scan.svg,1866b2cd08d83577c31d309f08e6abec9a7c45d04168e3ce2addd6e535995216,0 0 24 24,XML VALID — VISUAL REVIEW PENDING
assets/icons/tabler/outline/grill-fork.svg,97beed9fbd5d32ab2b0cf0d0e137aa77ae51496cc3ee80df7629e57a2f940e6c,0 0 24 24,XML VALID — VISUAL REVIEW PENDING
assets/icons/tabler/outline/grill-off.svg,bfa9fecd65da1cf89fce8b05f117f279f045f02dbaac8b4ea5c6c9e9814e5df8,0 0 24 24,XML VALID — VISUAL REVIEW PENDING
assets/icons/tabler/outline/grill-spatula.svg,d37491619e0ecabd9f9bb41d3be39fd9949c8866aef78fddb3d43f7387527505,0 0 24 24,XML VALID — VISUAL REVIEW PENDING
assets/icons/tabler/outline/grill.svg,1b969680d212110a9bb705fe61c59da051cc6b27667f2ac82bd961755f0c6018,0 0 24 24,XML VALID — VISUAL REVIEW PENDING
assets/icons/tabler/outline/grip-horizontal.svg,015624cc16fdfa69c4a55fe2d89fbca5522ccd39a61324385e9aaa1e572dc6fc,0 0 24 24,XML VALID — VISUAL REVIEW PENDING
assets/icons/tabler/outline/grip-vertical.svg,55c33cd4325883e07208fc6d25e7c1ad0ae171b959ff39090ecb1005997050a5,0 0 24 24,XML VALID — VISUAL REVIEW PENDING
assets/icons/tabler/outline/growth.svg,f79af0cb6e655dbfcafe405a2ab140f23195d34ed8581b19a32b117ab6d8130a,0 0 24 24,XML VALID — VISUAL REVIEW PENDING
assets/icons/tabler/outline/guitar-pick.svg,e459bd4261ae9e451de1a06f1285cd39f16c77f105ec251fd9d110cb57a43ea5,0 0 24 24,XML VALID — VISUAL REVIEW PENDING
assets/icons/tabler/outline/gymnastics.svg,77e41bc04b89df99187755744d1f700f5b2120e96dd98668eb7251c22c4cc8dd,0 0 24 24,XML VALID — VISUAL REVIEW PENDING
assets/icons/tabler/outline/h-1.svg,89d3c0eb50554ca13e8c86409c36ff2f5fc7fbdb9e1fa2e8b3a11d73d5b099a8,0 0 24 24,XML VALID — VISUAL REVIEW PENDING
assets/icons/tabler/outline/h-2.svg,f8c0b821c5fc2af8b231dc36c08da263bbaa659fc1c56f2c8cd52410171d4335,0 0 24 24,XML VALID — VISUAL REVIEW PENDING
assets/icons/tabler/outline/h-3.svg,418e871e9849fd3faa0c452c542d0bfe71086efa974a91d2b880fa6423028fdc,0 0 24 24,XML VALID — VISUAL REVIEW PENDING
assets/icons/tabler/outline/h-4.svg,7825f279793cc32bf9a0368533e3debdc71ff2aafbe002acfe473acfd8d570bd,0 0 24 24,XML VALID — VISUAL REVIEW PENDING
assets/icons/tabler/outline/h-5.svg,b81babcb148ca84a2f0f4d13bd2247f50ef20f6452fe2b02f24431fd15321b44,0 0 24 24,XML VALID — VISUAL REVIEW PENDING
assets/icons/tabler/outline/h-6.svg,b4d4cb94bc6614ca35e91d37987a2b7e1719cf6ef5a8bb86943443fa9a724821,0 0 24 24,XML VALID — VISUAL REVIEW PENDING
assets/icons/tabler/outline/hammer-off.svg,552b561c4009d600c31bdec7ecbb55820c7740f6d69065bbc3f701d8fa9ff458,0 0 24 24,XML VALID — VISUAL REVIEW PENDING
assets/icons/tabler/outline/hammer.svg,826ab4f32f60f2a3104884b759fd50ede4b1a48011ab04d7f4cad9a93b02ff8a,0 0 24 24,XML VALID — VISUAL REVIEW PENDING
assets/icons/tabler/outline/hand-click-off.svg,844c5b6f6f9ff431bba7f01adc82017f72303aab21e8e183abb27cc156535596,0 0 24 24,XML VALID — VISUAL REVIEW PENDING
assets/icons/tabler/outline/hand-click.svg,3f32ad63bbd1b7b06a40a2615ab6e833eccc90bd32e21fd63808ed014510b299,0 0 24 24,XML VALID — VISUAL REVIEW PENDING
assets/icons/tabler/outline/hand-finger-down.svg,dca101846461dee8c088c3e643173b34e4f1292447d0bc93c4d72689c39ca7f4,0 0 24 24,XML VALID — VISUAL REVIEW PENDING
assets/icons/tabler/outline/hand-finger-left.svg,5269a9c64de452367810415afb606d4fed52eeeb7ad3e535a4175c8e5d26f888,0 0 24 24,XML VALID — VISUAL REVIEW PENDING
assets/icons/tabler/outline/hand-finger-off.svg,95cc335d8e58b70935b9c530c2cbcc57ad1332a4b331dbc9508e7ab59d93a6b2,0 0 24 24,XML VALID — VISUAL REVIEW PENDING
assets/icons/tabler/outline/hand-finger-right.svg,faf5daa049fde6a29de24772086bdd7a99ccf13ce55a6b004753bf0a3d58b44b,0 0 24 24,XML VALID — VISUAL REVIEW PENDING
assets/icons/tabler/outline/hand-finger.svg,7f650c7ad72e122cd9cb2eb9bc8592e59bc3528ca567013ccdca52fcd3c9bd1a,0 0 24 24,XML VALID — VISUAL REVIEW PENDING
assets/icons/tabler/outline/hand-grab.svg,3cda3941b89c438982900416019f4a864ce97dc860f66975c2f1b2dcce51d0c0,0 0 24 24,XML VALID — VISUAL REVIEW PENDING
assets/icons/tabler/outline/hand-little-finger.svg,1cc4cbcd1c9a945bda129f4ae1956b999a80da71991fa2672ccd6b06ecebeefa,0 0 24 24,XML VALID — VISUAL REVIEW PENDING
assets/icons/tabler/outline/hand-love-you.svg,ab6f03d0c79a3f5cf955b8eb9ea024044029e701a1a8557c8b6b741b084594e6,0 0 24 24,XML VALID — VISUAL REVIEW PENDING
assets/icons/tabler/outline/hand-middle-finger.svg,363d6ecb74c1a86919017aceb339aed249fc208e804257910798f6bfa85c419a,0 0 24 24,XML VALID — VISUAL REVIEW PENDING
assets/icons/tabler/outline/hand-move.svg,4204aa9d29285cc361fb1a1b8acb0a5caff26613fd9faa64ad736626a627b7b6,0 0 24 24,XML VALID — VISUAL REVIEW PENDING
assets/icons/tabler/outline/hand-off.svg,567f8ed2546b55128d0d95d5ca87b42d76c4ef10f7b114a358f3fbc9ef5d76ca,0 0 24 24,XML VALID — VISUAL REVIEW PENDING
assets/icons/tabler/outline/hand-ring-finger.svg,c6eaf2d7655dd9de2edf354418ac15a5a0c124744bdf717a4b5eef5353150fb1,0 0 24 24,XML VALID — VISUAL REVIEW PENDING
assets/icons/tabler/outline/hand-sanitizer.svg,3e118772865cda4d22f85b57beb2bd59c3b190d13821ecd017b4f77126473dcd,0 0 24 24,XML VALID — VISUAL REVIEW PENDING
assets/icons/tabler/outline/hand-stop.svg,05501abb1d2a061e2631af5cc7dd6b49bd734a4be846dca4e1fba2b8f7234dc4,0 0 24 24,XML VALID — VISUAL REVIEW PENDING
assets/icons/tabler/outline/hand-three-fingers.svg,9382bc768becb0d021b8dc62c57ce810dc92545dc53fe11e5356171936e4d0be,0 0 24 24,XML VALID — VISUAL REVIEW PENDING
assets/icons/tabler/outline/hand-two-fingers.svg,da71c49efa6b39a54191a05f7f4335627eb95278526c3a1d555fc26fc900c74c,0 0 24 24,XML VALID — VISUAL REVIEW PENDING
assets/icons/tabler/outline/hanger-2.svg,ce04581bc900655a5005094c4e87ad262b77d7725436c45d94d4e924c556e634,0 0 24 24,XML VALID — VISUAL REVIEW PENDING
assets/icons/tabler/outline/hanger-off.svg,ddd4495fe9cd1e19f6a299a07661a8670920466a9c0652a157816d0b1b1e73d1,0 0 24 24,XML VALID — VISUAL REVIEW PENDING
assets/icons/tabler/outline/hanger.svg,b74dab36df703e2c3c93d985e1ec137a07f6df5d7c888ffc580f762e220ea493,0 0 24 24,XML VALID — VISUAL REVIEW PENDING
assets/icons/tabler/outline/hash.svg,a82eaf3cdff048dbe32de9c39475866e9939b7ccc22fb345cda2191fbaff180b,0 0 24 24,XML VALID — VISUAL REVIEW PENDING
assets/icons/tabler/outline/haze-moon.svg,1b2f4a29a768d5f28e5ff7b25b408dc07e72d5074b8b6cb84763277b9aa44d3a,0 0 24 24,XML VALID — VISUAL REVIEW PENDING
assets/icons/tabler/outline/haze.svg,6a954819e2bc563b2f8ba6957c854778d743cdf8abf2e3cb578e3aff98542d0e,0 0 24 24,XML VALID — VISUAL REVIEW PENDING
assets/icons/tabler/outline/hdr.svg,151e85a92dea147273465c3e93461d9c9bb4aab19ac86d8cf404093e22099ecf,0 0 24 24,XML VALID — VISUAL REVIEW PENDING
assets/icons/tabler/outline/heading-off.svg,93845999ca9f8feecd00c78ec82ec30307975786d543f08195b67ed2c7748124,0 0 24 24,XML VALID — VISUAL REVIEW PENDING
assets/icons/tabler/outline/heading.svg,00be1f0f9095e6981b6c71cc05be48e4734683ba6cd5ed6d22a874d7a09bc830,0 0 24 24,XML VALID — VISUAL REVIEW PENDING
assets/icons/tabler/outline/headphones-off.svg,50e61e9a396951b1d0f0493ec11b581dad55b82ff8a9ddb0943bedaa9891336a,0 0 24 24,XML VALID — VISUAL REVIEW PENDING
assets/icons/tabler/outline/headphones.svg,f717a037bf31396aafd1b9c5d588cda25f143335683a65a764d8beb24c6280b8,0 0 24 24,XML VALID — VISUAL REVIEW PENDING
assets/icons/tabler/outline/headset-off.svg,4a0f2136b0553241fed56c772cb5c8a2c61caeeb5c241fd15aadec7da7b96e11,0 0 24 24,XML VALID — VISUAL REVIEW PENDING
assets/icons/tabler/outline/headset.svg,b21fcc4e5401a97cec7b8215c5fc304930ef0c0a5505b983043e43d4832ff7d3,0 0 24 24,XML VALID — VISUAL REVIEW PENDING
assets/icons/tabler/outline/health-recognition.svg,548c03d5e24082fdb85b38e776c255198e99bda308508bc0fff7415f5ff174f0,0 0 24 24,XML VALID — VISUAL REVIEW PENDING
assets/icons/tabler/outline/heart-bitcoin.svg,5992963f933a10ef79819c5704934befcff608e0b1cef5dcd98e9c7b82a11217,0 0 24 24,XML VALID — VISUAL REVIEW PENDING
assets/icons/tabler/outline/heart-bolt.svg,9fa2d018c7c01e1c96e3e6256fa61e6305d79be50fa0cdc5f3bf5fe8cf67b3cb,0 0 24 24,XML VALID — VISUAL REVIEW PENDING
assets/icons/tabler/outline/heart-broken.svg,aa116549709c7c952a49f8f68dc0a773c742ec3aea4fe8269143d2650b365fcf,0 0 24 24,XML VALID — VISUAL REVIEW PENDING
assets/icons/tabler/outline/heart-cancel.svg,6d0c6e20467f64b1328c61aee142c9a095fcc3cac384142404fa8f1ff0dc08b9,0 0 24 24,XML VALID — VISUAL REVIEW PENDING
assets/icons/tabler/outline/heart-check.svg,c7750b63f3d59024b9e4d810a0fba92ce9a9c64255845ca1ba36f533c4fb3af9,0 0 24 24,XML VALID — VISUAL REVIEW PENDING
assets/icons/tabler/outline/heart-code.svg,1098dc3bb732a5b4cc32cea823e5bdb3d40c76d21762d803d7a1027233d04e5b,0 0 24 24,XML VALID — VISUAL REVIEW PENDING
assets/icons/tabler/outline/heart-cog.svg,71e784796c817f61743dede2dd3ae0205224c4d13cd302cf9b37c7ef74794fa6,0 0 24 24,XML VALID — VISUAL REVIEW PENDING
assets/icons/tabler/outline/heart-discount.svg,a41e16dab56e7cb42025ae3b5c1a1086f2aba838f9d77b1b13ab5432b2c05371,0 0 24 24,XML VALID — VISUAL REVIEW PENDING
assets/icons/tabler/outline/heart-dollar.svg,614d2e3f7df7d883b05ddf48fd4c0bdff70b6780d9931f624c3569cca2f607e9,0 0 24 24,XML VALID — VISUAL REVIEW PENDING
assets/icons/tabler/outline/heart-down.svg,6e2d2784582dc26c5bfba070fc72f4e6cdda7067da1b29f3844be1cdb88e4106,0 0 24 24,XML VALID — VISUAL REVIEW PENDING
assets/icons/tabler/outline/heart-exclamation.svg,f556d190117038a99dfaaf097f4821e093320ea6ab1c3c1962ceb4ca1e924574,0 0 24 24,XML VALID — VISUAL REVIEW PENDING
assets/icons/tabler/outline/heart-handshake.svg,341fff8ed52c4993a5529d2f532c9609eac6b94d9516975bebfb74133b7f3416,0 0 24 24,XML VALID — VISUAL REVIEW PENDING
assets/icons/tabler/outline/heart-minus.svg,fa25da9d16e645acaca0c23c186b4b2861a52169d7110d03585f6dc9b4cb819e,0 0 24 24,XML VALID — VISUAL REVIEW PENDING
assets/icons/tabler/outline/heart-off.svg,a82cdfe74779f518e432d41ea32779f93f7ae6b6b400a9ae79b34fc77c4a9094,0 0 24 24,XML VALID — VISUAL REVIEW PENDING
assets/icons/tabler/outline/heart-pause.svg,41b1ad4a78d31671a2edd32f3ebe2b3c8e494a9283cbd12cd1e5bc7a1c06eed1,0 0 24 24,XML VALID — VISUAL REVIEW PENDING
assets/icons/tabler/outline/heart-pin.svg,a5dcc1b82a03e5e1d8520f25464c6ae5cf85d405ec8fc247aeafd8f89224055e,0 0 24 24,XML VALID — VISUAL REVIEW PENDING
assets/icons/tabler/outline/heart-plus.svg,de02e174d34bf45eaeeba912063e484e2f3621c3cbe5731dbe9a7f39b9c3e516,0 0 24 24,XML VALID — VISUAL REVIEW PENDING
assets/icons/tabler/outline/heart-question.svg,bab84f540a79daf94623bd724be9753525341cd5d208b5b5d3e26b03caef1a33,0 0 24 24,XML VALID — VISUAL REVIEW PENDING
assets/icons/tabler/outline/heart-rate-monitor.svg,a06d0e3898c5c9d2de721c5f4dad46a0fc6511989a2cb95c339b9a0e8a2df72d,0 0 24 24,XML VALID — VISUAL REVIEW PENDING
assets/icons/tabler/outline/heart-search.svg,e326a00a9d2714330b4e192d0a9e05ff9d7c5fdecdb086f9b82e3e0e4c66d454,0 0 24 24,XML VALID — VISUAL REVIEW PENDING
assets/icons/tabler/outline/heart-share.svg,9d023a47dcae3b1820575507c8318d6d4df0539ed7b802b4d203196d42fd71ce,0 0 24 24,XML VALID — VISUAL REVIEW PENDING
assets/icons/tabler/outline/heart-spark.svg,e6b299be3d0633ff965158bc7ba5c2a21aaeae6299e353df700e5730d93084c7,0 0 24 24,XML VALID — VISUAL REVIEW PENDING
assets/icons/tabler/outline/heart-star.svg,9f8ca2e5ab3ec1a80f945f68b661123890660390722e17bc4edbcfe85cb8899e,0 0 24 24,XML VALID — VISUAL REVIEW PENDING
assets/icons/tabler/outline/heart-up.svg,91064af97fb311d9ca3e66e67fd6955609b42c8b6494633e772f4475883d7a33,0 0 24 24,XML VALID — VISUAL REVIEW PENDING
assets/icons/tabler/outline/heart-x.svg,9a918989d682ae74c4ac3c62031d148aadbef81f3e46f66e188737ec53b22e36,0 0 24 24,XML VALID — VISUAL REVIEW PENDING
assets/icons/tabler/outline/heart.svg,bb9a3cee324f2caed9f62ed282605cca71c1d09c2d5acd2de005876ec2cb1a80,0 0 24 24,XML VALID — VISUAL REVIEW PENDING
assets/icons/tabler/outline/heartbeat.svg,a0e448e4f2ff6b66c00ae39095dc4f73de3b6578ae1b8d8938e890e125ceaef4,0 0 24 24,XML VALID — VISUAL REVIEW PENDING
assets/icons/tabler/outline/hearts-off.svg,50e7d0d44856947aafb2dcd1b14e87f8da30b9149ca4c32402fb00118fc0fce3,0 0 24 24,XML VALID — VISUAL REVIEW PENDING
assets/icons/tabler/outline/hearts.svg,8f736464396148af73ae8c3d576cc24df7d19d962b09a0df828894609dec7251,0 0 24 24,XML VALID — VISUAL REVIEW PENDING
assets/icons/tabler/outline/helicopter-landing.svg,f44df42d6285dfd651752bfc2f96130879f9ccc6a2b136b2ebe27c3587d3f997,0 0 24 24,XML VALID — VISUAL REVIEW PENDING
assets/icons/tabler/outline/helicopter.svg,fe7cd51afcfbe9ead11a287154361f6ad78d09d7ba01a0f4c8d6d1eba7882dc3,0 0 24 24,XML VALID — VISUAL REVIEW PENDING
assets/icons/tabler/outline/helmet-off.svg,f29a8d454ba8072c9400d12bdb224e9a8d673ae444bfe059011b443805443636,0 0 24 24,XML VALID — VISUAL REVIEW PENDING
assets/icons/tabler/outline/helmet.svg,0d343d790d8206e5560eab83d0e0951aad3c11a238bfd4d039504687790ffacd,0 0 24 24,XML VALID — VISUAL REVIEW PENDING
assets/icons/tabler/outline/help-circle.svg,3bbbcb42f1f7dbc963471882902c9828410136fd8697127ff660e77e335210ae,0 0 24 24,XML VALID — VISUAL REVIEW PENDING
assets/icons/tabler/outline/help-hexagon.svg,149b6add99dbd9640052f28e2debc58c49d2d3420e14840948126f9d219043ec,0 0 24 24,XML VALID — VISUAL REVIEW PENDING
assets/icons/tabler/outline/help-octagon.svg,6509a83e372d2d8b142ad8a6f2d6762b62600fa94342393f512ab612ab49eb74,0 0 24 24,XML VALID — VISUAL REVIEW PENDING
assets/icons/tabler/outline/help-off.svg,12b9c716aeadb1575fb7c10c2c47133dd2e591279d59a716cd493f632a271910,0 0 24 24,XML VALID — VISUAL REVIEW PENDING
assets/icons/tabler/outline/help-small.svg,b6f1633884f9e84ede0cb853af88d824b23afd05a2784bf780d254883d5bb6fd,0 0 24 24,XML VALID — VISUAL REVIEW PENDING
assets/icons/tabler/outline/help-square-rounded.svg,63be2dd819f75d33b21616a702245557e61de280a1102039ee43dcbb1c37e2bd,0 0 24 24,XML VALID — VISUAL REVIEW PENDING
assets/icons/tabler/outline/help-square.svg,91c555edfe4cb8e416137ac72f71bc0e1d951d095c401449f3179f10c049ee7b,0 0 24 24,XML VALID — VISUAL REVIEW PENDING
assets/icons/tabler/outline/help-triangle.svg,da1b94e21fae1e440373faf0b13ecdcd7f1903f1540e98475bcd0ceea7fd7c58,0 0 24 24,XML VALID — VISUAL REVIEW PENDING
assets/icons/tabler/outline/help.svg,abc4d47635b8e03dfea57aca03e6038ad997c7465458c3c5f912be16c61a311e,0 0 24 24,XML VALID — VISUAL REVIEW PENDING
assets/icons/tabler/outline/hemisphere-off.svg,f7d71793c588465d8eca7ef3e0b3dea5b9e3acdb74f6469a08478340fc8edccf,0 0 24 24,XML VALID — VISUAL REVIEW PENDING
assets/icons/tabler/outline/hemisphere-plus.svg,59ef9559cbd83e859fef73f278bbb8e18697c5d304f6e7161471937320cddd83,0 0 24 24,XML VALID — VISUAL REVIEW PENDING
assets/icons/tabler/outline/hemisphere.svg,5c1e5a0f7507f48894cec85e9b16b17a6ce2dd77fef88e3a29db362aa1e1e98d,0 0 24 24,XML VALID — VISUAL REVIEW PENDING
assets/icons/tabler/outline/hexagon-3d.svg,141da1755759f9cef62ba820a5573c9b3d4fb31f956c315ffc09c2039a170ff5,0 0 24 24,XML VALID — VISUAL REVIEW PENDING
assets/icons/tabler/outline/hexagon-letter-a.svg,5b224e3028524a7153dde0cb65c2490f989f87323da52adcbba70dec58f7742f,0 0 24 24,XML VALID — VISUAL REVIEW PENDING
assets/icons/tabler/outline/hexagon-letter-b.svg,0ea9c3b7583bc8d01431ba4c6a6586187f72153381c4fd2e03f133c4100bae4c,0 0 24 24,XML VALID — VISUAL REVIEW PENDING
assets/icons/tabler/outline/hexagon-letter-c.svg,83a235f8b221904cb8a94da629b3e5fc3dad239e150988d94e1eeed6c7ad9677,0 0 24 24,XML VALID — VISUAL REVIEW PENDING
assets/icons/tabler/outline/hexagon-letter-d.svg,0d3e3673d03b4dbe15c1e0a12ccd7f584052cce46b4a16e46571c4fb9a11d852,0 0 24 24,XML VALID — VISUAL REVIEW PENDING
assets/icons/tabler/outline/hexagon-letter-e.svg,700e455f5df95caf680e068df765f06aa658c31837e535dc7aa300bfd20fb5a9,0 0 24 24,XML VALID — VISUAL REVIEW PENDING
assets/icons/tabler/outline/hexagon-letter-f.svg,70cdb3783d18fe909b7052ad5765d14818f32803be1b8125b0a131798755b4bd,0 0 24 24,XML VALID — VISUAL REVIEW PENDING
assets/icons/tabler/outline/hexagon-letter-g.svg,faf0ddcecc019d273fd18af95f3e9c49fe50c119cbf08a29480638e781c9f490,0 0 24 24,XML VALID — VISUAL REVIEW PENDING
assets/icons/tabler/outline/hexagon-letter-h.svg,f30ba71febd2e7051fea121c00e76418e85f070233edbcb1efe7900abecb34f7,0 0 24 24,XML VALID — VISUAL REVIEW PENDING
assets/icons/tabler/outline/hexagon-letter-i.svg,2187720cde6c2be4b58385247a1603f9f46b30f9c5904d4408ef74ce39c1f96b,0 0 24 24,XML VALID — VISUAL REVIEW PENDING
assets/icons/tabler/outline/hexagon-letter-j.svg,7bac07910420e5dbe2ccbab087a7eda0bb75dfe2b6f183fe35da73616be49bf5,0 0 24 24,XML VALID — VISUAL REVIEW PENDING
assets/icons/tabler/outline/hexagon-letter-k.svg,5cd0729d0a3df935b51c8fba53b9a1fec6df0a0dfdaafa5743dce8f90d274ea7,0 0 24 24,XML VALID — VISUAL REVIEW PENDING
assets/icons/tabler/outline/hexagon-letter-l.svg,3eb19a019f852f5f784ff0fd820f1ae70e0d1fbe6bc66cf23ece2d7d7db42a08,0 0 24 24,XML VALID — VISUAL REVIEW PENDING
assets/icons/tabler/outline/hexagon-letter-m.svg,341e1d05ae07cddafda5f45ca2d8320600f94abe8ab2c4f2f8fce5a3be16568b,0 0 24 24,XML VALID — VISUAL REVIEW PENDING
assets/icons/tabler/outline/hexagon-letter-n.svg,c54a56da444e8e1775a204c02e63c0e02ace46a9640da5613e4a5fa1c2220987,0 0 24 24,XML VALID — VISUAL REVIEW PENDING
assets/icons/tabler/outline/hexagon-letter-o.svg,d3409fce7a6b4063dc90c097bfdc43dfc665adb9bd3045cc42f7f1de32ae79a4,0 0 24 24,XML VALID — VISUAL REVIEW PENDING
assets/icons/tabler/outline/hexagon-letter-p.svg,ade8cd5d1ec6bf353719546829de46ca664f1e6982fa145d01adaf2102564f17,0 0 24 24,XML VALID — VISUAL REVIEW PENDING
assets/icons/tabler/outline/hexagon-letter-q.svg,b8d7b612d104c9bf5dea15cacfda8bb20644249e177393a818fe38ec738fddea,0 0 24 24,XML VALID — VISUAL REVIEW PENDING
assets/icons/tabler/outline/hexagon-letter-r.svg,59fed765de715171ce2842a4587e7ff3d8cc774eb3293971358e62c85c03191f,0 0 24 24,XML VALID — VISUAL REVIEW PENDING
assets/icons/tabler/outline/hexagon-letter-s.svg,45b12bd187b67f2ce7a5a7aaf45c985e28d7f80b1f5178ad47836c3f90ee172e,0 0 24 24,XML VALID — VISUAL REVIEW PENDING
assets/icons/tabler/outline/hexagon-letter-t.svg,411d3e30e9e3e9fe3eb2a57b7428559e686e0af053fb82d74e44401e3bd82289,0 0 24 24,XML VALID — VISUAL REVIEW PENDING
assets/icons/tabler/outline/hexagon-letter-u.svg,c7c946b555dc7179e0201167023b167e5ab9b033dfe3ff1cfed87fdf7d17cf51,0 0 24 24,XML VALID — VISUAL REVIEW PENDING
assets/icons/tabler/outline/hexagon-letter-v.svg,12e4c84eff8c5682d50e6d3cf3e83c0fad3dc1bce5f0e9d00bb38aa3b947f893,0 0 24 24,XML VALID — VISUAL REVIEW PENDING
assets/icons/tabler/outline/hexagon-letter-w.svg,81ac68942c05e74242e821b3e071bb683ac346f7af11454a74784da8ba9b78ce,0 0 24 24,XML VALID — VISUAL REVIEW PENDING
assets/icons/tabler/outline/hexagon-letter-x.svg,c98bb7d2a363bb0f83af09d07e0953270b5e73d10326e319e3b8455219e68c31,0 0 24 24,XML VALID — VISUAL REVIEW PENDING
assets/icons/tabler/outline/hexagon-letter-y.svg,8d71f0c035cc5263e50fd16520f55e8573832ad4b4585cf877f50e6f817f68e2,0 0 24 24,XML VALID — VISUAL REVIEW PENDING
assets/icons/tabler/outline/hexagon-letter-z.svg,2f7c783ca0cbfe8a081b5a3dc004c5a666084c04d243796debc6fcd9b38710d0,0 0 24 24,XML VALID — VISUAL REVIEW PENDING
assets/icons/tabler/outline/hexagon-minus-2.svg,8e99f62f9ef178b0c8bbad5c043fe71240b717bf1fe049a94b7026b969dac093,0 0 24 24,XML VALID — VISUAL REVIEW PENDING
assets/icons/tabler/outline/hexagon-minus.svg,ef81bc3efc0ac849b0c367d4072f81c77ac97c0a24bf62bf059ac311db0df5ec,0 0 24 24,XML VALID — VISUAL REVIEW PENDING
assets/icons/tabler/outline/hexagon-number-0.svg,38e6ff46129311e7fcfadf9e61b16e44b3b7df72e8b8c995831e36efb8b287d4,0 0 24 24,XML VALID — VISUAL REVIEW PENDING
assets/icons/tabler/outline/hexagon-number-1.svg,ad6e8ffd0b29b6e1a2fd9f79438300ce04c5f4ea6b123e70ef0a116afc2c13c5,0 0 24 24,XML VALID — VISUAL REVIEW PENDING
assets/icons/tabler/outline/hexagon-number-2.svg,07f2c0cc7d23529271ca0f4b135013661fbcb93c5682d8d536fb4918bf908ac7,0 0 24 24,XML VALID — VISUAL REVIEW PENDING
assets/icons/tabler/outline/hexagon-number-3.svg,f38ab044f0136c4c2dfbf5140929112a409ad8fda857d85e1856f2b1d56b478f,0 0 24 24,XML VALID — VISUAL REVIEW PENDING
assets/icons/tabler/outline/hexagon-number-4.svg,cd44de13f4904d576cd53a153c2393e1908a698c08eec6c255b587070c8d3a71,0 0 24 24,XML VALID — VISUAL REVIEW PENDING
assets/icons/tabler/outline/hexagon-number-5.svg,bd56932d8447c5c2cf5bdb1178bf3e8e034fe89253f977772e898273eebf3184,0 0 24 24,XML VALID — VISUAL REVIEW PENDING
assets/icons/tabler/outline/hexagon-number-6.svg,09bad9dfa739114601894540c56e8bb704d30fa5faa0525fe942349a3eedcd9d,0 0 24 24,XML VALID — VISUAL REVIEW PENDING
assets/icons/tabler/outline/hexagon-number-7.svg,c8f51e3f804d958227eb6766aff8200f9976aad39bcc3976dba5e2cc8becdb76,0 0 24 24,XML VALID — VISUAL REVIEW PENDING
assets/icons/tabler/outline/hexagon-number-8.svg,b07a24c80c482e2c0c80edf4bc85b9e6a31b09b2a179ee4f640eddf87ac03737,0 0 24 24,XML VALID — VISUAL REVIEW PENDING
assets/icons/tabler/outline/hexagon-number-9.svg,bf1bf3c9992b24c910b632e8df82b11ac9342f46e2011a9ae31fbcafe3b1229b,0 0 24 24,XML VALID — VISUAL REVIEW PENDING
assets/icons/tabler/outline/hexagon-off.svg,7b480965b2aea2f4499ef94d372f6a73257afa911e73ba4f8cdacd353de816de,0 0 24 24,XML VALID — VISUAL REVIEW PENDING
assets/icons/tabler/outline/hexagon-plus-2.svg,5bc7d1efb921cccb9882cf277a572759c6e7af9d7b074dd2a1f3268c70ca95b2,0 0 24 24,XML VALID — VISUAL REVIEW PENDING
assets/icons/tabler/outline/hexagon-plus.svg,27576e6628e81cfe926b34ca061d42b8dc684d19e13e24f0ceb729beeb6bce29,0 0 24 24,XML VALID — VISUAL REVIEW PENDING
assets/icons/tabler/outline/hexagon.svg,7f38ef2135557f9d1b0cca5bd27796cd17e3e5896548d7137c4fe732943c5490,0 0 24 24,XML VALID — VISUAL REVIEW PENDING
assets/icons/tabler/outline/hexagonal-prism-off.svg,6c5f2fe96b96c82a1cde4ce3630bd61ef7b0fbce1d6d20cf9016ecba8654ff46,0 0 24 24,XML VALID — VISUAL REVIEW PENDING
assets/icons/tabler/outline/hexagonal-prism-plus.svg,dea5868ed64e1d765d461293b0dbbf545123637433b2264d498d6d2b985b134e,0 0 24 24,XML VALID — VISUAL REVIEW PENDING
assets/icons/tabler/outline/hexagonal-prism.svg,c0746869715e3f9b866d5bbadc51611917c3253c55377c3eed78adde23886c75,0 0 24 24,XML VALID — VISUAL REVIEW PENDING
assets/icons/tabler/outline/hexagonal-pyramid-off.svg,275174876a208c9cb494cc3fd5af1c44780deabda7d61a459731a86eb31bcdfc,0 0 24 24,XML VALID — VISUAL REVIEW PENDING
assets/icons/tabler/outline/hexagonal-pyramid-plus.svg,1f96ea0906c2ae43dcf28fd959ff8263e899a8275d8275e5e97f48bfd51ff51b,0 0 24 24,XML VALID — VISUAL REVIEW PENDING
assets/icons/tabler/outline/hexagonal-pyramid.svg,839463820134f5ebdb813ad09d8b0a82c7278d84b78cf1bc6dee63c117900413,0 0 24 24,XML VALID — VISUAL REVIEW PENDING
assets/icons/tabler/outline/hexagons-off.svg,74b1b22df2551492bffa267ff467fa353d53c3597a72d2f123b470247a1a31cf,0 0 24 24,XML VALID — VISUAL REVIEW PENDING
assets/icons/tabler/outline/hexagons.svg,92a362ee67a200c48eb518471de81867c29da8a1786027b6f184a8f01d30a9e2,0 0 24 24,XML VALID — VISUAL REVIEW PENDING
assets/icons/tabler/outline/hierarchy-2.svg,fe8b2f68a747a35f081b4b536213fd9d12449ba35455ad96b52a305668528ab2,0 0 24 24,XML VALID — VISUAL REVIEW PENDING
assets/icons/tabler/outline/hierarchy-3.svg,3a159136ae80efb48798487681b3e592d913846b983cb3cd645e6688bfeb9597,0 0 24 24,XML VALID — VISUAL REVIEW PENDING
assets/icons/tabler/outline/hierarchy-off.svg,9988aa6c5c0fdbe78843c68a66b36fc538387149ffa7be2315dc1ea2567776e9,0 0 24 24,XML VALID — VISUAL REVIEW PENDING
assets/icons/tabler/outline/hierarchy.svg,9d73cd09ba31c8a9cbae78e152f469744fafb1f6f5efa0e1f6633fec298ce1cc,0 0 24 24,XML VALID — VISUAL REVIEW PENDING
assets/icons/tabler/outline/highlight-off.svg,1c7828e98f31bbe89a8e2e5d6f50b1c27c08ddf30a3ba2879a46fe9574679fe7,0 0 24 24,XML VALID — VISUAL REVIEW PENDING
assets/icons/tabler/outline/highlight.svg,4617715f61d70036737372089b8f553ed10d57d72add7cff047ff3de124f01ee,0 0 24 24,XML VALID — VISUAL REVIEW PENDING
assets/icons/tabler/outline/history-off.svg,5ba510476001e107b6c27c1e6332285d6cad59bde38c8824d5e5ce1c524d63be,0 0 24 24,XML VALID — VISUAL REVIEW PENDING
assets/icons/tabler/outline/history-toggle.svg,61ac99716c50ca9c7a58df78ae6f233f8ee7be77f59f8638663d89cd877614d6,0 0 24 24,XML VALID — VISUAL REVIEW PENDING
assets/icons/tabler/outline/history.svg,83ac1cda8ed8fa2339dca1db56e67982304b0853d9be7bae2ec6ce28e030324b,0 0 24 24,XML VALID — VISUAL REVIEW PENDING
assets/icons/tabler/outline/home-2.svg,20cbf4983fa7bdee52d675121661a32124775fe04497aada12ef8ba5fabe386c,0 0 24 24,XML VALID — VISUAL REVIEW PENDING
assets/icons/tabler/outline/home-bitcoin.svg,df58134ce7bb4b63f56b2448d45a1c097e4fb3bceb67ecd5dc80ad52f30694ea,0 0 24 24,XML VALID — VISUAL REVIEW PENDING
assets/icons/tabler/outline/home-bolt.svg,ad93cc953d8529737f1d9b426befda19ce9224a87f1e28870d38b16d8c3590e1,0 0 24 24,XML VALID — VISUAL REVIEW PENDING
assets/icons/tabler/outline/home-cancel.svg,bfd4dee5297e2126ca59a0616096055b2642a5257dbca20f8588e1412583981d,0 0 24 24,XML VALID — VISUAL REVIEW PENDING
assets/icons/tabler/outline/home-check.svg,a81dcdcb5c1afca59f1a7a976a011ac32402939bdeff0f2a95843ae1277f6784,0 0 24 24,XML VALID — VISUAL REVIEW PENDING
assets/icons/tabler/outline/home-cog.svg,949e71386b1576bc016a715b6e46cf7b971b4669493bb9728faacbf6c87c3bb9,0 0 24 24,XML VALID — VISUAL REVIEW PENDING
assets/icons/tabler/outline/home-dollar.svg,cb791587ddc61cef3b8b8ce3a9bcf5a78a27fa6dc735f0b61c4635532c3004f7,0 0 24 24,XML VALID — VISUAL REVIEW PENDING
assets/icons/tabler/outline/home-dot.svg,4f56143e8d050ddd4354dc0bb599d97feba01293035b9d1666ba652173549247,0 0 24 24,XML VALID — VISUAL REVIEW PENDING
assets/icons/tabler/outline/home-down.svg,02a23cb46c1cc287f5ad2d28a2562ffb8db6007b79c2ce63cf6dbf41b0021bfa,0 0 24 24,XML VALID — VISUAL REVIEW PENDING
assets/icons/tabler/outline/home-eco.svg,65322c2181ce2e482f70cb1bdb22aec6ac2ee6ff32d005dd8146e3225e28f3c4,0 0 24 24,XML VALID — VISUAL REVIEW PENDING
assets/icons/tabler/outline/home-edit.svg,d316c0416a586c93ec2ed0fd4af0a5bb7d9a7cee74d0b8210f1f83e1a615f950,0 0 24 24,XML VALID — VISUAL REVIEW PENDING
assets/icons/tabler/outline/home-exclamation.svg,a4ce021fdd6e1781695f7c382216cd2d40fc4bc186740e6d7b071479d9075e20,0 0 24 24,XML VALID — VISUAL REVIEW PENDING
assets/icons/tabler/outline/home-hand.svg,d1a8bd6231ebc76ab31a1fdf0edf34e97610d8e6f94ed1cf33449332fae72238,0 0 24 24,XML VALID — VISUAL REVIEW PENDING
assets/icons/tabler/outline/home-heart.svg,9d0dc4462ea66ca57a5a1e9fe9e27845fc3f23089929364054f0320a3e2172b5,0 0 24 24,XML VALID — VISUAL REVIEW PENDING
assets/icons/tabler/outline/home-infinity.svg,f609d79468a982dcfec653d28a33cf92c3c1153741d682447212bb28a1f10a9f,0 0 24 24,XML VALID — VISUAL REVIEW PENDING
assets/icons/tabler/outline/home-link.svg,eb600e515509a5a7e6d4a0c727b6e4057375899838963f4532d957788663e292,0 0 24 24,XML VALID — VISUAL REVIEW PENDING
assets/icons/tabler/outline/home-minus.svg,6c4c6aba46558697ad481c2d58a1294f47882d8575c3bb33616cd902e813335e,0 0 24 24,XML VALID — VISUAL REVIEW PENDING
assets/icons/tabler/outline/home-move.svg,ecea0919db834a53fbedc9a095fef26c506935429938a9a2df98ff0eecf0adf5,0 0 24 24,XML VALID — VISUAL REVIEW PENDING
assets/icons/tabler/outline/home-off.svg,b93ecef4b92f217c900726c3889c9aa199fb83fc0890efb1702b713f560f1576,0 0 24 24,XML VALID — VISUAL REVIEW PENDING
assets/icons/tabler/outline/home-plus.svg,5a8e77201bcfc7b5a27e8a6548ef0e1d6cdd5c3a5285be1d394ca66e21135c4a,0 0 24 24,XML VALID — VISUAL REVIEW PENDING
assets/icons/tabler/outline/home-question.svg,e1393853746b783c8fe6e8b3e2ae6ce7664638d6eb32da9bf94149fffcaa7730,0 0 24 24,XML VALID — VISUAL REVIEW PENDING
assets/icons/tabler/outline/home-ribbon.svg,6e5f7b832383bb970ed30c0d7bc5548829e98aaa4e3f28dd322eb96a787de268,0 0 24 24,XML VALID — VISUAL REVIEW PENDING
assets/icons/tabler/outline/home-search.svg,30235f3c3b74c130f5356208cb49c39caa3193136445ec4c73da71c71109dce6,0 0 24 24,XML VALID — VISUAL REVIEW PENDING
assets/icons/tabler/outline/home-share.svg,47b2ac0bcefade9756674ee071ce029ea189c6ec09800bb4f8bd40a37b92f7d0,0 0 24 24,XML VALID — VISUAL REVIEW PENDING
assets/icons/tabler/outline/home-shield.svg,d52a940aeb5561e5c9ef5e99544a31dff0820a4a32e4e672a2f5a23c25573b2f,0 0 24 24,XML VALID — VISUAL REVIEW PENDING
assets/icons/tabler/outline/home-signal.svg,f0b489763d82b20f82ca03e02190ac8f0670aba2779bd9d0b547ff42659dea26,0 0 24 24,XML VALID — VISUAL REVIEW PENDING
assets/icons/tabler/outline/home-spark.svg,15df15c0c0b3ff8cf508d09ae5590b0a7638f82fb9fb5050e24f6f2210d571d5,0 0 24 24,XML VALID — VISUAL REVIEW PENDING
assets/icons/tabler/outline/home-star.svg,5b9f2bc7199d4232b04f39744f14aa7c75824932d208791cbedbb82907cc3b2f,0 0 24 24,XML VALID — VISUAL REVIEW PENDING
assets/icons/tabler/outline/home-stats.svg,5672746413b4fddc5ffe266dbd0a4b9d2ba8b9731107c5d5c4d56d049d04ed0c,0 0 24 24,XML VALID — VISUAL REVIEW PENDING
assets/icons/tabler/outline/home-up.svg,93025065de287681315d04115bfb3f74d860cc5d62b3bba6f533e1498213704a,0 0 24 24,XML VALID — VISUAL REVIEW PENDING
assets/icons/tabler/outline/home-x.svg,bb2e851be445a03551e4cdf11771ebd190bea1eddc923bd72b1f719562f78d55,0 0 24 24,XML VALID — VISUAL REVIEW PENDING
assets/icons/tabler/outline/home.svg,58adcd92d92dfc71f162e19983bc9d7cf05ed7cbcd81202a3374190157595a09,0 0 24 24,XML VALID — VISUAL REVIEW PENDING
assets/icons/tabler/outline/horse-toy.svg,a1339628eb887c80e9b6bd0aa27e2e51bfe501c4ade9b6d3fdc27f846e23a02b,0 0 24 24,XML VALID — VISUAL REVIEW PENDING
assets/icons/tabler/outline/horse.svg,16fb0b4ebd0cd0512c78f56aa90c1cad5fbbba3d4f953f9b0f6d694516df2d7c,0 0 24 24,XML VALID — VISUAL REVIEW PENDING
assets/icons/tabler/outline/horseshoe.svg,8ea0f892edfe2794339206e3e999824ccb74dab789aa12e502d28d9378cbc2fd,0 0 24 24,XML VALID — VISUAL REVIEW PENDING
assets/icons/tabler/outline/hospital-circle.svg,b25b639c7fa75feee958a3b0a3085b23ccee80138b02054419f0c541e262dc2d,0 0 24 24,XML VALID — VISUAL REVIEW PENDING
assets/icons/tabler/outline/hospital.svg,47bb4c605175f24fe0a42bda66761ad6344fbda9e02657aac78647ce55908808,0 0 24 24,XML VALID — VISUAL REVIEW PENDING
assets/icons/tabler/outline/hotel-service.svg,cfedd4a5343012097c2154a504c09d989ed070ba15fb48ff06b9e86acd17f423,0 0 24 24,XML VALID — VISUAL REVIEW PENDING
assets/icons/tabler/outline/hourglass-empty.svg,fae4de4a528c986b6fa0e474923fb2f2b0cb7090af91d2796ffd8922649667eb,0 0 24 24,XML VALID — VISUAL REVIEW PENDING
assets/icons/tabler/outline/hourglass-high.svg,1e27c97c0a3899c0cc170ae1c2c2bbd5eb91dc16f58b743611201acfebd3d613,0 0 24 24,XML VALID — VISUAL REVIEW PENDING
assets/icons/tabler/outline/hourglass-low.svg,721fd41d86fc7eef5910c2e4a84125e97a6487d6fc2793e30fcbac641249a3d8,0 0 24 24,XML VALID — VISUAL REVIEW PENDING
assets/icons/tabler/outline/hourglass-off.svg,04c1034f013f2f76695519acbd7a79ad08e809bededd6aa284c41d46fc176479,0 0 24 24,XML VALID — VISUAL REVIEW PENDING
assets/icons/tabler/outline/hourglass.svg,55a5d8eb715ce6d585ecc1551f74ffdc98f8bd6dfb9d364c55fa0239f005aad2,0 0 24 24,XML VALID — VISUAL REVIEW PENDING
assets/icons/tabler/outline/hours-12.svg,d110272afc63e784576c333a5c3bb8e026bf6ef456850e131dacb0cdd850b053,0 0 24 24,XML VALID — VISUAL REVIEW PENDING
assets/icons/tabler/outline/hours-24.svg,6d79112ca07d2c6a43b14161c469665a2593caeed8a6ae084d0650fd55c61a96,0 0 24 24,XML VALID — VISUAL REVIEW PENDING
assets/icons/tabler/outline/html.svg,d47894b97b35d05a5127e2a23a3c286361502c0bd87282a9205bd3923efe7e1a,0 0 24 24,XML VALID — VISUAL REVIEW PENDING
assets/icons/tabler/outline/http-connect-off.svg,f6bea3412363be0bf5213eb02dccb338851c99a0b328ac72cc7fa2d2a0fb1a30,0 0 24 24,XML VALID — VISUAL REVIEW PENDING
assets/icons/tabler/outline/http-connect.svg,283a1d5220f285130b39c38086cb724437f164b3bfeabd645deaacf831d96c88,0 0 24 24,XML VALID — VISUAL REVIEW PENDING
assets/icons/tabler/outline/http-delete-off.svg,312ea186f78d3664aa8dbefc8410e1b0264c8e6e44e3e0f3b3ea73289ba49bf1,0 0 24 24,XML VALID — VISUAL REVIEW PENDING
assets/icons/tabler/outline/http-delete.svg,e7e42021ce9ce35d53477e624a74e459bbdc38d4ba452545143795e480f79177,0 0 24 24,XML VALID — VISUAL REVIEW PENDING
assets/icons/tabler/outline/http-get-off.svg,99708ddce19fb0bdb12bf41b365553425ed6e58638544841dc5360aa93d379ea,0 0 24 24,XML VALID — VISUAL REVIEW PENDING
assets/icons/tabler/outline/http-get.svg,2540554cda1de1faa0529c2e68dfaa0dea26b53e1cf01d8f916ceb0fcebc043b,0 0 24 24,XML VALID — VISUAL REVIEW PENDING
assets/icons/tabler/outline/http-head-off.svg,6b33aca5940de72ebf71c9559d5b28ad2f2eac7f8cf1814922bece8c12f3ee51,0 0 24 24,XML VALID — VISUAL REVIEW PENDING
assets/icons/tabler/outline/http-head.svg,1f891124dc6eaa923b6d82d8ba4402de58908353f4211f35beb2aab2a4f19610,0 0 24 24,XML VALID — VISUAL REVIEW PENDING
assets/icons/tabler/outline/http-options-off.svg,05346fb00ae8b3bfe04015c096ecc233f2f82a36ceb7a1438c9cf2d5d49a3dff,0 0 24 24,XML VALID — VISUAL REVIEW PENDING
assets/icons/tabler/outline/http-options.svg,a677e9cd47697e7f0433e18c0d682d5e444a59a72fe6f4b156233cec2b869cdf,0 0 24 24,XML VALID — VISUAL REVIEW PENDING
assets/icons/tabler/outline/http-patch-off.svg,add22dbf18bb0afacb7844ac8be50f5367fcfaf3bbc8144645afaf1dc28d343f,0 0 24 24,XML VALID — VISUAL REVIEW PENDING
assets/icons/tabler/outline/http-patch.svg,3875eb7f98c3760ea22dfd7871a8b48db44b0ea5e415185789d26f948062b4b8,0 0 24 24,XML VALID — VISUAL REVIEW PENDING
assets/icons/tabler/outline/http-post-off.svg,bfb05118baebdae4674129364c7a6772660531514c059d5afb6cc07778fffb6f,0 0 24 24,XML VALID — VISUAL REVIEW PENDING
assets/icons/tabler/outline/http-post.svg,eb5d7fb256d3ce04d6ec480d4ba415f3a6f77231ab94b4cd308ac7d519af9f72,0 0 24 24,XML VALID — VISUAL REVIEW PENDING
assets/icons/tabler/outline/http-put-off.svg,cfb5df5b4a9bb808c89ce50f4b071fba22041793422d800167b53813009e00c9,0 0 24 24,XML VALID — VISUAL REVIEW PENDING
assets/icons/tabler/outline/http-put.svg,c3bd6589d3aba5b1f96cc20d3403eb7ba2f16c7905781ceeac7c01c466b6e611,0 0 24 24,XML VALID — VISUAL REVIEW PENDING
assets/icons/tabler/outline/http-que-off.svg,4a9b00bf7350bb0763d77e317101f8f2da4d0fa659e23e1102db439b316f127a,0 0 24 24,XML VALID — VISUAL REVIEW PENDING
assets/icons/tabler/outline/http-que.svg,78a633ef66cdb5dce9c971aee6e6fe9a16406018b12678950e66f80faa6b9d14,0 0 24 24,XML VALID — VISUAL REVIEW PENDING
assets/icons/tabler/outline/http-trace-off.svg,f1dc824fe51d83089519af30d804aaf661612daa51173f722b9140687d8a85ce,0 0 24 24,XML VALID — VISUAL REVIEW PENDING
assets/icons/tabler/outline/http-trace.svg,4be55180ec02de8122d29ae2d8b9523a32cdb6511bf46afd3eb0a381eb814b74,0 0 24 24,XML VALID — VISUAL REVIEW PENDING
assets/icons/tabler/outline/ice-cream-2.svg,7cb2bf2b16de53799b31868e73e9cc0ea94027bb92a84c3e727155770dee4637,0 0 24 24,XML VALID — VISUAL REVIEW PENDING
assets/icons/tabler/outline/ice-cream-off.svg,688894b0d02471b66d3617ff40a557e9ed2c7c920ee954917fe9d0cdb4c04973,0 0 24 24,XML VALID — VISUAL REVIEW PENDING
assets/icons/tabler/outline/ice-cream.svg,41e689204998113a97bb8a4865a912afc33a5f67b4186bb2f086248ef4f0328b,0 0 24 24,XML VALID — VISUAL REVIEW PENDING
assets/icons/tabler/outline/ice-skating.svg,f33717d6912637e3ad31febaba870ddee63126a3fcf5c3494ed3b046ebf1ae75,0 0 24 24,XML VALID — VISUAL REVIEW PENDING
assets/icons/tabler/outline/icons-off.svg,7c483151eff3d2d743b4e9e1cb5944bac688582e5b0444dba6a1cc86203a0a2b,0 0 24 24,XML VALID — VISUAL REVIEW PENDING
assets/icons/tabler/outline/icons.svg,9d1a6b54202b16e13f93337f060b0e92018569176c662d4b1a2eba2d620d5441,0 0 24 24,XML VALID — VISUAL REVIEW PENDING
assets/icons/tabler/outline/id-badge-2.svg,537c6aa3873534a2f56d9d5538ff5f2ca0d2c83e50b5f8832374c3efe593b3b6,0 0 24 24,XML VALID — VISUAL REVIEW PENDING
assets/icons/tabler/outline/id-badge-off.svg,3c435fbb1d121c7cfaed406749333c3977eba30baea292aca535a102ea22e1e3,0 0 24 24,XML VALID — VISUAL REVIEW PENDING
assets/icons/tabler/outline/id-badge.svg,60caa9b06c2c320d52f83e5a3e858a1536a58076ffc4348b4a11cd217b605335,0 0 24 24,XML VALID — VISUAL REVIEW PENDING
assets/icons/tabler/outline/id-off.svg,2ec035d6457e28b05801f63295824903da937cb8a50237997b3c3b5389353106,0 0 24 24,XML VALID — VISUAL REVIEW PENDING
assets/icons/tabler/outline/id.svg,c3b45f211f2b30ff15844f00d0170ca0e2238090a3d40e747b516e4ad4d83538,0 0 24 24,XML VALID — VISUAL REVIEW PENDING
assets/icons/tabler/outline/ikosaedr.svg,d35286b38e4b059f42271be62b8707c469fd3f8c95a851e2630c361656af8103,0 0 24 24,XML VALID — VISUAL REVIEW PENDING
assets/icons/tabler/outline/image-in-picture.svg,915080a5d4e83b40ee27b71c42bffe09eb47c7c8c3830f462dd4aec00a92935d,0 0 24 24,XML VALID — VISUAL REVIEW PENDING
assets/icons/tabler/outline/inbox-off.svg,b86251265a15b3303a456631d23c5942afbb2b07bd6ec83cd8b1709a8a2612b9,0 0 24 24,XML VALID — VISUAL REVIEW PENDING
assets/icons/tabler/outline/inbox.svg,087fe10081ac17dc3d763c593b0e9a3ea57319035ec1abcfdc5337fb70586739,0 0 24 24,XML VALID — VISUAL REVIEW PENDING
assets/icons/tabler/outline/indent-decrease.svg,936ee04a5dd25a91e49c7e5e6d45793b589012fe6ddafa4f6811b9bc2b489024,0 0 24 24,XML VALID — VISUAL REVIEW PENDING
assets/icons/tabler/outline/indent-increase.svg,ecf360468e5a1eff2f8927fc9d478040c811b2d47d2a5bddc5cf304a4b0a161d,0 0 24 24,XML VALID — VISUAL REVIEW PENDING
assets/icons/tabler/outline/infinity-off.svg,4d11843e4725d4160844ea9b5d237f22b5b855cff0d3bea4c745911cb8e23a19,0 0 24 24,XML VALID — VISUAL REVIEW PENDING
assets/icons/tabler/outline/infinity.svg,c8f67289aa2a1472ac9e62b7f7021a5d896c367de4c9ceb57c1929505cc8c7ec,0 0 24 24,XML VALID — VISUAL REVIEW PENDING
assets/icons/tabler/outline/info-circle.svg,d3cb8625e43b9eb4e80298c42c16f9adfad2e12282036948f2c5205823c162d7,0 0 24 24,XML VALID — VISUAL REVIEW PENDING
assets/icons/tabler/outline/info-hexagon.svg,dde39ae0d7cb92728ec8a26240ccb48063dc1e485f02323051cd55fd9d10d2b8,0 0 24 24,XML VALID — VISUAL REVIEW PENDING
assets/icons/tabler/outline/info-octagon.svg,3d7acfb36356e2148e20c063d072d7350531be67c9bbdf80886ead63f35dc006,0 0 24 24,XML VALID — VISUAL REVIEW PENDING
assets/icons/tabler/outline/info-small.svg,b706e196cb2f0eb4ef381d209a6a3638e54ab06473660937b48eba16bdd0f862,0 0 24 24,XML VALID — VISUAL REVIEW PENDING
assets/icons/tabler/outline/info-square-rounded.svg,ddbc5fad1e5f36b0491c4a4c921d8fa95fafdc5edb8c7b0bcbe0efeb985c058f,0 0 24 24,XML VALID — VISUAL REVIEW PENDING
assets/icons/tabler/outline/info-square.svg,bb59a4b3ec6843049f33f279a047718df19d736245dfc0acfc9c9082ef58c83a,0 0 24 24,XML VALID — VISUAL REVIEW PENDING
assets/icons/tabler/outline/info-triangle.svg,ce6b02dc4df90b09ea61727a6e040e37b29e70617d1ef3be4b88611c9a2f871b,0 0 24 24,XML VALID — VISUAL REVIEW PENDING
assets/icons/tabler/outline/inner-shadow-bottom-left.svg,e194184e164c9736a7ac963c297e1c532a6c521e2aad61b9b06de0aaa27f3a57,0 0 24 24,XML VALID — VISUAL REVIEW PENDING
assets/icons/tabler/outline/inner-shadow-bottom-right.svg,334f972d8e27fac23493972c2028ef404df054ed87d311ab02e4a2ad8136d35a,0 0 24 24,XML VALID — VISUAL REVIEW PENDING
assets/icons/tabler/outline/inner-shadow-bottom.svg,6089ada8692b165316b1f71f8d74d0424ce42c9b06996d685c9027ed7cb8c4c3,0 0 24 24,XML VALID — VISUAL REVIEW PENDING
assets/icons/tabler/outline/inner-shadow-left.svg,4e63a91b11d3bd497a3bdfb9643173d9f429c98fa6f7b8b0d0400750f8bb6d3b,0 0 24 24,XML VALID — VISUAL REVIEW PENDING
assets/icons/tabler/outline/inner-shadow-right.svg,da510f87c7fbb1dd38790154b2f4ec01b4e54e2f87ff44158de032149bd7d606,0 0 24 24,XML VALID — VISUAL REVIEW PENDING
assets/icons/tabler/outline/inner-shadow-top-left.svg,cd704a3c38464163065e8fe9c6323d66f75b4747a025b8572ad3b677f9c615f8,0 0 24 24,XML VALID — VISUAL REVIEW PENDING
assets/icons/tabler/outline/inner-shadow-top-right.svg,65da9e24b490cf6fab447e46f1c385c52926ddc64c54e5aa4583759aa302bad4,0 0 24 24,XML VALID — VISUAL REVIEW PENDING
assets/icons/tabler/outline/inner-shadow-top.svg,19c0503105883ae6920f9a0f486eafac000208b2f6a2c52f0d6f8e8134e1045c,0 0 24 24,XML VALID — VISUAL REVIEW PENDING
assets/icons/tabler/outline/input-ai.svg,7bdac4dcd4d5c5398e67e9dffe73300bdc0b4a524e14a8a5a5d7d7e0bd899f1e,0 0 24 24,XML VALID — VISUAL REVIEW PENDING
assets/icons/tabler/outline/input-check.svg,328ddeeab25fb582139743552ae54f5372ebb9bc0b67f87eb9e74f2f86634f18,0 0 24 24,XML VALID — VISUAL REVIEW PENDING
assets/icons/tabler/outline/input-search.svg,48b129d8e168c65c59e38071b0079af0ccf46b15c9c45ffd43f4ac0d31b98529,0 0 24 24,XML VALID — VISUAL REVIEW PENDING
assets/icons/tabler/outline/input-spark.svg,cc4b7ed994ab2109ab2e4c0395e768fe52e6e254ced356da7791f64619c5b877,0 0 24 24,XML VALID — VISUAL REVIEW PENDING
assets/icons/tabler/outline/input-x.svg,e66af60762a4d3b771e8aac54007281c61ad71594ea61fb1b930bd881a6a95d8,0 0 24 24,XML VALID — VISUAL REVIEW PENDING
assets/icons/tabler/outline/invoice.svg,353b7ea4a7d742d9a0bf56c50e6d4f436bd1b2f6bca5903cc2a697f4ba4ed710,0 0 24 24,XML VALID — VISUAL REVIEW PENDING
assets/icons/tabler/outline/ironing-1.svg,f4796bb79bb653673cff6fea1feeae5cd4cf83f4eea75fdf646e324958db67df,0 0 24 24,XML VALID — VISUAL REVIEW PENDING
assets/icons/tabler/outline/ironing-2.svg,2311803bc8b69a58af317dc6135761acc11a41ef83c403bb3b1cc266aa7e62ce,0 0 24 24,XML VALID — VISUAL REVIEW PENDING
assets/icons/tabler/outline/ironing-3.svg,1403599a990aa782ed0a9d013097a1c817ca5b488b21c548b3a6227776ef07fc,0 0 24 24,XML VALID — VISUAL REVIEW PENDING
assets/icons/tabler/outline/ironing-off.svg,bf24b38c19a0d204826b232307baca212280b3c1d8e7e8b0afe2333b7d7bec11,0 0 24 24,XML VALID — VISUAL REVIEW PENDING
assets/icons/tabler/outline/ironing-steam-off.svg,50369439ef7b19e43019f142ad47663823503137e766c0bacd2a60e7ed63d70a,0 0 24 24,XML VALID — VISUAL REVIEW PENDING
assets/icons/tabler/outline/ironing-steam.svg,ddc783caeea1180a851fd6857ca5b09b58489935675d338f9934357888750547,0 0 24 24,XML VALID — VISUAL REVIEW PENDING
assets/icons/tabler/outline/ironing.svg,b59709a174cd200bd34ebbaeb9261db746b4bd0115afc398baf35984e58e93b7,0 0 24 24,XML VALID — VISUAL REVIEW PENDING
assets/icons/tabler/outline/irregular-polyhedron-off.svg,a4ff21ff1689e4e3e02511cbc25ec7184c9ae14e29db65ad45c00072c432640f,0 0 24 24,XML VALID — VISUAL REVIEW PENDING
assets/icons/tabler/outline/irregular-polyhedron-plus.svg,08e2bd269f607fb543d98ade21c22da846cd1e35a1ccec15bfb9523f3e42c73b,0 0 24 24,XML VALID — VISUAL REVIEW PENDING
assets/icons/tabler/outline/irregular-polyhedron.svg,7e0a76800d8f1e8c6b547f4d3813556e2b6433f73faaa08c16e6a4600d929967,0 0 24 24,XML VALID — VISUAL REVIEW PENDING
assets/icons/tabler/outline/italic.svg,554bcd4f214d2376b2252ec734592794208548fd5adfb4a9e145b6fa2d730537,0 0 24 24,XML VALID — VISUAL REVIEW PENDING
assets/icons/tabler/outline/jacket.svg,142ebfbc9b57aed935586993bce4f9ac89c57cc4c470177ab2a6465b54f82a0a,0 0 24 24,XML VALID — VISUAL REVIEW PENDING
assets/icons/tabler/outline/jetpack.svg,583642f44175bd6fb6f35798895d3d036f52477cb1031dca604e849344d1c642,0 0 24 24,XML VALID — VISUAL REVIEW PENDING
assets/icons/tabler/outline/jewish-star.svg,8dd5afbfba2ea119757ef7df67c91bf9e627992395d24bedeefe15f9cf07d1b7,0 0 24 24,XML VALID — VISUAL REVIEW PENDING
assets/icons/tabler/outline/join-bevel.svg,78f119765b0bddd69a07df40d92e2bd021ef38863f4632d34775c19ffbc49d94,0 0 24 24,XML VALID — VISUAL REVIEW PENDING
assets/icons/tabler/outline/join-round.svg,e01656ad4d0787cc045b34ad43b5cdbaefd6dbf083c07cedf13ff506fb16f7ec,0 0 24 24,XML VALID — VISUAL REVIEW PENDING
assets/icons/tabler/outline/join-straight.svg,3eebd0528a3173548fedc378ed43b4c701556cb21c14fc7f1818c88de72fc131,0 0 24 24,XML VALID — VISUAL REVIEW PENDING
assets/icons/tabler/outline/joker.svg,d1beeb400927a31f19515fcf1271d1bd4674ff8075f24a557b16cce0935a0231,0 0 24 24,XML VALID — VISUAL REVIEW PENDING
assets/icons/tabler/outline/jpg.svg,9b2dc8ef7ac052fe035a075fc99a5eb826827909e1be44e5e4c40299b50c7ff6,0 0 24 24,XML VALID — VISUAL REVIEW PENDING
assets/icons/tabler/outline/json.svg,c2a4545d408d0215136c514f647aa7160a2f99d20fa33583ee6dcd74aaaa8b74,0 0 24 24,XML VALID — VISUAL REVIEW PENDING
assets/icons/tabler/outline/jump-rope.svg,2ca1089dd6027379aec8a3426662a09cc3f2a155e7528325c01a983d75a480f6,0 0 24 24,XML VALID — VISUAL REVIEW PENDING
assets/icons/tabler/outline/karate.svg,56a8fab8d3cff0d533d4fed5850d1f385348d7f61d299f615226a5b3923e27f2,0 0 24 24,XML VALID — VISUAL REVIEW PENDING
assets/icons/tabler/outline/kayak.svg,fceaa28ecdf3828754d9ee62fe1669ef5a88794bb6e6687e60494b15e1898347,0 0 24 24,XML VALID — VISUAL REVIEW PENDING
assets/icons/tabler/outline/kerning.svg,6bc22cc5ddb4886afe800f0e1f1779f20d076ec05d6d42d729cd80f02d786614,0 0 24 24,XML VALID — VISUAL REVIEW PENDING
assets/icons/tabler/outline/key-off.svg,5feee0ba8e9a0608ce119edb1703765d5abbdf618531becf92d7bdf50070bc04,0 0 24 24,XML VALID — VISUAL REVIEW PENDING
assets/icons/tabler/outline/key.svg,b360e08389ed6ac0aa504825e5699bc91f1489b8bd77d4634269051eecdde345,0 0 24 24,XML VALID — VISUAL REVIEW PENDING
assets/icons/tabler/outline/keyboard-hide.svg,15b4ee0e7a570f1d0bcba64d6062df5056921bd30d838049d8439f756dec7599,0 0 24 24,XML VALID — VISUAL REVIEW PENDING
assets/icons/tabler/outline/keyboard-off.svg,7f4af08e17a2fe02e442838ad96a007f03a6d656ab6eea15d71ee3a2b6e7b971,0 0 24 24,XML VALID — VISUAL REVIEW PENDING
assets/icons/tabler/outline/keyboard-show.svg,5e6e3ea6ec8670ea7bbde7de98bff6042af2d973aa0e08b8edbe87f40fbbc6ae,0 0 24 24,XML VALID — VISUAL REVIEW PENDING
assets/icons/tabler/outline/keyboard.svg,3c8d2e2368c6066d4b7947960b3d5329e573bbd50420d4a1abf24580b256c83d,0 0 24 24,XML VALID — VISUAL REVIEW PENDING
assets/icons/tabler/outline/keyframe-align-center.svg,4763a8db5b99ddb8ae4a1882dbf96bf9d6543b22c541ce6815d388293325760d,0 0 24 24,XML VALID — VISUAL REVIEW PENDING
assets/icons/tabler/outline/keyframe-align-horizontal.svg,0ecff688c96aecc5d52dff7740d2cbf4287915af1a9fefe855065cfc3d9c3558,0 0 24 24,XML VALID — VISUAL REVIEW PENDING
assets/icons/tabler/outline/keyframe-align-vertical.svg,cc4ec54ac4863e4303388b7a4582a52b8f3da2dafa404afdbe4cc1655cecaca2,0 0 24 24,XML VALID — VISUAL REVIEW PENDING
assets/icons/tabler/outline/keyframe.svg,494f5f18b7b75a3f60dadbff096f734b189931580a0cfc0c86c17282a33a2f26,0 0 24 24,XML VALID — VISUAL REVIEW PENDING
assets/icons/tabler/outline/keyframes.svg,1da70d41ca52066369980510f93ab291e61db82a3696638ca02b98d2e3439026,0 0 24 24,XML VALID — VISUAL REVIEW PENDING
assets/icons/tabler/outline/label-important.svg,ee50b77b388acc6f7ed33437076d2f2f1970673381639e964c5965aa9e433f97,0 0 24 24,XML VALID — VISUAL REVIEW PENDING
assets/icons/tabler/outline/label-off.svg,00e67bd5221532da31fce380982faed428832e417f4578c0b6e6e52fa5299199,0 0 24 24,XML VALID — VISUAL REVIEW PENDING
assets/icons/tabler/outline/label.svg,39e3ec9dd4d73c43a4f294f408e901ed90ed12f5a6deb52a1652239aa4464050,0 0 24 24,XML VALID — VISUAL REVIEW PENDING
assets/icons/tabler/outline/ladder-off.svg,ac429df3b481e0fa6afb18ec6ec575a94020cc10f9a9a8e62b49d436742e2d91,0 0 24 24,XML VALID — VISUAL REVIEW PENDING
assets/icons/tabler/outline/ladder.svg,0d3a4942b434f32b540df9a4c58606cae8fb2384e3f727dc729635435414396f,0 0 24 24,XML VALID — VISUAL REVIEW PENDING
assets/icons/tabler/outline/ladle.svg,abbf306af0139bb057587c3c365dc047bedbc5bd71b217539331d7dfd7d411e3,0 0 24 24,XML VALID — VISUAL REVIEW PENDING
assets/icons/tabler/outline/lambda.svg,28ff43b933261feec33f8a6d535d37164cdc3b3ab44429f870b54e83821b849f,0 0 24 24,XML VALID — VISUAL REVIEW PENDING
assets/icons/tabler/outline/lamp-2.svg,c8e7b63877a7020abd1eee5bd6e66da7a0d5770d02e0b77a01808ddfe4883d51,0 0 24 24,XML VALID — VISUAL REVIEW PENDING
assets/icons/tabler/outline/lamp-off.svg,403f670899b0d62ff6b9535acb3a903e9c799f502bd9b37be756b25eecfc7fe7,0 0 24 24,XML VALID — VISUAL REVIEW PENDING
assets/icons/tabler/outline/lamp.svg,5b3d3c07fd6885437b32a2fb30efc159d1b28948750b16c89ce79ec2107b59d9,0 0 24 24,XML VALID — VISUAL REVIEW PENDING
assets/icons/tabler/outline/lane.svg,3dc42bf1460275ee1888526408c3a7e88abfb5baa40f3057ac8760e7d8aeb8e4,0 0 24 24,XML VALID — VISUAL REVIEW PENDING
assets/icons/tabler/outline/language-hiragana.svg,a3cd6ead70b7ab0e76ada83d23996e570faa7d3e5bdbbc126be7951c15c58e2e,0 0 24 24,XML VALID — VISUAL REVIEW PENDING
assets/icons/tabler/outline/language-katakana.svg,324a042e527ac32afbf1351d84dabd936b8367a2899332b6b9d697e478affac3,0 0 24 24,XML VALID — VISUAL REVIEW PENDING
assets/icons/tabler/outline/language-off.svg,7b93e2ed0f0002bfab5db5c6139567252d3ebec1c3b11a63110e009cc3c7bfa7,0 0 24 24,XML VALID — VISUAL REVIEW PENDING
assets/icons/tabler/outline/language.svg,26f8550ce1245ef9abc4b8234a2564a54749c1cbbe644774d76fce973521f5ba,0 0 24 24,XML VALID — VISUAL REVIEW PENDING
assets/icons/tabler/outline/lasso-off.svg,12b4de08de85381dad8236d6c60d0e1dd9c6f0226e039d2b1ccd0acd77a0d26a,0 0 24 24,XML VALID — VISUAL REVIEW PENDING
assets/icons/tabler/outline/lasso-polygon.svg,c25ad1171332e45534186556019e2042d5a8d15e86963eaff5e6445a576c467a,0 0 24 24,XML VALID — VISUAL REVIEW PENDING
assets/icons/tabler/outline/lasso.svg,1fa947813b1be9ba068b9979a46e0aae4418195d3ce076a8d5498dc4a08a8a86,0 0 24 24,XML VALID — VISUAL REVIEW PENDING
assets/icons/tabler/outline/laurel-wreath-1.svg,28cf29c9fd51d99e7ded1d40a1944f05f10537e1a1cb43eb08107175437102e8,0 0 24 24,XML VALID — VISUAL REVIEW PENDING
assets/icons/tabler/outline/laurel-wreath-2.svg,1b492335a3dfb2744c70b7e6eb8215842ffd43e3ee039b80ac84a3aa4666f7d7,0 0 24 24,XML VALID — VISUAL REVIEW PENDING
assets/icons/tabler/outline/laurel-wreath-3.svg,39a86c5051c39b6b75532d676fc0b267d37ab7f072f78256976533d47018cddd,0 0 24 24,XML VALID — VISUAL REVIEW PENDING
assets/icons/tabler/outline/laurel-wreath.svg,691c59a1eb6fe9a2c23cfa4c8a9a06932dac8d77d83409d2f51aa3280c3559e9,0 0 24 24,XML VALID — VISUAL REVIEW PENDING
assets/icons/tabler/outline/layers-difference.svg,d7e9c7acc1444db0f2fb1cf7ace14fe84efc1b1c68fc3a8abdaf941ba926f6dd,0 0 24 24,XML VALID — VISUAL REVIEW PENDING
assets/icons/tabler/outline/layers-intersect-2.svg,f169f61de034298aa87971faa1c7b963001c91136cc0914e1c247e492d1f6bce,0 0 24 24,XML VALID — VISUAL REVIEW PENDING
assets/icons/tabler/outline/layers-intersect.svg,f8cf078b244f1d81e6e9adbdaa6226a33764b2a75a01836191cd1cac7da3ceb2,0 0 24 24,XML VALID — VISUAL REVIEW PENDING
assets/icons/tabler/outline/layers-linked.svg,8885003c079d9a7be63073a78d0377de1d838c5576b4eb24d07144f74426849f,0 0 24 24,XML VALID — VISUAL REVIEW PENDING
assets/icons/tabler/outline/layers-off.svg,491cc4d539fa96e232a4345909014fb77409951dd2e294962ef79375eb42bebc,0 0 24 24,XML VALID — VISUAL REVIEW PENDING
assets/icons/tabler/outline/layers-selected-bottom.svg,1abdb26c7140bde903c870fddf3d28991ce9303322303d9998a4d6fd35525275,0 0 24 24,XML VALID — VISUAL REVIEW PENDING
assets/icons/tabler/outline/layers-selected.svg,01ed261b0501a207393e06eebb640ae4c48704aae7b1e63d94014595786db4db,0 0 24 24,XML VALID — VISUAL REVIEW PENDING
assets/icons/tabler/outline/layers-subtract.svg,755b1a4849ebd329c9eb15bf95cb896f4c1d6225b9aa30d51ff36dcd3218f546,0 0 24 24,XML VALID — VISUAL REVIEW PENDING
assets/icons/tabler/outline/layers-union.svg,0ed88e5349c78270bbb4783a4005ba5b2d09463c2ce80eae1d0ca8799f820ccb,0 0 24 24,XML VALID — VISUAL REVIEW PENDING
assets/icons/tabler/outline/layout-2.svg,50ca1ca9f7d28ab8cae8cf35fe260c8cd95456abe884d3bd7797fd6d887cff31,0 0 24 24,XML VALID — VISUAL REVIEW PENDING
assets/icons/tabler/outline/layout-align-bottom.svg,c564f1de1739cf8ce65cedb161bd7e2a23913bae716dce16ed1b512a05a6c645,0 0 24 24,XML VALID — VISUAL REVIEW PENDING
assets/icons/tabler/outline/layout-align-center.svg,c1b397f916c2ad6d5bdc190ed77b75c6e990f2ffb6a949c8758948b65565a447,0 0 24 24,XML VALID — VISUAL REVIEW PENDING
assets/icons/tabler/outline/layout-align-left.svg,b61ab586f28eda174d3fa6fbc27b66b94ed002cdcce14e2587a0c3cf2ec19e09,0 0 24 24,XML VALID — VISUAL REVIEW PENDING
assets/icons/tabler/outline/layout-align-middle.svg,bbce53e59af7fa007048f84312bb34995cad2d277f4121422fc188e1543c1a08,0 0 24 24,XML VALID — VISUAL REVIEW PENDING
assets/icons/tabler/outline/layout-align-right.svg,8b4163fed170b7ce246e41048810ea7b86ae6f60f96a006d7ac82dee14ecf069,0 0 24 24,XML VALID — VISUAL REVIEW PENDING
assets/icons/tabler/outline/layout-align-top.svg,e83ed411208dc86be12ec04599e70ffb91755f0397e3714e4ddf21ee130c6559,0 0 24 24,XML VALID — VISUAL REVIEW PENDING
assets/icons/tabler/outline/layout-board-split.svg,565e103ab420c87892fd0e89c0e54913d228941d3b8fda2a1377a4f461724d3e,0 0 24 24,XML VALID — VISUAL REVIEW PENDING
assets/icons/tabler/outline/layout-board.svg,f8bc85975b096e4aa610924f25d45633fa61bffbc56eb60c26f57a0b745f7717,0 0 24 24,XML VALID — VISUAL REVIEW PENDING
assets/icons/tabler/outline/layout-bottombar-collapse.svg,4d2699811683c400bc95e32482c9cbbde28b24cbbf790d93efe856e93f267cf6,0 0 24 24,XML VALID — VISUAL REVIEW PENDING
assets/icons/tabler/outline/layout-bottombar-expand.svg,1a8a59a34dfefc53a040b18f011697c738dabb5240e93114fa4da41306e24f0b,0 0 24 24,XML VALID — VISUAL REVIEW PENDING
assets/icons/tabler/outline/layout-bottombar-inactive.svg,41fcb4cff93a97fec860e29500a549380da15a87e2b262c3aa423066838617ca,0 0 24 24,XML VALID — VISUAL REVIEW PENDING
assets/icons/tabler/outline/layout-bottombar.svg,8026867308535c9758448610a7c2fbd81ad97aa768655b8d2352952604cf9658,0 0 24 24,XML VALID — VISUAL REVIEW PENDING
assets/icons/tabler/outline/layout-cards.svg,24c5a8e9674022f47c06f0e5ae7be8672e6c4b6f6653e950f6d60d99de61cd89,0 0 24 24,XML VALID — VISUAL REVIEW PENDING
assets/icons/tabler/outline/layout-collage.svg,648a036cad3035b16cc6118feb03f7f2bfee4484762e6b9ca528b0c9635e1d30,0 0 24 24,XML VALID — VISUAL REVIEW PENDING
assets/icons/tabler/outline/layout-columns.svg,144627310dd75e81f147fa096837a630318549a412e13138e13bc4616a36111e,0 0 24 24,XML VALID — VISUAL REVIEW PENDING
assets/icons/tabler/outline/layout-dashboard.svg,94a13ff756f8f63300d7ec88e509d6c0ef9e6579444e71d62ec97b13a93ac61d,0 0 24 24,XML VALID — VISUAL REVIEW PENDING
assets/icons/tabler/outline/layout-distribute-horizontal.svg,32037040eaffe6bbf00c196ddb484f00f80af31d02b7df7e9f162f7725ff7a67,0 0 24 24,XML VALID — VISUAL REVIEW PENDING
assets/icons/tabler/outline/layout-distribute-vertical.svg,1f9ef7351f692141b201d2a997c382d8654de4dd558c8ad94dcd4a46ef40eb60,0 0 24 24,XML VALID — VISUAL REVIEW PENDING
assets/icons/tabler/outline/layout-grid-add.svg,d418ecb850e150266f644f819589cf2cfccdc1438a0c54e1012e4be6074aa428,0 0 24 24,XML VALID — VISUAL REVIEW PENDING
assets/icons/tabler/outline/layout-grid-remove.svg,732536e03e14c2f98e8c26afc216f571f3ee8c5cc5dd78b7a05ba35e3475e308,0 0 24 24,XML VALID — VISUAL REVIEW PENDING
assets/icons/tabler/outline/layout-grid.svg,6f36a4e34005b9763cacf7878bf842d4d65ec562b0f09906a280ed81e2dc0b83,0 0 24 24,XML VALID — VISUAL REVIEW PENDING
assets/icons/tabler/outline/layout-kanban.svg,570e01ea99f76a7a68c67d78fe89073dcdc1c7b657c6836620f306c882a73288,0 0 24 24,XML VALID — VISUAL REVIEW PENDING
assets/icons/tabler/outline/layout-list.svg,31cd662142c17b07219e31f8fe67abfcda58463dd9e750b1e864faa8859f0d79,0 0 24 24,XML VALID — VISUAL REVIEW PENDING
assets/icons/tabler/outline/layout-navbar-collapse.svg,b3278d40ee2837525c22a909d995fcfac8fe16f3f091b86fb938c54fcb35932f,0 0 24 24,XML VALID — VISUAL REVIEW PENDING
assets/icons/tabler/outline/layout-navbar-expand.svg,7b710e3911e586e1b881c5a8ef6124c85238edabc1f4c3fc2af5da76b3bdc8d7,0 0 24 24,XML VALID — VISUAL REVIEW PENDING
assets/icons/tabler/outline/layout-navbar-inactive.svg,a003647c4bc116b228467c7d019e446d1fb9eaa01a54e2cecb4ea9e68cf15cc6,0 0 24 24,XML VALID — VISUAL REVIEW PENDING
assets/icons/tabler/outline/layout-navbar.svg,246a84a6b66655e30b863e946df3448bb1b43bac59bbef406560e5dbb7aa132f,0 0 24 24,XML VALID — VISUAL REVIEW PENDING
assets/icons/tabler/outline/layout-off.svg,e9c4dfdfc887c0edc56ec6142adead775cd097b6b68ecb061caa4f3e85414efc,0 0 24 24,XML VALID — VISUAL REVIEW PENDING
assets/icons/tabler/outline/layout-rows.svg,5d0e6109de77c8fbafaf5278be8c1a7b74d7031eb35f5b0a8096f63d4a2d2b8a,0 0 24 24,XML VALID — VISUAL REVIEW PENDING
assets/icons/tabler/outline/layout-sidebar-inactive.svg,dbeb8a761ed020b3f66298803c82299eb14b64536bc062a7370bfe4e64dede86,0 0 24 24,XML VALID — VISUAL REVIEW PENDING
assets/icons/tabler/outline/layout-sidebar-left-collapse.svg,555d450622abe64bc09f3e8ea8f760b8fd3a4b22a77819c98ee3d2d035ba49de,0 0 24 24,XML VALID — VISUAL REVIEW PENDING
assets/icons/tabler/outline/layout-sidebar-left-expand.svg,e8af1edb4b01483fde772ab9a50424383fa263a0e33e02bbd81b321a900907ca,0 0 24 24,XML VALID — VISUAL REVIEW PENDING
assets/icons/tabler/outline/layout-sidebar-right-collapse.svg,2917f93721aaef7699233f9b7a519085f01cc710888eca9e87c9addc460bead3,0 0 24 24,XML VALID — VISUAL REVIEW PENDING
assets/icons/tabler/outline/layout-sidebar-right-expand.svg,9f70185b23e9e77a0aa4b4709601dd3b2ce01e40eb09f834a8617fe5363e9bb2,0 0 24 24,XML VALID — VISUAL REVIEW PENDING
assets/icons/tabler/outline/layout-sidebar-right-inactive.svg,9eaaef98cc5b9c099abad5afd6eb2aafdf01007e227eabddb55d7b1619d258fc,0 0 24 24,XML VALID — VISUAL REVIEW PENDING
assets/icons/tabler/outline/layout-sidebar-right.svg,1e9a678856f202d2a82fb8b9aae1d194f62800001bb68ac85cbdf13ea02dbf16,0 0 24 24,XML VALID — VISUAL REVIEW PENDING
assets/icons/tabler/outline/layout-sidebar.svg,585bf51bfd2a438463bb0e54e520b826372ea2adde60803415dbe5f4c6192c0b,0 0 24 24,XML VALID — VISUAL REVIEW PENDING
assets/icons/tabler/outline/layout.svg,048fbcf8add635c82b46ff07eef836945b6879a00882dc7f63faae59bd4cb0ec,0 0 24 24,XML VALID — VISUAL REVIEW PENDING
assets/icons/tabler/outline/leaf-2.svg,e1bb9163362a1e56d191ac910a6a302a01051d762b0ce3406185478611fff6b6,0 0 24 24,XML VALID — VISUAL REVIEW PENDING
assets/icons/tabler/outline/leaf-off.svg,08921d1dcd48270509a105306ce44195e2bc5989c9dafde8c537a2d47a5c8fce,0 0 24 24,XML VALID — VISUAL REVIEW PENDING
assets/icons/tabler/outline/leaf.svg,27eba838cb24117f029ff69cdf7a282e14108d556012604209204d96d0bef246,0 0 24 24,XML VALID — VISUAL REVIEW PENDING
assets/icons/tabler/outline/lego-off.svg,a6fe069bab6e10347459a61800e6a41089226b51eb2e4aba7239d152aac09eb4,0 0 24 24,XML VALID — VISUAL REVIEW PENDING
assets/icons/tabler/outline/lego.svg,a29f04eaec7d30b7305ec8ac44856fd3e2238265fdee05dd16689cf623684820,0 0 24 24,XML VALID — VISUAL REVIEW PENDING
assets/icons/tabler/outline/lemon-2.svg,85b33738727d687f532bc607dc976fab7cfe7a10a051708d3c0caba60d8ec224,0 0 24 24,XML VALID — VISUAL REVIEW PENDING
assets/icons/tabler/outline/lemon.svg,5a3b6bb5a7b2c28c7e329b59b85284fd70b1f282fff4764b7dc4f13a9f285259,0 0 24 24,XML VALID — VISUAL REVIEW PENDING
assets/icons/tabler/outline/letter-a-small.svg,ea9e925c07e7892254387b8c80b80dfa197acde7a3f923e7bf98eb3ce713f8fa,0 0 24 24,XML VALID — VISUAL REVIEW PENDING
assets/icons/tabler/outline/letter-a.svg,f406944ddf1275ff879b4891e43e5791b9cc3ecc0d11904e8d4e2326b0a64676,0 0 24 24,XML VALID — VISUAL REVIEW PENDING
assets/icons/tabler/outline/letter-b-small.svg,8c6d450ed93a38a769128a118b9381ad5ea3284428de3060622e6b84424a0797,0 0 24 24,XML VALID — VISUAL REVIEW PENDING
assets/icons/tabler/outline/letter-b.svg,870472375408b4b29da94af912d9ce628b54bcc80331200743e0421d7e849aee,0 0 24 24,XML VALID — VISUAL REVIEW PENDING
assets/icons/tabler/outline/letter-c-small.svg,616e4739154840a2c4630dba43fc71ef6f816ebd897bf5448a28293f201a5693,0 0 24 24,XML VALID — VISUAL REVIEW PENDING
assets/icons/tabler/outline/letter-c.svg,5e4bea7291c351db2480f0c0955d0d117c36119b882b7a46e1d14df0233b46f7,0 0 24 24,XML VALID — VISUAL REVIEW PENDING
assets/icons/tabler/outline/letter-case-lower.svg,58b3dbc263e9043f75591a939e518d4267ec3a99afa532c222c25da4da063f57,0 0 24 24,XML VALID — VISUAL REVIEW PENDING
assets/icons/tabler/outline/letter-case-toggle.svg,5488e353884c419fc394d5104f3c8b9bb23df120f722d3073c748ed10d0a1378,0 0 24 24,XML VALID — VISUAL REVIEW PENDING
assets/icons/tabler/outline/letter-case-upper.svg,9e205878b646fa59d2660e15725997cddf0d84e54bb9af35225574f281784d90,0 0 24 24,XML VALID — VISUAL REVIEW PENDING
assets/icons/tabler/outline/letter-case.svg,fed06631c3f498108aacc31ebc9fae1f05f4e39dbe33af4cd88cd5eabb6e4c7c,0 0 24 24,XML VALID — VISUAL REVIEW PENDING
assets/icons/tabler/outline/letter-d-small.svg,a6cabef886032545ae2d459c0c1008336f1dde86349e9cf44a726cc0fd43a488,0 0 24 24,XML VALID — VISUAL REVIEW PENDING
assets/icons/tabler/outline/letter-d.svg,2f93aa80c3a537f6a3cc5c0079ba0b900ae910105c37441a527d6bbbebd890a8,0 0 24 24,XML VALID — VISUAL REVIEW PENDING
assets/icons/tabler/outline/letter-e-small.svg,175f32fa27028aed05da953dc1513d574f449d4766fb49ceb76d3e4957080d5b,0 0 24 24,XML VALID — VISUAL REVIEW PENDING
assets/icons/tabler/outline/letter-e.svg,269587c6f4f008999f16c99bc9cafef902bdd94c960b7154d6d435b17877e0c4,0 0 24 24,XML VALID — VISUAL REVIEW PENDING
assets/icons/tabler/outline/letter-f-small.svg,6cd42e13884e8a90afa3b54c15f94fbb331bce70f4b5a7e2efdd008597c948d2,0 0 24 24,XML VALID — VISUAL REVIEW PENDING
assets/icons/tabler/outline/letter-f.svg,3da0b0f9414bb3700464d64a593768600f2df01c51a4e9fbf9ecde5e8f960a52,0 0 24 24,XML VALID — VISUAL REVIEW PENDING
assets/icons/tabler/outline/letter-g-small.svg,7aa56c98f0086737495349835b025f0cf2f9dc2895fc49e3cc3b9554b64c0310,0 0 24 24,XML VALID — VISUAL REVIEW PENDING
assets/icons/tabler/outline/letter-g.svg,5b53fc9cbc74b711a4b6a756495cf4de2a11df849c9b310613784bfdcea30837,0 0 24 24,XML VALID — VISUAL REVIEW PENDING
assets/icons/tabler/outline/letter-h-small.svg,39386dce59ea6344c2ce677d66e8802fd4e151be5cf75094d4984ee7a7ef8a8a,0 0 24 24,XML VALID — VISUAL REVIEW PENDING
assets/icons/tabler/outline/letter-h.svg,21cc55218a281fe9df1cad948760e096d0fc87f1322a29347e65458cef038457,0 0 24 24,XML VALID — VISUAL REVIEW PENDING
assets/icons/tabler/outline/letter-i-small.svg,a2294682f0f55cc984ba85238c44bdc99c06779d7bcf0dc0e56ee91d8b0c84cd,0 0 24 24,XML VALID — VISUAL REVIEW PENDING
assets/icons/tabler/outline/letter-i.svg,0d9dad228c5a4b45757aa029e43376e1162142e05ca453c97470ca1e4526db86,0 0 24 24,XML VALID — VISUAL REVIEW PENDING
assets/icons/tabler/outline/letter-j-small.svg,6eb4ee54708a85e79f1784dec2c88be9df6d0a7c12fcf23e8468d5ad2f13d540,0 0 24 24,XML VALID — VISUAL REVIEW PENDING
assets/icons/tabler/outline/letter-j.svg,99ac97b8029167b4f1b4387df7245feeaf0062da951b1a078107d9e297b97df5,0 0 24 24,XML VALID — VISUAL REVIEW PENDING
assets/icons/tabler/outline/letter-k-small.svg,49b677aac12d84ba8d3e2517fcac4d1845384e6aa7ce8bf22e47a400e0d473c6,0 0 24 24,XML VALID — VISUAL REVIEW PENDING
assets/icons/tabler/outline/letter-k.svg,db5d721b0cda2111c677b9512b7b83fd02cc6b7ccbe4f612275f52e7e539491c,0 0 24 24,XML VALID — VISUAL REVIEW PENDING
assets/icons/tabler/outline/letter-l-small.svg,b1ba4b11fb6ce8bb7537117ce25db6c454371cdae05b7f693aef2a5e1e8a1532,0 0 24 24,XML VALID — VISUAL REVIEW PENDING
assets/icons/tabler/outline/letter-l.svg,ce6cf9ea5516c2e1faf4ff54916f85bcfae61f9e56263d0e50b59738a2cac670,0 0 24 24,XML VALID — VISUAL REVIEW PENDING
assets/icons/tabler/outline/letter-m-small.svg,4c84c2fc6e4234f72d9aebb94816060f620a24de1bc8ad8482790ad35d458c6d,0 0 24 24,XML VALID — VISUAL REVIEW PENDING
assets/icons/tabler/outline/letter-m.svg,d6ed9bba6e5a22aafce0ebe25023cdddbdb5858624d6f15c70b6c1c8a5191575,0 0 24 24,XML VALID — VISUAL REVIEW PENDING
assets/icons/tabler/outline/letter-n-small.svg,8b1ffcb7081c72955ab505b52d99bb2085070c80ec3efeadadd19bd5a297c3a7,0 0 24 24,XML VALID — VISUAL REVIEW PENDING
assets/icons/tabler/outline/letter-n.svg,0de084dea34e2512ec07eace2a8a775cdb5d492237061723bd697dc88eb7dd7f,0 0 24 24,XML VALID — VISUAL REVIEW PENDING
assets/icons/tabler/outline/letter-o-small.svg,37c4625576e3b9ad2e48c23eb7efdac146ac137db02b1691dae96b3664d2c399,0 0 24 24,XML VALID — VISUAL REVIEW PENDING
assets/icons/tabler/outline/letter-o.svg,95e15a9d294cad9f880607dec47445cd97f6ef1f2da826a0be72a57dbd2152c2,0 0 24 24,XML VALID — VISUAL REVIEW PENDING
assets/icons/tabler/outline/letter-p-small.svg,e9cc5207b846400e42aed2843f130efd43d2e22d950743503133ab29a7f2a54b,0 0 24 24,XML VALID — VISUAL REVIEW PENDING
assets/icons/tabler/outline/letter-p.svg,50aaf799e6f8ed6bce63854c75705409fcff6c8b6efe203fdef1d76b2097f6d5,0 0 24 24,XML VALID — VISUAL REVIEW PENDING
assets/icons/tabler/outline/letter-q-small.svg,14df768faa4b75d7e994f04c304ccb5e0178e48d51bb1afc5192a497a36dd845,0 0 24 24,XML VALID — VISUAL REVIEW PENDING
assets/icons/tabler/outline/letter-q.svg,5b4995445ba265ca073b5f29e760ccd0dcda9425d8f5dd7bdcf05e106b97d30f,0 0 24 24,XML VALID — VISUAL REVIEW PENDING
assets/icons/tabler/outline/letter-r-small.svg,7faffbd94a00cac24ba7cd4d4e67f1c2667ee425cde5c12cfb4ae805681b01e4,0 0 24 24,XML VALID — VISUAL REVIEW PENDING
assets/icons/tabler/outline/letter-r.svg,fd5b86a5e586b4c54507c00429eab141c30b75e7a720fc5f8afa669130c7dba5,0 0 24 24,XML VALID — VISUAL REVIEW PENDING
assets/icons/tabler/outline/letter-s-small.svg,2e7e3769786c0761868496881b55999656d633a71b26e0d5fddb1fa343462b5b,0 0 24 24,XML VALID — VISUAL REVIEW PENDING
assets/icons/tabler/outline/letter-s.svg,3a870bcb03e736064e269040c972f52a0e58ffb8bb3510f49f0781d45755b329,0 0 24 24,XML VALID — VISUAL REVIEW PENDING
assets/icons/tabler/outline/letter-spacing.svg,6a6db1a7706737e004463ff93e4044aca3e92e2c22af95f4a50f9c5510c1f7a8,0 0 24 24,XML VALID — VISUAL REVIEW PENDING
assets/icons/tabler/outline/letter-t-small.svg,df8687358e02b3443302c17fb8cadcff14d267705e49ded24c2c7d4601d6b571,0 0 24 24,XML VALID — VISUAL REVIEW PENDING
assets/icons/tabler/outline/letter-t.svg,915dd9820c3b2eebc8b2bb178fb953e983566ff543e58d0b4e5d158a0fe16048,0 0 24 24,XML VALID — VISUAL REVIEW PENDING
assets/icons/tabler/outline/letter-u-small.svg,a27e38e1351aebe062e29db30168fbc9fa9fb86b0d1d782ae850ae78db226ed8,0 0 24 24,XML VALID — VISUAL REVIEW PENDING
assets/icons/tabler/outline/letter-u.svg,b2e218e2ccc2d0fa784c704ae7d4f939446b4d94171ac916cd0cc51d7fb12664,0 0 24 24,XML VALID — VISUAL REVIEW PENDING
assets/icons/tabler/outline/letter-v-small.svg,199546cc30508017de078a107c2abb105e77fec30d8f4d7d7d9b4c00e0599234,0 0 24 24,XML VALID — VISUAL REVIEW PENDING
assets/icons/tabler/outline/letter-v.svg,75901f38368b6a8817851d06838c29b9ac1ee6fcf01c70a4e596b8ba3aba925a,0 0 24 24,XML VALID — VISUAL REVIEW PENDING
assets/icons/tabler/outline/letter-w-small.svg,85b698d2ef40d515c41328fdd534e5955a7e73c3160dcdec664f5e37ee9ec8ba,0 0 24 24,XML VALID — VISUAL REVIEW PENDING
assets/icons/tabler/outline/letter-w.svg,6854d9cd6b7a36bea619abcc02e60c6ffefebc0dfbc3a0f82535c17e7dcfb351,0 0 24 24,XML VALID — VISUAL REVIEW PENDING
assets/icons/tabler/outline/letter-x-small.svg,85176bc193080187fc3615779df691890d78231328a39c92b5c052266698947b,0 0 24 24,XML VALID — VISUAL REVIEW PENDING
assets/icons/tabler/outline/letter-x.svg,a9e1eb320a5c7128271849a24cc971ec138bd8614844c75ba6db5fa3b442796f,0 0 24 24,XML VALID — VISUAL REVIEW PENDING
assets/icons/tabler/outline/letter-y-small.svg,a327ded2af0831cdc3218158a9c3c0180564df2efc2bae247a6e82d3bcb64aa7,0 0 24 24,XML VALID — VISUAL REVIEW PENDING
assets/icons/tabler/outline/letter-y.svg,d4dba8539e12b752fa5af12eff44a87aa3d7614da886d258b524f1c6a27bc60f,0 0 24 24,XML VALID — VISUAL REVIEW PENDING
assets/icons/tabler/outline/letter-z-small.svg,831875964a5943539b118d373648f97413e9c9498c030ff3df54e771e930df77,0 0 24 24,XML VALID — VISUAL REVIEW PENDING
assets/icons/tabler/outline/letter-z.svg,912c44a3fc42dd0ebf64821c149dafdd420789584e54b44656175cb01a2f7ddc,0 0 24 24,XML VALID — VISUAL REVIEW PENDING
assets/icons/tabler/outline/library-minus.svg,0dc3b4549f23d56a981907ad8afb5d85d3f701da5e9ce2ba2503755b59e2337c,0 0 24 24,XML VALID — VISUAL REVIEW PENDING
assets/icons/tabler/outline/library-photo.svg,020ec95788c61019933247e74cb8aad9ae6ebc6aa59721d7dfd60b01702deea3,0 0 24 24,XML VALID — VISUAL REVIEW PENDING
assets/icons/tabler/outline/library-plus.svg,34174dc98c1fe36de3d6ebcbe37f73802110b45033d222392e88896985c877c5,0 0 24 24,XML VALID — VISUAL REVIEW PENDING
assets/icons/tabler/outline/library.svg,7795ef62c7b3d4ecb9d8229430a22fc6b77f7e63d95c27e16c3506ce86799887,0 0 24 24,XML VALID — VISUAL REVIEW PENDING
assets/icons/tabler/outline/license-off.svg,64d8c0227ae01cd94e9f2ce236a829c9129985019a519635f4fda401f5ec1bc8,0 0 24 24,XML VALID — VISUAL REVIEW PENDING
assets/icons/tabler/outline/license.svg,1ce5231101e8cd0edba4425be026637a544952d42f1f291bb348500d7ae57f83,0 0 24 24,XML VALID — VISUAL REVIEW PENDING
assets/icons/tabler/outline/lifebuoy-off.svg,a07eb92289fe96b383f07b669e4e28d53cf58bdf265fe10a8a56c179c0d1bd07,0 0 24 24,XML VALID — VISUAL REVIEW PENDING
assets/icons/tabler/outline/lifebuoy.svg,9dd9c427139af46f954c481e3ef3025d0fddba52985cf42cc0a2999675c346b0,0 0 24 24,XML VALID — VISUAL REVIEW PENDING
assets/icons/tabler/outline/lighter.svg,b304a1d4c41e3edcd16cd5b25a7ae9495f2ab34c0ae67e93f5839aecac7f6e62,0 0 24 24,XML VALID — VISUAL REVIEW PENDING
assets/icons/tabler/outline/line-dashed.svg,75e4cedca73f99578ee069776f52f5b81ab7447213527dff2b7d35165521c3cf,0 0 24 24,XML VALID — VISUAL REVIEW PENDING
assets/icons/tabler/outline/line-dotted.svg,ab0f2ec786c39e6f90a75e01b2b84f9d6617378f3beaaaaa331efa956adb369b,0 0 24 24,XML VALID — VISUAL REVIEW PENDING
assets/icons/tabler/outline/line-height.svg,7a08eda35aab9b496b2704214d9aca755a0410bf58514877b4a2e8019aa68a12,0 0 24 24,XML VALID — VISUAL REVIEW PENDING
assets/icons/tabler/outline/line-scan.svg,96974bc15158d360b90c17da848a273b140ae5cbc5cb3fe125fff754b5895ef1,0 0 24 24,XML VALID — VISUAL REVIEW PENDING
assets/icons/tabler/outline/line.svg,ceef1e6dc1e30aabc006c816e8b2e74803678b6e3f092131ddc65ed8c44ed66c,0 0 24 24,XML VALID — VISUAL REVIEW PENDING
assets/icons/tabler/outline/link-minus.svg,089320eaa92c94f921e701da70a24514866e1ab77f2a0df83e64ca46e4c2abe8,0 0 24 24,XML VALID — VISUAL REVIEW PENDING
assets/icons/tabler/outline/link-off.svg,a7d57782495da013fb94313c7c5cc66e6f630bfa18ef7173fccb7a66513fd099,0 0 24 24,XML VALID — VISUAL REVIEW PENDING
assets/icons/tabler/outline/link-plus.svg,2ec6f8128e3e655d3a2e0f8f3de8b61101f1b3f5dcbafe82eb56c9b1998e1687,0 0 24 24,XML VALID — VISUAL REVIEW PENDING
assets/icons/tabler/outline/link.svg,0ac4d84a204e22ea6c9482a02f34575f46a1f19297a8a30f2e96a4b68f0ce6b1,0 0 24 24,XML VALID — VISUAL REVIEW PENDING
assets/icons/tabler/outline/list-check.svg,d4601970b901f7c8d92375e72da511ef34353d6c3e5a4c15b0dbeedd68f9eef8,0 0 24 24,XML VALID — VISUAL REVIEW PENDING
assets/icons/tabler/outline/list-details.svg,f985a80bf35e7b7ef22214a03b8c3dc315454a32347017977d471982f329a3b2,0 0 24 24,XML VALID — VISUAL REVIEW PENDING
assets/icons/tabler/outline/list-letters.svg,d7f0ac16b5fa6b1afb44e595dcdb6cc87e69ef35beb36776d8d5a3e9d883e46a,0 0 24 24,XML VALID — VISUAL REVIEW PENDING
assets/icons/tabler/outline/list-numbers.svg,f7c0ebaa828bf7fb14c50b517583a3b8a7d34eb9df49f9fbe1015f9533d079a0,0 0 24 24,XML VALID — VISUAL REVIEW PENDING
assets/icons/tabler/outline/list-search.svg,777fcbd07b53db433cc1d21a99fdb7f3745879072fc85494fe0bb1441f6e418d,0 0 24 24,XML VALID — VISUAL REVIEW PENDING
assets/icons/tabler/outline/list-tree.svg,cf67a883cf6e88f2d28708f44ced92fa5542ffa9ee7bb5388585f4affa424fe0,0 0 24 24,XML VALID — VISUAL REVIEW PENDING
assets/icons/tabler/outline/list.svg,f3d22d912a6ed1ee65a7d92d64cede4a26d6740ef017373ae4b28700dc4ce136,0 0 24 24,XML VALID — VISUAL REVIEW PENDING
assets/icons/tabler/outline/live-photo-off.svg,f96729ee4628f3193323da2c843516bdd6696235708c399f45f1eaabafd25628,0 0 24 24,XML VALID — VISUAL REVIEW PENDING
assets/icons/tabler/outline/live-photo.svg,0e173e386b46ae6b989ac1312967ce57ce35f7fa20323df6bff48f81fed67c2e,0 0 24 24,XML VALID — VISUAL REVIEW PENDING
assets/icons/tabler/outline/live-view.svg,01e95648d2ad38ad34464da40a5d0dd8ec7aef557df879bdded191ad43c7ca15,0 0 24 24,XML VALID — VISUAL REVIEW PENDING
assets/icons/tabler/outline/load-balancer.svg,f6e0312712b81379dc6f83f4b24e003fe66f192a9b5653a7dc2791714834bed5,0 0 24 24,XML VALID — VISUAL REVIEW PENDING
assets/icons/tabler/outline/loader-2.svg,bb786cc66b836067c2788b4d731a33c966cf6b825d64f26b033b39d211e68e96,0 0 24 24,XML VALID — VISUAL REVIEW PENDING
assets/icons/tabler/outline/loader-3.svg,506d6cf0b42cf07135c06a59a08e070318d3c0b7af17fc3761d45e746f26aa57,0 0 24 24,XML VALID — VISUAL REVIEW PENDING
assets/icons/tabler/outline/loader-quarter.svg,f8581f1e57e1387cfabb209cb03ada84781a226e97e58d9e6a35e9d1629a4d69,0 0 24 24,XML VALID — VISUAL REVIEW PENDING
assets/icons/tabler/outline/loader.svg,0897bc83ec28a35ddd5881c7a525d6bbb1b2657815691fb1cc42004b32f94310,0 0 24 24,XML VALID — VISUAL REVIEW PENDING
assets/icons/tabler/outline/location-bolt.svg,58cf57969b0ff8acb6e8ff7fac5682643409d1b7cd8b2cb31bb57b25bf12ca5c,0 0 24 24,XML VALID — VISUAL REVIEW PENDING
assets/icons/tabler/outline/location-broken.svg,949756b1ec24799c5deb389a05c262f00d3b47a4d1d769cde16d638527ef1ae9,0 0 24 24,XML VALID — VISUAL REVIEW PENDING
assets/icons/tabler/outline/location-cancel.svg,0737b7be5e1a2b3d8093f3debad0b184043ef942bae09f530100ddc354dd8209,0 0 24 24,XML VALID — VISUAL REVIEW PENDING
assets/icons/tabler/outline/location-check.svg,98279797a7c4841b8b0142964940d6b8c716dc27687eb4d93c74ce2f28441156,0 0 24 24,XML VALID — VISUAL REVIEW PENDING
assets/icons/tabler/outline/location-code.svg,45152c59c4e1da42c5497bc39e1e81736b6b3872799b9cbcca3dfeacc035761b,0 0 24 24,XML VALID — VISUAL REVIEW PENDING
assets/icons/tabler/outline/location-cog.svg,7443d0d860597fafd8d522e3488c63dfc2b7e5f44c239b907e78c2d3d63952b1,0 0 24 24,XML VALID — VISUAL REVIEW PENDING
assets/icons/tabler/outline/location-discount.svg,93f83415891e97352a08857bf3c2dace03ccee4810f12c784847975e3c5c779e,0 0 24 24,XML VALID — VISUAL REVIEW PENDING
assets/icons/tabler/outline/location-dollar.svg,cdefa881b575309388a5e7a8ff67a7adf79d559e0af9e505a9b1f2cf1d2ffb73,0 0 24 24,XML VALID — VISUAL REVIEW PENDING
assets/icons/tabler/outline/location-down.svg,63a998a69ed870df46699cbf3ca94a457e1b3df04bc18b87eebf97f7682a1f44,0 0 24 24,XML VALID — VISUAL REVIEW PENDING
assets/icons/tabler/outline/location-exclamation.svg,0cbbffeb9717634b5e72e38f8d0c5a4c56773047be827f3db295701d9021534e,0 0 24 24,XML VALID — VISUAL REVIEW PENDING
assets/icons/tabler/outline/location-heart.svg,3ca34d329edc09ca9aa354e3724b8d93653e31a515534113ff64e11e4f21766b,0 0 24 24,XML VALID — VISUAL REVIEW PENDING
assets/icons/tabler/outline/location-minus.svg,5e44a9cae6257717e0877ac30ddc5b9b5c900aff5b1bafe5d6ac1df36acf2fa4,0 0 24 24,XML VALID — VISUAL REVIEW PENDING
assets/icons/tabler/outline/location-off.svg,4d08e73516b93e51185f225a125343bd6de5ba2d36e5b3264d3ddb340d7c6b5a,0 0 24 24,XML VALID — VISUAL REVIEW PENDING
assets/icons/tabler/outline/location-pause.svg,0c80fce533f852f19c72bce513cac7c9d0ca9421071e90c5203006567f9e848e,0 0 24 24,XML VALID — VISUAL REVIEW PENDING
assets/icons/tabler/outline/location-pin.svg,976c6b60351d7a600c0eaaf371c7f3ef455adb8e54f8f24c06b3ab16b9a15624,0 0 24 24,XML VALID — VISUAL REVIEW PENDING
assets/icons/tabler/outline/location-plus.svg,b9fb3b9be8ae2803a0dbb5b8a666ad5a41e722f4f29f890e0af76b2439a96136,0 0 24 24,XML VALID — VISUAL REVIEW PENDING
assets/icons/tabler/outline/location-question.svg,a9a46ef117c633068c80983e2f030a3e80d49ae22db7d17af820a4b8d4990ca6,0 0 24 24,XML VALID — VISUAL REVIEW PENDING
assets/icons/tabler/outline/location-search.svg,baa61a871b6d0f95aa72413a7ee12458b351a60d84dd183b1c29d01bb5db8800,0 0 24 24,XML VALID — VISUAL REVIEW PENDING
assets/icons/tabler/outline/location-share.svg,02c844f5250797b18c5611e4efd576509b18de6c7cb0ddf5b415e17675c21311,0 0 24 24,XML VALID — VISUAL REVIEW PENDING
assets/icons/tabler/outline/location-star.svg,b8ce08ca69a085b946b2ea4979bdc4d3885515264476f2505d0f852c7169ab84,0 0 24 24,XML VALID — VISUAL REVIEW PENDING
assets/icons/tabler/outline/location-up.svg,a8db03817a69d9b095c2ee2596bdf9165306f5f3cfec46932c63636a311904c6,0 0 24 24,XML VALID — VISUAL REVIEW PENDING
assets/icons/tabler/outline/location-x.svg,4ca920313b58dec8455b0107fa631c66f0b613c7e85127be82813bf5bcb00db4,0 0 24 24,XML VALID — VISUAL REVIEW PENDING
assets/icons/tabler/outline/location.svg,e04128bd358408daf2f04fe0f984df7646b1b77a7902155fe5892b8b0039ad5d,0 0 24 24,XML VALID — VISUAL REVIEW PENDING
assets/icons/tabler/outline/lock-access-off.svg,b2c5e0ccaab7b73dbe06fd67dc23577d20bc2f2095b0f9589eb46ee7e9cb6666,0 0 24 24,XML VALID — VISUAL REVIEW PENDING
assets/icons/tabler/outline/lock-access.svg,7ec04b3977bd2a3165a36d934b89f17dfba3bc7dcd91782bf06d9debce995329,0 0 24 24,XML VALID — VISUAL REVIEW PENDING
assets/icons/tabler/outline/lock-bitcoin.svg,62610faf76ef2c74aa8dd2edea5c2c00c11b8c4305aee29a5db576fb0eeb1de2,0 0 24 24,XML VALID — VISUAL REVIEW PENDING
assets/icons/tabler/outline/lock-bolt.svg,5adf3d0403ebdf80094b52c75b5a7167710d003c2747bda79db1f1121da0a79c,0 0 24 24,XML VALID — VISUAL REVIEW PENDING
assets/icons/tabler/outline/lock-cancel.svg,cc2fce0c1ce484e15b9f9f999e13005931bb46653cd611c1f827354a2c9b2cc9,0 0 24 24,XML VALID — VISUAL REVIEW PENDING
assets/icons/tabler/outline/lock-check.svg,ecb2ce040249b36db447d5030ddc5ad5f19f3f917477a42013fb128fd43c5d3e,0 0 24 24,XML VALID — VISUAL REVIEW PENDING
assets/icons/tabler/outline/lock-code.svg,eb29fc2ac60bdca548838f8e9fa67e6ec475f928d04dfd04e6bd0aca4e251217,0 0 24 24,XML VALID — VISUAL REVIEW PENDING
assets/icons/tabler/outline/lock-cog.svg,614a1ec13676aef30707bb9d02fcedeb7fd332e23650ef3153b4ae47214da3fb,0 0 24 24,XML VALID — VISUAL REVIEW PENDING
assets/icons/tabler/outline/lock-dollar.svg,002f6545fe6e2e06717bd71673a0e877f302333019558ee2a891c33f6f676860,0 0 24 24,XML VALID — VISUAL REVIEW PENDING
assets/icons/tabler/outline/lock-down.svg,ca3856d637b194096529d504015d9e34c0576a6c0dc9130f422d080145773b0c,0 0 24 24,XML VALID — VISUAL REVIEW PENDING
assets/icons/tabler/outline/lock-exclamation.svg,d168f22ab025017fdf2460f30626de41b9d1182cbb43fcf9664fb9e2c773b696,0 0 24 24,XML VALID — VISUAL REVIEW PENDING
assets/icons/tabler/outline/lock-heart.svg,a7818414bd3982ab42abfd868d8c3b070e199402149fcb1c352712b327444a0d,0 0 24 24,XML VALID — VISUAL REVIEW PENDING
assets/icons/tabler/outline/lock-minus.svg,bc93b323c81de57b8f0dfb3a946ee754d3fa53e33b94fe8789160b969a280a36,0 0 24 24,XML VALID — VISUAL REVIEW PENDING
assets/icons/tabler/outline/lock-off.svg,a0d98c5211be5d828c64d100d4c98aa76eb2e39753ac7faf9841092265f91d2f,0 0 24 24,XML VALID — VISUAL REVIEW PENDING
assets/icons/tabler/outline/lock-open-2.svg,ccc1286c6a2fdf44a6ba03a65488784d7cee2d2f8b253f1fe0928e68c0c2b520,0 0 24 24,XML VALID — VISUAL REVIEW PENDING
assets/icons/tabler/outline/lock-open-off.svg,510d251df70fa3d7757a8d18fb4f0d0c42db6013394b5f91fe7c884627a178f4,0 0 24 24,XML VALID — VISUAL REVIEW PENDING
assets/icons/tabler/outline/lock-open.svg,a5b3e92abb52ee6b6a7840fe4a976e9c294c40db73713f929b7da3c638e383aa,0 0 24 24,XML VALID — VISUAL REVIEW PENDING
assets/icons/tabler/outline/lock-password.svg,cd0658049b0c76005511dd814eacbcc59d304816bdc92ef94be6d2c6815fc1e1,0 0 24 24,XML VALID — VISUAL REVIEW PENDING
assets/icons/tabler/outline/lock-pause.svg,e0ed997741355c6db2b0698e9147d58f6ab720b47ab579793c29f30e604ab87f,0 0 24 24,XML VALID — VISUAL REVIEW PENDING
assets/icons/tabler/outline/lock-pin.svg,7d7bb9fa1ac288ea6703043455e096102f28992258136eac52d75e7dc8e17e0f,0 0 24 24,XML VALID — VISUAL REVIEW PENDING
assets/icons/tabler/outline/lock-plus.svg,c099ab44004ccdfb0e5a9a0a4a3bc7a6a3e2227ca4e48fcaf1760f3aed6befed,0 0 24 24,XML VALID — VISUAL REVIEW PENDING
assets/icons/tabler/outline/lock-question.svg,1b0d99cf7d17b39f952428f0501484485ec48bf02057d69e0d8a27faf8ee990b,0 0 24 24,XML VALID — VISUAL REVIEW PENDING
assets/icons/tabler/outline/lock-search.svg,a2610afea7db4ecdbb9ec2fff21ab0f3f4fc0fefa728116ef0391a4597a387e8,0 0 24 24,XML VALID — VISUAL REVIEW PENDING
assets/icons/tabler/outline/lock-share.svg,3371a081f23c838a235f8adb185f537041d0b7e6bb798c0fc46d6ec8159a4f10,0 0 24 24,XML VALID — VISUAL REVIEW PENDING
assets/icons/tabler/outline/lock-square-rounded.svg,545a398d84a35d5b665957f3f2d2c9a3931bf81cfc11f0e051bcf5ac33d77cca,0 0 24 24,XML VALID — VISUAL REVIEW PENDING
assets/icons/tabler/outline/lock-square.svg,083275c21015148b863970c6c529d9a798ee9850f921ac2cd77e3314c0c20fc3,0 0 24 24,XML VALID — VISUAL REVIEW PENDING
assets/icons/tabler/outline/lock-star.svg,7dd273cb056b7067183f5730b99b309ce23085d16ade85e255a3c0f2f69c7f51,0 0 24 24,XML VALID — VISUAL REVIEW PENDING
assets/icons/tabler/outline/lock-up.svg,7fa7323a9f62314c398c95e8a9fb84efecb443eb7a17a04d473b25d9665cc690,0 0 24 24,XML VALID — VISUAL REVIEW PENDING
assets/icons/tabler/outline/lock-x.svg,3d75859d6f2d8db991ab49b678162c6c6f3c0bf4f1213452f2cd597aea402088,0 0 24 24,XML VALID — VISUAL REVIEW PENDING
assets/icons/tabler/outline/lock.svg,8b7f084d79ca1c2f7cf8ccacbecaf87013d65ed4abe16a5162b33704417a4d5e,0 0 24 24,XML VALID — VISUAL REVIEW PENDING
assets/icons/tabler/outline/logic-and.svg,40e957bc57e8d7f4809baddde0f993fc34db29cc7481b3fea99351fe135b61c4,0 0 24 24,XML VALID — VISUAL REVIEW PENDING
assets/icons/tabler/outline/logic-buffer.svg,7e21b8bf9ed42c1da980b9cb33a5a8f998bb9f0a812548fb798dd9bdde7b6952,0 0 24 24,XML VALID — VISUAL REVIEW PENDING
assets/icons/tabler/outline/logic-nand.svg,27c1e28989c157470c9ddf8a13f0693bd55345504d986079daf830b6d1a3d5df,0 0 24 24,XML VALID — VISUAL REVIEW PENDING
assets/icons/tabler/outline/logic-nor.svg,01cfb05277a5b0c384c8e4d4b60fb672f480a76d0db9c8a442be5ec9a086a322,0 0 24 24,XML VALID — VISUAL REVIEW PENDING
assets/icons/tabler/outline/logic-not.svg,d7eb56ea1db654b9e43c834e5a4e983e7e90a0c711fa9b4b1238744e9079c542,0 0 24 24,XML VALID — VISUAL REVIEW PENDING
assets/icons/tabler/outline/logic-or.svg,e82a7e4c8bf725b7b907af8fca640339d22bee22f32695144a17b8c616d51ee6,0 0 24 24,XML VALID — VISUAL REVIEW PENDING
assets/icons/tabler/outline/logic-xnor.svg,bc654972e4a8eda89c505f38246af25e1bc07e6f33109c00cd7132d7c3b3b3ff,0 0 24 24,XML VALID — VISUAL REVIEW PENDING
assets/icons/tabler/outline/logic-xor.svg,43a74aa14f88d85e76626c3525516378faf1b3a4fd2322fadc57bb8872c1809f,0 0 24 24,XML VALID — VISUAL REVIEW PENDING
assets/icons/tabler/outline/login-2.svg,8c57656ac1d6f287c26ac9063bbb2dad45dd0f436783fef0f8d14c80d9798232,0 0 24 24,XML VALID — VISUAL REVIEW PENDING
assets/icons/tabler/outline/login.svg,514e2735765f4ae7fff2b99e6c54048264feb70178193178bf9e44038df42f44,0 0 24 24,XML VALID — VISUAL REVIEW PENDING
assets/icons/tabler/outline/logout-2.svg,5f1ed8e65995346b82f613d4ca4bdbacafd05705e3061bb86cbc420209febcc9,0 0 24 24,XML VALID — VISUAL REVIEW PENDING
assets/icons/tabler/outline/logout.svg,0931921f2b538832ad9fdd16e643bcea42fc4c8786016c8e9863144e8a505988,0 0 24 24,XML VALID — VISUAL REVIEW PENDING
assets/icons/tabler/outline/logs.svg,e4f852f5088bee9a5e8b2e4e898ba924a0fc08728c7a2a301ba4a14e9784e795,0 0 24 24,XML VALID — VISUAL REVIEW PENDING
assets/icons/tabler/outline/lollipop-off.svg,e3bd93218960a92664636be062ce97a89aea7154dbf93979d8cf2c982569b86d,0 0 24 24,XML VALID — VISUAL REVIEW PENDING
assets/icons/tabler/outline/lollipop.svg,6d295a54dd51f53eb861b98e257361ccace2061e648b09705e4a325067986dc1,0 0 24 24,XML VALID — VISUAL REVIEW PENDING
assets/icons/tabler/outline/luggage-off.svg,eab2e4df6b265fed1fb605aa25841b8f4a6045bbd13882ccac8a2999dddc7c2a,0 0 24 24,XML VALID — VISUAL REVIEW PENDING
assets/icons/tabler/outline/luggage.svg,897a9387787f222ea9938fbf56ae43b972424ac6c72b7d78a0ea2253ee8808ae,0 0 24 24,XML VALID — VISUAL REVIEW PENDING
assets/icons/tabler/outline/lungs-off.svg,0c9b6d309ad626e2cc760451e51947f57959f7a32ee9338cdb360894c150bf2b,0 0 24 24,XML VALID — VISUAL REVIEW PENDING
assets/icons/tabler/outline/lungs.svg,c84d4941266fa8b8fd3fd2b6a6745ac314943ef438e8586bb4c34c2e55d6698a,0 0 24 24,XML VALID — VISUAL REVIEW PENDING
assets/icons/tabler/outline/macro-off.svg,757fa4a4e7dd37074b342e0f1cd21408a3c8d25b44041912fc5708c1500c0aeb,0 0 24 24,XML VALID — VISUAL REVIEW PENDING
assets/icons/tabler/outline/macro.svg,0b18ddc00f90c1cd3755fd740504da29bf48ed610f5594c59bc6c318398f41aa,0 0 24 24,XML VALID — VISUAL REVIEW PENDING
assets/icons/tabler/outline/magnet-off.svg,5cfd93ad14d56399a74a2cf8693567df56510aae97b40fdc1883c426f8aaf986,0 0 24 24,XML VALID — VISUAL REVIEW PENDING
assets/icons/tabler/outline/magnet.svg,045f42e9a94abbcc9dcd0dd343ac121ac11ea9d512ef7beaa585af81788a6877,0 0 24 24,XML VALID — VISUAL REVIEW PENDING
assets/icons/tabler/outline/magnetic.svg,5039f6f1c54cc2088e3d4340afa901265608db70e85b9365c17bd1ed9555b66b,0 0 24 24,XML VALID — VISUAL REVIEW PENDING
assets/icons/tabler/outline/mail-ai.svg,bf5ff9f400bede4ba7b1e104285d1e31be4a1ecf114b2b1c70e6eb826a8790eb,0 0 24 24,XML VALID — VISUAL REVIEW PENDING
assets/icons/tabler/outline/mail-bitcoin.svg,11eca3db8224bd6098d7107c31d152f0ed302189a5ee3d39c8eb7d5b35f45d73,0 0 24 24,XML VALID — VISUAL REVIEW PENDING
assets/icons/tabler/outline/mail-bolt.svg,cf8206af8183059928f8d522754ad28bd55ad8a4a42a22a0fa44b9ff5232ff49,0 0 24 24,XML VALID — VISUAL REVIEW PENDING
assets/icons/tabler/outline/mail-cancel.svg,1f59d6af4fa9b43f5d35891602f0179b77f0805e1a5f177977e3e08345e02947,0 0 24 24,XML VALID — VISUAL REVIEW PENDING
assets/icons/tabler/outline/mail-check.svg,896b84d95ee164a52613d447c060d519b71875b32f5ded1dfae3c1447637c735,0 0 24 24,XML VALID — VISUAL REVIEW PENDING
assets/icons/tabler/outline/mail-code.svg,c09416e0af869b944fb3749de69d57474970bd9d99559de62e4ba07cb3b53b1c,0 0 24 24,XML VALID — VISUAL REVIEW PENDING
assets/icons/tabler/outline/mail-cog.svg,e525c9fb7fc8c0dd544ca96e2d221a04d08529bc9cfcb05280c7ee4a3a311082,0 0 24 24,XML VALID — VISUAL REVIEW PENDING
assets/icons/tabler/outline/mail-dollar.svg,18aa823f38309666aaf2c63b7d98a8bcdac4578c557b5c94d65fb3e085e96ec3,0 0 24 24,XML VALID — VISUAL REVIEW PENDING
assets/icons/tabler/outline/mail-down.svg,1c9516d12a0a27b44514ed22ddaae9d5434b42925859c488ba61386255a3b40b,0 0 24 24,XML VALID — VISUAL REVIEW PENDING
assets/icons/tabler/outline/mail-exclamation.svg,9a41c66a427d996e48c7e14bf795ac8c997e817234fbfc50423a3fcb2e8cf924,0 0 24 24,XML VALID — VISUAL REVIEW PENDING
assets/icons/tabler/outline/mail-fast.svg,1f25a1cc139823b6358923dcf1d4b39051b7e8c2beae488915b289268a4a807b,0 0 24 24,XML VALID — VISUAL REVIEW PENDING
assets/icons/tabler/outline/mail-forward.svg,de5f85032aa13b1642374b1fd2a3459c6f2c9cb3dd9284dd3c14e4aaaa090f2b,0 0 24 24,XML VALID — VISUAL REVIEW PENDING
assets/icons/tabler/outline/mail-heart.svg,d5b0651850b289764c72eb6a2a9fbf564cb13be4afcade41d23c690149948b6c,0 0 24 24,XML VALID — VISUAL REVIEW PENDING
assets/icons/tabler/outline/mail-minus.svg,90655aad17a92f5c35d5aecef8569a0258e2cbf60f489ce6f6c8352ecf4cf3d3,0 0 24 24,XML VALID — VISUAL REVIEW PENDING
assets/icons/tabler/outline/mail-off.svg,cf389ff797d3405a6ce614235568521252c0bebd67ff19d15c4c937509a53304,0 0 24 24,XML VALID — VISUAL REVIEW PENDING
assets/icons/tabler/outline/mail-opened.svg,3221148f6f501f836bdb03fdb16477c6904f08ce0bc30ff5ecb57b5f90acba2e,0 0 24 24,XML VALID — VISUAL REVIEW PENDING
assets/icons/tabler/outline/mail-pause.svg,9aaac218d0efddf452ce25c2aaea35018578585df7dbc050e8f61bd18ea73b2f,0 0 24 24,XML VALID — VISUAL REVIEW PENDING
assets/icons/tabler/outline/mail-pin.svg,9aff22f3dbf81c2df29f3c4d8694d09c504d18a41a203319ad6b46455de81f87,0 0 24 24,XML VALID — VISUAL REVIEW PENDING
assets/icons/tabler/outline/mail-plus.svg,dd4067043b81c1a44e0ca26be63750474da668dfc0ccff745036788e055c97d2,0 0 24 24,XML VALID — VISUAL REVIEW PENDING
assets/icons/tabler/outline/mail-question.svg,96f3fa6947ddf29cd2c1190147e45c2768272014ce63d892a8e53b2de57da1af,0 0 24 24,XML VALID — VISUAL REVIEW PENDING
assets/icons/tabler/outline/mail-search.svg,6c62e08cedcc5d08c96c4f76178b61931f47282711ea8244cd95941ba0c49574,0 0 24 24,XML VALID — VISUAL REVIEW PENDING
assets/icons/tabler/outline/mail-share.svg,cc60c65452b615e023a14cc1351974f074e36437c19f43cb46c39bf1bdacd5f5,0 0 24 24,XML VALID — VISUAL REVIEW PENDING
assets/icons/tabler/outline/mail-spark.svg,8476c332594ae77ee74ffa39dc2e4827dec9cae65cb3fe544e7191da12908179,0 0 24 24,XML VALID — VISUAL REVIEW PENDING
assets/icons/tabler/outline/mail-star.svg,6f6c972b842cdd65cc74cba42b2ab352a43e37f06953a5d83956e6551fdab128,0 0 24 24,XML VALID — VISUAL REVIEW PENDING
assets/icons/tabler/outline/mail-up.svg,8c7e09a91d87571ecc368ca26f0a0334b5b61d96dd2046e1abb1bc8a66561023,0 0 24 24,XML VALID — VISUAL REVIEW PENDING
assets/icons/tabler/outline/mail-x.svg,978f9aa89073f2e6578dcbb910c54ef748b01da189d8531906cdb447615e1d1f,0 0 24 24,XML VALID — VISUAL REVIEW PENDING
assets/icons/tabler/outline/mail.svg,96728c353019cdf5ec7391d233630ad87294b04a87d7732c41008fbe8cb58475,0 0 24 24,XML VALID — VISUAL REVIEW PENDING
assets/icons/tabler/outline/mailbox-off.svg,5c94cdff482da72017605437a749b69f3f6b79cb22332cd3ce3474ccb1c3c33c,0 0 24 24,XML VALID — VISUAL REVIEW PENDING
assets/icons/tabler/outline/mailbox.svg,a7c2faf733ec673fb9771e56d3fea7b0e4133991e07718b60231b0012a02817d,0 0 24 24,XML VALID — VISUAL REVIEW PENDING
assets/icons/tabler/outline/man.svg,92107c040a9e0224c343bf95246df196a7173a1130d92e4699cd79dcd12afe86,0 0 24 24,XML VALID — VISUAL REVIEW PENDING
assets/icons/tabler/outline/manual-gearbox.svg,6aa5dadf60e31de58af1a8ae36159df44a3903fd1f20f09aa3b1b49c5a30fd75,0 0 24 24,XML VALID — VISUAL REVIEW PENDING
assets/icons/tabler/outline/map-2.svg,e7a13b0f31d33c29695bc92920d749f6916602ddacfefa3908c951edd2adc166,0 0 24 24,XML VALID — VISUAL REVIEW PENDING
assets/icons/tabler/outline/map-bolt.svg,3fbfcfd7faacb468866c143f4a120813cdd571133e20db15487ae66df7effb0a,0 0 24 24,XML VALID — VISUAL REVIEW PENDING
assets/icons/tabler/outline/map-cancel.svg,dcc06e62e82b7e57c9d97457fd18e8e27310cf7b0b6ae47e0c51ead7acfcbdd1,0 0 24 24,XML VALID — VISUAL REVIEW PENDING
assets/icons/tabler/outline/map-check.svg,464678a73dbe62692ab23afb198f97c83ce1c2337abc8c671fd3d47bbb317686,0 0 24 24,XML VALID — VISUAL REVIEW PENDING
assets/icons/tabler/outline/map-code.svg,89de4b0c8cab9336ada0ee80703ac6ccafcd3082e06e76aa4b13e788a3fb227b,0 0 24 24,XML VALID — VISUAL REVIEW PENDING
assets/icons/tabler/outline/map-cog.svg,50131863db7ef25382d79ce8f868e49be6e60e32c0be50002f4fc175a8a9ddf6,0 0 24 24,XML VALID — VISUAL REVIEW PENDING
assets/icons/tabler/outline/map-discount.svg,2a81ca0edd13e6ea20e87f5dfd5b03b0cf1990e66c9ab0973b55a436591e54f0,0 0 24 24,XML VALID — VISUAL REVIEW PENDING
assets/icons/tabler/outline/map-dollar.svg,6ea3b1bb83dfed5ac986a92ff83f5a24ed46d5cfb3a842d2c66805aa2146d6cf,0 0 24 24,XML VALID — VISUAL REVIEW PENDING
assets/icons/tabler/outline/map-down.svg,273132226d1b25d64f156d3576bc23a095a543b1df6bea4ab5615b767581e9bc,0 0 24 24,XML VALID — VISUAL REVIEW PENDING
assets/icons/tabler/outline/map-east.svg,b94ab7078d59319dc6dae2b54c1fe432ba3437d992ccdbe0fb1e6a3124f9d44e,0 0 24 24,XML VALID — VISUAL REVIEW PENDING
assets/icons/tabler/outline/map-exclamation.svg,95a593cf9672cec375f1005394822115757483dbe5d564622d30d1871a1bb28a,0 0 24 24,XML VALID — VISUAL REVIEW PENDING
assets/icons/tabler/outline/map-heart.svg,5f40bf93068a34964fb7bf433d09a08c9f85a7681bc8f37f3eab98f6efe8d15e,0 0 24 24,XML VALID — VISUAL REVIEW PENDING
assets/icons/tabler/outline/map-minus.svg,bc545e1da6ff6f845f3eb1fa9093cec2e7034d663fdb79e4a87ac7742f45552d,0 0 24 24,XML VALID — VISUAL REVIEW PENDING
assets/icons/tabler/outline/map-north.svg,403755bc850655534962f51a730cbb721aaf4fd050dbe7ab4759b47e07e5ef05,0 0 24 24,XML VALID — VISUAL REVIEW PENDING
assets/icons/tabler/outline/map-off.svg,84f5c491193cbe5ed22629dfa23e96fdf45fa3e6b69b223f6fef84116f581f38,0 0 24 24,XML VALID — VISUAL REVIEW PENDING
assets/icons/tabler/outline/map-pause.svg,a2550f6261b1118795093a873bf3757a311cd30a6128b6bb7718aa3ba6f6db33,0 0 24 24,XML VALID — VISUAL REVIEW PENDING
assets/icons/tabler/outline/map-pin-2.svg,47e16e6dc73a468a3744880b47542ad9817ddd025dd552dfec2002963a6e635a,0 0 24 24,XML VALID — VISUAL REVIEW PENDING
assets/icons/tabler/outline/map-pin-bolt.svg,5a3bd5ff66d97491ef8782f75563fb612d5a3f4611f2831a05cce56f97f6dab3,0 0 24 24,XML VALID — VISUAL REVIEW PENDING
assets/icons/tabler/outline/map-pin-cancel.svg,bae309e382b3a008abeab8013ed23cd0f7b57892f4b69382e19f1e7f4e95f780,0 0 24 24,XML VALID — VISUAL REVIEW PENDING
assets/icons/tabler/outline/map-pin-check.svg,4783b383f1e3f11e2fbe4c31b012714e5213c212cd8bb8dab6c037bf2da0ed98,0 0 24 24,XML VALID — VISUAL REVIEW PENDING
assets/icons/tabler/outline/map-pin-code.svg,6aaeb04afeef5f68a21116835d95bbc0469b509c91955ad52b37c3ef14a283eb,0 0 24 24,XML VALID — VISUAL REVIEW PENDING
assets/icons/tabler/outline/map-pin-cog.svg,f3622a190b4da8ef9b396668d61862e587ea407e557c09df064603370898ce88,0 0 24 24,XML VALID — VISUAL REVIEW PENDING
assets/icons/tabler/outline/map-pin-dollar.svg,188fd3ff46c0675085132021f41e67806130812b254496b83e8a7d3028e3f051,0 0 24 24,XML VALID — VISUAL REVIEW PENDING
assets/icons/tabler/outline/map-pin-down.svg,66fdfdc404fa68b31e119c9c4a35fb1d3ff19359c7a1175ed74914079ac4d8e0,0 0 24 24,XML VALID — VISUAL REVIEW PENDING
assets/icons/tabler/outline/map-pin-exclamation.svg,3c5c22b54f2fbc1c955dbe7224988e7720650a48132666830f5342fdc4562aa4,0 0 24 24,XML VALID — VISUAL REVIEW PENDING
assets/icons/tabler/outline/map-pin-heart.svg,cd1577ba7c008439c916e6d3ae2f10d1ff08467fd1f24cc158a8bb4562b30dbb,0 0 24 24,XML VALID — VISUAL REVIEW PENDING
assets/icons/tabler/outline/map-pin-minus.svg,619ffe82d500d75cdad95cd95dd024a954340c4ac068a054eb7c8152d6e61b76,0 0 24 24,XML VALID — VISUAL REVIEW PENDING
assets/icons/tabler/outline/map-pin-off.svg,336cd9cb883e2122f3418ccffa871a2b406aa7de6bcc8dbf9f44fceaf1e088c9,0 0 24 24,XML VALID — VISUAL REVIEW PENDING
assets/icons/tabler/outline/map-pin-pause.svg,fd130af2ec0d90068ec983b58cf125f9a506519aa3eb60a2e7fee8812bfb2f37,0 0 24 24,XML VALID — VISUAL REVIEW PENDING
assets/icons/tabler/outline/map-pin-pin.svg,46c4b0e40c1ed0516be1c5f6ed3fb15735757a622740c4c5b950788a9a2b40a8,0 0 24 24,XML VALID — VISUAL REVIEW PENDING
assets/icons/tabler/outline/map-pin-plus.svg,654127b8f320d53a0ba5293bf1a9f61b5356430a39cd2e382926d992e399de4e,0 0 24 24,XML VALID — VISUAL REVIEW PENDING
assets/icons/tabler/outline/map-pin-question.svg,bce2df295bbfb0e4ce3058acc9029d4a80dcc0ed2bfc4293510d35ea8235c010,0 0 24 24,XML VALID — VISUAL REVIEW PENDING
assets/icons/tabler/outline/map-pin-search.svg,c82c20667180956eaca07f89a53e426d4ad5f385444357d9cc8e3d5c3314a940,0 0 24 24,XML VALID — VISUAL REVIEW PENDING
assets/icons/tabler/outline/map-pin-share.svg,522a319edad96e7633b140cb4c40edf87e1fd568b4cdd5dbb27d42664e931bfa,0 0 24 24,XML VALID — VISUAL REVIEW PENDING
assets/icons/tabler/outline/map-pin-star.svg,e7b40bdce55a24832c9593b72c9e6a8c66bef242eb37ff07f2c3dabbd0c8153d,0 0 24 24,XML VALID — VISUAL REVIEW PENDING
assets/icons/tabler/outline/map-pin-up.svg,72860e142dcfeb58b1aedc8f26afe926c9cc642b9fa4e7ee80f4fc438216057a,0 0 24 24,XML VALID — VISUAL REVIEW PENDING
assets/icons/tabler/outline/map-pin-x.svg,5ef3380b52b2bdc0ffee4fcf781d1f93488e74b4fc95a5cdbae16555aaf20292,0 0 24 24,XML VALID — VISUAL REVIEW PENDING
assets/icons/tabler/outline/map-pin.svg,e2e14a43d41235b036e5352b10d41f2aa444361c7cd654a07ab46115ba691362,0 0 24 24,XML VALID — VISUAL REVIEW PENDING
assets/icons/tabler/outline/map-pins.svg,9f00cb8a7d131fdc2fa0d39c7def961b288f6fa652f1e11c5b3ac29ea895204e,0 0 24 24,XML VALID — VISUAL REVIEW PENDING
assets/icons/tabler/outline/map-plus.svg,7b9b4dcc7a0ec37e31491bad1b2a923ae93908a1e9f5fd4c20577c1252b67167,0 0 24 24,XML VALID — VISUAL REVIEW PENDING
assets/icons/tabler/outline/map-question.svg,8660fdbcc0cb0d39354d98fe29009c7ec10da501a185e496e44cf0969c348953,0 0 24 24,XML VALID — VISUAL REVIEW PENDING
assets/icons/tabler/outline/map-route.svg,e0e6e8c86c3435aeffc5b81bc295efc6355327ab2ef679b4ec47fab5c627048e,0 0 24 24,XML VALID — VISUAL REVIEW PENDING
assets/icons/tabler/outline/map-search.svg,2c3f5b8d8549d82798477fadef49e52bbfbd4fd280dc42f708396a2ee31b7e3c,0 0 24 24,XML VALID — VISUAL REVIEW PENDING
assets/icons/tabler/outline/map-share.svg,28d6aa146b0dddbeff5b91f8a0072fe6455775c42bcf8a48fc2d3ca938a243b2,0 0 24 24,XML VALID — VISUAL REVIEW PENDING
assets/icons/tabler/outline/map-south.svg,85d008782106a92a12988c151f62bb3fc9b327cd977764a646339d5e21475c0f,0 0 24 24,XML VALID — VISUAL REVIEW PENDING
assets/icons/tabler/outline/map-star.svg,91e7da4fab8a7f88b7d0fcbc912a9c35633a06c1a1d56f9d572b2dc2d430703b,0 0 24 24,XML VALID — VISUAL REVIEW PENDING
assets/icons/tabler/outline/map-up.svg,24f3b459c6507720690ce827782c8fde01df8403558449854f3ee6c15378840e,0 0 24 24,XML VALID — VISUAL REVIEW PENDING
assets/icons/tabler/outline/map-west.svg,178f7a5ea6dbc3d2b00e3f1cf22ab4a3d5a1372d038695bd6c29a2c0dc51559b,0 0 24 24,XML VALID — VISUAL REVIEW PENDING
assets/icons/tabler/outline/map-x.svg,3af37d219d513f53490236f66da681c958f9cb5bc2980f96cdf5db3bd78b60c1,0 0 24 24,XML VALID — VISUAL REVIEW PENDING
assets/icons/tabler/outline/map.svg,5f87c563a70bf698720195e462f9835d2d2e5c8e00fa25cc0bc148a537bfa40b,0 0 24 24,XML VALID — VISUAL REVIEW PENDING
assets/icons/tabler/outline/markdown-off.svg,0fb681f26f34c11189e91060f7645bc639ec1b689b98826a83bf9607b4af4ae4,0 0 24 24,XML VALID — VISUAL REVIEW PENDING
assets/icons/tabler/outline/markdown.svg,587902686de15c476c34803a857a79fe26f7be2d69a8057f0b1c3180e19729b2,0 0 24 24,XML VALID — VISUAL REVIEW PENDING
assets/icons/tabler/outline/marquee-2.svg,4eddb7953eac1c01b9f095cf45efe8381899098cb854191af11792a74cf389c7,0 0 24 24,XML VALID — VISUAL REVIEW PENDING
assets/icons/tabler/outline/marquee-off.svg,015356bc06671093663d76c5a99c5fb19572ad046742ef9255fa5dfa8600e110,0 0 24 24,XML VALID — VISUAL REVIEW PENDING
assets/icons/tabler/outline/marquee.svg,e0c39ddb5d09d7ae51f72e47e8b1b56d7efe639cd40293f8aa64562d2dd60cff,0 0 24 24,XML VALID — VISUAL REVIEW PENDING
assets/icons/tabler/outline/mars.svg,b17c087515a8b79d610a787473c3109c7906ce0cd64e9901593b43fe7cf37cf1,0 0 24 24,XML VALID — VISUAL REVIEW PENDING
assets/icons/tabler/outline/mask-off.svg,00dd570d745aa4f151e213ae364b4c42e2cf640bcba53a66e40d68eaf554e618,0 0 24 24,XML VALID — VISUAL REVIEW PENDING
assets/icons/tabler/outline/mask.svg,bbc745301fd78e096c3dc0102b20699f81470e331c03e3edb1ba1735354e7e36,0 0 24 24,XML VALID — VISUAL REVIEW PENDING
assets/icons/tabler/outline/masks-theater-off.svg,31aa15dfaaccfa7da0b56dae45e0d6229bf6ba3e533dad8f752d0e4e1a1769ec,0 0 24 24,XML VALID — VISUAL REVIEW PENDING
assets/icons/tabler/outline/masks-theater.svg,f5de9ccf06b942210054587954bf005799a37e2f5c27af0d1f7321b8c8fdeb31,0 0 24 24,XML VALID — VISUAL REVIEW PENDING
assets/icons/tabler/outline/massage.svg,472861a52e51361d85708aa851bf16f4dfc7ab8fc7dab55ccf1d778e52471295,0 0 24 24,XML VALID — VISUAL REVIEW PENDING
assets/icons/tabler/outline/matchstick.svg,e9b22f1caa4fb4614904281afb1fb4f2c846fa853e17391a9e9666eaf0f63eac,0 0 24 24,XML VALID — VISUAL REVIEW PENDING
assets/icons/tabler/outline/math-1-divide-2.svg,fac729190b163f96f370169206061f2304a9acbd08a6329b2c7d0cde4b4db6fa,0 0 24 24,XML VALID — VISUAL REVIEW PENDING
assets/icons/tabler/outline/math-1-divide-3.svg,35f4fa860bc4584f61ab6e2e9e82ff79c6a59a9b26ecfb155f9e4d7de35d9621,0 0 24 24,XML VALID — VISUAL REVIEW PENDING
assets/icons/tabler/outline/math-avg.svg,3b49283da72b6903f8ddf470be48cb4bcf18d76ff6abca17b4853efdd7ed427e,0 0 24 24,XML VALID — VISUAL REVIEW PENDING
assets/icons/tabler/outline/math-cos.svg,af11c1005ed0c2fa8e9f96adb388085fb2e0e523b313a6ae12a32d0c7251a492,0 0 24 24,XML VALID — VISUAL REVIEW PENDING
assets/icons/tabler/outline/math-ctg.svg,5ef18e7525cdc5a402b4171a261e00d474d64fd74abdf414f87218e62afe1cfc,0 0 24 24,XML VALID — VISUAL REVIEW PENDING
assets/icons/tabler/outline/math-equal-greater.svg,6a97815f30fb16f1ce5c4bbd898323c732e64982b9227dad1f92297c04b34381,0 0 24 24,XML VALID — VISUAL REVIEW PENDING
assets/icons/tabler/outline/math-equal-lower.svg,a024b4abe7405ec739c0edcd84c16b08fe21ecd0beee05fba9de9f74e4d5bbf5,0 0 24 24,XML VALID — VISUAL REVIEW PENDING
assets/icons/tabler/outline/math-function-off.svg,bf3d15d86ab573eda69184f21859e8286323a0f0f9dc4f689c3ebed08d551638,0 0 24 24,XML VALID — VISUAL REVIEW PENDING
assets/icons/tabler/outline/math-function-y.svg,047d876237a7d8a389d1250d8b83438e44fe31bcbb9a8add444c7c0cd8cb2119,0 0 24 24,XML VALID — VISUAL REVIEW PENDING
assets/icons/tabler/outline/math-function.svg,c857497eab49bf06a7163c6ed8d170e78d72752d3f2f6115cc056e42b2e6e5da,0 0 24 24,XML VALID — VISUAL REVIEW PENDING
assets/icons/tabler/outline/math-greater.svg,5d0ee9b81ae83f371b896c428f738bfc4d1bd5c9e681df8b6d7421de1b986de8,0 0 24 24,XML VALID — VISUAL REVIEW PENDING
assets/icons/tabler/outline/math-integral-x.svg,73ae9629ac4b662bbe632d5c666a175abf8bea84551ac4d735087576eaf4c6e4,0 0 24 24,XML VALID — VISUAL REVIEW PENDING
assets/icons/tabler/outline/math-integral.svg,568ff6dda8aa870f2dced07e2c2b55c2a024464af01a0fa7c95a36933b1cea88,0 0 24 24,XML VALID — VISUAL REVIEW PENDING
assets/icons/tabler/outline/math-integrals.svg,2ab52450a5bfa45c7ccfbce27619ed9b7ba9581cee76b3e5aa619978d045f614,0 0 24 24,XML VALID — VISUAL REVIEW PENDING
assets/icons/tabler/outline/math-lower.svg,3fa5af0f0fd211783ca3aec74eba5bad2fa2e4e958198eedaeaf9c7a6169adc6,0 0 24 24,XML VALID — VISUAL REVIEW PENDING
assets/icons/tabler/outline/math-max-min.svg,1e2f13a282b740d4ef56a1d9bddba8cecf39c50ee2b861df1cb7f7e40032f8d1,0 0 24 24,XML VALID — VISUAL REVIEW PENDING
assets/icons/tabler/outline/math-max.svg,a8d4bc6d1093f21d9b194ae4620c4711855eabb7a264ace1736cde4bf22e1823,0 0 24 24,XML VALID — VISUAL REVIEW PENDING
assets/icons/tabler/outline/math-min.svg,51c3345291913fefefbf7eab87ed28f277adf9572e06107c3d12e932f4ff9e26,0 0 24 24,XML VALID — VISUAL REVIEW PENDING
assets/icons/tabler/outline/math-not.svg,f5bdd2c2a98063deaa51ab9262eb1567b3053d6d6f2d509cc88021a00c87aeb9,0 0 24 24,XML VALID — VISUAL REVIEW PENDING
assets/icons/tabler/outline/math-off.svg,69a6858274af50bd4a1a9c72a05870dc0a7e67c1486edcc5c75918d3f4b67cb8,0 0 24 24,XML VALID — VISUAL REVIEW PENDING
assets/icons/tabler/outline/math-pi-divide-2.svg,5b462f2fe4d94f559ab069dc471fc45b509ef13c93d6ba8313b536762898e002,0 0 24 24,XML VALID — VISUAL REVIEW PENDING
assets/icons/tabler/outline/math-pi.svg,65df4bbf2a737a27b259a29eae17b9dc4228a174b022cade45125a5b1f045401,0 0 24 24,XML VALID — VISUAL REVIEW PENDING
assets/icons/tabler/outline/math-sec.svg,acd4d3c58a714bd0dc95036a8fc810d2eaf3f3f5f05da2cd7c9569190a285c51,0 0 24 24,XML VALID — VISUAL REVIEW PENDING
assets/icons/tabler/outline/math-sin.svg,15323eef44268d7196bbeb3db4738e238c83f09e36368b4de2c36c530ccf6589,0 0 24 24,XML VALID — VISUAL REVIEW PENDING
assets/icons/tabler/outline/math-symbols.svg,0492f62a6dda1bfddf7c527115a9995082379ed4d460351e7b8859bc934ecf64,0 0 24 24,XML VALID — VISUAL REVIEW PENDING
assets/icons/tabler/outline/math-tg.svg,05a72890331f436dcb9031cbce32e759ba84cbd0b37d2d86c543bf809816971b,0 0 24 24,XML VALID — VISUAL REVIEW PENDING
assets/icons/tabler/outline/math-x-divide-2.svg,89660b5ce7ac7293f3befa332fc8328741d6b94fc42f4f1f51782c40b424d67d,0 0 24 24,XML VALID — VISUAL REVIEW PENDING
assets/icons/tabler/outline/math-x-divide-y-2.svg,bf2c9d2ccd85fad8c8c4b871205025f80ee0185c153f748fc0fdccba91c60e57,0 0 24 24,XML VALID — VISUAL REVIEW PENDING
assets/icons/tabler/outline/math-x-divide-y.svg,96a043fd7d641b977828e94a24b38aecd653ba4135e0c4cb8b8cca993bdaea05,0 0 24 24,XML VALID — VISUAL REVIEW PENDING
assets/icons/tabler/outline/math-x-floor-divide-y.svg,573466c26be62e2fcf441e3ae8f26549724d5129367b41562dd2420207d20619,0 0 24 24,XML VALID — VISUAL REVIEW PENDING
assets/icons/tabler/outline/math-x-minus-x.svg,36938f1de38622afef16adfe0beb6127eb7af3bcd1618728653108321daeba5d,0 0 24 24,XML VALID — VISUAL REVIEW PENDING
assets/icons/tabler/outline/math-x-minus-y.svg,a775edb1edbdcc16fabf979e32a25637b3d4877f5cd1d6230c66b85067981493,0 0 24 24,XML VALID — VISUAL REVIEW PENDING
assets/icons/tabler/outline/math-x-plus-x.svg,58317f1db5ffbd7c43b5e089d48d742430917f3e811114beb1df565c38baace9,0 0 24 24,XML VALID — VISUAL REVIEW PENDING
assets/icons/tabler/outline/math-x-plus-y.svg,efd76ef45e2d845ae07366e6e97cbe16a6fb6af38d0361be3863cd0c32e8070b,0 0 24 24,XML VALID — VISUAL REVIEW PENDING
assets/icons/tabler/outline/math-xy.svg,5c9e1e1b1be4b1e1c3dd4b3e7905afa6a039df6f8733d75e79f4290a2efe2cc8,0 0 24 24,XML VALID — VISUAL REVIEW PENDING
assets/icons/tabler/outline/math-y-minus-y.svg,2db71ed58bbe4c664bfde02ac0c5714fd586e1913100bc587ae1b169ee2d6111,0 0 24 24,XML VALID — VISUAL REVIEW PENDING
assets/icons/tabler/outline/math-y-plus-y.svg,ed49de049b2a89a9c26739e25f6e9f9cafae94a05920453f47231a6b6b44cf95,0 0 24 24,XML VALID — VISUAL REVIEW PENDING
assets/icons/tabler/outline/math.svg,c3b92c1f60a16764ac009b3bb2982c71a42bd377287066a83ee266d15e5d0c03,0 0 24 24,XML VALID — VISUAL REVIEW PENDING
assets/icons/tabler/outline/matrix.svg,e3c8a355ca55bf6f5b22e954889d9b2789bc0a6dfd5e3d09aa8548a2d6fc070d,0 0 24 24,XML VALID — VISUAL REVIEW PENDING
assets/icons/tabler/outline/maximize-off.svg,9724e3fb6ffd3be71243ef065f0d3059a0a624c0fda67265036a42257f31cccf,0 0 24 24,XML VALID — VISUAL REVIEW PENDING
assets/icons/tabler/outline/maximize.svg,be5b97e4d3df5db7cfb17d42f107f5a5a27861db1554599217b699fd2b635aff,0 0 24 24,XML VALID — VISUAL REVIEW PENDING
assets/icons/tabler/outline/meat-off.svg,4b632f14b75fb5cfbdef42962c370e3b5b78f7ed7e20d3e11ef68127197e951e,0 0 24 24,XML VALID — VISUAL REVIEW PENDING
assets/icons/tabler/outline/meat.svg,258a64877bb9b428e8271d01c33d7265e5a78d32dbb234973c2340c021b774f6,0 0 24 24,XML VALID — VISUAL REVIEW PENDING
assets/icons/tabler/outline/medal-2.svg,eda6511f8c7151d51557994ed490bde6b6bd8ecd01f793aabda6a7d63272f270,0 0 24 24,XML VALID — VISUAL REVIEW PENDING
assets/icons/tabler/outline/medal.svg,5b0f8c2c8af18fbe57effaf0b305f29a521a0066317df4cdd1c3f0ec66c1ff5b,0 0 24 24,XML VALID — VISUAL REVIEW PENDING
assets/icons/tabler/outline/medical-cross-circle.svg,2b3e960e670fab8a6499647975dcacd3f025a4497841eb5c475a5d8518da4135,0 0 24 24,XML VALID — VISUAL REVIEW PENDING
assets/icons/tabler/outline/medical-cross-off.svg,ec72c13a92eb3929d3dd7519c14f4a4c7d685ad7758d5417bc1ce5e8883f6f17,0 0 24 24,XML VALID — VISUAL REVIEW PENDING
assets/icons/tabler/outline/medical-cross.svg,2cd4dbd5313a083a36ef0e73870ddfc7aa348d418284abf14a0bdd9292c36c55,0 0 24 24,XML VALID — VISUAL REVIEW PENDING
assets/icons/tabler/outline/medicine-syrup.svg,a6eea03cb1a45fab5c912cce95718f76b1eb42f4d2fb9038a60d42273ec7de7c,0 0 24 24,XML VALID — VISUAL REVIEW PENDING
assets/icons/tabler/outline/meeple.svg,2dc93331d94bad8b152834a1206a69d8f398f03c17268eb7a20570870be66180,0 0 24 24,XML VALID — VISUAL REVIEW PENDING
assets/icons/tabler/outline/melon.svg,ce14eb79ba4de75d3bca914f6693c3152236e939b6c691ffbb0598370b45f0bc,0 0 24 24,XML VALID — VISUAL REVIEW PENDING
assets/icons/tabler/outline/menorah.svg,be9bbdb84011fcd582e5bc38406ff00b3a830bb7dc1e54202bb41f3b6d67b1fc,0 0 24 24,XML VALID — VISUAL REVIEW PENDING
assets/icons/tabler/outline/menu-2.svg,f8ba425bb0bf68042aad5ef06cf8c2970980a1d76e884e132ecdf6d5bc1eb87f,0 0 24 24,XML VALID — VISUAL REVIEW PENDING
assets/icons/tabler/outline/menu-3.svg,040e967e7be70fe56874841b9a3b5692ceff54db3eb5149fdbdf4054358bed37,0 0 24 24,XML VALID — VISUAL REVIEW PENDING
assets/icons/tabler/outline/menu-4.svg,10cf68c5d8c6dbb5a788725075d04a297d88ea6492c0a616ab5192333b7ff197,0 0 24 24,XML VALID — VISUAL REVIEW PENDING
assets/icons/tabler/outline/menu-deep.svg,8de55de861a73dcdc0811238e2a6cd4d22bb76dfe3dbac86843d84e822285431,0 0 24 24,XML VALID — VISUAL REVIEW PENDING
assets/icons/tabler/outline/menu-order.svg,89c293748035a4c2ff6b1d4cdbdaf659f655432b73b77b3815ce1a36e34067d4,0 0 24 24,XML VALID — VISUAL REVIEW PENDING
assets/icons/tabler/outline/menu.svg,c1ed89ef1cdc62762a488998f623fb92286e5ceff8860efa0fcbb2542efc46d1,0 0 24 24,XML VALID — VISUAL REVIEW PENDING
assets/icons/tabler/outline/message-2-bolt.svg,85272e2e1b8459f52e8030f561cd29669f932576afeb3113090b93eb83ae12e0,0 0 24 24,XML VALID — VISUAL REVIEW PENDING
assets/icons/tabler/outline/message-2-cancel.svg,6a7d49ec21aa43c180b495711f89cd3e05e1c494ac01dd5baa9807df734ae39e,0 0 24 24,XML VALID — VISUAL REVIEW PENDING
assets/icons/tabler/outline/message-2-check.svg,a8a770822373296060908784f0c94626396b66653153551a885672516b958bcc,0 0 24 24,XML VALID — VISUAL REVIEW PENDING
assets/icons/tabler/outline/message-2-code.svg,d7376df62eb8c860723934894d2eb7c0bf211c385f3c3bb8ed99c61d5b84f56d,0 0 24 24,XML VALID — VISUAL REVIEW PENDING
assets/icons/tabler/outline/message-2-cog.svg,ce6b0ffdef0f5673104c01bd29a3eec03bb9cd0460ef8cd9d569029838634504,0 0 24 24,XML VALID — VISUAL REVIEW PENDING
assets/icons/tabler/outline/message-2-dollar.svg,d9bcb91201beac07dd79423d89f68d4423e9f37576a8db4c7dd38db937578070,0 0 24 24,XML VALID — VISUAL REVIEW PENDING
assets/icons/tabler/outline/message-2-down.svg,66395d2efd4089ec780f3c28aa7cd5ecf8d080edf4bab2063e5e476336b5a17a,0 0 24 24,XML VALID — VISUAL REVIEW PENDING
assets/icons/tabler/outline/message-2-exclamation.svg,3337c29c9a016cc119d23ca34732c3b812d9fa323f00f3c0f31416a9c54e2fee,0 0 24 24,XML VALID — VISUAL REVIEW PENDING
assets/icons/tabler/outline/message-2-heart.svg,449cd940394574222d09c0845f0cf820c0f2c8a96107023dbaa6a383d29aa4d9,0 0 24 24,XML VALID — VISUAL REVIEW PENDING
assets/icons/tabler/outline/message-2-minus.svg,3f010f7ea22a12d8e55d175c4f19a3fa0733c5da41fbc1b12b6ab4dc6a649c1f,0 0 24 24,XML VALID — VISUAL REVIEW PENDING
assets/icons/tabler/outline/message-2-off.svg,3fe3f6fa8114bb40c55cff3757a80428ab2adb0be203717c8397946c9a067df7,0 0 24 24,XML VALID — VISUAL REVIEW PENDING
assets/icons/tabler/outline/message-2-pause.svg,b02bcdc8a8cbfcf2f8534c42711f1bf2c9442359a8f216a90207737d33e0cd42,0 0 24 24,XML VALID — VISUAL REVIEW PENDING
assets/icons/tabler/outline/message-2-pin.svg,582851026260c040f83e54414ead40263c77e177a02a02b85906acf6d6a122d4,0 0 24 24,XML VALID — VISUAL REVIEW PENDING
assets/icons/tabler/outline/message-2-plus.svg,ec3a41c4352dce3ce19e8a029fb546a9b7a040ae75cfc95a01102543233863bb,0 0 24 24,XML VALID — VISUAL REVIEW PENDING
assets/icons/tabler/outline/message-2-question.svg,00026b92ce5d99640f7b7b7a381f064d6de66069a70023bde1be01a4153a29ef,0 0 24 24,XML VALID — VISUAL REVIEW PENDING
assets/icons/tabler/outline/message-2-search.svg,a66a95258f750f7b1b0bf142df8726ae6e9ee719145188ccb90fe43be7148f04,0 0 24 24,XML VALID — VISUAL REVIEW PENDING
assets/icons/tabler/outline/message-2-share.svg,0d7d315ccf7235ef16599bd2959106657d19ad8ea7912982c7851919548c6a90,0 0 24 24,XML VALID — VISUAL REVIEW PENDING
assets/icons/tabler/outline/message-2-star.svg,6007538aabb3959a9884817c6b821d9a46a31fe1ac1f99f167bdf1f2e47cd674,0 0 24 24,XML VALID — VISUAL REVIEW PENDING
assets/icons/tabler/outline/message-2-up.svg,6c935c77da0438325259603b00a850278077bdb24249ffc4db2f2c4e7bd3593d,0 0 24 24,XML VALID — VISUAL REVIEW PENDING
assets/icons/tabler/outline/message-2-x.svg,cd2f7305f71442a862a1c2cf521d9215a8f388d5e742e0ff758791f91b7d2217,0 0 24 24,XML VALID — VISUAL REVIEW PENDING
assets/icons/tabler/outline/message-2.svg,86e9085fb193c9bef0122b75130f76da1d4afdf33849483c1a9678687348a76d,0 0 24 24,XML VALID — VISUAL REVIEW PENDING
assets/icons/tabler/outline/message-bolt.svg,289a17c21f20efbafb392050670d3b641899363e3733d8eca9c4ae2212eded68,0 0 24 24,XML VALID — VISUAL REVIEW PENDING
assets/icons/tabler/outline/message-cancel.svg,f0397f9b5bf41e5abcb6379f9878c6b415cfea195260ea19f4fe58638b693d80,0 0 24 24,XML VALID — VISUAL REVIEW PENDING
assets/icons/tabler/outline/message-chatbot.svg,7c25ba483bdec67ed924e466338f4f986ab9368ab437191cf8d370205f0c7447,0 0 24 24,XML VALID — VISUAL REVIEW PENDING
assets/icons/tabler/outline/message-check.svg,98c46d3d69dde604b9589a721f26c73ee4fe9d2a7b30e7f45921ec294a4d25d8,0 0 24 24,XML VALID — VISUAL REVIEW PENDING
assets/icons/tabler/outline/message-circle-bolt.svg,3d1881c6e98d331d665c20569e31790d66b76673ea76010301f883b5ee33eac2,0 0 24 24,XML VALID — VISUAL REVIEW PENDING
assets/icons/tabler/outline/message-circle-cancel.svg,2a4ef1911b20be81c034d98b87ca7c07a071089751f9ddd155bb3efa1c8ad0e0,0 0 24 24,XML VALID — VISUAL REVIEW PENDING
assets/icons/tabler/outline/message-circle-check.svg,3d53c2397f694cbe75b7e67a0407228f8c63861fbb536cecc86cb27190c3a1d5,0 0 24 24,XML VALID — VISUAL REVIEW PENDING
assets/icons/tabler/outline/message-circle-code.svg,0a89f0533c96df7ba1622552bb4e9a72a547f9368bde726af85584394e72091b,0 0 24 24,XML VALID — VISUAL REVIEW PENDING
assets/icons/tabler/outline/message-circle-cog.svg,1d8288aa908a229d29fb9a1aaf4fc9e8fbf30319e982b208f106ce042b32b464,0 0 24 24,XML VALID — VISUAL REVIEW PENDING
assets/icons/tabler/outline/message-circle-dollar.svg,7a8e264666d86e75e3b70ec01a12fa5d2a2c1539d6e6f5f32ea6f557dc5464df,0 0 24 24,XML VALID — VISUAL REVIEW PENDING
assets/icons/tabler/outline/message-circle-down.svg,c21e367a04e4eeb49430bd8a0aec50d8eb462bf3e60f6f48082869d3845803f5,0 0 24 24,XML VALID — VISUAL REVIEW PENDING
assets/icons/tabler/outline/message-circle-exclamation.svg,e5c4c66ab8cbef222e696011e243b256cf4b7f8d720b277bca14594c14e59bc0,0 0 24 24,XML VALID — VISUAL REVIEW PENDING
assets/icons/tabler/outline/message-circle-heart.svg,515fb3b7f7fcded31fba62602730085f0c02dad78410b0ea853f57ada8d2cae9,0 0 24 24,XML VALID — VISUAL REVIEW PENDING
assets/icons/tabler/outline/message-circle-minus.svg,455c35fbba79fdab58540d97c721c9077cbc34bb0b4d0e54b512bdc170baec91,0 0 24 24,XML VALID — VISUAL REVIEW PENDING
assets/icons/tabler/outline/message-circle-off.svg,93282b4071f01771de3c102afa0d25672ad1db131c5312b569749b5cbd6188d3,0 0 24 24,XML VALID — VISUAL REVIEW PENDING
assets/icons/tabler/outline/message-circle-pause.svg,d051c24fdd020d515eb7f03359d35a19fdc0fd31ce9cc4d6974c67be19451d40,0 0 24 24,XML VALID — VISUAL REVIEW PENDING
assets/icons/tabler/outline/message-circle-pin.svg,7449f70ac5e866bb72b2edaaaf53ef3acf90ea1899802badf544b622e48448f9,0 0 24 24,XML VALID — VISUAL REVIEW PENDING
assets/icons/tabler/outline/message-circle-plus.svg,d6f8f72f79ec3969830751318e3f2c5141fff7ce0af61010b1888a6b16776dc6,0 0 24 24,XML VALID — VISUAL REVIEW PENDING
assets/icons/tabler/outline/message-circle-question.svg,2aa06d0bce2181564ca62036c8895eb31caccdee3162219e983d0d27bf050adb,0 0 24 24,XML VALID — VISUAL REVIEW PENDING
assets/icons/tabler/outline/message-circle-search.svg,143cc7f6419bc33b93558ebb6e3ac23ddafc118674a22682e02f14e3c0ff54e2,0 0 24 24,XML VALID — VISUAL REVIEW PENDING
assets/icons/tabler/outline/message-circle-share.svg,a506ab53a082ee92150425e561240a67e0810d6f8399f5f00c0c19496b055e06,0 0 24 24,XML VALID — VISUAL REVIEW PENDING
assets/icons/tabler/outline/message-circle-star.svg,b5e7abf4e235508a359a1108f8f2f8aa7e6967354571f9f168864186ef7a7eaa,0 0 24 24,XML VALID — VISUAL REVIEW PENDING
assets/icons/tabler/outline/message-circle-up.svg,49937ddb0fc3e6a5be85e36a27e8cb3b5b4f68d1998060f551b772bda5d960e1,0 0 24 24,XML VALID — VISUAL REVIEW PENDING
assets/icons/tabler/outline/message-circle-user.svg,2195bc7a05e54df01e7c57dca09e63cc23da4dc50105cf2d2fbe2eccd4d31f12,0 0 24 24,XML VALID — VISUAL REVIEW PENDING
assets/icons/tabler/outline/message-circle-x.svg,76ebc0741bbfe0b6120d3e102f11c009fcc5256fcaaecbf23192dbe17fe06180,0 0 24 24,XML VALID — VISUAL REVIEW PENDING
assets/icons/tabler/outline/message-circle.svg,bbdea86de70824eb4f12eb899b1b31e02c70029d8140adedac6f5956dcaf7dab,0 0 24 24,XML VALID — VISUAL REVIEW PENDING
assets/icons/tabler/outline/message-code.svg,a22a40cdc773534c5163a907a37f61f2b060098194736d57f3687973b2d578ea,0 0 24 24,XML VALID — VISUAL REVIEW PENDING
assets/icons/tabler/outline/message-cog.svg,b0c105d4000d13b29a9b004d3a5401ecc2f7163f90c9f2a4089a07c3717b3248,0 0 24 24,XML VALID — VISUAL REVIEW PENDING
assets/icons/tabler/outline/message-dollar.svg,fcc67e2268e174d072e07c3f1506ce219f091d9af057de9b8e7ffbaba165150d,0 0 24 24,XML VALID — VISUAL REVIEW PENDING
assets/icons/tabler/outline/message-dots.svg,1a9edefb1cfced9addd56be255bb3ad6605ce75d7bee5182d7a726c7fef50c4c,0 0 24 24,XML VALID — VISUAL REVIEW PENDING
assets/icons/tabler/outline/message-down.svg,485ce9801b7d681ddcd663902608f02e6f343cd654dfb64b086067cdfdfff22c,0 0 24 24,XML VALID — VISUAL REVIEW PENDING
assets/icons/tabler/outline/message-exclamation.svg,240563d850fae1b0a209ae9acbec2a5ab9398b6fab1b1a951f1b889e41950c77,0 0 24 24,XML VALID — VISUAL REVIEW PENDING
assets/icons/tabler/outline/message-forward.svg,c782a11e460701e080e719236f42ba8a7ec009f2acefb2303df62f637162d4f0,0 0 24 24,XML VALID — VISUAL REVIEW PENDING
assets/icons/tabler/outline/message-heart.svg,f2d031982d3941639e28f1daafd9e4aa30f72d2c488494c36d9b27e6a2ae9fe2,0 0 24 24,XML VALID — VISUAL REVIEW PENDING
assets/icons/tabler/outline/message-language.svg,ca821696bb5eb94e2eed733e9b4cd179f85982f7211227b93bc7949023a47b34,0 0 24 24,XML VALID — VISUAL REVIEW PENDING
assets/icons/tabler/outline/message-minus.svg,f81f15fe56338f843f1ef30074c3038fe1b4f663fa18b8096d5b32959c7a5a91,0 0 24 24,XML VALID — VISUAL REVIEW PENDING
assets/icons/tabler/outline/message-off.svg,243bd380109dfc8779fdbbe674a72fe11a04bff16bbfbb1f9d99b79da013d8b7,0 0 24 24,XML VALID — VISUAL REVIEW PENDING
assets/icons/tabler/outline/message-pause.svg,2b668a149bd8596efe6832e8268275382eaa097c121a9675230fe25c67962b2c,0 0 24 24,XML VALID — VISUAL REVIEW PENDING
assets/icons/tabler/outline/message-pin.svg,bf8b082ea97fa60316deab0a9ecfdc58e3a2141fcc921146d4b54cab3f5d59b0,0 0 24 24,XML VALID — VISUAL REVIEW PENDING
assets/icons/tabler/outline/message-plus.svg,5e0718c942317314aa039a50ef9f0c52cc7e5dc147b3756beaa351109ab48a19,0 0 24 24,XML VALID — VISUAL REVIEW PENDING
assets/icons/tabler/outline/message-question.svg,cafaba1b1151d48705cb5bf33b940fadf3c2ab8b616648361aa53ac5dec838c4,0 0 24 24,XML VALID — VISUAL REVIEW PENDING
assets/icons/tabler/outline/message-reply.svg,052c1f1d4532849099791495094bd90ce6af41ce91923ac9e9f34462d0e51fee,0 0 24 24,XML VALID — VISUAL REVIEW PENDING
assets/icons/tabler/outline/message-report.svg,98e5e0d2c85f7385488dafb49b137e0e0ad7220a7fbbf2af8ebafc872c9385ce,0 0 24 24,XML VALID — VISUAL REVIEW PENDING
assets/icons/tabler/outline/message-search.svg,12d9dbedd8a62d1c24ee035a3b4f9fe92e745a92317bafcf5e65f07516f36e42,0 0 24 24,XML VALID — VISUAL REVIEW PENDING
assets/icons/tabler/outline/message-share.svg,8532e0728dd7fb73946db065cb277dfd0a252faa8f908f772ea74c360aca2f4c,0 0 24 24,XML VALID — VISUAL REVIEW PENDING
assets/icons/tabler/outline/message-star.svg,da03a61fb4c25ff5795f1dc842fac715aa2a65cb961ae625f87a9aa656fb2d3c,0 0 24 24,XML VALID — VISUAL REVIEW PENDING
assets/icons/tabler/outline/message-up.svg,45f17bf4b90b47804abf4fc68df31ae1364e367171276242e9a189b48f9c10e9,0 0 24 24,XML VALID — VISUAL REVIEW PENDING
assets/icons/tabler/outline/message-user.svg,344f83046e749d0a60414c3c60467e97eb431f8b43b496088c22d6b8bbce593a,0 0 24 24,XML VALID — VISUAL REVIEW PENDING
assets/icons/tabler/outline/message-x.svg,b8ca908b6888d3fb3a69011c9684fd3a15147ad24b6fbe40b05cbe7778a49d0e,0 0 24 24,XML VALID — VISUAL REVIEW PENDING
assets/icons/tabler/outline/message.svg,d80f6c36170bfb715d6df0e3636153e2c7ef8e0cfbc6b0846115d042bec12454,0 0 24 24,XML VALID — VISUAL REVIEW PENDING
assets/icons/tabler/outline/messages-off.svg,9d6a05912d03fd607a91418a0d5ccb5a89e9bb4f9fce60565695223f873d4403,0 0 24 24,XML VALID — VISUAL REVIEW PENDING
assets/icons/tabler/outline/messages.svg,4c6ad10151ca065561d89918ed9505bff326d8436277bc15a82aff69538071e0,0 0 24 24,XML VALID — VISUAL REVIEW PENDING
assets/icons/tabler/outline/meteor-off.svg,d77821689ae308a24a89868ad713818b6488cb32e70bfcc933c3aa484bb66399,0 0 24 24,XML VALID — VISUAL REVIEW PENDING
assets/icons/tabler/outline/meteor.svg,3b5744187602935695af954f64e3fab442ef567f11e4190762fd35b85b32d4b1,0 0 24 24,XML VALID — VISUAL REVIEW PENDING
assets/icons/tabler/outline/meter-cube.svg,daedab32342360f53f6c2bf09a86b9c4823f6ccc6f32ff4270eda943f683ff1e,0 0 24 24,XML VALID — VISUAL REVIEW PENDING
assets/icons/tabler/outline/meter-square.svg,09c2458743278eda345bf2eb1c9e1ef9d02216e67d3d6f08e04f494611b536be,0 0 24 24,XML VALID — VISUAL REVIEW PENDING
assets/icons/tabler/outline/metronome.svg,55c2fb549f2e92318dafbe6a845b7949750be29494240dd821652b076f6712d1,0 0 24 24,XML VALID — VISUAL REVIEW PENDING
assets/icons/tabler/outline/michelin-bib-gourmand.svg,6daeb108b223fe2aead784acafd0b7a088132505cb2e44646af8407d07b2cf68,0 0 24 24,XML VALID — VISUAL REVIEW PENDING
assets/icons/tabler/outline/michelin-star-green.svg,ce07046ca66d5d0fa37cb778e954d3fa05897af22711a665eddeec7117fd0547,0 0 24 24,XML VALID — VISUAL REVIEW PENDING
assets/icons/tabler/outline/michelin-star.svg,3ce30559fdd1a7603d9be06ca5cd445c54ae8c9920f982d2ab97b0d68db52bfc,0 0 24 24,XML VALID — VISUAL REVIEW PENDING
assets/icons/tabler/outline/mickey.svg,6c0759becd6311f51667143c829f0de30e996aa03d30f9fb21dd17a662004d5f,0 0 24 24,XML VALID — VISUAL REVIEW PENDING
assets/icons/tabler/outline/microphone-2-off.svg,cbcc66222fbb8933b8b0a4665c08d0318addd9f2521b1a44627fdaa735e1e7e4,0 0 24 24,XML VALID — VISUAL REVIEW PENDING
assets/icons/tabler/outline/microphone-2.svg,87e3917269c693b14c5608f6b55331d37fde8323a35aec59c3c2331dc17a9ccb,0 0 24 24,XML VALID — VISUAL REVIEW PENDING
assets/icons/tabler/outline/microphone-off.svg,99eb116132ad9240ba690b10ddfe17cafe088e5f4bdb381122c8161ef3d52f1e,0 0 24 24,XML VALID — VISUAL REVIEW PENDING
assets/icons/tabler/outline/microphone.svg,73c76c1c3d1358dd24d9dacec87442ce4a8768915ae742aa1f1e8aeb386d7861,0 0 24 24,XML VALID — VISUAL REVIEW PENDING
assets/icons/tabler/outline/microscope-off.svg,11e65503ca31d80c92e8f25d7a661e070c89da1cfebdd788915bfeef5c35e388,0 0 24 24,XML VALID — VISUAL REVIEW PENDING
assets/icons/tabler/outline/microscope.svg,4d8ee74263c7de339da7c622039f5a615bb815d9d607434df4906293a9b2b37d,0 0 24 24,XML VALID — VISUAL REVIEW PENDING
assets/icons/tabler/outline/microwave-off.svg,76a33367c3fa0e998ae2460ec5801862c74b45fcbb94df62c2631cca6fbe9342,0 0 24 24,XML VALID — VISUAL REVIEW PENDING
assets/icons/tabler/outline/microwave.svg,8b375fd64836c7aac83e3c50bc0b1741eed29d9a6453ed0a79597a02f4b1c182,0 0 24 24,XML VALID — VISUAL REVIEW PENDING
assets/icons/tabler/outline/military-award.svg,152e44f4f0eeca0846c9fbcd66c0f69919009149bb25ed728bd59f0086756a59,0 0 24 24,XML VALID — VISUAL REVIEW PENDING
assets/icons/tabler/outline/military-rank.svg,848ef4fdf368ef4fe44e5e7d79fbc0ea01aeeefbf671d249a8d3c7839a210b2f,0 0 24 24,XML VALID — VISUAL REVIEW PENDING
assets/icons/tabler/outline/milk-off.svg,a529cfa90d958ea18f50b527410b9909c0625a56c542ebf532c8941eab8571e8,0 0 24 24,XML VALID — VISUAL REVIEW PENDING
assets/icons/tabler/outline/milk.svg,2cdd5ef9f04a246fbea11fc9330b0dbe6f62eff42d9308597843f68d775c6cab,0 0 24 24,XML VALID — VISUAL REVIEW PENDING
assets/icons/tabler/outline/milkshake.svg,5e8c27cd5cc99aab7dc890d92d256d9d84c1678e99edd08abbdd7337e6416af8,0 0 24 24,XML VALID — VISUAL REVIEW PENDING
assets/icons/tabler/outline/minimize.svg,a145b59623dfe048de27f6fb9d3ba769d05dca728889ca78d31833c305dc146e,0 0 24 24,XML VALID — VISUAL REVIEW PENDING
assets/icons/tabler/outline/minus-vertical.svg,60436feb31180858cae79c2220829357f977c9e6a79f911dd8919200249645be,0 0 24 24,XML VALID — VISUAL REVIEW PENDING
assets/icons/tabler/outline/minus.svg,23aee027ed73aa9b54879cf8baefefbf62205f386de6c4405b9664b9aac1d73c,0 0 24 24,XML VALID — VISUAL REVIEW PENDING
assets/icons/tabler/outline/mist-off.svg,4f35c77238e8436e1e12806ea0ddc23d9ae98b00182e16a29b8d9098fc762dd9,0 0 24 24,XML VALID — VISUAL REVIEW PENDING
assets/icons/tabler/outline/mist.svg,fd8ad010f9a633188f074ca8c4ba8bd533b09a429c75f6ffb37b0060d47aa143,0 0 24 24,XML VALID — VISUAL REVIEW PENDING
assets/icons/tabler/outline/mobiledata-off.svg,751e20bd70a1c0d580c1e7845434edb6b8c1e5b9fd26805064660c31c8f46daf,0 0 24 24,XML VALID — VISUAL REVIEW PENDING
assets/icons/tabler/outline/mobiledata.svg,4e04d8a7633c5f351d19d7cced36baf2795d9ae4f093732a4a315fdc0e087cfd,0 0 24 24,XML VALID — VISUAL REVIEW PENDING
assets/icons/tabler/outline/moneybag-edit.svg,7cb14f2419a33bd88de0e1505d3e2ceb4814b7cae1854a7981cf23bc59ee0df6,0 0 24 24,XML VALID — VISUAL REVIEW PENDING
assets/icons/tabler/outline/moneybag-heart.svg,03024f59e3802b88a15d040128794213f24eb453e5bb2a2b9d9ef6d3a898033a,0 0 24 24,XML VALID — VISUAL REVIEW PENDING
assets/icons/tabler/outline/moneybag-minus.svg,1dbf7aa54f1172ee8e70efed32c7a53041fd4d17c57e1b4b34288c58420d072f,0 0 24 24,XML VALID — VISUAL REVIEW PENDING
assets/icons/tabler/outline/moneybag-move-back.svg,a02740506bb715fca12e1bd3901dc0ecea28188184451bfdec932b2965aff730,0 0 24 24,XML VALID — VISUAL REVIEW PENDING
assets/icons/tabler/outline/moneybag-move.svg,c75f58771b34a046bfbfcbfc842f9edae32a6a74182dbcf318d849429e5147d9,0 0 24 24,XML VALID — VISUAL REVIEW PENDING
assets/icons/tabler/outline/moneybag-plus.svg,ecf0f17b2a580f2c3e5e15523c403dfcd5863c6426b5225d72187df31ea1216f,0 0 24 24,XML VALID — VISUAL REVIEW PENDING
assets/icons/tabler/outline/moneybag.svg,3f32758a4d6fc404acd7f452e001db1ec0a405967dd6e595c118eafb37df0877,0 0 24 24,XML VALID — VISUAL REVIEW PENDING
assets/icons/tabler/outline/monkeybar.svg,a66b37a33484918eb253b01e28face422d248861f9d8cc8c6af73b51e329a1db,0 0 24 24,XML VALID — VISUAL REVIEW PENDING
assets/icons/tabler/outline/mood-angry.svg,174bb05df6d7d8d2a395771c22376d581aee1fcfc732afe2c8aa6e7f9ad3ca56,0 0 24 24,XML VALID — VISUAL REVIEW PENDING
assets/icons/tabler/outline/mood-annoyed-2.svg,11f569c7cea9a6db28c3facef9c00844687908c7aa1fd983e44dd8e6b766096a,0 0 24 24,XML VALID — VISUAL REVIEW PENDING
assets/icons/tabler/outline/mood-annoyed.svg,94f1121b87f4aed402ed1203b4862c7d6665e88da87fb0b488817ee113e1a187,0 0 24 24,XML VALID — VISUAL REVIEW PENDING
assets/icons/tabler/outline/mood-bitcoin.svg,32fc6234a6c1d7f92f32c89de8c5b119c78c1222eba8b9e695e65a89f64c993f,0 0 24 24,XML VALID — VISUAL REVIEW PENDING
assets/icons/tabler/outline/mood-boy.svg,4fdc9b3c0be1be313c120d10fd19aeefda0edf70dddf5bd68f1a824abb8cb70b,0 0 24 24,XML VALID — VISUAL REVIEW PENDING
assets/icons/tabler/outline/mood-check.svg,e09b87c348ab800fe23815827f1da7e2f483b2f90dd6503f59e9c6d85981e801,0 0 24 24,XML VALID — VISUAL REVIEW PENDING
assets/icons/tabler/outline/mood-cog.svg,b64b76578f341d98797877e69e663081b42eb0a87ea765379c02eb75054012da,0 0 24 24,XML VALID — VISUAL REVIEW PENDING
assets/icons/tabler/outline/mood-confuzed.svg,a60108514d5bd982464f4b86492f19ac374e6bcef2fbdcef79d014def21b94ee,0 0 24 24,XML VALID — VISUAL REVIEW PENDING
assets/icons/tabler/outline/mood-crazy-happy.svg,f205d59e82d7fce09819887d363e115479c39c73aff164e552806cc422602227,0 0 24 24,XML VALID — VISUAL REVIEW PENDING
assets/icons/tabler/outline/mood-cry.svg,05c3de2ccbe918b97d597e2ac5633154a300904243a7a1a9f74a754c7f333ad1,0 0 24 24,XML VALID — VISUAL REVIEW PENDING
assets/icons/tabler/outline/mood-dollar.svg,ec1295795b239657e87d929ef546f283170babbd4d4a379e3526fd47e00b2d87,0 0 24 24,XML VALID — VISUAL REVIEW PENDING
assets/icons/tabler/outline/mood-edit.svg,f2faceb11b6a9855e1f4abe5d73ab9cf3d8aa40574f048ba0b0e2d835a73a44f,0 0 24 24,XML VALID — VISUAL REVIEW PENDING
assets/icons/tabler/outline/mood-empty.svg,dbb7e02b6fe7a8d77dbdd455365091916650f5408b9202e24960e3d3693320c8,0 0 24 24,XML VALID — VISUAL REVIEW PENDING
assets/icons/tabler/outline/mood-happy.svg,a0679eaf1064d4f02548b45392e97d5847f26eddec51894c62bba1f661adc61a,0 0 24 24,XML VALID — VISUAL REVIEW PENDING
assets/icons/tabler/outline/mood-heart.svg,83686733d5c2d3cdd3138e2aa1d2093db9d6ede5aced9a8cd910a9369f9e6446,0 0 24 24,XML VALID — VISUAL REVIEW PENDING
assets/icons/tabler/outline/mood-kid.svg,df7d3ee28516749d8080e3654afa2aaa6f011648b8780d7998e62440ae39b693,0 0 24 24,XML VALID — VISUAL REVIEW PENDING
assets/icons/tabler/outline/mood-look-down.svg,e086160fbf86699312caf9e240e72378d1d3f974ba11ed266a28759c2f565899,0 0 24 24,XML VALID — VISUAL REVIEW PENDING
assets/icons/tabler/outline/mood-look-left.svg,b5060d9f80ee7b80584c060db03b4512f7c530f54c1fe8630d0d6d8efa8ab74a,0 0 24 24,XML VALID — VISUAL REVIEW PENDING
assets/icons/tabler/outline/mood-look-right.svg,ca7be49d21e877467db13890c481ea831335deaf8a20bb061331c9b243766353,0 0 24 24,XML VALID — VISUAL REVIEW PENDING
assets/icons/tabler/outline/mood-look-up.svg,73514ee7072b537c3991dd4b000d7f7df9a03f19f649fed20d42c44485cda6f5,0 0 24 24,XML VALID — VISUAL REVIEW PENDING
assets/icons/tabler/outline/mood-minus.svg,8c58db1de96906427dca9b47b85480dbcbcc9b5abf90cb3fe7baffbf6f183b62,0 0 24 24,XML VALID — VISUAL REVIEW PENDING
assets/icons/tabler/outline/mood-nerd.svg,513dea6a739d48085b185e8188ffacd5a5ebee1a2d5d7628e4e7b9eafa463eb3,0 0 24 24,XML VALID — VISUAL REVIEW PENDING
assets/icons/tabler/outline/mood-nervous.svg,03a472cf290d34b9bc569fdff2799399247e382e922caa207123b80d791a1819,0 0 24 24,XML VALID — VISUAL REVIEW PENDING
assets/icons/tabler/outline/mood-neutral.svg,84f045d24ff78d0356e20c55386619cf49933928671228e4ab7c9e8aa8335ebc,0 0 24 24,XML VALID — VISUAL REVIEW PENDING
assets/icons/tabler/outline/mood-off.svg,291bc882cdb8223593187e8dc3bcb1e496d2a842bfb7e1728fa86e73a1fe1d5f,0 0 24 24,XML VALID — VISUAL REVIEW PENDING
assets/icons/tabler/outline/mood-pin.svg,96deea2eb20666e0858f0787d9cf4240cf8c361493343691c6c239101bd42c10,0 0 24 24,XML VALID — VISUAL REVIEW PENDING
assets/icons/tabler/outline/mood-plus.svg,547535716e40ac20499d66c7b6c688f8f2ffe1f1889eef38b91621c34e1a9ba6,0 0 24 24,XML VALID — VISUAL REVIEW PENDING
assets/icons/tabler/outline/mood-puzzled.svg,905ded5a30fa8e18f65a348c8ac03de2c04e03cd8d496a2f6e04b451bdc00e78,0 0 24 24,XML VALID — VISUAL REVIEW PENDING
assets/icons/tabler/outline/mood-sad-2.svg,94b0c0fcb145539dbec92ccf4d88ab87619be1784fc870bc5744e82b3f39a724,0 0 24 24,XML VALID — VISUAL REVIEW PENDING
assets/icons/tabler/outline/mood-sad-dizzy.svg,c455390de171a3abe28c893ecbf4ac5ef48fa24af587e33364d7878eb337f079,0 0 24 24,XML VALID — VISUAL REVIEW PENDING
assets/icons/tabler/outline/mood-sad-squint.svg,173f824eba95e190da4886f22a304bce787b321e1a05cb980276c624d6bc69ad,0 0 24 24,XML VALID — VISUAL REVIEW PENDING
assets/icons/tabler/outline/mood-sad.svg,0b5c714a6e0454b7e4685b7c6756c614ac5566d6b9bdb2a6984479f69e3b9c9a,0 0 24 24,XML VALID — VISUAL REVIEW PENDING
assets/icons/tabler/outline/mood-search.svg,2b26b0067e466bbfc0068d3d3dac98c05033e15fe15344fcfd6b37f5b6f58140,0 0 24 24,XML VALID — VISUAL REVIEW PENDING
assets/icons/tabler/outline/mood-share.svg,b80cad2fa23394c653e096d4dd150d8159a21377708109f73172a51c5876ae97,0 0 24 24,XML VALID — VISUAL REVIEW PENDING
assets/icons/tabler/outline/mood-sick.svg,c0f86f5f60a8f33f8caf5dd9d7b020b389c3c944289c7df9656346159fb1d80a,0 0 24 24,XML VALID — VISUAL REVIEW PENDING
assets/icons/tabler/outline/mood-silence.svg,5c5835e1b09898b785f383d73a14245f3d75f68bd94a333c508433aadb37e23b,0 0 24 24,XML VALID — VISUAL REVIEW PENDING
assets/icons/tabler/outline/mood-sing.svg,aa551482e6a3773b1d3f510b45b28c746cc370d96eba7abadcba7757379ab670,0 0 24 24,XML VALID — VISUAL REVIEW PENDING
assets/icons/tabler/outline/mood-smile-beam.svg,3b09b9ec2230336b4a66c9a0181dcfaa130e6590dfda5e144754713f29d53aea,0 0 24 24,XML VALID — VISUAL REVIEW PENDING
assets/icons/tabler/outline/mood-smile-dizzy.svg,8e0840111a5d81000ce38168fcfad1b6b0e77750d6a4d49a8eb3329705136c31,0 0 24 24,XML VALID — VISUAL REVIEW PENDING
assets/icons/tabler/outline/mood-smile.svg,00be82e10599b9fc3b2a7afdc013ff9817e059bfcfd0ff0d01283b5de7a96ae3,0 0 24 24,XML VALID — VISUAL REVIEW PENDING
assets/icons/tabler/outline/mood-spark.svg,a7e40952feff995dce5e903fda382e7f80975f528074a5168e7de4f4b4b61b8f,0 0 24 24,XML VALID — VISUAL REVIEW PENDING
assets/icons/tabler/outline/mood-surprised.svg,eba75af2073f933e291ba4d9120867b8102a8f8aa43fda6c52b1c0b87ea01f76,0 0 24 24,XML VALID — VISUAL REVIEW PENDING
