File,SHA256,ViewBox,Disposition
assets/icons/tabler/outline/mood-tongue-wink-2.svg,2b921e4d9f317cfc5bb748f3a35e49a20196eec6e239d4632c83f8a7227bfcd9,0 0 24 24,XML VALID — VISUAL REVIEW PENDING
assets/icons/tabler/outline/mood-tongue-wink.svg,bef510ca2ac49dc6e1f221538bdb40ed4b182ef99c64f65285bd335b9352c421,0 0 24 24,XML VALID — VISUAL REVIEW PENDING
assets/icons/tabler/outline/mood-tongue.svg,ab3c7fc23bbd434aa6cb98cc600f898951df6d68a8c0a8d7f6b6a4682c9fe9fb,0 0 24 24,XML VALID — VISUAL REVIEW PENDING
assets/icons/tabler/outline/mood-unamused.svg,84cb646e0fdb343aa6710b3016b3f8f5e906f08763a200ff827edbf2932b519e,0 0 24 24,XML VALID — VISUAL REVIEW PENDING
assets/icons/tabler/outline/mood-up.svg,b5286798779ff1b8fceb45acbf7bc0abaee65487d471f6aced5ba635c67021aa,0 0 24 24,XML VALID — VISUAL REVIEW PENDING
assets/icons/tabler/outline/mood-wink-2.svg,e36a05720a258cdb39cb88ffc56f5f82703ca12a7870a637b838a56b6c041e84,0 0 24 24,XML VALID — VISUAL REVIEW PENDING
assets/icons/tabler/outline/mood-wink.svg,6b156fa2d66ecd5eb078965210d590997d1934959b7f1f17d84984787152be94,0 0 24 24,XML VALID — VISUAL REVIEW PENDING
assets/icons/tabler/outline/mood-wrrr.svg,25da3a1f7e1d1e1291cc30a583aac528066f1101d98a4c5f04d739960cb0c0a0,0 0 24 24,XML VALID — VISUAL REVIEW PENDING
assets/icons/tabler/outline/mood-x.svg,d3c546b3b788bca7218f4e0b9f0799d7a3afde4571c72a3431a265878c5725a9,0 0 24 24,XML VALID — VISUAL REVIEW PENDING
assets/icons/tabler/outline/mood-xd.svg,dec38ca4438ca23280f7dbd0f7e60c2079234a1f91e83d5754e97f19301a95bd,0 0 24 24,XML VALID — VISUAL REVIEW PENDING
assets/icons/tabler/outline/moon-2.svg,dceef9a29d71e18291230ef3fbd7bc28223740e065d30273271e80ff13baccea,0 0 24 24,XML VALID — VISUAL REVIEW PENDING
assets/icons/tabler/outline/moon-off.svg,efc78ef86a40216ac7aa7f1f3ee31abeb412c1a45f646fd285204620e2c80c41,0 0 24 24,XML VALID — VISUAL REVIEW PENDING
assets/icons/tabler/outline/moon-stars.svg,c406d4abf85b7138deb8909e71d55316ef63a3268d0320fc30f429b6dc20c2d7,0 0 24 24,XML VALID — VISUAL REVIEW PENDING
assets/icons/tabler/outline/moon.svg,d9f45c62c57a099274b1f47a6a39d50b5351829f533031ac0b9959281eebe2fa,0 0 24 24,XML VALID — VISUAL REVIEW PENDING
assets/icons/tabler/outline/moped.svg,14cbf3b93daa99bb35f0b22f288643d30360479f599c8fd13eb0a06cf895f5c2,0 0 24 24,XML VALID — VISUAL REVIEW PENDING
assets/icons/tabler/outline/motorbike.svg,374077cfc97443aaa6085bda73498c17d0229ddf13046d477e27dfcd7c4cf1be,0 0 24 24,XML VALID — VISUAL REVIEW PENDING
assets/icons/tabler/outline/mountain-off.svg,253b1d48f2280e0266509d32093da430cffc40475dfcb816b3a1149f5e3baca0,0 0 24 24,XML VALID — VISUAL REVIEW PENDING
assets/icons/tabler/outline/mountain.svg,1452e89dc5be952f5b7a8e456293ef0051ef22ca25cd6cf78e05748a3aa4b944,0 0 24 24,XML VALID — VISUAL REVIEW PENDING
assets/icons/tabler/outline/mouse-2.svg,bcba5ec5096176b693380956f9d6f460d3cbb39afcc28d3b31fb7325d80b1634,0 0 24 24,XML VALID — VISUAL REVIEW PENDING
assets/icons/tabler/outline/mouse-off.svg,147216c595f496dd5d64502b67c70d56e31d54cef1521948052f2a683e6ce076,0 0 24 24,XML VALID — VISUAL REVIEW PENDING
assets/icons/tabler/outline/mouse.svg,9a099f473afc50210bb25195b0ae82ddc9ffc33c7ada7bba90baf7dc35541007,0 0 24 24,XML VALID — VISUAL REVIEW PENDING
assets/icons/tabler/outline/moustache.svg,33e0473801ecfac7874ecfb2dc665f7f0be5bc390dbd56da783f217a4467685d,0 0 24 24,XML VALID — VISUAL REVIEW PENDING
assets/icons/tabler/outline/movie-off.svg,1fdfc83508a0d0d9b3c45b639a63d6884686c3ebe73db648dafb1d918e0086d6,0 0 24 24,XML VALID — VISUAL REVIEW PENDING
assets/icons/tabler/outline/movie.svg,cc84565b36a8c2e178d981d9e2f17331313d385ca23f5f15d33e05cacdcbfd96,0 0 24 24,XML VALID — VISUAL REVIEW PENDING
assets/icons/tabler/outline/mug-off.svg,d1e98574642a14810c4b3dd8991a7fc44d53e5f0d3e842cb0376e20c2aa0c78a,0 0 24 24,XML VALID — VISUAL REVIEW PENDING
assets/icons/tabler/outline/mug.svg,5365ed5b2b206e4f911997a1680dad717316856d55df4e03fe2316915ba5cbf8,0 0 24 24,XML VALID — VISUAL REVIEW PENDING
assets/icons/tabler/outline/multiplier-0-5x.svg,f9e82221698040f36f9cc9ed8a312559a984eccbe765c72969cfe048f08c89c5,0 0 24 24,XML VALID — VISUAL REVIEW PENDING
assets/icons/tabler/outline/multiplier-1-5x.svg,2c4c2ea51d03429b57ac884467192a13af501e983561ebe4bd8504e4b8617431,0 0 24 24,XML VALID — VISUAL REVIEW PENDING
assets/icons/tabler/outline/multiplier-1x.svg,b5aed645193e3e429d1b2064e8bfc1bb88f80b422f98885c284ef01e986b6e63,0 0 24 24,XML VALID — VISUAL REVIEW PENDING
assets/icons/tabler/outline/multiplier-2x.svg,e5a806b42772161d69b55232d7374d3b373543a168c2dbc60ec31e3dd9d47e17,0 0 24 24,XML VALID — VISUAL REVIEW PENDING
assets/icons/tabler/outline/mushroom-off.svg,cd0e85cb9b7d8848f7f29523ccf0bfc55f4da5ff07e9ffde15eeca63a9447425,0 0 24 24,XML VALID — VISUAL REVIEW PENDING
assets/icons/tabler/outline/mushroom.svg,f01ef8f57dad889c75abaebb4173628ce1529e4ec82873a0309705511e8738ff,0 0 24 24,XML VALID — VISUAL REVIEW PENDING
assets/icons/tabler/outline/music-bolt.svg,c3ef2c401098f031c3f1d16e21fe2baa580c2aa42b7b5f2991763865fb597b25,0 0 24 24,XML VALID — VISUAL REVIEW PENDING
assets/icons/tabler/outline/music-cancel.svg,f619058cf4a36518c21989b5bf734284bf8330bb304ef73e2cc887b6f5cacabc,0 0 24 24,XML VALID — VISUAL REVIEW PENDING
assets/icons/tabler/outline/music-check.svg,a676ce9fa4cc93a820be61a4d0936a91c3e86dc74daeab6ee26cc39ddd4d47df,0 0 24 24,XML VALID — VISUAL REVIEW PENDING
assets/icons/tabler/outline/music-code.svg,e914724b1e4936db89a68471154c734f05745ef21550dd1bb0ec0b6b2d92d0c5,0 0 24 24,XML VALID — VISUAL REVIEW PENDING
assets/icons/tabler/outline/music-cog.svg,1f93d1fd420f676ea079cc61332b4db8eb81253a32bd90ff1f93045b72cd5cf1,0 0 24 24,XML VALID — VISUAL REVIEW PENDING
assets/icons/tabler/outline/music-discount.svg,c34ee7d2262bf63a6a4c5150840773a0f049874c9b363f1d50388b587331d4f2,0 0 24 24,XML VALID — VISUAL REVIEW PENDING
assets/icons/tabler/outline/music-dollar.svg,cef08ace7c225ea8a30e9adc935e71a169a5f6d8f6040bef7e4d89f1a2382fea,0 0 24 24,XML VALID — VISUAL REVIEW PENDING
assets/icons/tabler/outline/music-down.svg,309fb55b683673d7895a7c711bc7538fec68cef43f7ed6dcfa19c9db8c361f0e,0 0 24 24,XML VALID — VISUAL REVIEW PENDING
assets/icons/tabler/outline/music-exclamation.svg,cb0cff95ef6f444b0bcc96d693b902ebcbb169dde059c7879e06452d9a1ca116,0 0 24 24,XML VALID — VISUAL REVIEW PENDING
assets/icons/tabler/outline/music-heart.svg,78aa10f2cb70a61f1c0bbdaddf2674d1fe082f856ca721d8a900c48f29e686b1,0 0 24 24,XML VALID — VISUAL REVIEW PENDING
assets/icons/tabler/outline/music-minus.svg,159fc2bf3b0278d31530ab09ee02149b45c7c06f3a496cbbbd72362ff15522be,0 0 24 24,XML VALID — VISUAL REVIEW PENDING
assets/icons/tabler/outline/music-off.svg,a315f3042481b22f3bade29260b2dabde782b5df113a6e7c05da47f30f05338a,0 0 24 24,XML VALID — VISUAL REVIEW PENDING
assets/icons/tabler/outline/music-pause.svg,47d9ea827c4f96a2f3d4b5175a48ef20ba0a7908877a451ffec07f4468ba1963,0 0 24 24,XML VALID — VISUAL REVIEW PENDING
assets/icons/tabler/outline/music-pin.svg,f228f4b364ec6dd5bb1a34b45c49a0e3ad33d188b4c87af4df96b3cc38d49e82,0 0 24 24,XML VALID — VISUAL REVIEW PENDING
assets/icons/tabler/outline/music-plus.svg,2236a9233657cfdd34e6ffd2d999dfc20ebbad36ec426fea3c4d8d3dcb2bc1aa,0 0 24 24,XML VALID — VISUAL REVIEW PENDING
assets/icons/tabler/outline/music-question.svg,70d8e5845d30bb7e0a60855338decdb1d513473117dba2a39dac239b52a33d1e,0 0 24 24,XML VALID — VISUAL REVIEW PENDING
assets/icons/tabler/outline/music-search.svg,3a3b0ab1a2ee50b5bf19c3665cb72c6e1647e84f54e304709a3d02f077cb848a,0 0 24 24,XML VALID — VISUAL REVIEW PENDING
assets/icons/tabler/outline/music-share.svg,9e90dd084499cf2cba38e7a214465664433cac276eb977d5e6e53d3506a3733f,0 0 24 24,XML VALID — VISUAL REVIEW PENDING
assets/icons/tabler/outline/music-star.svg,3db69f1baa3cb145fe9adf8fa0b6d616991dc56cf563ab992eaa12ccc58f60a7,0 0 24 24,XML VALID — VISUAL REVIEW PENDING
assets/icons/tabler/outline/music-up.svg,62bac8affd9b145b8e35029e37927131dffee29652a324b7f2ce595fa13908c6,0 0 24 24,XML VALID — VISUAL REVIEW PENDING
assets/icons/tabler/outline/music-x.svg,54c13acb8896e5a468425ef18ff835ec73a3af833bddf7b031f69ae6fdff86ec,0 0 24 24,XML VALID — VISUAL REVIEW PENDING
assets/icons/tabler/outline/music.svg,0dd9bc3bd484c495b48bbaf44e098ea0073d75cf0e7d41d745453add326ec24c,0 0 24 24,XML VALID — VISUAL REVIEW PENDING
assets/icons/tabler/outline/navigation-bolt.svg,008dd8839e3393d1340025a731e3c09dd711f7986aa6b1f8fc842ecb314c5b64,0 0 24 24,XML VALID — VISUAL REVIEW PENDING
assets/icons/tabler/outline/navigation-cancel.svg,c24e3f8414ca96a88d4edea93f40dd0858f7428e78c3a50d4092360f1b4a278e,0 0 24 24,XML VALID — VISUAL REVIEW PENDING
assets/icons/tabler/outline/navigation-check.svg,0a171e27ce75a313b42b57870884f858509f0db333da9adca20d7a300f1e3ec7,0 0 24 24,XML VALID — VISUAL REVIEW PENDING
assets/icons/tabler/outline/navigation-code.svg,29eb4bb671442e349e7215e11de039b1e6ec9ad7e07ed359e36999687ea1a74c,0 0 24 24,XML VALID — VISUAL REVIEW PENDING
assets/icons/tabler/outline/navigation-cog.svg,c79d438ec598a87a334d25ccf960144618212c785a23f3591265102129fee5b4,0 0 24 24,XML VALID — VISUAL REVIEW PENDING
assets/icons/tabler/outline/navigation-discount.svg,487dc2df490b011e8066d115353e02f8e404978fba240eed96338f9ac7fa4093,0 0 24 24,XML VALID — VISUAL REVIEW PENDING
assets/icons/tabler/outline/navigation-dollar.svg,2bdeaf99aaf15e1d4367220ec712b2638c6f7342d4fa9aa2e13b414f01779d50,0 0 24 24,XML VALID — VISUAL REVIEW PENDING
assets/icons/tabler/outline/navigation-down.svg,603237dcdf888fc52cfbe2c6550f8f8fe331c0cd26ff5edc973c28c53c28bd5b,0 0 24 24,XML VALID — VISUAL REVIEW PENDING
assets/icons/tabler/outline/navigation-east.svg,07bd51d935b506758dfa7159fa56b89bcf5964d545c31f5ef5e49095cd571b9c,0 0 24 24,XML VALID — VISUAL REVIEW PENDING
assets/icons/tabler/outline/navigation-exclamation.svg,c0f706c06192fed831cb9adcab9b77da164a8d119fcd0f044f87577163c7de1b,0 0 24 24,XML VALID — VISUAL REVIEW PENDING
assets/icons/tabler/outline/navigation-heart.svg,837468e91080b0354a8743834d756c69f1aff5009f9f0aa42531ef77e1572f9a,0 0 24 24,XML VALID — VISUAL REVIEW PENDING
assets/icons/tabler/outline/navigation-minus.svg,1beb45d5202f213b48057a20abb7d6b74c7ed7267c845b56da6a11e590d6c080,0 0 24 24,XML VALID — VISUAL REVIEW PENDING
assets/icons/tabler/outline/navigation-north.svg,841a362b3193dff23d02298fce533e83512da3303e91a6fbffadd07a59c2ffa0,0 0 24 24,XML VALID — VISUAL REVIEW PENDING
assets/icons/tabler/outline/navigation-off.svg,988f8680ff4eae024b9d44ef257eccb3ca7ac88f4274ba5e6dc37760f016f5fd,0 0 24 24,XML VALID — VISUAL REVIEW PENDING
assets/icons/tabler/outline/navigation-pause.svg,ecb9317470e9ddc5f2f38b18550c8d47759ff65d020089d36bedb83f9fa85ac5,0 0 24 24,XML VALID — VISUAL REVIEW PENDING
assets/icons/tabler/outline/navigation-pin.svg,227daabd90dadd663888c6cbbfa21b032f78f8cd32bad9e737f510e1209adf9c,0 0 24 24,XML VALID — VISUAL REVIEW PENDING
assets/icons/tabler/outline/navigation-plus.svg,a9318045d5092a1cc1be5e9783adef7e742b614951a0baa01eb0595ef77d9b5d,0 0 24 24,XML VALID — VISUAL REVIEW PENDING
assets/icons/tabler/outline/navigation-question.svg,5efd06816631ca8a95b2157e55e86180d87fa529f05484f18fae469be5c7ec3d,0 0 24 24,XML VALID — VISUAL REVIEW PENDING
assets/icons/tabler/outline/navigation-search.svg,b5c1820c7974f26c2c3275c196def6facca9a6205020be11d18833fb55f50d82,0 0 24 24,XML VALID — VISUAL REVIEW PENDING
assets/icons/tabler/outline/navigation-share.svg,0bb5f96111a690eefa8f65b2aeb577107045f68f1ab530448a86585beb2a7b08,0 0 24 24,XML VALID — VISUAL REVIEW PENDING
assets/icons/tabler/outline/navigation-south.svg,a9e2a6276b3512b7119e3ee227781ea2fa3487951e3cfdc4912e64c20f81bca6,0 0 24 24,XML VALID — VISUAL REVIEW PENDING
assets/icons/tabler/outline/navigation-star.svg,a615618e63eb549207bbbd8dd0104416b6c4fdd4a882a13d103af83d55f35994,0 0 24 24,XML VALID — VISUAL REVIEW PENDING
assets/icons/tabler/outline/navigation-top.svg,7a6264502460a7b072ee2db29038278820a2dd8bb0f2094f1c56ca4ed445b71a,0 0 24 24,XML VALID — VISUAL REVIEW PENDING
assets/icons/tabler/outline/navigation-up.svg,2875cb797f551ea2eca11dee1c98e596654a1dfd1c595d76290459ee3d12ee74,0 0 24 24,XML VALID — VISUAL REVIEW PENDING
assets/icons/tabler/outline/navigation-west.svg,805419b1e9263dcaf8f3dfa155be465b78373281cdf0e0bcce063a91f2840d99,0 0 24 24,XML VALID — VISUAL REVIEW PENDING
assets/icons/tabler/outline/navigation-x.svg,2ecb42698e71ae3cafb46bdc94c2dae2b2c8accf671243688d9f55a440dca861,0 0 24 24,XML VALID — VISUAL REVIEW PENDING
assets/icons/tabler/outline/navigation.svg,e5bc1508d8e0f45ebee0a563851a9dc96dc1343f441b814effad4edc70e702f6,0 0 24 24,XML VALID — VISUAL REVIEW PENDING
assets/icons/tabler/outline/needle-thread.svg,b0a6957d6323b3cba9030bf032e9d1294776e498ced4851aac354785856ff6e3,0 0 24 24,XML VALID — VISUAL REVIEW PENDING
assets/icons/tabler/outline/needle.svg,04559a9b6a25a7515221df46ad2d918ceecb5ff333ed8c66f4c044ee153acbf3,0 0 24 24,XML VALID — VISUAL REVIEW PENDING
assets/icons/tabler/outline/network-off.svg,9eee9f6c152db237576fed5bf012ba048853c59a440fc71881bc0a2b7f5eee3c,0 0 24 24,XML VALID — VISUAL REVIEW PENDING
assets/icons/tabler/outline/network.svg,761c8c6ccd5076baa737a8936c4e22fbceb4680ae8484064437deafc9c7efde5,0 0 24 24,XML VALID — VISUAL REVIEW PENDING
assets/icons/tabler/outline/new-section.svg,59489f71f2db297002e59950abfadf497cc78fd84e0d1d1a8c8367186cac6395,0 0 24 24,XML VALID — VISUAL REVIEW PENDING
assets/icons/tabler/outline/news-off.svg,f77179541127612a25b7538f789e3791dba8b63fbcf1b8aa8a1516145dd3ea9b,0 0 24 24,XML VALID — VISUAL REVIEW PENDING
assets/icons/tabler/outline/news.svg,72ca4511412b89ae45a15957e7e2d5dbef4eccfd6cbcef5262295cdb2a376bbe,0 0 24 24,XML VALID — VISUAL REVIEW PENDING
assets/icons/tabler/outline/nfc-off.svg,40cf5d0d46e66d1f0086e013906bd59589a5443b7e0404229b77b579864b7c14,0 0 24 24,XML VALID — VISUAL REVIEW PENDING
assets/icons/tabler/outline/nfc.svg,78ef86a0ba30ae48952d95e559bdabb2e2efc7da74fc9868d6d44f8fd1630bc1,0 0 24 24,XML VALID — VISUAL REVIEW PENDING
assets/icons/tabler/outline/no-copyright.svg,21e6189467cf44a2346270708f82cded57bf628d4b9239c103b93f5fbe7d719d,0 0 24 24,XML VALID — VISUAL REVIEW PENDING
assets/icons/tabler/outline/no-creative-commons.svg,5412f50bd8d00b0a9825a54c95590e02fc45cd79a0989d7bc431722197c10ee9,0 0 24 24,XML VALID — VISUAL REVIEW PENDING
assets/icons/tabler/outline/no-derivatives.svg,d49c2660ff8e5d6ba6416366ce6b38eae3e63824a95ea771c014ab458b0f55e5,0 0 24 24,XML VALID — VISUAL REVIEW PENDING
assets/icons/tabler/outline/north-star.svg,f91affef5cf8be022a668c707c05c5a0a3fdf37fa58be664cb642f5be5ef218d,0 0 24 24,XML VALID — VISUAL REVIEW PENDING
assets/icons/tabler/outline/note-off.svg,f0a98d1bf7b4ba84f50d255ea207f28bd15c0cf1b6c5cfd3b38a630e05c77aa9,0 0 24 24,XML VALID — VISUAL REVIEW PENDING
assets/icons/tabler/outline/note.svg,3b3a44e87eb3804ab5a56ee1778138990ede341f7fe5a7aff0179d5516e71bfd,0 0 24 24,XML VALID — VISUAL REVIEW PENDING
assets/icons/tabler/outline/notebook-off.svg,c1f255aa6952e7f797a1f341f8d4315083a93cb47d837d6e26cb8d1a3c084992,0 0 24 24,XML VALID — VISUAL REVIEW PENDING
assets/icons/tabler/outline/notebook.svg,5c168ce5ad0c0799244f8dc5b04f48a95bae841a9ee55280b9dc1c1c0b122b18,0 0 24 24,XML VALID — VISUAL REVIEW PENDING
assets/icons/tabler/outline/notes-off.svg,b8778a38772d797ced2c489c32c35701ceeb357b20835adc2b71e49e9e785752,0 0 24 24,XML VALID — VISUAL REVIEW PENDING
assets/icons/tabler/outline/notes.svg,6633d22924c38ed9109d63195882c97a4081a7ade3c441b923b5b8ab0d9462b6,0 0 24 24,XML VALID — VISUAL REVIEW PENDING
assets/icons/tabler/outline/notification-off.svg,32d6ed610a21411c00f1e25f3006b583f9109df9c642fb1a77a8284634fc76da,0 0 24 24,XML VALID — VISUAL REVIEW PENDING
assets/icons/tabler/outline/notification.svg,8daff6da26f747d6312717233aff1ecea086b43d9ce3cb1c90370abca8a258de,0 0 24 24,XML VALID — VISUAL REVIEW PENDING
assets/icons/tabler/outline/number-0-small.svg,bfa13eec24e5c8cea2be17dd9cb27b3cb80e3cb98ad652814f45fc25f012ba4c,0 0 24 24,XML VALID — VISUAL REVIEW PENDING
assets/icons/tabler/outline/number-0.svg,c5c0df05318338e42bc069de2c45126f8123be97c4d531c482624d10bafb0a2e,0 0 24 24,XML VALID — VISUAL REVIEW PENDING
assets/icons/tabler/outline/number-1-small.svg,48acc381859f84600cec7aaa92c9ea479175aec887a79f4b1384db0ec0a6718d,0 0 24 24,XML VALID — VISUAL REVIEW PENDING
assets/icons/tabler/outline/number-1.svg,9e0179d1e4f6e9f55303a48f49ab793e627aab04539c8f907070b77fe15028cd,0 0 24 24,XML VALID — VISUAL REVIEW PENDING
assets/icons/tabler/outline/number-10-small.svg,ea48f494ab4e34dd3e99406d897defca82aace9b5dcc144e12791b22c5c50769,0 0 24 24,XML VALID — VISUAL REVIEW PENDING
assets/icons/tabler/outline/number-10.svg,5b4a81455fd64799c56350fbd8ce55e9061cd9365fa05436c9ec49b71cca43be,0 0 24 24,XML VALID — VISUAL REVIEW PENDING
assets/icons/tabler/outline/number-100-small.svg,a96b2e5b2ff54ac7d5d73ad9725d7405d7aac093c422dd44fa6a1d57c0d51af0,0 0 24 24,XML VALID — VISUAL REVIEW PENDING
assets/icons/tabler/outline/number-11-small.svg,8fe48339d4ab2097decfb3482197f372d77ab8929f07a9b7ec15c2219a433b02,0 0 24 24,XML VALID — VISUAL REVIEW PENDING
assets/icons/tabler/outline/number-11.svg,a6014179a6d686c3faba152f9c17276deb196aa676aacd61bb8ae9c0e8396710,0 0 24 24,XML VALID — VISUAL REVIEW PENDING
assets/icons/tabler/outline/number-12-small.svg,c9930927ab298eec2a8f2454d4939bc276cfb5067361e25a4557223555c644a2,0 0 24 24,XML VALID — VISUAL REVIEW PENDING
assets/icons/tabler/outline/number-123.svg,00484d279d53953d42bc1ca0b94465a272dcac652b56489ad0d3c05af2088684,0 0 24 24,XML VALID — VISUAL REVIEW PENDING
assets/icons/tabler/outline/number-13-small.svg,327e2803253d2014c11f6c128b62f2ee987bbb1e47945bedbb0992b80174b0ff,0 0 24 24,XML VALID — VISUAL REVIEW PENDING
assets/icons/tabler/outline/number-14-small.svg,55c267c80fb9acd507fa703fd70d406a3225e0ede32165592846f584901e9588,0 0 24 24,XML VALID — VISUAL REVIEW PENDING
assets/icons/tabler/outline/number-15-small.svg,e5d0cec06b43e166487e5f7c6b635953a99c21c4a5c718f544e2b083babdda1e,0 0 24 24,XML VALID — VISUAL REVIEW PENDING
assets/icons/tabler/outline/number-16-small.svg,020e86c05f2f3013a7187b604161d470d80e2a79ba52fbf677133bc7c1075b46,0 0 24 24,XML VALID — VISUAL REVIEW PENDING
assets/icons/tabler/outline/number-17-small.svg,c7cdc4d03ca12de75f6a261f0a670810735a4f7e286bc4340144d30a727fe858,0 0 24 24,XML VALID — VISUAL REVIEW PENDING
assets/icons/tabler/outline/number-18-small.svg,414cfb1a5ea7a43507b0264ae406d6bc00d511c7ada9d5e576569d11487e4e04,0 0 24 24,XML VALID — VISUAL REVIEW PENDING
assets/icons/tabler/outline/number-19-small.svg,859ae52235f74703ce08f1f3611d3537732c502e54046d39a9b28595a5babfbf,0 0 24 24,XML VALID — VISUAL REVIEW PENDING
assets/icons/tabler/outline/number-2-small.svg,57bd5619922cf1fcb7d39927f96e2414aedf6c418cd54a628351f55ab29bfc67,0 0 24 24,XML VALID — VISUAL REVIEW PENDING
assets/icons/tabler/outline/number-2.svg,4d4ab98549fd516936fca8619edbc30caeeb23dc156f302af47fc2fc4d1f3480,0 0 24 24,XML VALID — VISUAL REVIEW PENDING
assets/icons/tabler/outline/number-20-small.svg,3bc0291d445d06b3149c527cc18990030a06c5c23f8665735fb9756a7281828d,0 0 24 24,XML VALID — VISUAL REVIEW PENDING
assets/icons/tabler/outline/number-21-small.svg,c7e8d85bcd6a48d8be79ae74039b27eae6bc1313fe929fd63481e1147e9675c1,0 0 24 24,XML VALID — VISUAL REVIEW PENDING
assets/icons/tabler/outline/number-22-small.svg,417e34251bd08ce70f667716f6c2bcb37ea71dbadf8ead314348114a981e0e1c,0 0 24 24,XML VALID — VISUAL REVIEW PENDING
assets/icons/tabler/outline/number-23-small.svg,f1867cd6da876110b23d462239de245a9611b4d6a71f99bbb932d08640261e08,0 0 24 24,XML VALID — VISUAL REVIEW PENDING
assets/icons/tabler/outline/number-24-small.svg,7e43bf93b19604254f6766f3943b9404e5552fceffd8b976eafb20e4f06ebbfd,0 0 24 24,XML VALID — VISUAL REVIEW PENDING
assets/icons/tabler/outline/number-25-small.svg,b237a2cbc6fa8a0d97279492e5680a4ba71304a198c26b3b5f6496e39fef0c4b,0 0 24 24,XML VALID — VISUAL REVIEW PENDING
assets/icons/tabler/outline/number-26-small.svg,8ab572a2662d4f792a7299394fcf0db626ffee681d2c76885c081f0b7b3c1eef,0 0 24 24,XML VALID — VISUAL REVIEW PENDING
assets/icons/tabler/outline/number-27-small.svg,4633c6e30af799e591450c3d4325b6e67bae74685059231f013770a3d77c4708,0 0 24 24,XML VALID — VISUAL REVIEW PENDING
assets/icons/tabler/outline/number-28-small.svg,c0ce90123ada7658f4224eb150a4dfd84541bd78ddf3506710a6b5acad1ec718,0 0 24 24,XML VALID — VISUAL REVIEW PENDING
assets/icons/tabler/outline/number-29-small.svg,c6c0c07c20154d40250ec9c27954c00eb071593294741653c9defc9f0a6ae017,0 0 24 24,XML VALID — VISUAL REVIEW PENDING
assets/icons/tabler/outline/number-3-small.svg,187e7af6d3b9b87d7ab2fc284541a6594d5d5341b297c69371c84b94c337fe37,0 0 24 24,XML VALID — VISUAL REVIEW PENDING
assets/icons/tabler/outline/number-3.svg,feaf25459efe77a803565b971266e66e929b563931a392348fac6b48b1a62ca7,0 0 24 24,XML VALID — VISUAL REVIEW PENDING
assets/icons/tabler/outline/number-30-small.svg,ccd025c9ab00c95741f4f95d7864468a107fb3b36d20fc88752a4b1e07c10aeb,0 0 24 24,XML VALID — VISUAL REVIEW PENDING
assets/icons/tabler/outline/number-31-small.svg,813c4c8877612a25090e8c4b5f19bd6dc461d6575642ff3a2ac08d7f1debb473,0 0 24 24,XML VALID — VISUAL REVIEW PENDING
assets/icons/tabler/outline/number-32-small.svg,bb5db779412a957a6cc26fc0344de3ce9385f9bf9fb023ac5b5a82b76ad0e33b,0 0 24 24,XML VALID — VISUAL REVIEW PENDING
assets/icons/tabler/outline/number-33-small.svg,82b56e0174cee6b293abd3c4f822fb4cc02503040518741c6d84ce162e05f1c5,0 0 24 24,XML VALID — VISUAL REVIEW PENDING
assets/icons/tabler/outline/number-34-small.svg,553b5412bf911b2368fbade49c4b6d77e5125bc4c72cf3b78cad5e0609484691,0 0 24 24,XML VALID — VISUAL REVIEW PENDING
assets/icons/tabler/outline/number-35-small.svg,25fb760db55cf06d4b4e55b73e46ae026f785fe8c86d0f980bff886eceaa7f55,0 0 24 24,XML VALID — VISUAL REVIEW PENDING
assets/icons/tabler/outline/number-36-small.svg,801a62375e63e83c326e8667ccfa61ef16e271b6a3fbbf0c5e4c0102e9c9ece3,0 0 24 24,XML VALID — VISUAL REVIEW PENDING
assets/icons/tabler/outline/number-37-small.svg,42faae61bf39e465810d76994ef5dcac51b493421125414f8a041db62b190088,0 0 24 24,XML VALID — VISUAL REVIEW PENDING
assets/icons/tabler/outline/number-38-small.svg,c4576ffefdb8e48b7bea3608353638722f17ed33c4032d8e77c7f43f5ba71714,0 0 24 24,XML VALID — VISUAL REVIEW PENDING
assets/icons/tabler/outline/number-39-small.svg,6870c3f21baa9b8b2c0763a97f6683ba37546623412aa0349559a4e3c84e37d2,0 0 24 24,XML VALID — VISUAL REVIEW PENDING
assets/icons/tabler/outline/number-4-small.svg,e25187fd00c55659fa20697f90bc1bc3dbfe52dbfa049558ecfcb59aeb6af8d7,0 0 24 24,XML VALID — VISUAL REVIEW PENDING
assets/icons/tabler/outline/number-4.svg,84e02ee4321e25eb3753a265d4e7ee5f29d906d01cb6f9fe5d90d3f2b29db18f,0 0 24 24,XML VALID — VISUAL REVIEW PENDING
assets/icons/tabler/outline/number-40-small.svg,44fd8cc21d5460a6ab89082afa86c6dbd6972c025d5392092aa9aebf740e13a3,0 0 24 24,XML VALID — VISUAL REVIEW PENDING
assets/icons/tabler/outline/number-41-small.svg,661dd056a8c2efa7f6c6e8da6a40c83287f8a8755135a4b9f5f0a91d79a0269e,0 0 24 24,XML VALID — VISUAL REVIEW PENDING
assets/icons/tabler/outline/number-42-small.svg,8de0232a6bf9b4b8117a9ca80a9f5607f6e1f147c5293c400b62944141f9bdab,0 0 24 24,XML VALID — VISUAL REVIEW PENDING
assets/icons/tabler/outline/number-43-small.svg,cd2d5454056de533e6e0a41ec70f62ee816622d44bb6335df58bcb9588401911,0 0 24 24,XML VALID — VISUAL REVIEW PENDING
assets/icons/tabler/outline/number-44-small.svg,8b5e82975f7687a782589d91f17c55096ecdc55bc72d93a796cbd252f9ff22ca,0 0 24 24,XML VALID — VISUAL REVIEW PENDING
assets/icons/tabler/outline/number-45-small.svg,2da59859829997f95e8bc30de8ac074f26486edfcc73caa685e87905ab1ed551,0 0 24 24,XML VALID — VISUAL REVIEW PENDING
assets/icons/tabler/outline/number-46-small.svg,eba87f860ec8daa7034718dbee2399f2cb60e4536ac33d25afa211e909ed1e2f,0 0 24 24,XML VALID — VISUAL REVIEW PENDING
assets/icons/tabler/outline/number-47-small.svg,2d3bd6b14ceed75793acf318a806ac3de68e59b39c5bf0434d3ff703a7f393ea,0 0 24 24,XML VALID — VISUAL REVIEW PENDING
assets/icons/tabler/outline/number-48-small.svg,af2fd6490c027e24b050f1361b07e752341d1fa147f66960b6b7c228135fb2ae,0 0 24 24,XML VALID — VISUAL REVIEW PENDING
assets/icons/tabler/outline/number-49-small.svg,9f0e518a94c8b32ea68d96fcd2af26e4e906db52b7a5114ef781a191bd491ff5,0 0 24 24,XML VALID — VISUAL REVIEW PENDING
assets/icons/tabler/outline/number-5-small.svg,a288ba019cb7d4d5fa72b7e20500c5f2122ab5c0bec0d5c5342c9bfdd5a33cb2,0 0 24 24,XML VALID — VISUAL REVIEW PENDING
assets/icons/tabler/outline/number-5.svg,615507192d6a902f1842ad8a7e823bef3adcee9b0f1e35aecd873b6c456dd018,0 0 24 24,XML VALID — VISUAL REVIEW PENDING
assets/icons/tabler/outline/number-50-small.svg,84b365de65bee7ad17b3bef9822bea26bb912db8b0b2fcdc1a33eb376bf8bcba,0 0 24 24,XML VALID — VISUAL REVIEW PENDING
assets/icons/tabler/outline/number-51-small.svg,6c7d17fa7340bd1b37ac28984a898bb9585ba1b18369293e26afd8f1c84eed44,0 0 24 24,XML VALID — VISUAL REVIEW PENDING
assets/icons/tabler/outline/number-52-small.svg,5a9fbe21843b7b5a10efbb3b30d51c84c70df214486a8eea3fe31d4f7f5db771,0 0 24 24,XML VALID — VISUAL REVIEW PENDING
assets/icons/tabler/outline/number-53-small.svg,0fb855b93e489f3e0c6e4286fb7b97ce595bd34349280b874be402a76f9fe12d,0 0 24 24,XML VALID — VISUAL REVIEW PENDING
assets/icons/tabler/outline/number-54-small.svg,0ba325fd213235d95cc6a8c37db4b3899e0db48df8084a9f9be3048aabdc5b33,0 0 24 24,XML VALID — VISUAL REVIEW PENDING
assets/icons/tabler/outline/number-55-small.svg,00e4921eaf43cb9e97c3b1bf29a959c9f8d20b83289947ce5c0fbb58828efd03,0 0 24 24,XML VALID — VISUAL REVIEW PENDING
assets/icons/tabler/outline/number-56-small.svg,b2c07f834b41a99b25e86c7a6a7391d3e8f8a7cc85a82e0e18d8d641ba72f552,0 0 24 24,XML VALID — VISUAL REVIEW PENDING
assets/icons/tabler/outline/number-57-small.svg,a5dc72f0c9113c5d58b3926a31dd22dacbe455437729078aa7b0f21806254143,0 0 24 24,XML VALID — VISUAL REVIEW PENDING
assets/icons/tabler/outline/number-58-small.svg,6b41f87e048cfd399b85e8d2e8ee001ae77768da1cb97bb66fe0b806bd701dc2,0 0 24 24,XML VALID — VISUAL REVIEW PENDING
assets/icons/tabler/outline/number-59-small.svg,e1f2d3b200c9221c6c46e2314784a043e438dba8702721a728135b50a7759880,0 0 24 24,XML VALID — VISUAL REVIEW PENDING
assets/icons/tabler/outline/number-6-small.svg,c1555ffc3eeb27819a18a976feb8a84faba79edd7efadf9b1a3b04fe32007eab,0 0 24 24,XML VALID — VISUAL REVIEW PENDING
assets/icons/tabler/outline/number-6.svg,4f56c3fe141c078316bc02977175bf78349dbc902ea410ac8449c17e2d5cdaf8,0 0 24 24,XML VALID — VISUAL REVIEW PENDING
assets/icons/tabler/outline/number-60-small.svg,2c41ed37c9efc60f0c4e6ac36dea0490d1b2557e7116e3da7a40011633642bda,0 0 24 24,XML VALID — VISUAL REVIEW PENDING
assets/icons/tabler/outline/number-61-small.svg,ec5c888be06e515b692aa8a0875234e37c6e75f0e6697b59c263ef52e9a46d15,0 0 24 24,XML VALID — VISUAL REVIEW PENDING
assets/icons/tabler/outline/number-62-small.svg,4bde8269ec4097dbeacc1ca0661499cc2d59475726e5b26b0e4630bf2e728c89,0 0 24 24,XML VALID — VISUAL REVIEW PENDING
assets/icons/tabler/outline/number-63-small.svg,59e2bc8800d55301a85727b54990e767849d0546f37980325fcf586ec7dfcc7e,0 0 24 24,XML VALID — VISUAL REVIEW PENDING
assets/icons/tabler/outline/number-64-small.svg,797b1895df118ed74756d53be1b0adedc687e7eff12cecbd6dd6f1993d6f8636,0 0 24 24,XML VALID — VISUAL REVIEW PENDING
assets/icons/tabler/outline/number-65-small.svg,70f5425bc134fcf0dda66877e53084595b667b6c1f707c0c0a41c4b5099053fd,0 0 24 24,XML VALID — VISUAL REVIEW PENDING
assets/icons/tabler/outline/number-66-small.svg,0208c88b44872c87a6a73f5ba0ac246aded03f58f7b21934106efacf18aaa895,0 0 24 24,XML VALID — VISUAL REVIEW PENDING
assets/icons/tabler/outline/number-67-small.svg,7d269f59f6eb6ce3abb583bd41754546f34d393362dc80c2e66374977912e80c,0 0 24 24,XML VALID — VISUAL REVIEW PENDING
assets/icons/tabler/outline/number-68-small.svg,27d2fd52d32a201ec5ada24661bc31de216c13e6e051a1f2059bba477d5d30a4,0 0 24 24,XML VALID — VISUAL REVIEW PENDING
assets/icons/tabler/outline/number-69-small.svg,3ebabae17ab676651ad41984a1d8b27d9190f84f8b7d14a6527c4a4c01fe63c0,0 0 24 24,XML VALID — VISUAL REVIEW PENDING
assets/icons/tabler/outline/number-7-small.svg,0a6bf9c2b61c56e3901131eeab066b635cd6dd8c2a0f8f84bc546fa221e2bc53,0 0 24 24,XML VALID — VISUAL REVIEW PENDING
assets/icons/tabler/outline/number-7.svg,c2d0f490dbd26d6dd1d312e2b079a0ba1e7fda9439d19958c0424de9f717c725,0 0 24 24,XML VALID — VISUAL REVIEW PENDING
assets/icons/tabler/outline/number-70-small.svg,3854b55f6939181108810e6a6630ad4567d2169e14958e699734d588915c418b,0 0 24 24,XML VALID — VISUAL REVIEW PENDING
assets/icons/tabler/outline/number-71-small.svg,441a4ec6dac3556176cada8702b271da63349b68c09146d7038a270cafdf682b,0 0 24 24,XML VALID — VISUAL REVIEW PENDING
assets/icons/tabler/outline/number-72-small.svg,d92424bfdae5ec1b4e7483c0bf3ee654865b17f9d1c8d2056f67ec34db82f2e4,0 0 24 24,XML VALID — VISUAL REVIEW PENDING
assets/icons/tabler/outline/number-73-small.svg,f98ca8c472d8bfdab56d5cf9aeba91bdb0f45bfe2805562488c6fc64abd2bc6f,0 0 24 24,XML VALID — VISUAL REVIEW PENDING
assets/icons/tabler/outline/number-74-small.svg,67b8ea9bcc45e77a48e0650ba4dcb4fe2f5372ad97e82d1a0f8bec4605d45281,0 0 24 24,XML VALID — VISUAL REVIEW PENDING
assets/icons/tabler/outline/number-75-small.svg,fa8b78fe19e024170bf2a26c7aa4d4514ccd6e375066269bdf51567342c2ba7e,0 0 24 24,XML VALID — VISUAL REVIEW PENDING
assets/icons/tabler/outline/number-76-small.svg,b568a328715e49d597bbd04c3b2e355008db50d423829ef3eb2315442be9134b,0 0 24 24,XML VALID — VISUAL REVIEW PENDING
assets/icons/tabler/outline/number-77-small.svg,4909917dd7bc080f817c16c8fa0789975202d07d88b143fa1485db9e769d645b,0 0 24 24,XML VALID — VISUAL REVIEW PENDING
assets/icons/tabler/outline/number-78-small.svg,9d2086652abc29c8d8756cc0e78c5d99bdb9407acf3a7eb63913817c6f1cd256,0 0 24 24,XML VALID — VISUAL REVIEW PENDING
assets/icons/tabler/outline/number-79-small.svg,f7dbfb1ea89e6d4163330b37321cb483a017b0b6db9725a4c95292c096a88021,0 0 24 24,XML VALID — VISUAL REVIEW PENDING
assets/icons/tabler/outline/number-8-small.svg,41995136d98e8fb5738873c6b99def49d75464aeb0239fee1745695f43a1f719,0 0 24 24,XML VALID — VISUAL REVIEW PENDING
assets/icons/tabler/outline/number-8.svg,4113476cbd383dafeee258f7a0e8eb6a77b76a52f5a13006dc316f50a79d9f30,0 0 24 24,XML VALID — VISUAL REVIEW PENDING
assets/icons/tabler/outline/number-80-small.svg,7be570c31f705d7e25abd0e57c55defca83e378ba2867d500805ceecc05454d7,0 0 24 24,XML VALID — VISUAL REVIEW PENDING
assets/icons/tabler/outline/number-81-small.svg,06c7111d270aa643656ab701aa760cd49d14ef7968f62481478b7856243abf63,0 0 24 24,XML VALID — VISUAL REVIEW PENDING
assets/icons/tabler/outline/number-82-small.svg,c1b9077f8dd739dd38e657bad84e634f31415ddac7e6cd795966354d66d8d2cb,0 0 24 24,XML VALID — VISUAL REVIEW PENDING
assets/icons/tabler/outline/number-83-small.svg,3dedabe1d12760361700ed0b02fefcb194b62712cbe5342c41d4c44f7dbd23b1,0 0 24 24,XML VALID — VISUAL REVIEW PENDING
assets/icons/tabler/outline/number-84-small.svg,35ac978953fd492c3ae5c74810906e5877dcf07b79492f7697ecc618fd89476a,0 0 24 24,XML VALID — VISUAL REVIEW PENDING
assets/icons/tabler/outline/number-85-small.svg,825ef30b05a489611afa810fa238263826c2dc1d7ad45ed171e9950a38657f31,0 0 24 24,XML VALID — VISUAL REVIEW PENDING
assets/icons/tabler/outline/number-86-small.svg,635da36503518c20e5d492c8ca1c3640e398b37d37ba75fe6e4b3be686ac4ca7,0 0 24 24,XML VALID — VISUAL REVIEW PENDING
assets/icons/tabler/outline/number-87-small.svg,971421e93804f1014d71d8fe1620e439846a4b5113bd7bccf5b08c05bb5b93be,0 0 24 24,XML VALID — VISUAL REVIEW PENDING
assets/icons/tabler/outline/number-88-small.svg,d93faa2249d3cfdd1cd9ff29b460763241b25da9807dee8c61f68147378c26e7,0 0 24 24,XML VALID — VISUAL REVIEW PENDING
assets/icons/tabler/outline/number-89-small.svg,79e21618ede8cba62d76456987c2c822b188d405bba86ca1defb6e5f9132dcaa,0 0 24 24,XML VALID — VISUAL REVIEW PENDING
assets/icons/tabler/outline/number-9-small.svg,d229ec12ce33985163299686fc25116028a449311a2f8864f96891e09f67e323,0 0 24 24,XML VALID — VISUAL REVIEW PENDING
assets/icons/tabler/outline/number-9.svg,4a45d1df3fcc55da03aa7973d94130a5b370c26741e496432937a13110f5023f,0 0 24 24,XML VALID — VISUAL REVIEW PENDING
assets/icons/tabler/outline/number-90-small.svg,507226b9f12c58bfff9ba803e0aedbac2f700fa6a7791b9e241e2dbcc6dce931,0 0 24 24,XML VALID — VISUAL REVIEW PENDING
assets/icons/tabler/outline/number-91-small.svg,83b5066c7e77d5213ff4257ee6f2b66986bfed10af924cae6990b4a9d70175fc,0 0 24 24,XML VALID — VISUAL REVIEW PENDING
assets/icons/tabler/outline/number-92-small.svg,0818ba2b3729668ca1e17314372c03001ddbadc462cfa9056e75ac66fbb99f67,0 0 24 24,XML VALID — VISUAL REVIEW PENDING
assets/icons/tabler/outline/number-93-small.svg,d3c2b8b6973a470c25532ccf13439358dd6bd8dbb61c5be46c1014393c4e025e,0 0 24 24,XML VALID — VISUAL REVIEW PENDING
assets/icons/tabler/outline/number-94-small.svg,3bd97771cb06525ae9aeb8d5762382eb554a3f63412e2754c3da12976455c045,0 0 24 24,XML VALID — VISUAL REVIEW PENDING
assets/icons/tabler/outline/number-95-small.svg,057279ac3961cf69ca38332e4527300dc38f28a78b58f0cd9fb9f895d09bda1a,0 0 24 24,XML VALID — VISUAL REVIEW PENDING
assets/icons/tabler/outline/number-96-small.svg,b39e288dfa35656124e84200e2c071b5a6f6294f76f3e96727a41cbd78dce803,0 0 24 24,XML VALID — VISUAL REVIEW PENDING
assets/icons/tabler/outline/number-97-small.svg,5311829759931cdf85b477b4a3e8d6bdd02c24b29d90fdf49549560f18d85032,0 0 24 24,XML VALID — VISUAL REVIEW PENDING
assets/icons/tabler/outline/number-98-small.svg,8fa066c5468d5d5f438d43bd8ae6870c34b5b70ba869e9c6b1fb9c6a692827ce,0 0 24 24,XML VALID — VISUAL REVIEW PENDING
assets/icons/tabler/outline/number-99-small.svg,be622b9341a850d5008fab4ab27ce57cd5696d7c392a1372b2215eead5ef4ecc,0 0 24 24,XML VALID — VISUAL REVIEW PENDING
assets/icons/tabler/outline/number.svg,de975df16c15fbfba89a44c297ae7dd5fdb04324557e1ce21a5ca28eece202ae,0 0 24 24,XML VALID — VISUAL REVIEW PENDING
assets/icons/tabler/outline/numbers.svg,1f1a72e18dc15fd16369fe68df944183d0f834e2fdc330e1b7e50c1c6fb81d32,0 0 24 24,XML VALID — VISUAL REVIEW PENDING
assets/icons/tabler/outline/nurse.svg,9aeef3d914b96af65cf91b6e03d4f496d9bc7aa5c9d755fb122b93a49c121c11,0 0 24 24,XML VALID — VISUAL REVIEW PENDING
assets/icons/tabler/outline/nut.svg,444c48e16b50e29b809a5f2922a6c251b1d41ef70adeccf26fa099725bc8f825,0 0 24 24,XML VALID — VISUAL REVIEW PENDING
assets/icons/tabler/outline/object-scan.svg,29e105c8c7e3c8b34f0fe92dc79aa5786c6838f8c1b75e1fa1a6e5bfe43741ce,0 0 24 24,XML VALID — VISUAL REVIEW PENDING
assets/icons/tabler/outline/octagon-minus-2.svg,d359a52a86d9c047e31fe0cf159b29a3d25f60fc70f8bbaa779784aa739fb780,0 0 24 24,XML VALID — VISUAL REVIEW PENDING
assets/icons/tabler/outline/octagon-minus.svg,c66b9c16638c1c7d74e7aae34c3368621daa5bb68f23927dc510024b6ee6da27,0 0 24 24,XML VALID — VISUAL REVIEW PENDING
assets/icons/tabler/outline/octagon-off.svg,4cec7c7c8cff951933455b3f0d62afd82529d747bf7f0564d5ef6e7e5eafefcf,0 0 24 24,XML VALID — VISUAL REVIEW PENDING
assets/icons/tabler/outline/octagon-plus-2.svg,00ce909484c7028ca77729f90768d48b2ab1ec400974d87e4d912899b61b3948,0 0 24 24,XML VALID — VISUAL REVIEW PENDING
assets/icons/tabler/outline/octagon-plus.svg,ff0a06931e36ca4fba2c1ba47def6d0e404e5f7c63cd7810421c65bf29896c44,0 0 24 24,XML VALID — VISUAL REVIEW PENDING
assets/icons/tabler/outline/octagon.svg,b38874c8a22a22b7b834e453aa9936f805452e1e0b6819347a7d9f72454c6d37,0 0 24 24,XML VALID — VISUAL REVIEW PENDING
assets/icons/tabler/outline/octahedron-off.svg,ed299ac92e20f5218799e9ea28fcd21cc48734e1ca25d54890827eeb3be42487,0 0 24 24,XML VALID — VISUAL REVIEW PENDING
assets/icons/tabler/outline/octahedron-plus.svg,17ab95892891e5746fdb63b74068cdd94649babe02948bcfc4ed4009d540cfdd,0 0 24 24,XML VALID — VISUAL REVIEW PENDING
assets/icons/tabler/outline/octahedron.svg,f674e910fce658bc11ddb8d692aa2ef4b48ea2fbd1a3f199f48bc6b4f0289822,0 0 24 24,XML VALID — VISUAL REVIEW PENDING
assets/icons/tabler/outline/old.svg,9b324c68602fddd2d4a42fc2677c7c690ca97269962cf8c7206ef899d68671c7,0 0 24 24,XML VALID — VISUAL REVIEW PENDING
assets/icons/tabler/outline/olympics-off.svg,e361defdfb71b1ff62dd4db28ce47fcdaea874c460bd22f1989e6066a3c7bdbf,0 0 24 24,XML VALID — VISUAL REVIEW PENDING
assets/icons/tabler/outline/olympics.svg,aa71d9d037d674c8da7db63df5bee34cf6f1e899e010866b5c3b84abbf8c9a3d,0 0 24 24,XML VALID — VISUAL REVIEW PENDING
assets/icons/tabler/outline/om.svg,4caf54d8afb7b5e41b46b9618a8aa48b22f3fd7bb01569bd1046d6403b028609,0 0 24 24,XML VALID — VISUAL REVIEW PENDING
assets/icons/tabler/outline/omega.svg,05a53a7dfce0166841315c056f680e123b86e93cb5b745c637ba0a2ee9f501f1,0 0 24 24,XML VALID — VISUAL REVIEW PENDING
assets/icons/tabler/outline/outbound.svg,f4c8f94decef87b5c76c7920aa0391dee7a23b5f9782ff17791204662bcf2efe,0 0 24 24,XML VALID — VISUAL REVIEW PENDING
assets/icons/tabler/outline/outlet.svg,b9622e75554848c54d433a6ebce4eeaa06ba3aea3564e2e812189a17a9a491dd,0 0 24 24,XML VALID — VISUAL REVIEW PENDING
assets/icons/tabler/outline/oval-vertical.svg,e10b2f6aefa612b7e65e321003878c36994d9ad837a111307a6d79dc7d3dfd9c,0 0 24 24,XML VALID — VISUAL REVIEW PENDING
assets/icons/tabler/outline/oval.svg,c10ca5cccdc562235fb5b6a643d957593fde8a65c842617f83fd4e7da11ad04c,0 0 24 24,XML VALID — VISUAL REVIEW PENDING
assets/icons/tabler/outline/overline.svg,0731f678141f3f6a00bbff32fd29cb16eb4ba710ddaf72b42bee1304dfbe23e3,0 0 24 24,XML VALID — VISUAL REVIEW PENDING
assets/icons/tabler/outline/package-export.svg,3f9686f646fe94a1e3f362c6ea76748e6cf5fb2ed4fc10dde34a96f222450686,0 0 24 24,XML VALID — VISUAL REVIEW PENDING
assets/icons/tabler/outline/package-import.svg,b2be92a82b9a6c80bcd156263c45267c185969b4c1da9326b8bc9aee08d0d786,0 0 24 24,XML VALID — VISUAL REVIEW PENDING
assets/icons/tabler/outline/package-off.svg,7597c738f21cbaa582ccb24c581d57f33c98692f9028fcc52db5620fdbf5160c,0 0 24 24,XML VALID — VISUAL REVIEW PENDING
assets/icons/tabler/outline/package.svg,68ea693656158d9dcf98f2f86d3ca874465a0b75c7d6da2da88d6dae6a9cdf5b,0 0 24 24,XML VALID — VISUAL REVIEW PENDING
assets/icons/tabler/outline/packages.svg,776f278a9ad1011b553aea6cf6fe500867f2e9251253e0299acc393904ca8844,0 0 24 24,XML VALID — VISUAL REVIEW PENDING
assets/icons/tabler/outline/pacman.svg,482867a8ca85b641c940d6ba606df842634216325a329eb5771e9da2f0dd5b41,0 0 24 24,XML VALID — VISUAL REVIEW PENDING
assets/icons/tabler/outline/page-break.svg,1b3def5b6afef912d71a3cd05c4ace42e35e4c9d52fd86878cdc3a7832f46bef,0 0 24 24,XML VALID — VISUAL REVIEW PENDING
assets/icons/tabler/outline/paint-off.svg,319a182acc82254216b6974e7d4d18ddd822dfc226d9ea39b4947425183440e6,0 0 24 24,XML VALID — VISUAL REVIEW PENDING
assets/icons/tabler/outline/paint.svg,23e6d159622f2c0a2ede60d0738a458c77941cbbb6a6acdf1a0e3ebfc8d58033,0 0 24 24,XML VALID — VISUAL REVIEW PENDING
assets/icons/tabler/outline/palette-off.svg,decae3da355f42b30d7c5f9c59aaba85f3adf1b106be1a8540d0673dc4554b04,0 0 24 24,XML VALID — VISUAL REVIEW PENDING
assets/icons/tabler/outline/palette.svg,051d89ac90e92e3369446da56d4e5ffa265bb57ec42132dfd6301692da1d8048,0 0 24 24,XML VALID — VISUAL REVIEW PENDING
assets/icons/tabler/outline/panorama-horizontal-off.svg,6423920dd4e8bd17b5538571083e7733ee932227779cdf454f92b05fc4958423,0 0 24 24,XML VALID — VISUAL REVIEW PENDING
assets/icons/tabler/outline/panorama-horizontal.svg,c76928a5b4f8fd23ab321542f2577785974e80f5138b6b442bd466069030947b,0 0 24 24,XML VALID — VISUAL REVIEW PENDING
assets/icons/tabler/outline/panorama-vertical-off.svg,5c3d94dc222e7436ec9dbf8aa98e24a8f94a43b572311ff61eb9dc0502fe6282,0 0 24 24,XML VALID — VISUAL REVIEW PENDING
assets/icons/tabler/outline/panorama-vertical.svg,a348a242b3738e238ca368993663793919897dfa7856a08711418e0660a6e9d3,0 0 24 24,XML VALID — VISUAL REVIEW PENDING
assets/icons/tabler/outline/paper-bag-off.svg,eff6b334182f1f01250e6465217c2cf937cf43a24ccaebeb2b1050acf90a851c,0 0 24 24,XML VALID — VISUAL REVIEW PENDING
assets/icons/tabler/outline/paper-bag.svg,ebcc173ee20a38265653922fabce4c81d6800b62ad90d913929d21a186e74acd,0 0 24 24,XML VALID — VISUAL REVIEW PENDING
assets/icons/tabler/outline/paperclip.svg,ff4b9e1c935d24876f9e509bc1fcb1ba803914b35388b26da898ce5e6309d0a5,0 0 24 24,XML VALID — VISUAL REVIEW PENDING
assets/icons/tabler/outline/parachute-off.svg,f94a4565e662892f3a246be1204ddd92707d70bbaaede9984bb211a8e8a56788,0 0 24 24,XML VALID — VISUAL REVIEW PENDING
assets/icons/tabler/outline/parachute.svg,bc56a2a8c1e996d20fd3007eb24c27ab71e63881d2e297921826281a94269c6a,0 0 24 24,XML VALID — VISUAL REVIEW PENDING
assets/icons/tabler/outline/parentheses-off.svg,61b7e64eea79e2d81809a52d7449fd7d89573c424f15926ddb15dfb2280bd6e5,0 0 24 24,XML VALID — VISUAL REVIEW PENDING
assets/icons/tabler/outline/parentheses.svg,7c03ba5606ab1c738e7c5d94b6a74d0b3d3fe35f1d20f0662dbf54f2e6dc6344,0 0 24 24,XML VALID — VISUAL REVIEW PENDING
assets/icons/tabler/outline/parking-circle.svg,e31876428a41f35564649ddd211810f01cda3375286e3dc47ba572af294a2b5c,0 0 24 24,XML VALID — VISUAL REVIEW PENDING
assets/icons/tabler/outline/parking-off.svg,45d248c073d825760c081afa2a445cb4d2576ae7de54e7e061e1cac6b89ea0f3,0 0 24 24,XML VALID — VISUAL REVIEW PENDING
assets/icons/tabler/outline/parking.svg,15b50511dc024ecd46dab38f63252096278661c31892a5678826048e663245c2,0 0 24 24,XML VALID — VISUAL REVIEW PENDING
assets/icons/tabler/outline/password-fingerprint.svg,0e4591c4cf77c1b32cba356879c9a89490b069d6c743fddc58ff3a5369ab8dfd,0 0 24 24,XML VALID — VISUAL REVIEW PENDING
assets/icons/tabler/outline/password-mobile-phone.svg,01714445fcdd95679bcf40046709fd6b6f587fdb8e25dc53dd5ff893c0a82480,0 0 24 24,XML VALID — VISUAL REVIEW PENDING
assets/icons/tabler/outline/password-user.svg,c583c26c484623c4fc2bef62d912609b642be41d563c79a17a1ddf7bfd1debb4,0 0 24 24,XML VALID — VISUAL REVIEW PENDING
assets/icons/tabler/outline/password.svg,ae12e245d28e351bce4d26766703aac2e1677d77a3fdf9b3c97b8c736abcbc75,0 0 24 24,XML VALID — VISUAL REVIEW PENDING
assets/icons/tabler/outline/paw-off.svg,ea5cb0f18452620d2ad0dc7487692456d5fc31e1f27fb6315206536a311fa25d,0 0 24 24,XML VALID — VISUAL REVIEW PENDING
assets/icons/tabler/outline/paw.svg,e95c1c7df3d2771df6187865381ad9343d3dd65887579d4cc9eccca66508602c,0 0 24 24,XML VALID — VISUAL REVIEW PENDING
assets/icons/tabler/outline/paywall.svg,1143759cb99018adf552458f73849c7860a8ebddc27a3bdbb4c5ec11db33fb55,0 0 24 24,XML VALID — VISUAL REVIEW PENDING
assets/icons/tabler/outline/pdf.svg,97e15a9c4e0fab41eeffaab0ae61b6f378a8ce5ee002e202d990e706b49e915b,0 0 24 24,XML VALID — VISUAL REVIEW PENDING
assets/icons/tabler/outline/peace.svg,65f19399c9e609c0eb021736a05b56637830b34e0290de1d8e910b56212dd82d,0 0 24 24,XML VALID — VISUAL REVIEW PENDING
assets/icons/tabler/outline/pencil-bolt.svg,aecf28fb7d3ae51f4f636e7fbfc07e456a847bb2d73afd2009ff1a57ae2a4e74,0 0 24 24,XML VALID — VISUAL REVIEW PENDING
assets/icons/tabler/outline/pencil-cancel.svg,f1a5bcea048ae268beb106b8971b2c5a703826553a4bf4e2916921ea83f71087,0 0 24 24,XML VALID — VISUAL REVIEW PENDING
assets/icons/tabler/outline/pencil-check.svg,6468432319ea4e754efbd095ff45c385d1615a85c4ea23e9fb29f4bc93d1ba0f,0 0 24 24,XML VALID — VISUAL REVIEW PENDING
assets/icons/tabler/outline/pencil-code.svg,0fcf1650828d64c2e31d497fa169b285976f03bd0df54969220d574c4d15971a,0 0 24 24,XML VALID — VISUAL REVIEW PENDING
assets/icons/tabler/outline/pencil-cog.svg,3473ebfb8fb137ceb707df39745a66ca8dfe6482f7073fdb2612838c32a0791f,0 0 24 24,XML VALID — VISUAL REVIEW PENDING
assets/icons/tabler/outline/pencil-discount.svg,e0de5f3b86b8ab603625ad4a15d8cfb92c6a7c2f8ccf18800966c4748d0f50a7,0 0 24 24,XML VALID — VISUAL REVIEW PENDING
assets/icons/tabler/outline/pencil-dollar.svg,f00ac09ff5cdb4e0f024b10367234edcf4e2eb8342dcc6d2d86438cb2dd30f0b,0 0 24 24,XML VALID — VISUAL REVIEW PENDING
assets/icons/tabler/outline/pencil-down.svg,b0410c33ede3c85e9483661abc784369a46383d4a056870c59b380296666528e,0 0 24 24,XML VALID — VISUAL REVIEW PENDING
assets/icons/tabler/outline/pencil-exclamation.svg,885f09f9d2bd2fee301ac44625e47d553ac73fd67063b7dc4c765f9922bac0e9,0 0 24 24,XML VALID — VISUAL REVIEW PENDING
assets/icons/tabler/outline/pencil-heart.svg,1c9aac7a1b7ec9cdc370dfda66d14719e884a834d78692ca7638f5495e92f014,0 0 24 24,XML VALID — VISUAL REVIEW PENDING
assets/icons/tabler/outline/pencil-minus.svg,34324b60855377c3cc8be7fd2be66a634af1debbfbdd0eec5722e563976b4e41,0 0 24 24,XML VALID — VISUAL REVIEW PENDING
assets/icons/tabler/outline/pencil-off.svg,e37d6a09901b7eba300507dc27c64923277fb3ee1c678869be9501d3a85ec718,0 0 24 24,XML VALID — VISUAL REVIEW PENDING
assets/icons/tabler/outline/pencil-pause.svg,103f65a821145e7347d504a3c4215e1754539aa83f8fb910870d3d569381bd59,0 0 24 24,XML VALID — VISUAL REVIEW PENDING
assets/icons/tabler/outline/pencil-pin.svg,29bfaee0c93c7c8592aad449d9fd00efd4b513debc171cdbae745b30390aadca,0 0 24 24,XML VALID — VISUAL REVIEW PENDING
assets/icons/tabler/outline/pencil-plus.svg,ae49afbe2442afc8effa7a123f53c96533a2a3af6b883ac208d8c2fe0c1bbdac,0 0 24 24,XML VALID — VISUAL REVIEW PENDING
assets/icons/tabler/outline/pencil-question.svg,60585157987003a2e4129e2c767d8a59ed1cc7410b966345b0c63e0fac7b9857,0 0 24 24,XML VALID — VISUAL REVIEW PENDING
assets/icons/tabler/outline/pencil-search.svg,abe081304c51a555cb170a0d691df3204061f6a27fa14e9908b99d2171141a86,0 0 24 24,XML VALID — VISUAL REVIEW PENDING
assets/icons/tabler/outline/pencil-share.svg,429d3437c413bdce262bbd78698e73e7c8c68eccccedad256a22eeaf12edf806,0 0 24 24,XML VALID — VISUAL REVIEW PENDING
assets/icons/tabler/outline/pencil-star.svg,beb4d0c6293ca5654be44df1045cbaa820f63a30d30a553873b0cf7552c70b43,0 0 24 24,XML VALID — VISUAL REVIEW PENDING
assets/icons/tabler/outline/pencil-up.svg,4b9595a5ed271c9115297f3d4641c3cb19ec15659b1893501a7a7e8170119f16,0 0 24 24,XML VALID — VISUAL REVIEW PENDING
assets/icons/tabler/outline/pencil-x.svg,ffeb98078faa6ae31d485beb935f35b4d1259f8b7a6b51d04b71373901c5e518,0 0 24 24,XML VALID — VISUAL REVIEW PENDING
assets/icons/tabler/outline/pencil.svg,4e34b0d618a5f3d1fc90580a016627abdf71198891309a011187140c008aea2f,0 0 24 24,XML VALID — VISUAL REVIEW PENDING
assets/icons/tabler/outline/pennant-2.svg,35a29a91fe8e8adc04b98ffae8e84286571f746059f7ac59eaefc0f7245544ce,0 0 24 24,XML VALID — VISUAL REVIEW PENDING
assets/icons/tabler/outline/pennant-off.svg,7789427b2d69fb0c7d544089bb52761d3b91cc1f1590fbb0f4f30df6c08a0d6d,0 0 24 24,XML VALID — VISUAL REVIEW PENDING
assets/icons/tabler/outline/pennant.svg,1cc8e4c8c9b09e721515c9305e67fed1be3a49516ad32afa1c9c6489bffacd4a,0 0 24 24,XML VALID — VISUAL REVIEW PENDING
assets/icons/tabler/outline/pentagon-minus.svg,e3527ba0efe095a91a55b05a4d1c5ec5b620e6ff30e66c5f70d9af6f6c3a05a9,0 0 24 24,XML VALID — VISUAL REVIEW PENDING
assets/icons/tabler/outline/pentagon-number-0.svg,df502a5246c42d957762811c3ed13fc3018d01d825bdaa23a53abb222962fbd0,0 0 24 24,XML VALID — VISUAL REVIEW PENDING
assets/icons/tabler/outline/pentagon-number-1.svg,bb36382ff5505667ecf43b174bb5ec88267039294017c2756dbcbb510ac53ae6,0 0 24 24,XML VALID — VISUAL REVIEW PENDING
assets/icons/tabler/outline/pentagon-number-2.svg,c3d854d4593d667f49b931f370c2b2149bf14fd221f0689bc1258656f14d3bc0,0 0 24 24,XML VALID — VISUAL REVIEW PENDING
assets/icons/tabler/outline/pentagon-number-3.svg,8047d8b9a49dfc5c52b0c9879e4edce2d65d7dbf8e43582f321b282102dfb345,0 0 24 24,XML VALID — VISUAL REVIEW PENDING
assets/icons/tabler/outline/pentagon-number-4.svg,b78d948657078142464d72705a56b22cf6fd5c9a283c34e1d6d4fea4906ede8d,0 0 24 24,XML VALID — VISUAL REVIEW PENDING
assets/icons/tabler/outline/pentagon-number-5.svg,ec54e4405e85cb628dfe1c71c9b2050962908124c43f9936f54a95eb33dd524e,0 0 24 24,XML VALID — VISUAL REVIEW PENDING
assets/icons/tabler/outline/pentagon-number-6.svg,4fe309b9338ed76c4b14dddcc4cb564932fe4ebefd68c58e561c67f8269681ad,0 0 24 24,XML VALID — VISUAL REVIEW PENDING
assets/icons/tabler/outline/pentagon-number-7.svg,81cd31dca2ad86eca6dadac6a047ce975f9a426785b279f5c736eddb0809e55d,0 0 24 24,XML VALID — VISUAL REVIEW PENDING
assets/icons/tabler/outline/pentagon-number-8.svg,81537649a095ec2eba23fb7c2938b04354899e115672e7b2d761bf1240c86fa2,0 0 24 24,XML VALID — VISUAL REVIEW PENDING
assets/icons/tabler/outline/pentagon-number-9.svg,a20224616218bde92aa2fa68bb9b5f28013efc6c245ee5ef8f24a885ec8e879b,0 0 24 24,XML VALID — VISUAL REVIEW PENDING
assets/icons/tabler/outline/pentagon-off.svg,debf83ea594299c62715f8ccfe86e9b4464f3840a954e70045198cec3e74fafd,0 0 24 24,XML VALID — VISUAL REVIEW PENDING
assets/icons/tabler/outline/pentagon-plus.svg,0339329d97c333a7bfd2673580ebb6215cdabed2d28181d0d282d992ac2ba633,0 0 24 24,XML VALID — VISUAL REVIEW PENDING
assets/icons/tabler/outline/pentagon-x.svg,ec546ae6431be87cdd8def9d94fe482004922fafc4cdfaf87fa6ef45e2dee29e,0 0 24 24,XML VALID — VISUAL REVIEW PENDING
assets/icons/tabler/outline/pentagon.svg,599306555df35c308cf52cbe4c557232f88b18e2e67ddabe99ec4b675b8c6694,0 0 24 24,XML VALID — VISUAL REVIEW PENDING
assets/icons/tabler/outline/pentagram.svg,06ebc25e0253c20b90095cc9a3563d2d12edc1c72753225499a27ecab9592ee7,0 0 24 24,XML VALID — VISUAL REVIEW PENDING
assets/icons/tabler/outline/pepper-off.svg,bd03d0ddb4aa73ea0882ca9500f743f863fcd9469ec737e2c790eadf775e626f,0 0 24 24,XML VALID — VISUAL REVIEW PENDING
assets/icons/tabler/outline/pepper.svg,96c9010d6eda1ea6b9324c8610ce1c368c78559a1785e7654634d9991b9dbe21,0 0 24 24,XML VALID — VISUAL REVIEW PENDING
assets/icons/tabler/outline/percentage-0.svg,3c6b4e2dc1793ccfff3dba0dcf1e052a78c46b26628532cb0939c578253f1ef4,0 0 24 24,XML VALID — VISUAL REVIEW PENDING
assets/icons/tabler/outline/percentage-10.svg,19e52b1ee6a9896e7bc62a86c5df7dfc110d2930584548b0cf458205c3ad8ea0,0 0 24 24,XML VALID — VISUAL REVIEW PENDING
assets/icons/tabler/outline/percentage-100.svg,f27feb0be31e228b1efac3a0db8cfe57fface8e719cc8b69e7496544d1bb8735,0 0 24 24,XML VALID — VISUAL REVIEW PENDING
assets/icons/tabler/outline/percentage-20.svg,1f3260e1e53ecb3b7c52c999f832e7ea8820c97a3e6f120eb32cfc87edd8b233,0 0 24 24,XML VALID — VISUAL REVIEW PENDING
assets/icons/tabler/outline/percentage-25.svg,036dddd17227d8e8af8092b365e6b1833cf6c42a28bdd4cc149209788412af0e,0 0 24 24,XML VALID — VISUAL REVIEW PENDING
assets/icons/tabler/outline/percentage-30.svg,367dde911d4cca8747101775e0212e2530f40fc263e019bb02d6ca84f33fe62e,0 0 24 24,XML VALID — VISUAL REVIEW PENDING
assets/icons/tabler/outline/percentage-33.svg,342ba720480e093df8f50edcd786225386b73cb2932bb1944c8aa8ebeac4c407,0 0 24 24,XML VALID — VISUAL REVIEW PENDING
assets/icons/tabler/outline/percentage-40.svg,9ec167ff669c4736e7e5f43531bab983af6cf586dc6724c39d64e8ebae3196e5,0 0 24 24,XML VALID — VISUAL REVIEW PENDING
assets/icons/tabler/outline/percentage-50.svg,fe1b8e00b5f1e1682d2b740c338a88eaaa67e7d118fec50353b6460f9ea273b1,0 0 24 24,XML VALID — VISUAL REVIEW PENDING
assets/icons/tabler/outline/percentage-60.svg,ec45b49171e57bc33e634fb27e0931d832599ad27a2a522e1d3678df41fa0241,0 0 24 24,XML VALID — VISUAL REVIEW PENDING
assets/icons/tabler/outline/percentage-66.svg,0975f6e7550d56c65e6989e7e87eabb49d43a306657a959ea29b64c73cccf15e,0 0 24 24,XML VALID — VISUAL REVIEW PENDING
assets/icons/tabler/outline/percentage-70.svg,f174cf068db97fe1067d972543f0dee0bfa976155cb982c9bc0e7f5606ca7152,0 0 24 24,XML VALID — VISUAL REVIEW PENDING
assets/icons/tabler/outline/percentage-75.svg,cd86bf3262a648af8b4cf9b6f9695b4c59ec5b53308d47d244eae7d903cd0c19,0 0 24 24,XML VALID — VISUAL REVIEW PENDING
assets/icons/tabler/outline/percentage-80.svg,04b99702d955844d464566502d4403af4a3605337e2c60f1d50fd53ebc8c1d0c,0 0 24 24,XML VALID — VISUAL REVIEW PENDING
assets/icons/tabler/outline/percentage-90.svg,2763a5cd78aa4250304cec788224edd1472d93fd32e38ae92f486147970f3763,0 0 24 24,XML VALID — VISUAL REVIEW PENDING
assets/icons/tabler/outline/percentage.svg,72e710ef4dfe1a38b29828a3bceacf70172f5e763b52f8e44266a6bd12c3e42c,0 0 24 24,XML VALID — VISUAL REVIEW PENDING
assets/icons/tabler/outline/perfume.svg,51eaded59cfad923b59d46ca1b6dd087a2320f37b40a1b9199eab78e7df642d2,0 0 24 24,XML VALID — VISUAL REVIEW PENDING
assets/icons/tabler/outline/perspective-off.svg,7ec4d71916137e75f765e8ecdd8574dcd48673016d5913585c35ac5791ac1fde,0 0 24 24,XML VALID — VISUAL REVIEW PENDING
assets/icons/tabler/outline/perspective.svg,ab0e3426474e05404ab2f0f74d9d64e73491d939ca28ec232f6f338c10b17eef,0 0 24 24,XML VALID — VISUAL REVIEW PENDING
assets/icons/tabler/outline/phone-call.svg,bebdf4efe88fa12b31bca95b1672284849391a76e76c5d632d168dab91b7f579,0 0 24 24,XML VALID — VISUAL REVIEW PENDING
assets/icons/tabler/outline/phone-calling.svg,52ecef8d065e078a2257c6a62c658b9362f4c7af7a656596c38b3935fd285640,0 0 24 24,XML VALID — VISUAL REVIEW PENDING
assets/icons/tabler/outline/phone-check.svg,660957669647b2a3565181f458d71ad5608ce012849cce7b6775a6e9ce763472,0 0 24 24,XML VALID — VISUAL REVIEW PENDING
assets/icons/tabler/outline/phone-done.svg,ff1ea0eb28acffc3cb090d5d8a7efe8157277c394128fa9eaca1fbf0867622e8,0 0 24 24,XML VALID — VISUAL REVIEW PENDING
assets/icons/tabler/outline/phone-end.svg,dd922cded203015edea4be29148c087bf791c7bc791ffd2774e4e76a61f6a05c,0 0 24 24,XML VALID — VISUAL REVIEW PENDING
assets/icons/tabler/outline/phone-incoming.svg,4c19361ae41777df9c1d85498cca020d8ea1afc44d803b20c405725e130ce4a2,0 0 24 24,XML VALID — VISUAL REVIEW PENDING
assets/icons/tabler/outline/phone-off.svg,6fddbb2842006bba2efe66d2f6f064b94ca37cfc2e3fe1de93046a484a73828c,0 0 24 24,XML VALID — VISUAL REVIEW PENDING
assets/icons/tabler/outline/phone-outgoing.svg,5754cc1734d1a8e1aeb232456b43a617c7c14690ec20f0946e50c1249382026d,0 0 24 24,XML VALID — VISUAL REVIEW PENDING
assets/icons/tabler/outline/phone-pause.svg,eef808f49e8a4734cc55dfb140ebe28ad51eb2a49a176fef4ba120a340ea0820,0 0 24 24,XML VALID — VISUAL REVIEW PENDING
assets/icons/tabler/outline/phone-plus.svg,82d90e14cbce3a561eaf28099305cda987915519577a9c779c5e5ce70343f7dc,0 0 24 24,XML VALID — VISUAL REVIEW PENDING
assets/icons/tabler/outline/phone-ringing.svg,345bd4c5a08ce029b521f857d4759d0d16f2dd0207004b1db1391bbf5a5ce31a,0 0 24 24,XML VALID — VISUAL REVIEW PENDING
assets/icons/tabler/outline/phone-spark.svg,7069b6fa709644ce624a869c37da949b4e37338b08f613ce33735f386a2f88f1,0 0 24 24,XML VALID — VISUAL REVIEW PENDING
assets/icons/tabler/outline/phone-x.svg,708a8a0fd8c33a9e8720c66209b5e30cf5ff2bf328c1c3af412e30789c79f4c8,0 0 24 24,XML VALID — VISUAL REVIEW PENDING
assets/icons/tabler/outline/phone.svg,5a3e89b6a5ef56cf3fda0c740fb6a0119892c2d70cab39fb382e75145339df9c,0 0 24 24,XML VALID — VISUAL REVIEW PENDING
assets/icons/tabler/outline/photo-ai.svg,20d37a0ab3b27c377627969152ec1aa96f1030719ac25401aae5fcd812911852,0 0 24 24,XML VALID — VISUAL REVIEW PENDING
assets/icons/tabler/outline/photo-bitcoin.svg,12fb88f6a322d1834b4f5ed8f3d250947c464ca4ce4fa41b3886c84df40bdbfd,0 0 24 24,XML VALID — VISUAL REVIEW PENDING
assets/icons/tabler/outline/photo-bolt.svg,73b59018053229873ecf4e415ae6166695d85b3ec2205f731b9642b2eaac186c,0 0 24 24,XML VALID — VISUAL REVIEW PENDING
assets/icons/tabler/outline/photo-cancel.svg,aecdc9898412b5a363970f6395e27f5c1e8c8b9faa8e9f165da710014b6092c4,0 0 24 24,XML VALID — VISUAL REVIEW PENDING
assets/icons/tabler/outline/photo-check.svg,eaa4091fceb3de2ced97bf9fea179461fd978e06e4bceeb22bce3887c4f53601,0 0 24 24,XML VALID — VISUAL REVIEW PENDING
assets/icons/tabler/outline/photo-circle-minus.svg,c8a72f4b1329b3294530412ec82e6b39505f215a257a058691ff3bb72b7100e0,0 0 24 24,XML VALID — VISUAL REVIEW PENDING
assets/icons/tabler/outline/photo-circle-plus.svg,fca0bd9ec15d0ebc63850b9271e9a1785d2c772d917a1611e02947cfeaa93ebd,0 0 24 24,XML VALID — VISUAL REVIEW PENDING
assets/icons/tabler/outline/photo-circle.svg,580b9dff17e78f8202abd6b1d8eac1c42125739bc06d822163287c806486ce12,0 0 24 24,XML VALID — VISUAL REVIEW PENDING
assets/icons/tabler/outline/photo-code.svg,d469d7fa9de5c501e7aa8b432a26bddc190afcf2a87d3834dd5db7da849906e9,0 0 24 24,XML VALID — VISUAL REVIEW PENDING
assets/icons/tabler/outline/photo-cog.svg,7055c50c0951ff914e5661f1b064fcc5e604a48c88111c3529e21d3487a70ee8,0 0 24 24,XML VALID — VISUAL REVIEW PENDING
assets/icons/tabler/outline/photo-dollar.svg,962ceba7ea9d7fa4e36fcb65a23d1f8c1fd1348a243f70b0c4f012532c91c92e,0 0 24 24,XML VALID — VISUAL REVIEW PENDING
assets/icons/tabler/outline/photo-down.svg,c1b7660db45a640c6d7d2e6ad8d6ab79c2dcc581b9baa62ea4036bb47744bd52,0 0 24 24,XML VALID — VISUAL REVIEW PENDING
assets/icons/tabler/outline/photo-edit.svg,4cfc80c3b6623b7c8c7e26f5b43fdfe3dcf727c8981514ade01d714b26971138,0 0 24 24,XML VALID — VISUAL REVIEW PENDING
assets/icons/tabler/outline/photo-exclamation.svg,ac4c3d6e396086441a0f325947f02b7123e0c5e54123c45527d85bbc5018d8e7,0 0 24 24,XML VALID — VISUAL REVIEW PENDING
assets/icons/tabler/outline/photo-heart.svg,1259b642129d07ff17c81942db99606572b611aec8fa80aa5d35a6ce2f4c5adc,0 0 24 24,XML VALID — VISUAL REVIEW PENDING
assets/icons/tabler/outline/photo-hexagon.svg,d7ea255f7b19eb2cc6f70a85c196b89b115c4ce18bc9ec583e735fa61027a6b7,0 0 24 24,XML VALID — VISUAL REVIEW PENDING
assets/icons/tabler/outline/photo-minus.svg,c695a2ba272b9a7dff164b529f885f2212fc4d758e83bb69539c0f6f9fc0377d,0 0 24 24,XML VALID — VISUAL REVIEW PENDING
assets/icons/tabler/outline/photo-off.svg,a9f6e7935cc2d108d894b37699cfc1392ed033e825221c4d4134dc0646621596,0 0 24 24,XML VALID — VISUAL REVIEW PENDING
assets/icons/tabler/outline/photo-pause.svg,3884ff819a812a9867cffd7d3569dfa5d5ee216762145d9ab70b7f876a8680c8,0 0 24 24,XML VALID — VISUAL REVIEW PENDING
assets/icons/tabler/outline/photo-pentagon.svg,36b0cd9900858271002ef3170bd2a4d6b2b891245ccee1dcd82d459e414b2c88,0 0 24 24,XML VALID — VISUAL REVIEW PENDING
assets/icons/tabler/outline/photo-pin.svg,8d1fde253f85317714fcafd283e8a6618080e41ec48e60c8370ce6dbb1caad95,0 0 24 24,XML VALID — VISUAL REVIEW PENDING
assets/icons/tabler/outline/photo-plus.svg,a731e818aff9c2da9672e365a03e46ee9c007eacc3f3fc4f8a15382dc17f01ef,0 0 24 24,XML VALID — VISUAL REVIEW PENDING
assets/icons/tabler/outline/photo-question.svg,e1eecf1dbc7ffdac4aea6367afce18d049bf75e01d03f4b8b233bd9b7c8407a2,0 0 24 24,XML VALID — VISUAL REVIEW PENDING
assets/icons/tabler/outline/photo-scan.svg,fe05efb4b520ddd0df090c9d199cbaded312194d5b7a5273fb74375c67188245,0 0 24 24,XML VALID — VISUAL REVIEW PENDING
assets/icons/tabler/outline/photo-search.svg,745d709e787e58eacc26eb709ef567d0a32c431aa8fba25db0057c78c8862dc0,0 0 24 24,XML VALID — VISUAL REVIEW PENDING
assets/icons/tabler/outline/photo-sensor-2.svg,3eaee684253aa149e0e2dd4fa2a913b76d2c62f066b994128db6b73385945359,0 0 24 24,XML VALID — VISUAL REVIEW PENDING
assets/icons/tabler/outline/photo-sensor-3.svg,7aaa6d1fdccff8b5073e2ac23b913f9a9a678738a9795d2f2c2972b3e19ace67,0 0 24 24,XML VALID — VISUAL REVIEW PENDING
assets/icons/tabler/outline/photo-sensor.svg,3033d93bab32fb50976f62ad179ec2bf06a60b972594f6175136cb8834906b7b,0 0 24 24,XML VALID — VISUAL REVIEW PENDING
assets/icons/tabler/outline/photo-share.svg,6ce72adb0cb54383baa7608be58654589cc91287d98acef9f88d3cc1febfa7d2,0 0 24 24,XML VALID — VISUAL REVIEW PENDING
assets/icons/tabler/outline/photo-shield.svg,bcd7f81c5452a16bf1f06cd4bcb896b196626d08afde9d794fff6d5f362ab8ab,0 0 24 24,XML VALID — VISUAL REVIEW PENDING
assets/icons/tabler/outline/photo-spark.svg,2fa52ce13c3c1ac4554d0883651cfbb04163ebfd5c8ae10b9cae26312f29a316,0 0 24 24,XML VALID — VISUAL REVIEW PENDING
assets/icons/tabler/outline/photo-square-rounded.svg,317c30be607a5c8ac30feb79542ef251afc43ebb2788e2734c980c7fa4f1c84a,0 0 24 24,XML VALID — VISUAL REVIEW PENDING
assets/icons/tabler/outline/photo-star.svg,7a92044316db5aeb67ee68ec49ae62e7c458ed7343e900570ec1b09b6975c79a,0 0 24 24,XML VALID — VISUAL REVIEW PENDING
assets/icons/tabler/outline/photo-up.svg,a0a7f433ea961a78ab08b41b13469a947c85f48a4b888284c30397c3a841a5fc,0 0 24 24,XML VALID — VISUAL REVIEW PENDING
assets/icons/tabler/outline/photo-video.svg,bb0f4ca67f29267d825e9bf10bb472372ec783f9307e4fe23e01608284d50e03,0 0 24 24,XML VALID — VISUAL REVIEW PENDING
assets/icons/tabler/outline/photo-x.svg,1ff903f9fcba93e6c6d3c79c46360a281cc4b2a50cf69a35dc08d56d4eb55c56,0 0 24 24,XML VALID — VISUAL REVIEW PENDING
assets/icons/tabler/outline/photo.svg,4c5c53100851d5a29cb313ba44ef5e0c39a3a145d2bb3c42dcae3166ae88c79e,0 0 24 24,XML VALID — VISUAL REVIEW PENDING
assets/icons/tabler/outline/physotherapist.svg,c73f6b5fb4427aca8bc56c2e8f3858af97642f718dbc3f81f8dc4cd9c58a6e8f,0 0 24 24,XML VALID — VISUAL REVIEW PENDING
assets/icons/tabler/outline/piano.svg,9b338bfac2f17aca5d637178087bbaae4c52d84b15fbf1e39f5db4905122f643,0 0 24 24,XML VALID — VISUAL REVIEW PENDING
assets/icons/tabler/outline/pick.svg,acdaf4b33bd8a1c781e2300851997d3f0a900afdf1b02f479a9933174e925f3c,0 0 24 24,XML VALID — VISUAL REVIEW PENDING
assets/icons/tabler/outline/picnic-table.svg,33bf154e8f54f6629f92d7b3e9b16c558973fad3fd0df073adb63cf9e0922add,0 0 24 24,XML VALID — VISUAL REVIEW PENDING
assets/icons/tabler/outline/picture-in-picture-off.svg,96c944f3043aef9df89b39c2a13b9bae05a79783ee94dc6944a7071f0d6989d5,0 0 24 24,XML VALID — VISUAL REVIEW PENDING
assets/icons/tabler/outline/picture-in-picture-on.svg,39b2f11a24830a513b358e2fb21ecc4eaf4e841552e78312b7ec32c112fecf76,0 0 24 24,XML VALID — VISUAL REVIEW PENDING
assets/icons/tabler/outline/picture-in-picture-top.svg,1fde087582e596993f82d42da155f5144fba34423813d1bdf8ff0615e13393f3,0 0 24 24,XML VALID — VISUAL REVIEW PENDING
assets/icons/tabler/outline/picture-in-picture.svg,fd2ea4552a923bc3e41250d045f7ba76ab0dccbf5abc8199517f81a4001ce6c9,0 0 24 24,XML VALID — VISUAL REVIEW PENDING
assets/icons/tabler/outline/pig-money.svg,5aaf60569bb5a3dd457cd39fb8fa0d43253260c3a7a05f235aea5289089c2a12,0 0 24 24,XML VALID — VISUAL REVIEW PENDING
assets/icons/tabler/outline/pig-off.svg,f0ce781ac8053b878b21a2cc79727d6d1d736ac866d45c4789adc28e61912b23,0 0 24 24,XML VALID — VISUAL REVIEW PENDING
assets/icons/tabler/outline/pig.svg,f75e3efbd3233b70516f47563b9797aa31f639e16ed4fadf1ae6c06d71aade92,0 0 24 24,XML VALID — VISUAL REVIEW PENDING
assets/icons/tabler/outline/pilcrow-left.svg,485c9705f1c26e62d4548723f655dbba9f024d7f8f662aac680ef42e24dc45f0,0 0 24 24,XML VALID — VISUAL REVIEW PENDING
assets/icons/tabler/outline/pilcrow-right.svg,e676a004e49dfa2c5617a0a116e648b2808e61133f0b59aca7e7b7598e8eda27,0 0 24 24,XML VALID — VISUAL REVIEW PENDING
assets/icons/tabler/outline/pilcrow.svg,2b9930db97963e744ffce504a1ec7e12eebb70749264de60cf6dbbba03026c1b,0 0 24 24,XML VALID — VISUAL REVIEW PENDING
assets/icons/tabler/outline/pill-off.svg,4325f0f841c6d83f2818b79c90c925d847e4c89360f175bdd8ecbc03b1b96562,0 0 24 24,XML VALID — VISUAL REVIEW PENDING
assets/icons/tabler/outline/pill.svg,202dd323bfbfeb13d743bf9e381f4303271adeb50ffae0f7043fdc04d179581d,0 0 24 24,XML VALID — VISUAL REVIEW PENDING
assets/icons/tabler/outline/pills.svg,87d8ad4852a39cf184ba11d84b44b4d809a778811a952cc02d5edbd46be53340,0 0 24 24,XML VALID — VISUAL REVIEW PENDING
assets/icons/tabler/outline/pin-end.svg,a651fac0b1abde528c185ee7ce1935253ab50c5464d81242348772d8eb4d4eea,0 0 24 24,XML VALID — VISUAL REVIEW PENDING
assets/icons/tabler/outline/pin-invoke.svg,a91b7a29d5ee51785d308419e8da0a9ef78f9ec41318097a16617ab45d2049fb,0 0 24 24,XML VALID — VISUAL REVIEW PENDING
assets/icons/tabler/outline/pin.svg,a4a757691aca9692c366dee631ea7e5b34a3cd389c5a24287de77045682feb99,0 0 24 24,XML VALID — VISUAL REVIEW PENDING
assets/icons/tabler/outline/ping-pong.svg,a77b9ad7743c8062849e55f22897f163483cb23dee2fa4bdf9e99cd80dcc2b7f,0 0 24 24,XML VALID — VISUAL REVIEW PENDING
assets/icons/tabler/outline/pinned-off.svg,5b7183ae8a65938353f74fc73c6cc276c22bb86c3c2ad6673863cd750cc8847f,0 0 24 24,XML VALID — VISUAL REVIEW PENDING
assets/icons/tabler/outline/pinned.svg,b48215769998fc91223dd61a7f99a60bd616264801a5704f50fb969788cc7c6f,0 0 24 24,XML VALID — VISUAL REVIEW PENDING
assets/icons/tabler/outline/pizza-off.svg,badf906df827aaf0893bcfbda90125c997443e77f488f93582afb1f88722acc4,0 0 24 24,XML VALID — VISUAL REVIEW PENDING
assets/icons/tabler/outline/pizza.svg,228735ed35ec1fd60f7aafb6133d604a58461264f455c8e26f7784904a1e630f,0 0 24 24,XML VALID — VISUAL REVIEW PENDING
assets/icons/tabler/outline/placeholder.svg,ab7f4b4de4479bb3c482434f26c1cc161ef80fc5b78fca88e95872a943942318,0 0 24 24,XML VALID — VISUAL REVIEW PENDING
assets/icons/tabler/outline/plane-arrival.svg,26a787b3ced5b1b3cc3cf3bce92c8719e4c123d4a4fcd8a75e0de01014b04d14,0 0 24 24,XML VALID — VISUAL REVIEW PENDING
assets/icons/tabler/outline/plane-departure.svg,c32344aebb1e2cbb1090786049b0b27234b4da7ce10dd6ff2b3bf44db32d9335,0 0 24 24,XML VALID — VISUAL REVIEW PENDING
assets/icons/tabler/outline/plane-inflight.svg,1a34a930877bd6bc5239baf49609b13b92e3b392a58b859204b0e394db30df44,0 0 24 24,XML VALID — VISUAL REVIEW PENDING
assets/icons/tabler/outline/plane-off.svg,6f1d7628e7f5427ef0042d766c43c2ba3de9e1bcc90992c4bccd45bc6383be6f,0 0 24 24,XML VALID — VISUAL REVIEW PENDING
assets/icons/tabler/outline/plane-tilt.svg,0f63794ee88b7409d5e78dd025525002ee563b371bcbac294f2fd89d096fbb2d,0 0 24 24,XML VALID — VISUAL REVIEW PENDING
assets/icons/tabler/outline/plane.svg,cf920f7ddfcb7eed23ddfb259810086a47100740a8fa6377e9be226635cdd8ed,0 0 24 24,XML VALID — VISUAL REVIEW PENDING
assets/icons/tabler/outline/planet-off.svg,0fd643b391c8ed4fc409db5deac1c5dd4ec9d014d6ac231d4537a992d6ae8205,0 0 24 24,XML VALID — VISUAL REVIEW PENDING
assets/icons/tabler/outline/planet.svg,47ae052fc407e68cc49f4712f188c158c2201cfb3163e932c673dda0c941a2c9,0 0 24 24,XML VALID — VISUAL REVIEW PENDING
assets/icons/tabler/outline/plant-2-off.svg,2264a894f4dcc817fa8e82b1355776fea5fc815380970e9ce7c956c6f04c9519,0 0 24 24,XML VALID — VISUAL REVIEW PENDING
assets/icons/tabler/outline/plant-2.svg,cb164c323f2a00bcf5778681af67ae4670c99570e9edac75a0f29dca7af0f1a4,0 0 24 24,XML VALID — VISUAL REVIEW PENDING
assets/icons/tabler/outline/plant-off.svg,d9874a40051a012b9519fd30f3bdec17960c6a0c502e7ce9b1db268f2dedd2e7,0 0 24 24,XML VALID — VISUAL REVIEW PENDING
assets/icons/tabler/outline/plant.svg,a65a442a1edebe4acb6b476295f9f470b0b46f4be9b9e0cfb4c95422f5837918,0 0 24 24,XML VALID — VISUAL REVIEW PENDING
assets/icons/tabler/outline/play-basketball.svg,485dc1f51946f866f3a356ba6d0868a98ba2974d8b8b920593b8727bacbd02a4,0 0 24 24,XML VALID — VISUAL REVIEW PENDING
assets/icons/tabler/outline/play-card-1.svg,023a6d35f60331126e9061a28f964ef8d2153e867b3477d15ae5a04fb9f2c613,0 0 24 24,XML VALID — VISUAL REVIEW PENDING
assets/icons/tabler/outline/play-card-10.svg,81a488b3267ee8ba3b464f31dd5a957a6effa52251a91abcdc0cfc43c9b20b89,0 0 24 24,XML VALID — VISUAL REVIEW PENDING
assets/icons/tabler/outline/play-card-2.svg,83bd622734f6a15c845c0852ebfc1bc52669d55f7a3755f1a9922afc9b987aa6,0 0 24 24,XML VALID — VISUAL REVIEW PENDING
assets/icons/tabler/outline/play-card-3.svg,40a3e161b78444e65f5c464de319ee747aa7bf8e950cf4185c5172c5a8e345f5,0 0 24 24,XML VALID — VISUAL REVIEW PENDING
assets/icons/tabler/outline/play-card-4.svg,7569047a94711cf11a7e199764d189c8bb687cc427694ca37aaace1ce7802992,0 0 24 24,XML VALID — VISUAL REVIEW PENDING
assets/icons/tabler/outline/play-card-5.svg,0637b7af688707909a870dca073bcd8a6e8eca5fd2d8568ca798675a5722df3e,0 0 24 24,XML VALID — VISUAL REVIEW PENDING
assets/icons/tabler/outline/play-card-6.svg,c37da12dba5f7271a24eb4d9774c15f4e9f1237003443b2ba7b55497f59cba44,0 0 24 24,XML VALID — VISUAL REVIEW PENDING
assets/icons/tabler/outline/play-card-7.svg,a80ae5c9d24863a018e8e4c0fbca1f8a8bf5a63879d98c70daa2ab5752bbb1c1,0 0 24 24,XML VALID — VISUAL REVIEW PENDING
assets/icons/tabler/outline/play-card-8.svg,e921d48bdae2c8807b633ec2ea286f564259e9a495808f8f437f4262e03c835c,0 0 24 24,XML VALID — VISUAL REVIEW PENDING
assets/icons/tabler/outline/play-card-9.svg,2da0c84dc11bc470c3fb0cd28222310a91ca83ce12dce7f70ab9582125d46400,0 0 24 24,XML VALID — VISUAL REVIEW PENDING
assets/icons/tabler/outline/play-card-a.svg,b07d6c55f6c7b25439f87966c9e7791d07ddd4392f138cfb02e1c0db32ab6524,0 0 24 24,XML VALID — VISUAL REVIEW PENDING
assets/icons/tabler/outline/play-card-j.svg,ad6359e95ba592fa6004e864a9febffe3864c034985fd47bc5e0a189bb77011e,0 0 24 24,XML VALID — VISUAL REVIEW PENDING
assets/icons/tabler/outline/play-card-k.svg,e46d34d66389a3cb054ff082040e7d35a89b99b8db5aa6618397d309c3b26104,0 0 24 24,XML VALID — VISUAL REVIEW PENDING
assets/icons/tabler/outline/play-card-off.svg,91c704eedc536849d32d36d6d18b002ea48c060e122f9257fdcd8ec8d09646f7,0 0 24 24,XML VALID — VISUAL REVIEW PENDING
assets/icons/tabler/outline/play-card-q.svg,72849614f747e3f65dba70c4bb63649edc120fc0f387edc3e5fc85faa1d4d2bf,0 0 24 24,XML VALID — VISUAL REVIEW PENDING
assets/icons/tabler/outline/play-card-star.svg,62362fa256816d68ae8055bb43d07ffdd82d107e94dc6b3e350454954f501b52,0 0 24 24,XML VALID — VISUAL REVIEW PENDING
assets/icons/tabler/outline/play-card.svg,cd1df3c3ec599342467f85fdfb63305e1feb77161d1f1b2a4308c5ef11efe5d3,0 0 24 24,XML VALID — VISUAL REVIEW PENDING
assets/icons/tabler/outline/play-football.svg,312438d78b84278ba2f3b257ca39ab127325351192f6c2bb6d9b49c8c27850a5,0 0 24 24,XML VALID — VISUAL REVIEW PENDING
assets/icons/tabler/outline/play-handball.svg,28c07a76a4520d03494e7ac32241a426e9ed97f5edd83ee4a22d1345afc304bf,0 0 24 24,XML VALID — VISUAL REVIEW PENDING
assets/icons/tabler/outline/play-volleyball.svg,8559926c4c2e8dd73ac1194cb9b62e4d6ad7f12a739cd53e8c1d6bed964b2eca,0 0 24 24,XML VALID — VISUAL REVIEW PENDING
assets/icons/tabler/outline/player-eject.svg,9a08062215e50b45932e33d2ec74f10b6cbd51617b2cf5de4e08ace9d48bccad,0 0 24 24,XML VALID — VISUAL REVIEW PENDING
assets/icons/tabler/outline/player-pause.svg,f476a35cfc5c09476d3927269c22d9d5fe8c4939ec77c69bb17d7da557db5be4,0 0 24 24,XML VALID — VISUAL REVIEW PENDING
assets/icons/tabler/outline/player-play.svg,1a3a2b0b8c6e3c70320146f7591d2b3d1402a67af4a05b58c028e8f760e62d36,0 0 24 24,XML VALID — VISUAL REVIEW PENDING
assets/icons/tabler/outline/player-record.svg,c411d844e01a4144b061de12311879c9350f164551ef2de1ae5876bfc3a78f1d,0 0 24 24,XML VALID — VISUAL REVIEW PENDING
assets/icons/tabler/outline/player-skip-back.svg,2a50193058f86bbce6250fb769bd083637ff96a14a760e1e46a61e2a02083380,0 0 24 24,XML VALID — VISUAL REVIEW PENDING
assets/icons/tabler/outline/player-skip-forward.svg,a927f180bc7f0c0b77a11b46b076961e08dc1a24cbfc092760754ee032c7c15e,0 0 24 24,XML VALID — VISUAL REVIEW PENDING
assets/icons/tabler/outline/player-stop.svg,5e75050af358f419d16de6349b361986a1971d6a64d17774b7292f5830094e58,0 0 24 24,XML VALID — VISUAL REVIEW PENDING
assets/icons/tabler/outline/player-track-next.svg,84aabc8e12fe99cdfa54739dc9ec2411fa7bc85c4444f4d8e24d8bcccf3e1ea3,0 0 24 24,XML VALID — VISUAL REVIEW PENDING
assets/icons/tabler/outline/player-track-prev.svg,bea107f8b0ac3a02c4190f412c09be31263fcd8eda5bf5914969c36ec176653d,0 0 24 24,XML VALID — VISUAL REVIEW PENDING
assets/icons/tabler/outline/playlist-add.svg,e97d874b27a21604362f5ab618317b215ab00360d4f934534d3d59627115420d,0 0 24 24,XML VALID — VISUAL REVIEW PENDING
assets/icons/tabler/outline/playlist-off.svg,fe98217e36ee852d316f7732f3a763a7fa47f2753e91f324d2da7aa148a033b9,0 0 24 24,XML VALID — VISUAL REVIEW PENDING
assets/icons/tabler/outline/playlist-x.svg,6b70ad1c850b5541ab9ea0b95721b7867043f1f498a038575f538ed4731de670,0 0 24 24,XML VALID — VISUAL REVIEW PENDING
assets/icons/tabler/outline/playlist.svg,677708565f5901d35bdb1a6991ac37771ebc3ec799cbb303b52863d9ae0718bd,0 0 24 24,XML VALID — VISUAL REVIEW PENDING
assets/icons/tabler/outline/playstation-circle.svg,4b6fe9997185b0c32afdcc8998d36feac46daf286f779e7fdb6a83f6d1a6c55e,0 0 24 24,XML VALID — VISUAL REVIEW PENDING
assets/icons/tabler/outline/playstation-square.svg,474a6120e9c95741578509aec346f7aa2c7b70276f64753bb545fb156c1d22ca,0 0 24 24,XML VALID — VISUAL REVIEW PENDING
assets/icons/tabler/outline/playstation-triangle.svg,582ab3f10a0b7b442577d9490c82286fd3057344b4bd6fa36dfe7b4c10acec4e,0 0 24 24,XML VALID — VISUAL REVIEW PENDING
assets/icons/tabler/outline/playstation-x.svg,c5037e24cec19ff46d0cdc7220ce30e27027423a1731581ac80c73ce642111cf,0 0 24 24,XML VALID — VISUAL REVIEW PENDING
assets/icons/tabler/outline/plug-connected-x.svg,c48d54bf86372df777b4d4798e66459056baee2ddc413ff0907a3409c52acd71,0 0 24 24,XML VALID — VISUAL REVIEW PENDING
assets/icons/tabler/outline/plug-connected.svg,99b2ecd6f979cb823dcd0b213f2600eeb06a67b332c505a81186185513a9d38c,0 0 24 24,XML VALID — VISUAL REVIEW PENDING
assets/icons/tabler/outline/plug-off.svg,a9878bbe906306ba1f4e10f3b690e4835f8ae95714b3258af9c9f3feb96f4e28,0 0 24 24,XML VALID — VISUAL REVIEW PENDING
assets/icons/tabler/outline/plug-x.svg,78f265035402e45a8caf217187b91fa6600c38eb795bbdb8e5b3557e2ea9e395,0 0 24 24,XML VALID — VISUAL REVIEW PENDING
assets/icons/tabler/outline/plug.svg,d4b43b6e7f435015a205dac960da0337e08a611c0c82de642be50efc876da43c,0 0 24 24,XML VALID — VISUAL REVIEW PENDING
assets/icons/tabler/outline/plus-equal.svg,a98e4c0fc785ceded144ad116f74e2e293acafbf8fd2bc6e7c88a0e9cc6beca1,0 0 24 24,XML VALID — VISUAL REVIEW PENDING
assets/icons/tabler/outline/plus-minus.svg,1694dbb9d8f560c0361ff9fcea729a0a3098532e182a158788cb2a1c64839d94,0 0 24 24,XML VALID — VISUAL REVIEW PENDING
assets/icons/tabler/outline/plus.svg,a5cea9aefd4dbc1eae981946f1ceba5c8bdd7a0be4dd62cec8837e7f963cf15f,0 0 24 24,XML VALID — VISUAL REVIEW PENDING
assets/icons/tabler/outline/png.svg,ea928b315e55fb3bece35d38fcef2068bafabfb2c299ed41b333a533cc1c55da,0 0 24 24,XML VALID — VISUAL REVIEW PENDING
assets/icons/tabler/outline/podium-off.svg,1c72621953f48572a8adcc27408a30ef17cd99adcfbdbc1ef85a861cb11a7b56,0 0 24 24,XML VALID — VISUAL REVIEW PENDING
assets/icons/tabler/outline/podium.svg,81d39894dc7a7bf2c491b3de414baf4a4a847bcd30c5491cf4e695c8f23f8d65,0 0 24 24,XML VALID — VISUAL REVIEW PENDING
assets/icons/tabler/outline/point-off.svg,b62ba80f56342b94d3a8dbbd6536c15f2cfcd21ff086ad95283d60571e624a00,0 0 24 24,XML VALID — VISUAL REVIEW PENDING
assets/icons/tabler/outline/point.svg,28c714dab32c2723e8ab5711fc344a4ba3d9f5a436c2564378709a5e53180ecc,0 0 24 24,XML VALID — VISUAL REVIEW PENDING
assets/icons/tabler/outline/pointer-bolt.svg,d42b9c44985e97c4118a065575e74502854ddcb7ae671553529e130afa0de90e,0 0 24 24,XML VALID — VISUAL REVIEW PENDING
assets/icons/tabler/outline/pointer-cancel.svg,35b6063940964873321b14109a734dd1d24b3bb237d3a687cba2fa0db5fdd54e,0 0 24 24,XML VALID — VISUAL REVIEW PENDING
assets/icons/tabler/outline/pointer-check.svg,186aad88d7da3d47dd7298dc8e2f42e85b98f2e62709ad76fc866d47347bfc7b,0 0 24 24,XML VALID — VISUAL REVIEW PENDING
assets/icons/tabler/outline/pointer-code.svg,33379e5f50b0ec2629bb37209c7d7c5cc78491a7ceed8f48856246311857128f,0 0 24 24,XML VALID — VISUAL REVIEW PENDING
assets/icons/tabler/outline/pointer-cog.svg,35db50db8a416aa4243dd946e6c06a43a4b25254a79f5765db84ba430a2de567,0 0 24 24,XML VALID — VISUAL REVIEW PENDING
assets/icons/tabler/outline/pointer-dollar.svg,78bd5c8582e8c5f1ccf39432a50f20eb4d89b666a99e762512ff3c8bf1579596,0 0 24 24,XML VALID — VISUAL REVIEW PENDING
assets/icons/tabler/outline/pointer-down.svg,df40895094d7794fb863e893371a8239b278f2d4db26ff81005700a6fe84c6cb,0 0 24 24,XML VALID — VISUAL REVIEW PENDING
assets/icons/tabler/outline/pointer-exclamation.svg,b25fd3028b7cac29ff16f7b7cffad078889e3acc6dd0ab8afe7f917a17e3d53c,0 0 24 24,XML VALID — VISUAL REVIEW PENDING
assets/icons/tabler/outline/pointer-heart.svg,88dfe9f938c47fb1d0d7daac71ee00f63b388461be1b4b339a25ba481f581468,0 0 24 24,XML VALID — VISUAL REVIEW PENDING
assets/icons/tabler/outline/pointer-minus.svg,249b096d94a3121abcfb1e0122eada9f43b3809b3150eba9902df581ab42b13b,0 0 24 24,XML VALID — VISUAL REVIEW PENDING
assets/icons/tabler/outline/pointer-off.svg,586919501deed220cdbb653c1735483a55df8b2714942e2cb9fa07c71b5fd4fa,0 0 24 24,XML VALID — VISUAL REVIEW PENDING
assets/icons/tabler/outline/pointer-pause.svg,a37d81a8867efaf5cb85ec4390bd2d15fec8aca58193896f0a7d0e663b2d7bdd,0 0 24 24,XML VALID — VISUAL REVIEW PENDING
assets/icons/tabler/outline/pointer-pin.svg,b584676fddec2b84b3c3bb59bd7bb001442218195ca79da264cee13d2a60255d,0 0 24 24,XML VALID — VISUAL REVIEW PENDING
assets/icons/tabler/outline/pointer-plus.svg,baf117a6761a929a57cf794325aad35bd4e5d65851d80eae7db6b8fd0353e696,0 0 24 24,XML VALID — VISUAL REVIEW PENDING
assets/icons/tabler/outline/pointer-question.svg,dd584e5a8c6fb4875c09ef5d41e840008633e0335bd0d1cf751593caca35e066,0 0 24 24,XML VALID — VISUAL REVIEW PENDING
assets/icons/tabler/outline/pointer-search.svg,ccb877d7b642993060101c2834435e3830a5025e7641e26568b2e931b895ef64,0 0 24 24,XML VALID — VISUAL REVIEW PENDING
assets/icons/tabler/outline/pointer-share.svg,ac86c409ca471a077e0251735c8f6f226a9d4f7c50aa69eaf624120a20a4ab31,0 0 24 24,XML VALID — VISUAL REVIEW PENDING
assets/icons/tabler/outline/pointer-star.svg,8614ece9f17abdae08a23bb32b59930612e9ef6f0aa887922108a8b7ce63e7ec,0 0 24 24,XML VALID — VISUAL REVIEW PENDING
assets/icons/tabler/outline/pointer-up.svg,63abcb7fe0c6c7f5a0d33f40a7c208b147bf1706382f5a0eb867635987626f3f,0 0 24 24,XML VALID — VISUAL REVIEW PENDING
assets/icons/tabler/outline/pointer-x.svg,75cb189bc177607d08b7762aef5cf4b9c53bf64daa5051854d2b3c9f1caac14b,0 0 24 24,XML VALID — VISUAL REVIEW PENDING
assets/icons/tabler/outline/pointer.svg,aeffca2c1e4b13c94cecc4981d0ef6d742eea3921234814e5ec705901ac14aa2,0 0 24 24,XML VALID — VISUAL REVIEW PENDING
assets/icons/tabler/outline/pokeball-off.svg,4b8d383b267036fae4254d7e5661afdbb10699c1d211b6d619d70872dbf4d43a,0 0 24 24,XML VALID — VISUAL REVIEW PENDING
assets/icons/tabler/outline/pokeball.svg,6ecf24843248dd06609a59bedf314292adde8b57a46654038b5ad9f57d3e6eda,0 0 24 24,XML VALID — VISUAL REVIEW PENDING
assets/icons/tabler/outline/poker-chip.svg,8cc68ce11419c6ac422f3e95a0effc3db786d5bc5ce6d5f807de880357007222,0 0 24 24,XML VALID — VISUAL REVIEW PENDING
assets/icons/tabler/outline/polaroid.svg,dd72c9797fc92af0b5b87e3ed24ae92dbb831753637af446aba67a294e7f765a,0 0 24 24,XML VALID — VISUAL REVIEW PENDING
assets/icons/tabler/outline/polygon-off.svg,de87d0ee454cb21cc3c6dd4e2be6db6295b751187124eef239d85074b0973c2e,0 0 24 24,XML VALID — VISUAL REVIEW PENDING
assets/icons/tabler/outline/polygon.svg,2f9d108ff65827013814cfb166a7944d8e46f2d410dd51479e20a33a2cc5fc85,0 0 24 24,XML VALID — VISUAL REVIEW PENDING
assets/icons/tabler/outline/poo.svg,cc4dfc70bf1db51e22c749e9cecf043feb4efcf8e27a48f440380ca79b02db4c,0 0 24 24,XML VALID — VISUAL REVIEW PENDING
assets/icons/tabler/outline/pool-off.svg,bd85f8d6e27f79d9168999bf3c8b54f76cfca62cab89f715ca06ff314a383cca,0 0 24 24,XML VALID — VISUAL REVIEW PENDING
assets/icons/tabler/outline/pool.svg,7b37f45b9bc5e1002b2044e310a15be12412f88de7c0f06de4e487e30524f3df,0 0 24 24,XML VALID — VISUAL REVIEW PENDING
assets/icons/tabler/outline/power.svg,733a1dacd94c8c8ce869afb5ee0febe9bf6273c47d0694974ae8ac6805e33255,0 0 24 24,XML VALID — VISUAL REVIEW PENDING
assets/icons/tabler/outline/pray.svg,390d009cadeff96b8cac3e01b08faafd12b54867d302b97131179ce77b16bc75,0 0 24 24,XML VALID — VISUAL REVIEW PENDING
assets/icons/tabler/outline/premium-rights.svg,6dd96e919a325af3fec7dd85b9f473c994bcc507bffe13ab9a24a73933be77c0,0 0 24 24,XML VALID — VISUAL REVIEW PENDING
assets/icons/tabler/outline/prescription.svg,c48866f2aed19ce32eeead2ec82c4c0a180faa77d443eddcb2c9f1306028347b,0 0 24 24,XML VALID — VISUAL REVIEW PENDING
assets/icons/tabler/outline/presentation-analytics.svg,db3682903cc0521152244b5a29a36f3e2ff15ae2a4d4bafd8513cf284765ae65,0 0 24 24,XML VALID — VISUAL REVIEW PENDING
assets/icons/tabler/outline/presentation-off.svg,34c880924faaf98f1a7e0c95c3a0f4c9adb431a18652a64b77c7126d9eb51159,0 0 24 24,XML VALID — VISUAL REVIEW PENDING
assets/icons/tabler/outline/presentation.svg,7f3772e13ac57c5b2b1774a2c818a8a290ebf2e5ed343fd6b8fc5ef73add9514,0 0 24 24,XML VALID — VISUAL REVIEW PENDING
assets/icons/tabler/outline/printer-off.svg,d1d12d55a7d6e125a3967d7146d63872f5d46e4baa9050cfd3858e27518d4440,0 0 24 24,XML VALID — VISUAL REVIEW PENDING
assets/icons/tabler/outline/printer.svg,da402844e7a4c73955d89a76f1aa71c409f64e5b9e974b46c343e18e68678b9f,0 0 24 24,XML VALID — VISUAL REVIEW PENDING
assets/icons/tabler/outline/prism-light.svg,be9a2a4bdbfd8b05b0c99b71fc9634b03ab7b3e0f8e326e19c2cddc21c9d940d,0 0 24 24,XML VALID — VISUAL REVIEW PENDING
assets/icons/tabler/outline/prism-off.svg,f55c5bf44ed93169d72da1cfe0482c049de21d8e443f02740bca306e424d5700,0 0 24 24,XML VALID — VISUAL REVIEW PENDING
assets/icons/tabler/outline/prism-plus.svg,724ef16040133ed076ccfa16119377d11c0e43ada6c65d667e97bfc45e9c16f7,0 0 24 24,XML VALID — VISUAL REVIEW PENDING
assets/icons/tabler/outline/prism.svg,073d15020238e235540af5e1cd993d07a6794a6ee85def4c74ee541fa1c636c9,0 0 24 24,XML VALID — VISUAL REVIEW PENDING
assets/icons/tabler/outline/prison.svg,997e5d3769f3a72e0a1b63046cbc5ef21958e20b580f5a6bf669b5711b0fa354,0 0 24 24,XML VALID — VISUAL REVIEW PENDING
assets/icons/tabler/outline/progress-alert.svg,61a85557c9a768aa0467b19ba09da38fd7115378a945a828054316814b396e0e,0 0 24 24,XML VALID — VISUAL REVIEW PENDING
assets/icons/tabler/outline/progress-bolt.svg,45bb8052fdea06c6aa78f70b6d7c717f00bb422b1b4866e1aba8111e7cf86a36,0 0 24 24,XML VALID — VISUAL REVIEW PENDING
assets/icons/tabler/outline/progress-check.svg,8ec43dded520a0cd9ad14449b4ad5e6260836467a8fb287677c779ee9315e1d8,0 0 24 24,XML VALID — VISUAL REVIEW PENDING
assets/icons/tabler/outline/progress-down.svg,e949d976c3e25bf34dc19abde96292ada0b9cd5077333579319d7eb1baf6513b,0 0 24 24,XML VALID — VISUAL REVIEW PENDING
assets/icons/tabler/outline/progress-help.svg,eba1428d05ddade10e6a73eb77776c65921ee4c3fbc00a67cae6ae9ce33fbb17,0 0 24 24,XML VALID — VISUAL REVIEW PENDING
assets/icons/tabler/outline/progress-x.svg,d2ed6247f9c209c8ba94eca148e52d1787f31bd797e8d0e289e98a7022d70305,0 0 24 24,XML VALID — VISUAL REVIEW PENDING
assets/icons/tabler/outline/progress.svg,be34ac18fa74e5265828b005b7e584a29f59554abfc8711c9f5611b5c988d7dc,0 0 24 24,XML VALID — VISUAL REVIEW PENDING
assets/icons/tabler/outline/prompt.svg,aebe8688099e8f056675d841423929a35a2fb8df4e7b54e5f801065738447067,0 0 24 24,XML VALID — VISUAL REVIEW PENDING
assets/icons/tabler/outline/prong.svg,62e01a51b8fe9d536e58de670135d45190f5f788e072fb3674c30b865de77acc,0 0 24 24,XML VALID — VISUAL REVIEW PENDING
assets/icons/tabler/outline/propeller-off.svg,f61e679656e75c28f6bfef9685ea83e6abb0657e8325d916009647ccaed591f8,0 0 24 24,XML VALID — VISUAL REVIEW PENDING
assets/icons/tabler/outline/propeller.svg,06611d51e2f879d205e83c01c4c3046f52fe76fef662dc1e9f661cafa44ef49f,0 0 24 24,XML VALID — VISUAL REVIEW PENDING
assets/icons/tabler/outline/protocol.svg,059588506fd00bf1eba668bcf444969f5b627e3a8e4fc23b9a3943471ea1b97a,0 0 24 24,XML VALID — VISUAL REVIEW PENDING
assets/icons/tabler/outline/pumpkin-scary.svg,a0a1b878dcf620f77217756f3c279d96cb0812b3b09013168902b1e7d6b2728f,0 0 24 24,XML VALID — VISUAL REVIEW PENDING
assets/icons/tabler/outline/puzzle-2.svg,c8fadcd8a37cd9189c8e335341cfa38c3fd442bd11e45a00cf30cde0d7c7b842,0 0 24 24,XML VALID — VISUAL REVIEW PENDING
assets/icons/tabler/outline/puzzle-off.svg,9bc6dbf1ab5a5c1753ba595f38dfd58028d98e4586a5ea3fc390fe4c4f9bb1ab,0 0 24 24,XML VALID — VISUAL REVIEW PENDING
assets/icons/tabler/outline/puzzle.svg,e0763ef4a1ca2d7f6ef1d47b8b59d5a6bd45448dc0be26cdda40a4430ab07f8d,0 0 24 24,XML VALID — VISUAL REVIEW PENDING
assets/icons/tabler/outline/pyramid-off.svg,f2843c19648ee751cfcc0d97c713c09fc48dd49b44c531d1ac3ccb92a1285205,0 0 24 24,XML VALID — VISUAL REVIEW PENDING
assets/icons/tabler/outline/pyramid-plus.svg,0b229e43fbb97039292ef6aa5d926bf4b9737a4418ebe922c446c002b9cbb2ab,0 0 24 24,XML VALID — VISUAL REVIEW PENDING
assets/icons/tabler/outline/pyramid.svg,e601b5c7fb69205fd908b0b91619c74861d6222620dcf5e05f77796f8dd2b04b,0 0 24 24,XML VALID — VISUAL REVIEW PENDING
assets/icons/tabler/outline/qrcode-off.svg,0d16c972793eb2ada7081a42acd35106f38582c01e5b1da6dcf96522893de7e4,0 0 24 24,XML VALID — VISUAL REVIEW PENDING
assets/icons/tabler/outline/qrcode.svg,e602ab31c712988fb63a2981d494674c3030cb7a114368d1ab19437d50ce5f90,0 0 24 24,XML VALID — VISUAL REVIEW PENDING
assets/icons/tabler/outline/question-mark.svg,4cae648941f4efff750071014d2ae8056a08f630a00ed388ca627a38a0c34ca9,0 0 24 24,XML VALID — VISUAL REVIEW PENDING
assets/icons/tabler/outline/quote-off.svg,e8dbb8bfa6009a2546b2af1c3c3c3c13b047fbf69ad5f1cd32712302f2e9ea68,0 0 24 24,XML VALID — VISUAL REVIEW PENDING
assets/icons/tabler/outline/quote.svg,9e098e3a70ff20192e58f2d8253c3c1ad64706d710b5b620053ba556d16bbf0e,0 0 24 24,XML VALID — VISUAL REVIEW PENDING
assets/icons/tabler/outline/quotes.svg,93cad2ba0d49b210fe33a827bf951d71d89ee94213e8ccac68e3792ac2e851e5,0 0 24 24,XML VALID — VISUAL REVIEW PENDING
assets/icons/tabler/outline/radar-2.svg,2962054bb55dcbb3cb5c4d87ce4a0ec79cc6e188e82498048f5a0da28091df43,0 0 24 24,XML VALID — VISUAL REVIEW PENDING
assets/icons/tabler/outline/radar-off.svg,6eec5ef6a5e427047e378a72503be0f5c9145555e49d8642ff492af1a466a672,0 0 24 24,XML VALID — VISUAL REVIEW PENDING
assets/icons/tabler/outline/radar.svg,13b3b2093fe436d3e4106d3470e9a30135b5917c0718bcf95b8ef12d8cb8823e,0 0 24 24,XML VALID — VISUAL REVIEW PENDING
assets/icons/tabler/outline/radio-off.svg,e9db007729eb24b018f3529b1a744c5698130cf1803ab6c60bbc63988460640f,0 0 24 24,XML VALID — VISUAL REVIEW PENDING
assets/icons/tabler/outline/radio.svg,3d3d606d04039d25d0fe54587b21bf48e352addab3d3fdca5bfd51ca72df7a49,0 0 24 24,XML VALID — VISUAL REVIEW PENDING
assets/icons/tabler/outline/radioactive-off.svg,0e56f166fcd8f0d89b8807c8d73fdc99d75f811d6d85379e531a333dfd3e3c48,0 0 24 24,XML VALID — VISUAL REVIEW PENDING
assets/icons/tabler/outline/radioactive.svg,4b370f6486e7cf4906b9efc37e181a51084ed4fcee5a090a90f0b4af5bf99e8b,0 0 24 24,XML VALID — VISUAL REVIEW PENDING
assets/icons/tabler/outline/radius-bottom-left.svg,2e201a939630a89f63ac1fb60168e42080a2092e91288896dff75422737f1f87,0 0 24 24,XML VALID — VISUAL REVIEW PENDING
assets/icons/tabler/outline/radius-bottom-right.svg,048af6a554c8a471af34a3b44cfee7dd27501a4acefcac90d0ad048f55880631,0 0 24 24,XML VALID — VISUAL REVIEW PENDING
assets/icons/tabler/outline/radius-top-left.svg,d02ee497987da28ee3e52c242cec6ace5ea83c0512328f68e3117890b0cf978e,0 0 24 24,XML VALID — VISUAL REVIEW PENDING
assets/icons/tabler/outline/radius-top-right.svg,8feed13e6bc06bb0a5f1efed687dc4f95a53cfdaf60f02730f2dc591a6c53ee3,0 0 24 24,XML VALID — VISUAL REVIEW PENDING
assets/icons/tabler/outline/rainbow-off.svg,59ac2af4c456ab9a22d3b80f1165d63f2eba2a453999d1f9a270e7797bdf645b,0 0 24 24,XML VALID — VISUAL REVIEW PENDING
assets/icons/tabler/outline/rainbow.svg,fd5b7b60e1985058e36ff47bcdc3285d56cd76520ef2e5c515480b9b5faf3683,0 0 24 24,XML VALID — VISUAL REVIEW PENDING
assets/icons/tabler/outline/rating-12-plus.svg,5e00bb8b99392c45a82c7bd950d8107ded1f5af6966dd43005a25badc99ad5af,0 0 24 24,XML VALID — VISUAL REVIEW PENDING
assets/icons/tabler/outline/rating-14-plus.svg,65a3092386f72a992a0998e13b3fcd61fc7f1cb82d22fce81cfccbd41610096d,0 0 24 24,XML VALID — VISUAL REVIEW PENDING
assets/icons/tabler/outline/rating-16-plus.svg,a8b1bf653603f0de50f3000d50d51d37bc6d8d4aabf2c8f72a30cf6a538d1638,0 0 24 24,XML VALID — VISUAL REVIEW PENDING
assets/icons/tabler/outline/rating-18-plus.svg,80419b37effa58fbe9a865868e2b5fb21134ba01d2ff9880df8699fdda98d6df,0 0 24 24,XML VALID — VISUAL REVIEW PENDING
assets/icons/tabler/outline/rating-21-plus.svg,c316ebf0be147864ddc155b83090834062260a4dc9f6548d1d46c49a990f8518,0 0 24 24,XML VALID — VISUAL REVIEW PENDING
assets/icons/tabler/outline/razor-electric.svg,d01c4b86064c0fae8d7d70cec2e358e3972b7ed3d7e81d667150358e30e30111,0 0 24 24,XML VALID — VISUAL REVIEW PENDING
assets/icons/tabler/outline/razor.svg,e2c2bd5246dbc8f1fca0fa0bc4a40e385e5e014aab428dfb04b46ff4723fc611,0 0 24 24,XML VALID — VISUAL REVIEW PENDING
assets/icons/tabler/outline/receipt-2.svg,567a09be4aec90614789ee8e796a055dd3f9fb51253f2397caa5e049db5b4fc4,0 0 24 24,XML VALID — VISUAL REVIEW PENDING
assets/icons/tabler/outline/receipt-bitcoin.svg,5326957f1770816f65eee8b0601c0026d608fb2be85db82f422d929d489656c2,0 0 24 24,XML VALID — VISUAL REVIEW PENDING
assets/icons/tabler/outline/receipt-dollar.svg,83cdba4c285c41e8b39d74b0bf1f01b5e078ac78cfe0033d5fbd5af09af66411,0 0 24 24,XML VALID — VISUAL REVIEW PENDING
assets/icons/tabler/outline/receipt-euro.svg,4029d7fb3599c67e85594c4d16dc89713d0c401d10335ef6bb57822ab5e6eba4,0 0 24 24,XML VALID — VISUAL REVIEW PENDING
assets/icons/tabler/outline/receipt-off.svg,6721213d3a224fb7b27af101fca1bf9f7071cd7ed6a94810af8b0319a3270b6e,0 0 24 24,XML VALID — VISUAL REVIEW PENDING
assets/icons/tabler/outline/receipt-pound.svg,e79ca614f52713a31d1ef067b7ee83139605ed34ee3428bfcb09b2e75d532021,0 0 24 24,XML VALID — VISUAL REVIEW PENDING
assets/icons/tabler/outline/receipt-refund.svg,70d3cebca85e8762a997f363756e312fddcbfbe830f7c6289ed3a8d2e7a07ece,0 0 24 24,XML VALID — VISUAL REVIEW PENDING
assets/icons/tabler/outline/receipt-rupee.svg,37d8c9a497d389622c231a73269545c5dac0afb4feabdcf835daee81f1f04ea8,0 0 24 24,XML VALID — VISUAL REVIEW PENDING
assets/icons/tabler/outline/receipt-tax.svg,cd914fc70a0957c51dc8cb06b50f16cfbabe6ae0f70b325a560de8268ddbd768,0 0 24 24,XML VALID — VISUAL REVIEW PENDING
assets/icons/tabler/outline/receipt-yen.svg,6ae79f039664d81b4a1085b7386d62478f028b238755670a3208c1532e545f4e,0 0 24 24,XML VALID — VISUAL REVIEW PENDING
assets/icons/tabler/outline/receipt-yuan.svg,1fbdea89f0ee3a6f80b3b14de7dc9c749ea554f74e37a8920ddca44734fe4643,0 0 24 24,XML VALID — VISUAL REVIEW PENDING
assets/icons/tabler/outline/receipt.svg,662e432343b0bf6cb74d57c0a74eaf30f141bb45ad73e1daf7c78e6d070f3e9e,0 0 24 24,XML VALID — VISUAL REVIEW PENDING
assets/icons/tabler/outline/recharging.svg,58a75c61fd15f24b4e3b095460bee74de55c39512c46651fed9afd393092284b,0 0 24 24,XML VALID — VISUAL REVIEW PENDING
assets/icons/tabler/outline/record-mail-off.svg,eac71b9d1876a4face4ed4226f146877062717d092dbe93a4dfdf620ca1a46db,0 0 24 24,XML VALID — VISUAL REVIEW PENDING
assets/icons/tabler/outline/record-mail.svg,354cf349de3396019eb3f581b524c0bcbb94baff47e36b1510388010995ee9bc,0 0 24 24,XML VALID — VISUAL REVIEW PENDING
assets/icons/tabler/outline/rectangle-rounded-bottom.svg,78212f9ea38021a863afbdbc76188b2343e5ab7a60297c7ff88479aff6b09b64,0 0 24 24,XML VALID — VISUAL REVIEW PENDING
assets/icons/tabler/outline/rectangle-rounded-top.svg,d8448e0e32d880c6fa1b38f451b85b4b199a33bc49af88fd9ad6bf14fe22f55e,0 0 24 24,XML VALID — VISUAL REVIEW PENDING
assets/icons/tabler/outline/rectangle-vertical.svg,0da2d3dfa7da5500166ff1ffa899d16cf89c6ba24947c32f2566c65877e2352a,0 0 24 24,XML VALID — VISUAL REVIEW PENDING
assets/icons/tabler/outline/rectangle.svg,a4e985d9a485eeadeb9c24c66861d0c8cd6d850606d1395dd1a50c9c15a07912,0 0 24 24,XML VALID — VISUAL REVIEW PENDING
assets/icons/tabler/outline/rectangular-prism-off.svg,92cbd98ceb1d6e617cc6e234d219fa6518089e1053f156e18a86d78f0652d5e8,0 0 24 24,XML VALID — VISUAL REVIEW PENDING
assets/icons/tabler/outline/rectangular-prism-plus.svg,c9bd04ea887629e6170d1472878fa41a4403d9af451d47ee51858d8d01b8d4f7,0 0 24 24,XML VALID — VISUAL REVIEW PENDING
assets/icons/tabler/outline/rectangular-prism.svg,6dcf5a58aac67a1f8ae6abb94d9c0abe4ddaa8b8c1dd3f4426eff93573896a2f,0 0 24 24,XML VALID — VISUAL REVIEW PENDING
assets/icons/tabler/outline/recycle-off.svg,4c3b89d8ab6db59234fc65c534eff40705f1b551076deff2a824f95d7c8907af,0 0 24 24,XML VALID — VISUAL REVIEW PENDING
assets/icons/tabler/outline/recycle.svg,a1e20e91cf6bfe57c51e7ecd77bb06bc6d12fd009e6534c9e529b563514c9440,0 0 24 24,XML VALID — VISUAL REVIEW PENDING
assets/icons/tabler/outline/refresh-alert.svg,03d0715322e06d8505a048e4ffc14d478889cf4d6ae68f37c49c19f227ddb59f,0 0 24 24,XML VALID — VISUAL REVIEW PENDING
assets/icons/tabler/outline/refresh-dot.svg,9eeec6bd7c27dfaa6af23ef495ea2e4cb938e3431a1372d1dc5adf83b9489247,0 0 24 24,XML VALID — VISUAL REVIEW PENDING
assets/icons/tabler/outline/refresh-off.svg,845873e6f7abe4ab6f72130dc58ec45f9a1c3ab15dd046b700c208b2194baf47,0 0 24 24,XML VALID — VISUAL REVIEW PENDING
assets/icons/tabler/outline/refresh.svg,19846b56344f057bb35724fe086c922d7442e5de5d78ffde8eb158d24f25ccf3,0 0 24 24,XML VALID — VISUAL REVIEW PENDING
assets/icons/tabler/outline/regex-off.svg,85de15c1c7f3ff764325b4f486b6f98b008fcde6672b8350a10a8213574ccd01,0 0 24 24,XML VALID — VISUAL REVIEW PENDING
assets/icons/tabler/outline/regex.svg,5a84582b912e47a2085ab4f0bf30ae12ea85a7efc12f09f51f07f92a7ef7e271,0 0 24 24,XML VALID — VISUAL REVIEW PENDING
assets/icons/tabler/outline/registered.svg,2b4e57fde5744e605b1a3be481a6cdf806e5015f2a9677e512e071dcbdbef0bd,0 0 24 24,XML VALID — VISUAL REVIEW PENDING
assets/icons/tabler/outline/relation-many-to-many.svg,f91689dda9d4c39f5edd47c7bbfdad34582f9c6b24927c005ec17f3c8a300cb5,0 0 24 24,XML VALID — VISUAL REVIEW PENDING
assets/icons/tabler/outline/relation-one-to-many.svg,7a4443a25721b27cd19c5f5429c7792cec614e4b550533bc1b3187600ac0fc21,0 0 24 24,XML VALID — VISUAL REVIEW PENDING
assets/icons/tabler/outline/relation-one-to-one.svg,c533e74edf835f4c329e37c9f6e5b49c826f6e9b11e6cc2c6beece0c9889dc9b,0 0 24 24,XML VALID — VISUAL REVIEW PENDING
assets/icons/tabler/outline/reload.svg,2f0819c089981ff11e58ff8650473d4188f33b88ca61c99f46595dd999b9225e,0 0 24 24,XML VALID — VISUAL REVIEW PENDING
assets/icons/tabler/outline/reorder.svg,ed6bd729f55403b27432f22a640e15181aa8ab00d197dbaef155476b92f789c6,0 0 24 24,XML VALID — VISUAL REVIEW PENDING
assets/icons/tabler/outline/repeat-off.svg,5cfab51cc6123fda1884409b5f102a12a76b40629c7dddbb088064663f0a7456,0 0 24 24,XML VALID — VISUAL REVIEW PENDING
assets/icons/tabler/outline/repeat-once.svg,b9b8f45d2fe587e2e507b995dc5ff789985217169214187b415f94fb11ae9b54,0 0 24 24,XML VALID — VISUAL REVIEW PENDING
assets/icons/tabler/outline/repeat.svg,96562802a484e03b3137ee94e5fd7f4e06b80e012b0c5797d5cf8a5cac93d0cb,0 0 24 24,XML VALID — VISUAL REVIEW PENDING
assets/icons/tabler/outline/replace-off.svg,924c341eb30d97950e5d45664d8484dd70612cafbfc7393f8f90c2320648acfd,0 0 24 24,XML VALID — VISUAL REVIEW PENDING
assets/icons/tabler/outline/replace-user.svg,31d01083be02d93977f35d76e3e6f6f02eb060dcf508652e143d1d446b24f266,0 0 24 24,XML VALID — VISUAL REVIEW PENDING
assets/icons/tabler/outline/replace.svg,8532e87e59640599d1612a3d880b1e2e8b397edb41c069483e720006720396e3,0 0 24 24,XML VALID — VISUAL REVIEW PENDING
assets/icons/tabler/outline/report-analytics.svg,743beffe1e98ee4c6af66dd311663d962838e65a852a5b9091642457136cbf9f,0 0 24 24,XML VALID — VISUAL REVIEW PENDING
assets/icons/tabler/outline/report-medical.svg,d0da28200d52c00922c3936654f12798ebbbaab7dc186d3e36a097c7f5c885d4,0 0 24 24,XML VALID — VISUAL REVIEW PENDING
assets/icons/tabler/outline/report-money.svg,bb215c6afdeef672a314cb94567ed3158be063186f87da05d11bc3f1f8dde552,0 0 24 24,XML VALID — VISUAL REVIEW PENDING
assets/icons/tabler/outline/report-off.svg,97039e8a6fc824d98c82fe8a9975148ae213fa4d7d9cbe14d84112daf5172e5b,0 0 24 24,XML VALID — VISUAL REVIEW PENDING
assets/icons/tabler/outline/report-search.svg,6d799e30c7e7525be900b4678165e97a00c6bad0ef379ce9a9669d41a69b1f70,0 0 24 24,XML VALID — VISUAL REVIEW PENDING
assets/icons/tabler/outline/report.svg,c7a502904eb24b0bf9ec46e69dc27ae84a1678ca62df647434b670e064ecc8c0,0 0 24 24,XML VALID — VISUAL REVIEW PENDING
assets/icons/tabler/outline/reserved-line.svg,3b2b8e54a1b14bd61ccc7a1cc205db607c05ffe3452901c629ede4ea1ea48397,0 0 24 24,XML VALID — VISUAL REVIEW PENDING
assets/icons/tabler/outline/resize.svg,62899fe7b84fd56425736192c16ecd193b210a4de3d024da2ad13c336cb70055,0 0 24 24,XML VALID — VISUAL REVIEW PENDING
assets/icons/tabler/outline/restore.svg,87d10412421c4533e75dedaf666806a179c277c9ea1341814c573b0eae23761d,0 0 24 24,XML VALID — VISUAL REVIEW PENDING
assets/icons/tabler/outline/rewind-backward-10.svg,b7f7e7100fd6f0950cbf8676b1f7f012a3bbfc7166e6fbd300823c526eed9338,0 0 24 24,XML VALID — VISUAL REVIEW PENDING
assets/icons/tabler/outline/rewind-backward-15.svg,7a782c8ace791f6ac737646b7116398bdb76235b5cb34da7cd6d552efd592bd9,0 0 24 24,XML VALID — VISUAL REVIEW PENDING
assets/icons/tabler/outline/rewind-backward-20.svg,6bfb18be3f0e2371040a4b4ff7f547d051405b460589c04207dc6417396cf0b4,0 0 24 24,XML VALID — VISUAL REVIEW PENDING
assets/icons/tabler/outline/rewind-backward-30.svg,24bc112fd86dcdb105eb94d3bcd2143bcdc8531bfd1e2d74414d0b0bb6cc6463,0 0 24 24,XML VALID — VISUAL REVIEW PENDING
assets/icons/tabler/outline/rewind-backward-40.svg,6a8e9971cc1c3989c7d7cd9b2ea39f2517085b38e702a4499e423e3392b3fe95,0 0 24 24,XML VALID — VISUAL REVIEW PENDING
assets/icons/tabler/outline/rewind-backward-5.svg,197f37471cfe9c3a583b027de09d0d8d022adaf4d95b21aafcac883163abf51d,0 0 24 24,XML VALID — VISUAL REVIEW PENDING
assets/icons/tabler/outline/rewind-backward-50.svg,f11e6ca0ced55f422675cc862152ae052ee483961c9d7347830c83003ab1b462,0 0 24 24,XML VALID — VISUAL REVIEW PENDING
assets/icons/tabler/outline/rewind-backward-60.svg,7e1d73a017b617beab00944705655072413d45ef235e6f9f981784644e085f68,0 0 24 24,XML VALID — VISUAL REVIEW PENDING
assets/icons/tabler/outline/rewind-forward-10.svg,2b2e6dd458283ed6f27a64c6f2ea13f33638885931f59abac46bead64230fb17,0 0 24 24,XML VALID — VISUAL REVIEW PENDING
assets/icons/tabler/outline/rewind-forward-15.svg,827e6f86485136531c2329999552742584b8603a6b00092ece813e184043026b,0 0 24 24,XML VALID — VISUAL REVIEW PENDING
assets/icons/tabler/outline/rewind-forward-20.svg,d425cbaa9ce40fd39473f51052f17302417446c5e8ee946b027f7e81b9936d21,0 0 24 24,XML VALID — VISUAL REVIEW PENDING
assets/icons/tabler/outline/rewind-forward-30.svg,58668493f39b36a5059b91b58dce91936d32a86f5b93a54d02e09d6621bef773,0 0 24 24,XML VALID — VISUAL REVIEW PENDING
assets/icons/tabler/outline/rewind-forward-40.svg,9bdf28d0d5e72f0f91f17ada5e5e64a4a37d89104bd981854f269d6273b89887,0 0 24 24,XML VALID — VISUAL REVIEW PENDING
assets/icons/tabler/outline/rewind-forward-5.svg,481ed51ce21ec11a867ff381de6b5a69bc6424eae19abe153ba110e5e7d003b2,0 0 24 24,XML VALID — VISUAL REVIEW PENDING
assets/icons/tabler/outline/rewind-forward-50.svg,a225b2b1cab5657be5ddc46c7a47cba1ead69b9f5e8677ed5abae484642ff2a4,0 0 24 24,XML VALID — VISUAL REVIEW PENDING
assets/icons/tabler/outline/rewind-forward-60.svg,04d364ef55fde2e72c1193a628cb782005349e3eb432d916ceefc92209024da7,0 0 24 24,XML VALID — VISUAL REVIEW PENDING
assets/icons/tabler/outline/ribbon-health.svg,40f157374ae8543dc1bca83b48bc9e6834f7defe8b1d92d984732af78b7b9b21,0 0 24 24,XML VALID — VISUAL REVIEW PENDING
assets/icons/tabler/outline/rings.svg,764a6c3fa299d13e2abfd9b926631b2413a60e8bb9e2a43fbf36575ed32acebc,0 0 24 24,XML VALID — VISUAL REVIEW PENDING
assets/icons/tabler/outline/ripple-off.svg,74209dceaf9debceeb126f242e51794d7dbcaab78083fef82264e1521c5438fb,0 0 24 24,XML VALID — VISUAL REVIEW PENDING
assets/icons/tabler/outline/ripple.svg,87cd3883ebb18b893f85fd93b6c4dfdc3c87507d43c52ef29ec4168521468e0e,0 0 24 24,XML VALID — VISUAL REVIEW PENDING
assets/icons/tabler/outline/road-off.svg,f80ca8ce1453f0212bd120f93419027d6f7c01cc0dd71b747a1b71ac8027a5d0,0 0 24 24,XML VALID — VISUAL REVIEW PENDING
assets/icons/tabler/outline/road-sign.svg,df68431327481865e47585af98a4139ec15abb409dcd6f68ec82282826337df4,0 0 24 24,XML VALID — VISUAL REVIEW PENDING
assets/icons/tabler/outline/road.svg,8325f0f0b367ba4800f3e75c7a595a756d505311c6400de7007bb2e66c940d8d,0 0 24 24,XML VALID — VISUAL REVIEW PENDING
assets/icons/tabler/outline/robot-face.svg,fd968dab485966c09bd18ff8cd3152edba885ccb24bd8f506197e88f9208bec2,0 0 24 24,XML VALID — VISUAL REVIEW PENDING
assets/icons/tabler/outline/robot-off.svg,705c16232fffeef972560c48ffc36426e67d1f2063cbde0738a320755df5ad70,0 0 24 24,XML VALID — VISUAL REVIEW PENDING
assets/icons/tabler/outline/robot.svg,bc66cf63d293018fa5f0fa0767c3490f91ce9ffe58c4f578ff78c3bdce219302,0 0 24 24,XML VALID — VISUAL REVIEW PENDING
assets/icons/tabler/outline/rocket-off.svg,2131d2969747e54d13c4f70b71d16906df325636689d090e0e0ab4accc0f42b4,0 0 24 24,XML VALID — VISUAL REVIEW PENDING
assets/icons/tabler/outline/rocket.svg,f713a2a7f6438a2a83490634898cfb8a28b63f9527fcaee5b85541cba1202d4c,0 0 24 24,XML VALID — VISUAL REVIEW PENDING
assets/icons/tabler/outline/roller-skating.svg,b3c72915c39de9dfb379f592b249ca802e595f7fbe97aed4b4d2edb09461400b,0 0 24 24,XML VALID — VISUAL REVIEW PENDING
assets/icons/tabler/outline/rollercoaster-off.svg,642368a3e82ba9fb82faf910c0e0aca1ff73bd2825e498c508910a8c435dce9a,0 0 24 24,XML VALID — VISUAL REVIEW PENDING
assets/icons/tabler/outline/rollercoaster.svg,7696c3fcba4ed8fa26b7752f12e8c3918f1b59af8d0fe4cfece586d9c94508e5,0 0 24 24,XML VALID — VISUAL REVIEW PENDING
assets/icons/tabler/outline/rosette-discount-check-off.svg,5bf0f3ef8ef4f2089dd39ce7e20abe4d53aa0ef429a9bafaf730ba773cc35ecd,0 0 24 24,XML VALID — VISUAL REVIEW PENDING
assets/icons/tabler/outline/rosette-discount-check.svg,c3037a71a26ca7472bbf249ecec96520e135dc5e47481725535b05828d59f5f4,0 0 24 24,XML VALID — VISUAL REVIEW PENDING
assets/icons/tabler/outline/rosette-discount-off.svg,e23ce3412a133a7c0d69c284ad1ac97899bbbedaddc8ae377d736c29f074f387,0 0 24 24,XML VALID — VISUAL REVIEW PENDING
assets/icons/tabler/outline/rosette-discount.svg,5a91139515d5d4b3fc1f8a2fa35defc6df9ef8d60c0cccdf9e171fe806951e85,0 0 24 24,XML VALID — VISUAL REVIEW PENDING
assets/icons/tabler/outline/rosette-number-0.svg,2b55397925abcb32c36e76a04940963890029595668a4e28f7a0304a78815eae,0 0 24 24,XML VALID — VISUAL REVIEW PENDING
assets/icons/tabler/outline/rosette-number-1.svg,b1bca6e33ef49d385542814d15b79892b011cddb2fab0750af5f06f18f12a3f8,0 0 24 24,XML VALID — VISUAL REVIEW PENDING
assets/icons/tabler/outline/rosette-number-2.svg,4f2a31416a2352a9adb228d6c787914e04aa506f64e05b2354ca7b5e0f3a955a,0 0 24 24,XML VALID — VISUAL REVIEW PENDING
assets/icons/tabler/outline/rosette-number-3.svg,3d24853a5934b6b63ed2065c10b63dd4086608b3b089570e72cfb16707154ea3,0 0 24 24,XML VALID — VISUAL REVIEW PENDING
assets/icons/tabler/outline/rosette-number-4.svg,9d3c4eb61536f662dd79654fdb974f93998ba33b303eb5c94d23195b8a3f0845,0 0 24 24,XML VALID — VISUAL REVIEW PENDING
assets/icons/tabler/outline/rosette-number-5.svg,542ab8c67ea3478e6f0e0257658a9ef00614a4917aa3577f2624937e50c6801e,0 0 24 24,XML VALID — VISUAL REVIEW PENDING
assets/icons/tabler/outline/rosette-number-6.svg,91fcc81b38a52192af60c5c1ab107777767dd876f91eda9e74f859a15fc29dd1,0 0 24 24,XML VALID — VISUAL REVIEW PENDING
assets/icons/tabler/outline/rosette-number-7.svg,d38461e04e3b66ea14fcacaf628b7a660c11461e60dc636fe48972a33e7146fc,0 0 24 24,XML VALID — VISUAL REVIEW PENDING
assets/icons/tabler/outline/rosette-number-8.svg,8446f021fd051a132fa790bdf9f0efc19775284905f1de25be3a2c0afd21e640,0 0 24 24,XML VALID — VISUAL REVIEW PENDING
assets/icons/tabler/outline/rosette-number-9.svg,4a98307b89bfbf2dfde92c664655b3411d32798ed0cc16ce46b917cb7647ca8a,0 0 24 24,XML VALID — VISUAL REVIEW PENDING
assets/icons/tabler/outline/rosette.svg,950767f1f64f2a312076287faaecd0065e5f562098b31a90c350d32e11eda87e,0 0 24 24,XML VALID — VISUAL REVIEW PENDING
assets/icons/tabler/outline/rotate-2.svg,e128aa2e82c1c2d0b24dd07793efded8a14be6ff6bd22cecfb06f01cd08f6922,0 0 24 24,XML VALID — VISUAL REVIEW PENDING
assets/icons/tabler/outline/rotate-360.svg,a832d29d81cfaf121f0f5bb6f7f3b1dddbf9fede3c2dab686150db764036907f,0 0 24 24,XML VALID — VISUAL REVIEW PENDING
assets/icons/tabler/outline/rotate-3d.svg,96cc91bdc581370bdca475b3ea689faf7cbe1bc69df62b812de6cf019fb48969,0 0 24 24,XML VALID — VISUAL REVIEW PENDING
assets/icons/tabler/outline/rotate-clockwise-2.svg,e1ba269045b0d7ad019fe07e4fab50e10ac5e8356479b4a5e28a8563c8c80c15,0 0 24 24,XML VALID — VISUAL REVIEW PENDING
assets/icons/tabler/outline/rotate-clockwise.svg,6064e56fc8053ea198b5db53def069dd9d65a109e0f52d7b44cc2fa8ff92e350,0 0 24 24,XML VALID — VISUAL REVIEW PENDING
assets/icons/tabler/outline/rotate-dot.svg,afa9da64de2d72c12e9c6744828fcae13c75492e6bb93eb259ae2cb386b0e45b,0 0 24 24,XML VALID — VISUAL REVIEW PENDING
assets/icons/tabler/outline/rotate-rectangle.svg,abac3a37fad6179c1b77fe82d089d4d0c323eab1a43f85432640e78c866566ef,0 0 24 24,XML VALID — VISUAL REVIEW PENDING
assets/icons/tabler/outline/rotate.svg,6f172d0cd27f5db2207a5d0e65c0d9a29ca6df46bf8eedcdb2e89ad2cf7e4e46,0 0 24 24,XML VALID — VISUAL REVIEW PENDING
assets/icons/tabler/outline/route-2.svg,918ef0ff6bc87ab07f36492241331759b0244241c55562002094efeb695fab62,0 0 24 24,XML VALID — VISUAL REVIEW PENDING
assets/icons/tabler/outline/route-alt-left.svg,9f9d27ba304d1920207dc959c789acd4c3e40593c7dcadcc808e5235804b95ff,0 0 24 24,XML VALID — VISUAL REVIEW PENDING
assets/icons/tabler/outline/route-alt-right.svg,88904d34256121d5cae319e7497c4c6fc5d34450fdbd17e61a93d7cb55711c1c,0 0 24 24,XML VALID — VISUAL REVIEW PENDING
assets/icons/tabler/outline/route-off.svg,ddc7f5b8a97dab84cafd37f29d5c154444ac3e1e35422c9ef8b0ab5bf95997b5,0 0 24 24,XML VALID — VISUAL REVIEW PENDING
assets/icons/tabler/outline/route-scan.svg,76f3404be52bffc68c4b23d116fcf85481145ba812d98ff36180b201ee5d627d,0 0 24 24,XML VALID — VISUAL REVIEW PENDING
assets/icons/tabler/outline/route-square-2.svg,15a7bea5eee05a48985dfd8e3ba4f8597b2f927dae55343a0c46210427233b20,0 0 24 24,XML VALID — VISUAL REVIEW PENDING
assets/icons/tabler/outline/route-square.svg,bd40a1a8c631f269817c822ad3ca109fa93c82a9d409698a097a9fe86948020f,0 0 24 24,XML VALID — VISUAL REVIEW PENDING
assets/icons/tabler/outline/route-x-2.svg,8b406867faed3cf16287e3398bf87c608076adf04978f4aea7050188ba70085c,0 0 24 24,XML VALID — VISUAL REVIEW PENDING
assets/icons/tabler/outline/route-x.svg,dc19f3dbc059f9ebb1549848ebc73c447fc2dc95ee0086b043756cd7fa2d040f,0 0 24 24,XML VALID — VISUAL REVIEW PENDING
assets/icons/tabler/outline/route.svg,5fa0db786e6a74e59a03025f3d7a0aee0d59b351fb1ca67c4fcbbf7512b529ba,0 0 24 24,XML VALID — VISUAL REVIEW PENDING
assets/icons/tabler/outline/router-off.svg,98261d69e55318e5c66fd61ea5944bfa62a1fc4941005b928cd46bbe366fa43d,0 0 24 24,XML VALID — VISUAL REVIEW PENDING
assets/icons/tabler/outline/router.svg,d08bc795de1701473ce873a5347c45781b44e6590e85221b35bf4e94b45cde23,0 0 24 24,XML VALID — VISUAL REVIEW PENDING
assets/icons/tabler/outline/row-insert-bottom.svg,372fa48a3a838cc366694d9753c79bf442287cb4c6bd9a5b75bad7b90468d0a7,0 0 24 24,XML VALID — VISUAL REVIEW PENDING
assets/icons/tabler/outline/row-insert-top.svg,640f4189335f5f73fe34892db3a33e30bc8c9f497faca35f7cb142f28e1ee1e6,0 0 24 24,XML VALID — VISUAL REVIEW PENDING
assets/icons/tabler/outline/row-remove.svg,c1dedffbd73c1f95764e1867c2a3fa958da45d11cdf4045c8aafd0377f000afe,0 0 24 24,XML VALID — VISUAL REVIEW PENDING
assets/icons/tabler/outline/rss.svg,4cbff2fd694fb59a404d4a8721e5a0b73bcb9bb141aa5356d7c27ab78ed47649,0 0 24 24,XML VALID — VISUAL REVIEW PENDING
assets/icons/tabler/outline/rubber-stamp-off.svg,9c5d0e10fbbfcdb1786115d4b81e1881acaa2eabf41b573d500d7e5aa8f801a1,0 0 24 24,XML VALID — VISUAL REVIEW PENDING
assets/icons/tabler/outline/rubber-stamp.svg,52a82da6f4f0a7be6cdd4a8a0344dce017c4c98653e95b787ccac0033ed7fe40,0 0 24 24,XML VALID — VISUAL REVIEW PENDING
assets/icons/tabler/outline/ruler-2-off.svg,94d46f699a9dced0d46d3612e96d0603e1bee7aa878b36af494b227c5b44d6de,0 0 24 24,XML VALID — VISUAL REVIEW PENDING
assets/icons/tabler/outline/ruler-2.svg,dbe37de08cad391208cf49f990fac490a65c98ae6d35fd4708a0b850c2d73baf,0 0 24 24,XML VALID — VISUAL REVIEW PENDING
assets/icons/tabler/outline/ruler-3.svg,fff392e64fc8e0f97151c52019d32fb9f0e2d09119e4331557bc4b57862309b0,0 0 24 24,XML VALID — VISUAL REVIEW PENDING
assets/icons/tabler/outline/ruler-measure-2.svg,7d98ab10d036e10141be9de114dc824cd79e3c09eb4dbadc19b46c805fb72c30,0 0 24 24,XML VALID — VISUAL REVIEW PENDING
assets/icons/tabler/outline/ruler-measure.svg,fafbac5cfc61af78d3e021c7b498c20e2de7d1f1a88a2577c21c3dd19b2bd58e,0 0 24 24,XML VALID — VISUAL REVIEW PENDING
assets/icons/tabler/outline/ruler-off.svg,e56170b76f98538d1aff5c633d6d66491ef2810b4f255a792947669d878961de,0 0 24 24,XML VALID — VISUAL REVIEW PENDING
assets/icons/tabler/outline/ruler.svg,5f7270d392d7ed8fcfed06555b588a6b48061468cef7ebe7da35c8becf1ce453,0 0 24 24,XML VALID — VISUAL REVIEW PENDING
assets/icons/tabler/outline/run.svg,a899700dd0d8e68a8a7797aa255669f5ccc9f6996b33de00060e390d35450b39,0 0 24 24,XML VALID — VISUAL REVIEW PENDING
assets/icons/tabler/outline/rv-truck.svg,507c1bacd3fabfdb0589e23089bc52fe3d5dcc220280d4ba09c49f0c0a39356c,0 0 24 24,XML VALID — VISUAL REVIEW PENDING
assets/icons/tabler/outline/s-turn-down.svg,ffd41c797312e44fb537a338bcc0763675ac58dc44db128f303b308b653aa892,0 0 24 24,XML VALID — VISUAL REVIEW PENDING
assets/icons/tabler/outline/s-turn-left.svg,21f65879d59af72805d32d26263532f67710f9aad1641fc538f8e5436d1169b2,0 0 24 24,XML VALID — VISUAL REVIEW PENDING
assets/icons/tabler/outline/s-turn-right.svg,baf9239b08b3796385185adeda0ac84115b9260ab540576d9099093229e26c50,0 0 24 24,XML VALID — VISUAL REVIEW PENDING
assets/icons/tabler/outline/s-turn-up.svg,5a1b6a9fffd58f7ddad1fb390b38221e32a2b54bb8ec80bbd37ff9e38fa6b273,0 0 24 24,XML VALID — VISUAL REVIEW PENDING
assets/icons/tabler/outline/sailboat-2.svg,b9d35bd0ab2f90319987db83727023307e78b44b9219ea2ec2be5a49d9f13b68,0 0 24 24,XML VALID — VISUAL REVIEW PENDING
assets/icons/tabler/outline/sailboat-off.svg,d25517acb3217d0335c2d480a7d6b643d58d1a16e71769257c167dffc411241a,0 0 24 24,XML VALID — VISUAL REVIEW PENDING
assets/icons/tabler/outline/sailboat.svg,4fe9bb036d9093b37e1a28d32123610ada7802722712154f6b9d79710fd14d84,0 0 24 24,XML VALID — VISUAL REVIEW PENDING
assets/icons/tabler/outline/salad.svg,479b73d9b4106fc3a47b51706eaef7aae9a9b4be5fb3cd4228ce33b0c378c191,0 0 24 24,XML VALID — VISUAL REVIEW PENDING
assets/icons/tabler/outline/salt.svg,482f8b991893da385c90d67aa6463dde1d0ea5f623c50536d874e02cc9684886,0 0 24 24,XML VALID — VISUAL REVIEW PENDING
assets/icons/tabler/outline/sandbox.svg,17f7e0781a50bf62d2ba18d070b7152eaa9fd653b41589d014b41a3a33c321c2,0 0 24 24,XML VALID — VISUAL REVIEW PENDING
assets/icons/tabler/outline/satellite-off.svg,1f019c7b14b41a33fe346bc040aa04ac477c2f1e23af515a44fa1b0001d346ea,0 0 24 24,XML VALID — VISUAL REVIEW PENDING
assets/icons/tabler/outline/satellite.svg,b46e19714f4fb72e006259366b59aa49ec9efd971abd6a3e44d49d3e8ee61047,0 0 24 24,XML VALID — VISUAL REVIEW PENDING
assets/icons/tabler/outline/sausage.svg,de733330dcf1106186c1bb7179e5da8e211b75b87e57627abba16ddf342bfe88,0 0 24 24,XML VALID — VISUAL REVIEW PENDING
assets/icons/tabler/outline/scale-off.svg,91797cb89e5aefd29a40366bce9c54001886c7d2e9507b0e5eb419add3c7098f,0 0 24 24,XML VALID — VISUAL REVIEW PENDING
assets/icons/tabler/outline/scale-outline-off.svg,a69727738eb347feccaf074c268b339c148b360db751b9b2279d32e7a57bb5c3,0 0 24 24,XML VALID — VISUAL REVIEW PENDING
assets/icons/tabler/outline/scale-outline.svg,e33b5cac820c8f62c98c4d41ea30fd5867a875e767c7eb9564037623253777e1,0 0 24 24,XML VALID — VISUAL REVIEW PENDING
assets/icons/tabler/outline/scale.svg,5b368084cc650d137db63c87c58c68c8f5b84b1950a5e074ba14fdfa821f2e3d,0 0 24 24,XML VALID — VISUAL REVIEW PENDING
assets/icons/tabler/outline/scan-eye.svg,acef67644fb0379c559eefa1146e4d6643e1f2ab6aa2a573ae171ddb4c317227,0 0 24 24,XML VALID — VISUAL REVIEW PENDING
assets/icons/tabler/outline/scan-position.svg,67545840fb4e94bdfc118ac990695dea412780ad59073defd09e3feeec648ac7,0 0 24 24,XML VALID — VISUAL REVIEW PENDING
assets/icons/tabler/outline/scan.svg,0c13f3f41dfda9712d8e21dabb9b76c5ad59851eaf9100facaf598afb86f2f00,0 0 24 24,XML VALID — VISUAL REVIEW PENDING
assets/icons/tabler/outline/schema-off.svg,830bb7ce3b5459172c4a692ea3a6dc51da3882f501e6062e6ca17a32ec1d1cd6,0 0 24 24,XML VALID — VISUAL REVIEW PENDING
assets/icons/tabler/outline/schema.svg,e4fee41bc5dda24b7709de5bc7f7dabd89254e49e13da47842e915e14f80b966,0 0 24 24,XML VALID — VISUAL REVIEW PENDING
assets/icons/tabler/outline/school-bell.svg,f9ff44f9ab9a50d5aa343412717ea2908f81bb6bad88757613c4a9b57a1c8d56,0 0 24 24,XML VALID — VISUAL REVIEW PENDING
assets/icons/tabler/outline/school-off.svg,5907bb0b3796a2f12efda389883935362b25e8e4696bb5cb422808d880cdf8a1,0 0 24 24,XML VALID — VISUAL REVIEW PENDING
assets/icons/tabler/outline/school.svg,d349d11402886eaf3e9b33c74f8e86749705cbba4a12601e4fc5e1690f4b7e63,0 0 24 24,XML VALID — VISUAL REVIEW PENDING
assets/icons/tabler/outline/scissors-off.svg,f932758a52728a6536ea01c845bfef30a0bfb64b05df6bc8a062ff9e74d2e992,0 0 24 24,XML VALID — VISUAL REVIEW PENDING
assets/icons/tabler/outline/scissors.svg,d79b2ea1b81c7ace49c3e5520fe0fe2ab8fc73c5fea619f922b74749ebff4cff,0 0 24 24,XML VALID — VISUAL REVIEW PENDING
assets/icons/tabler/outline/scooter-electric.svg,ab487a5e3b904cae6ce9127ecacc8b5831f0830815bf6ff8554e8b888dd286b4,0 0 24 24,XML VALID — VISUAL REVIEW PENDING
assets/icons/tabler/outline/scooter.svg,70e745bc8b516657efc671229f0eb03ed3ea79afd067c247c2ccd035cce916c1,0 0 24 24,XML VALID — VISUAL REVIEW PENDING
assets/icons/tabler/outline/scoreboard.svg,245966a4d2ee93fef58ac2b1bce412548f4712a4b44fbefd79a3fcd1f8ed674a,0 0 24 24,XML VALID — VISUAL REVIEW PENDING
assets/icons/tabler/outline/screen-share-off.svg,8d8a89453cbf781306e6610890af7c53ac9a6efe29080b06df6c66cd9777c2ef,0 0 24 24,XML VALID — VISUAL REVIEW PENDING
assets/icons/tabler/outline/screen-share.svg,da71d699b82f53d0798cfd482ab42807b67922020b1e997392337dd713cf64f9,0 0 24 24,XML VALID — VISUAL REVIEW PENDING
assets/icons/tabler/outline/screenshot.svg,0e59b3e5216ac3b95a7b26f19c4adc9d45218dffafba78c2cc7e887324402707,0 0 24 24,XML VALID — VISUAL REVIEW PENDING
assets/icons/tabler/outline/scribble-off.svg,8937ea16f8c240623e9787a4bdb5f9c7e5cf13f82aa9086a21911f07d4922fe8,0 0 24 24,XML VALID — VISUAL REVIEW PENDING
assets/icons/tabler/outline/scribble.svg,1042873c9e1f2b631f3f88f110ae8d1eb55accad4a11d885f605d1f4e68fe256,0 0 24 24,XML VALID — VISUAL REVIEW PENDING
assets/icons/tabler/outline/script-minus.svg,d012cb22f783d97c259913d954b6f013328071c0887bd86762bb8ff43d7dc8cd,0 0 24 24,XML VALID — VISUAL REVIEW PENDING
assets/icons/tabler/outline/script-plus.svg,f8c7eb5b12642ca7083e2a7d7bad7c8f71e1928f2b1ff29ec6e9c74c393c85fb,0 0 24 24,XML VALID — VISUAL REVIEW PENDING
assets/icons/tabler/outline/script-x.svg,44c53dd9044b0ec83429a6c251e60b3b55f7206305ea2fb3b72aebaaf428e6c4,0 0 24 24,XML VALID — VISUAL REVIEW PENDING
assets/icons/tabler/outline/script.svg,a9dcc760a6cb4be6d6dc0f5d8c76f19a53497505514a296223f93f243ef1a0f5,0 0 24 24,XML VALID — VISUAL REVIEW PENDING
assets/icons/tabler/outline/scuba-diving-tank.svg,43f80db4a72f29297023309a178a66bdb159ecc8deff3678d07f4d8a36f47a51,0 0 24 24,XML VALID — VISUAL REVIEW PENDING
assets/icons/tabler/outline/scuba-diving.svg,24c2907ec14255d3776a421496f7c69de3ecc4f9b9c9744a5e01e9eee2390c7b,0 0 24 24,XML VALID — VISUAL REVIEW PENDING
assets/icons/tabler/outline/scuba-mask-off.svg,5dbe4c3e3049dde77f77fa643949a33fd68b3221705f15c8864f24091ace2f3b,0 0 24 24,XML VALID — VISUAL REVIEW PENDING
assets/icons/tabler/outline/scuba-mask.svg,6ac0c42b4ac9e113a9bec26cafade49b5ad647b09298f16281893ecaae04b7a5,0 0 24 24,XML VALID — VISUAL REVIEW PENDING
assets/icons/tabler/outline/sdk.svg,f34a382ad547df7f6dad2d48976da5eea88a9e992b747a0c65a955a555390977,0 0 24 24,XML VALID — VISUAL REVIEW PENDING
assets/icons/tabler/outline/search-off.svg,3798156a50a3115f46b68c4edac94e1ea99b42883d9bca60e2ce2cf16c398b75,0 0 24 24,XML VALID — VISUAL REVIEW PENDING
assets/icons/tabler/outline/search.svg,c4951b0e905e9f01eceef1f1c52ae37732e5d02e92592c6b410e9bbb074a6ba5,0 0 24 24,XML VALID — VISUAL REVIEW PENDING
assets/icons/tabler/outline/section-sign.svg,9f1498a12f59e3a31b7c46109ddc88a46f003bf320fae98bbbbcc62bf06fd44c,0 0 24 24,XML VALID — VISUAL REVIEW PENDING
assets/icons/tabler/outline/section.svg,7d636e511608053df730a14e5fbf1802f463de4d0402206830eb378f6bf5231b,0 0 24 24,XML VALID — VISUAL REVIEW PENDING
assets/icons/tabler/outline/seedling-off.svg,0196ef43619f0d606b8c33bb3ad4acbc14d3e5ddbf858e01b25eeda4c490e831,0 0 24 24,XML VALID — VISUAL REVIEW PENDING
assets/icons/tabler/outline/seedling.svg,dd1df814ae72daaf7a6c989b468dbf9cdb06b254fdf2f62421cfff16a2fd56dc,0 0 24 24,XML VALID — VISUAL REVIEW PENDING
assets/icons/tabler/outline/select-all.svg,e4fae62ec10e30638ee6bbc1c5a46b2b801f2684f3923d1dec75e866fd4b7691,0 0 24 24,XML VALID — VISUAL REVIEW PENDING
assets/icons/tabler/outline/select.svg,15dc357704738fceece8e9b99f62516a6d844bb5e6304c15f69c9fd2657eefbe,0 0 24 24,XML VALID — VISUAL REVIEW PENDING
assets/icons/tabler/outline/selector.svg,f90521a191fe111f4772afe778fc5c4ec41b596ad356156af0cfb51423220d76,0 0 24 24,XML VALID — VISUAL REVIEW PENDING
assets/icons/tabler/outline/send-2.svg,60946fdeb83fe99a0bef8cf21e6926e00478c70a4818c8d0fe585e6be6bc9523,0 0 24 24,XML VALID — VISUAL REVIEW PENDING
assets/icons/tabler/outline/send-off.svg,56658303720227c8aa70b8c805b94384555bac8e0bfa1fb42fd311fe65b4678d,0 0 24 24,XML VALID — VISUAL REVIEW PENDING
assets/icons/tabler/outline/send.svg,d4570a285547d409ba645fce7604c30758899e8ace7a8408428eae754945ffe2,0 0 24 24,XML VALID — VISUAL REVIEW PENDING
assets/icons/tabler/outline/seo.svg,cc408c2f3168c9cf169d789315f60f0b5e941fadb2fa07f92e6be52998e554a2,0 0 24 24,XML VALID — VISUAL REVIEW PENDING
assets/icons/tabler/outline/separator-horizontal.svg,c3b83f25f81fce5563aec757e0eb92ecec5b9088858e64147b76e4791aecd717,0 0 24 24,XML VALID — VISUAL REVIEW PENDING
assets/icons/tabler/outline/separator-vertical.svg,a436f50424f6a52dbc5195858d0e7be9bfde5fcc63ccfcd5a0cfbd60944fe58c,0 0 24 24,XML VALID — VISUAL REVIEW PENDING
assets/icons/tabler/outline/separator.svg,cec7192ea9f0e4fd774e0f3cb604eea148bcf9522d6b7a1226057b543bff236c,0 0 24 24,XML VALID — VISUAL REVIEW PENDING
assets/icons/tabler/outline/server-2.svg,72742eb580ef00afb10d1189f0a4a5441c44f783b9e908324b6a50a5d1f91dca,0 0 24 24,XML VALID — VISUAL REVIEW PENDING
assets/icons/tabler/outline/server-bolt.svg,2546aa797ae6f93f59511f7e60e31bba421d7b779c79178b5d8a872163640674,0 0 24 24,XML VALID — VISUAL REVIEW PENDING
assets/icons/tabler/outline/server-cog.svg,8d6097d8ef1f8a1ec813556907bee0f11642e29f2bffe5910437d9ea97a9fe0b,0 0 24 24,XML VALID — VISUAL REVIEW PENDING
assets/icons/tabler/outline/server-off.svg,280dc3624eb7cf2eab048d875d98bd70cd977759976564ab20170c0daaa7de62,0 0 24 24,XML VALID — VISUAL REVIEW PENDING
assets/icons/tabler/outline/server-spark.svg,cee95c6374f11dcf913732c7c183106eae4a49c11dfd0b7fb939e87ba7f6d656,0 0 24 24,XML VALID — VISUAL REVIEW PENDING
assets/icons/tabler/outline/server.svg,ddd9500bea0c2f77ebfffc8570a32c6f2d132c45092facf4c020a22d69cf07fc,0 0 24 24,XML VALID — VISUAL REVIEW PENDING
assets/icons/tabler/outline/servicemark.svg,ff0b5ee2e5918ace5e178f3c6aa4fb0c8c9bfe973467acbf4f6683d06a92f06e,0 0 24 24,XML VALID — VISUAL REVIEW PENDING
assets/icons/tabler/outline/settings-2.svg,27f3ed3a67323a3bea92cbb365040042d11bf13a20d0cec8f3452054235c2d50,0 0 24 24,XML VALID — VISUAL REVIEW PENDING
assets/icons/tabler/outline/settings-automation.svg,8acff0ba32e61dc5bc7aa65af4c925e6f6d3cc328967e7645891841bc864ba39,0 0 24 24,XML VALID — VISUAL REVIEW PENDING
assets/icons/tabler/outline/settings-bolt.svg,6379309169682f402c3f81a255744e5807729276882ebe19b20ec429f74acd6b,0 0 24 24,XML VALID — VISUAL REVIEW PENDING
assets/icons/tabler/outline/settings-cancel.svg,d47ff1f1e3bfc13391fadc4de0f91c0652b36cb066d6051e22e7e4ff56eb194e,0 0 24 24,XML VALID — VISUAL REVIEW PENDING
assets/icons/tabler/outline/settings-check.svg,e920f7bca26c4764bc43074598a22a62424fb6923b21c26b490c4ee851f657e9,0 0 24 24,XML VALID — VISUAL REVIEW PENDING
assets/icons/tabler/outline/settings-code.svg,1eeb5843c9d1f998ab82034954d763e3691fd37a71e18b27855d4ebfca277b8d,0 0 24 24,XML VALID — VISUAL REVIEW PENDING
assets/icons/tabler/outline/settings-cog.svg,6db8cd3c102340b51b3b14795232ed25c6695d25cd212b74fee0fb9a57577b70,0 0 24 24,XML VALID — VISUAL REVIEW PENDING
assets/icons/tabler/outline/settings-dollar.svg,f4febaa638e87897348d82785abefbaff0413007af84f66e0ee4103d9777921c,0 0 24 24,XML VALID — VISUAL REVIEW PENDING
assets/icons/tabler/outline/settings-down.svg,16853403e3984e8e03d2453569bb3d0a7fb5dd272549d251c7ef7896f2e9f7ff,0 0 24 24,XML VALID — VISUAL REVIEW PENDING
assets/icons/tabler/outline/settings-exclamation.svg,4a2ff84ae43387810e4f17599ea302aed2f2a6a19eddb46aab3d9609a41fd687,0 0 24 24,XML VALID — VISUAL REVIEW PENDING
assets/icons/tabler/outline/settings-heart.svg,96ee1a362a79ef5551d55b677a5578de68d9e25c029643dc0a7245f14afc90a3,0 0 24 24,XML VALID — VISUAL REVIEW PENDING
assets/icons/tabler/outline/settings-minus.svg,23f2b9a3645c6de614964b3d51c36083a2127fa453ce7c285d5f7adabc080a18,0 0 24 24,XML VALID — VISUAL REVIEW PENDING
assets/icons/tabler/outline/settings-off.svg,8873bf8d8f9a4818ebc05c05382a36abe19a28e6a36f4f3748b73920f2cacd7c,0 0 24 24,XML VALID — VISUAL REVIEW PENDING
assets/icons/tabler/outline/settings-pause.svg,dd9bb44a6aee3e130819fb3e2d71cbd9fe55d2c118c4e93e8f0d5b2db6b85afd,0 0 24 24,XML VALID — VISUAL REVIEW PENDING
assets/icons/tabler/outline/settings-pin.svg,cc64d3426087b4eed75af4ce12692110f829f3b596d0ae84299c7c16d17c061d,0 0 24 24,XML VALID — VISUAL REVIEW PENDING
assets/icons/tabler/outline/settings-plus.svg,7ac9d22dc583031cf7db75acd93444d8e51407bf150ec1b0e9466eab31ffbd36,0 0 24 24,XML VALID — VISUAL REVIEW PENDING
assets/icons/tabler/outline/settings-question.svg,387948c8533ff787762dd03da31afbdd97acb466bb1b19a5f485cb32cfd0f4d6,0 0 24 24,XML VALID — VISUAL REVIEW PENDING
assets/icons/tabler/outline/settings-search.svg,6f30298c268456f22a3e6f02a3d44d084e65a3bc40b72aa740af1054f3c319c7,0 0 24 24,XML VALID — VISUAL REVIEW PENDING
assets/icons/tabler/outline/settings-share.svg,4377eed68f9dd67dca3e9f01f6d14b1f1b9ea9f52787b2a1568aafb916cd20ef,0 0 24 24,XML VALID — VISUAL REVIEW PENDING
assets/icons/tabler/outline/settings-spark.svg,f4b5afed59f2090a46630ddd72749f1c937b2f409fb30245a6255f4f19c788ae,0 0 24 24,XML VALID — VISUAL REVIEW PENDING
assets/icons/tabler/outline/settings-star.svg,c2cdb8464b6551bfc6575ba6453e701de41364202bf91eac7271a45f8ff349d4,0 0 24 24,XML VALID — VISUAL REVIEW PENDING
assets/icons/tabler/outline/settings-up.svg,852ffb3c77d36090faa9e197eab57f70ee02579b86ec84129473e7adb7822a92,0 0 24 24,XML VALID — VISUAL REVIEW PENDING
assets/icons/tabler/outline/settings-x.svg,1af1ebcbae69809c7def5b703657dba3f198a3f289e3988d2fdb84193a205d6b,0 0 24 24,XML VALID — VISUAL REVIEW PENDING
assets/icons/tabler/outline/settings.svg,3e1f110886f6c39b462fc8bca41af4a84b803add39751bb57825983c9660bd0f,0 0 24 24,XML VALID — VISUAL REVIEW PENDING
assets/icons/tabler/outline/shadow-off.svg,ff4edb6f242e1b843fcaa4ce48f5afe553a6df4befb5501ac42a107958a0bfa7,0 0 24 24,XML VALID — VISUAL REVIEW PENDING
assets/icons/tabler/outline/shadow.svg,63cc57d5cb65d8d4d2a7a4ae6f113a16db8ca2631490154a71189692852a25a3,0 0 24 24,XML VALID — VISUAL REVIEW PENDING
assets/icons/tabler/outline/shape-2.svg,f2a238fa954656ca50955213812a9e033d4a55d4782a76fcef8b7a0a049d2549,0 0 24 24,XML VALID — VISUAL REVIEW PENDING
assets/icons/tabler/outline/shape-3.svg,acddb6f9ea765266379ca4b5ee7d564a7675bd40e1abceb8117d33db49c11780,0 0 24 24,XML VALID — VISUAL REVIEW PENDING
assets/icons/tabler/outline/shape-off.svg,317c91c4fb56fc42bb476f0be253cd003ef595ff6950e0bb52985fdabef418f0,0 0 24 24,XML VALID — VISUAL REVIEW PENDING
assets/icons/tabler/outline/shape.svg,4acb392c4618905e884b2fcbb484f527f773ed149522e4bf0d0708f101c2a091,0 0 24 24,XML VALID — VISUAL REVIEW PENDING
assets/icons/tabler/outline/share-2.svg,c0743c86ffd8c62154230877022f0a9fd82f17d2a9b09d634d070c2aa7dbf5ff,0 0 24 24,XML VALID — VISUAL REVIEW PENDING
assets/icons/tabler/outline/share-3.svg,15690a57d02c2bf54f2f841dba1415cb4bc31a30912d55d9080ae05bd838afca,0 0 24 24,XML VALID — VISUAL REVIEW PENDING
assets/icons/tabler/outline/share-off.svg,533f0beb74edac0cc9ce66f3ab0835444eaaf337405c9d06ef8740d80e40bd22,0 0 24 24,XML VALID — VISUAL REVIEW PENDING
assets/icons/tabler/outline/share.svg,bee395304a314adc240e32d649bbb495ba7f6058dd1a5860c54a6a737c9b0a6b,0 0 24 24,XML VALID — VISUAL REVIEW PENDING
assets/icons/tabler/outline/shareplay.svg,823938ae2f462488f0abfbddc3f8dd617b5ca8d2812cfb6327f94df8fd8c3dfd,0 0 24 24,XML VALID — VISUAL REVIEW PENDING
assets/icons/tabler/outline/shield-bolt.svg,14281f5acbc1415abaf1313b9663a242c17114c2f3a29fdbcd4c1b096383cebb,0 0 24 24,XML VALID — VISUAL REVIEW PENDING
assets/icons/tabler/outline/shield-cancel.svg,ca0739a02e958b651b7a021f09b8c38a1bd8adba25de2421edea272e4b6cd60b,0 0 24 24,XML VALID — VISUAL REVIEW PENDING
assets/icons/tabler/outline/shield-check.svg,75d414f414fbf1418ca0160ff59a5217b464f7a666852d9f587dcb27bda1d322,0 0 24 24,XML VALID — VISUAL REVIEW PENDING
assets/icons/tabler/outline/shield-checkered.svg,28f1b044d901a507f38c8b1f33880c149b4c13c2a231ac1eb83a29068cc5b6ee,0 0 24 24,XML VALID — VISUAL REVIEW PENDING
assets/icons/tabler/outline/shield-chevron.svg,815908ca8a3b12ca7e7e9667adcd5f53232619bcecab76566a5ba64719fa68a8,0 0 24 24,XML VALID — VISUAL REVIEW PENDING
assets/icons/tabler/outline/shield-code.svg,9a454d85b6bef5d8f4d87ff0b5dc25113fcc0cdd8ed0c161882f73a14d219db5,0 0 24 24,XML VALID — VISUAL REVIEW PENDING
assets/icons/tabler/outline/shield-cog.svg,157b35f6c5e05c3d869e3ae9424f18f1f94b3975655c686e27a9a0fd507efb65,0 0 24 24,XML VALID — VISUAL REVIEW PENDING
assets/icons/tabler/outline/shield-dollar.svg,e3a96f09494b1d5414be8ca40ccc32daba2990dd9cabc603dfdfb9237baf44f7,0 0 24 24,XML VALID — VISUAL REVIEW PENDING
assets/icons/tabler/outline/shield-down.svg,796801eb16bf793ca921c0170455fc1accff005c6b6cb624c44c02ca7d80f97d,0 0 24 24,XML VALID — VISUAL REVIEW PENDING
assets/icons/tabler/outline/shield-exclamation.svg,e0cefb20b14ae5e2227cbd1f6724f0737e6e62eb1ff11ab464cf3a7cd74b8ea2,0 0 24 24,XML VALID — VISUAL REVIEW PENDING
assets/icons/tabler/outline/shield-half.svg,117db974221baa21fa497c1bd63074623e25350fdad1cdcb88d8ac922dc7f625,0 0 24 24,XML VALID — VISUAL REVIEW PENDING
assets/icons/tabler/outline/shield-heart.svg,b6a36661cd7d71bf432e341dd2d3011eda4375d73778438a5e89c7046d792967,0 0 24 24,XML VALID — VISUAL REVIEW PENDING
assets/icons/tabler/outline/shield-lock.svg,ed06a65bb736869c9460a86ff70cc6cf82433d80afd55f81906c0b29e7d5895e,0 0 24 24,XML VALID — VISUAL REVIEW PENDING
assets/icons/tabler/outline/shield-minus.svg,ae1236e36d496455402ed4f58ef9105867d49ae15f2806e872ec95f356410a97,0 0 24 24,XML VALID — VISUAL REVIEW PENDING
assets/icons/tabler/outline/shield-off.svg,9a8938f3a280f3535925e48db2f4de8ec20784925c1bb0ca641241d045a3cbd9,0 0 24 24,XML VALID — VISUAL REVIEW PENDING
assets/icons/tabler/outline/shield-pause.svg,dcb0dfbaa3fd61d3d7a29afb14b3369648b6e68b5c956fa4df85ddfdeca8e610,0 0 24 24,XML VALID — VISUAL REVIEW PENDING
assets/icons/tabler/outline/shield-pin.svg,040acf0c4cf6978ae3a4bb555834b9f2e8a61695eff1795cd4132bdb5a4ae2c7,0 0 24 24,XML VALID — VISUAL REVIEW PENDING
assets/icons/tabler/outline/shield-plus.svg,8ab6468e4a817953df480bed36a6feb46f14e809ef1146e8a57f90f0094be0e5,0 0 24 24,XML VALID — VISUAL REVIEW PENDING
assets/icons/tabler/outline/shield-question.svg,13f84c0ddf7f35fa75fc277be23b0740ea5eb768cb1803fd4bd3261978fa6e6d,0 0 24 24,XML VALID — VISUAL REVIEW PENDING
assets/icons/tabler/outline/shield-search.svg,4695172742bb8c6de2154c914caf290815e0ab4833ac9eee4b8b3ae066f313b0,0 0 24 24,XML VALID — VISUAL REVIEW PENDING
assets/icons/tabler/outline/shield-share.svg,1bef07281f12612ebd1653aaef6622fd152a429009d3182f1663d156f4e48c2c,0 0 24 24,XML VALID — VISUAL REVIEW PENDING
assets/icons/tabler/outline/shield-star.svg,dadc7e5c4704765bd6981bfa85ae05a9a3135a2e838c4e9ec350d78667cecc21,0 0 24 24,XML VALID — VISUAL REVIEW PENDING
assets/icons/tabler/outline/shield-up.svg,9451496f4031302ce18cee719181e46aa4e87b052a60f4312dbd4c9c7045e487,0 0 24 24,XML VALID — VISUAL REVIEW PENDING
assets/icons/tabler/outline/shield-x.svg,8300a1528a51f0a7defa653de1574640962f9e4656377e0cd8cc15343f17ef8d,0 0 24 24,XML VALID — VISUAL REVIEW PENDING
assets/icons/tabler/outline/shield.svg,1c87b94ec72992bb217ca6741f1f372058183c0158891df0b6b6dae00b92cb06,0 0 24 24,XML VALID — VISUAL REVIEW PENDING
assets/icons/tabler/outline/ship-off.svg,3ca5010f52482f65f3eb80552d8d9ab0a44bafd92b0e653ff776a5eab01fdeef,0 0 24 24,XML VALID — VISUAL REVIEW PENDING
assets/icons/tabler/outline/ship.svg,8d62dcb5f7637fc9c97ce4cc2492fb98202988d26c633f05a15e8935f34f0a8f,0 0 24 24,XML VALID — VISUAL REVIEW PENDING
assets/icons/tabler/outline/shirt-off.svg,0e5af6702dad3d4726289cd25d6ada385b6026d19690e2b61fb22ea6d356645f,0 0 24 24,XML VALID — VISUAL REVIEW PENDING
assets/icons/tabler/outline/shirt-sport.svg,66282083c5039a853a7e7f56746eb959bcfec452f73bc2a1f9f50e860fbcde18,0 0 24 24,XML VALID — VISUAL REVIEW PENDING
assets/icons/tabler/outline/shirt.svg,2d96d413a30de8480d24c28fd60f20b8421c3036e4cdc5df6806e7904a48abbf,0 0 24 24,XML VALID — VISUAL REVIEW PENDING
assets/icons/tabler/outline/shoe-off.svg,29e400ea270856fa85245aaa0ef2e0e225f1b347532cf540be0ce4315258c2d3,0 0 24 24,XML VALID — VISUAL REVIEW PENDING
assets/icons/tabler/outline/shoe.svg,f99fb19ce6dd1ff3530a256e4fb38e0ca72698af97682745adbd2cee625bb559,0 0 24 24,XML VALID — VISUAL REVIEW PENDING
assets/icons/tabler/outline/shopping-bag-check.svg,206615f6232e8661ef62f61039ff01a4f103c0d8a6e118f2882ce5a176cf5f80,0 0 24 24,XML VALID — VISUAL REVIEW PENDING
assets/icons/tabler/outline/shopping-bag-discount.svg,c8d656051f4f5498432e566d5877f28c06321a1b2d81f542024c1a6888b651f7,0 0 24 24,XML VALID — VISUAL REVIEW PENDING
assets/icons/tabler/outline/shopping-bag-edit.svg,5ce94df1c103def790a7cffb195109117a69fb1b9f372cde545247895b0eaefa,0 0 24 24,XML VALID — VISUAL REVIEW PENDING
assets/icons/tabler/outline/shopping-bag-exclamation.svg,174fe2ae912313e5495313775a67858921f8b731afa348a389a39ef8fe1b7259,0 0 24 24,XML VALID — VISUAL REVIEW PENDING
assets/icons/tabler/outline/shopping-bag-heart.svg,a9c5bb09bf0e9018afb248005867f51cc850e7606991d58616eb3dabf4966924,0 0 24 24,XML VALID — VISUAL REVIEW PENDING
assets/icons/tabler/outline/shopping-bag-minus.svg,0b40fdc4d30cb0ac384281a3be6fb8330885930698dd51361ac7fbcbdc152da4,0 0 24 24,XML VALID — VISUAL REVIEW PENDING
assets/icons/tabler/outline/shopping-bag-plus.svg,239447d157ac393766165154e65c7a87777af52088b6f51116eb5c9e37111dd1,0 0 24 24,XML VALID — VISUAL REVIEW PENDING
assets/icons/tabler/outline/shopping-bag-search.svg,6471b5cc00c21bfde7ad118c31d00dde4b3fde3911d36d85a3abf87d7bb7c2e7,0 0 24 24,XML VALID — VISUAL REVIEW PENDING
assets/icons/tabler/outline/shopping-bag-x.svg,448112beb9b01215f5af76fb41d057f3985cb9e59a0ba2c9499cbd869fdec3ef,0 0 24 24,XML VALID — VISUAL REVIEW PENDING
assets/icons/tabler/outline/shopping-bag.svg,0e037d6984b1545ff5e02118b329bcb5a940e0a2b873b70644f07ad9b630d9d1,0 0 24 24,XML VALID — VISUAL REVIEW PENDING
assets/icons/tabler/outline/shopping-cart-bolt.svg,b3d5e79a880c280865cb7806640c17d1bca73d81ffc5dd7780430b3c386292e8,0 0 24 24,XML VALID — VISUAL REVIEW PENDING
assets/icons/tabler/outline/shopping-cart-cancel.svg,2f41ae0f543f75201bcfb16c46af0158ee0ae5ab5d2b6dc0f1cf947c561585c8,0 0 24 24,XML VALID — VISUAL REVIEW PENDING
assets/icons/tabler/outline/shopping-cart-check.svg,6661ae894551c2d52363833e2592a17b09cdf2413651e1e64f17e0d82d999808,0 0 24 24,XML VALID — VISUAL REVIEW PENDING
assets/icons/tabler/outline/shopping-cart-code.svg,ee7b9db80e3ae9598d09c2a563dfc12babbe819428c1e29b2c91dd2cb9df4aa9,0 0 24 24,XML VALID — VISUAL REVIEW PENDING
assets/icons/tabler/outline/shopping-cart-cog.svg,4c75edb576cad44f938f873eb58b8c97dfa2342baacbdaa422ba3d0aa8f98689,0 0 24 24,XML VALID — VISUAL REVIEW PENDING
assets/icons/tabler/outline/shopping-cart-copy.svg,5ea52569fff41f667af9bfe7bb132b83bc64d78dfda6371f9617d5619f525abf,0 0 24 24,XML VALID — VISUAL REVIEW PENDING
assets/icons/tabler/outline/shopping-cart-discount.svg,e3688e157374f69c078b2a454916b53cfded627f473ee31af12d69858336efb3,0 0 24 24,XML VALID — VISUAL REVIEW PENDING
assets/icons/tabler/outline/shopping-cart-dollar.svg,d1cb394c941f9e76627e5547502bca6dc3e145990fb0b87cd9dbe551d9f014ec,0 0 24 24,XML VALID — VISUAL REVIEW PENDING
assets/icons/tabler/outline/shopping-cart-down.svg,d81e77f79f5519b93840c8f7463cb894a996a224422cac2588a178f174fb7972,0 0 24 24,XML VALID — VISUAL REVIEW PENDING
assets/icons/tabler/outline/shopping-cart-exclamation.svg,962e8431bddc22a06adadaa3c9b2a9cb97b610148304ca66aae4cd1a1e3e214f,0 0 24 24,XML VALID — VISUAL REVIEW PENDING
assets/icons/tabler/outline/shopping-cart-heart.svg,6ecea9c5f6f70d8f90671cfe6ba02bbeb47c618b8de04fad061def1cc7b8cee9,0 0 24 24,XML VALID — VISUAL REVIEW PENDING
assets/icons/tabler/outline/shopping-cart-minus.svg,ea49b4e2fe818b761af321fba363e1360c08002b206a6af900ccf287bcf4a4d1,0 0 24 24,XML VALID — VISUAL REVIEW PENDING
assets/icons/tabler/outline/shopping-cart-off.svg,9c6fd9c82a74c9c685d573257d64458c0f30a2afc13733b5d8efcf97aad0369c,0 0 24 24,XML VALID — VISUAL REVIEW PENDING
assets/icons/tabler/outline/shopping-cart-pause.svg,0f60251fa9beb538a72072ca42bab71f4990f4cf2473114e75a7ad2028baa638,0 0 24 24,XML VALID — VISUAL REVIEW PENDING
assets/icons/tabler/outline/shopping-cart-pin.svg,62cb2f9fcae05a7c56d067480389c15e8ab49e0c70a125a81f1c4c3ae4b233e5,0 0 24 24,XML VALID — VISUAL REVIEW PENDING
assets/icons/tabler/outline/shopping-cart-plus.svg,b627010754b509b540ba5d867c9821f48c11a8b46fa1afa6467969ac925dd94d,0 0 24 24,XML VALID — VISUAL REVIEW PENDING
assets/icons/tabler/outline/shopping-cart-question.svg,6de320bd41090566cc775971c0ed97139e46c86e57eb2250bd14e5bdaef3fec3,0 0 24 24,XML VALID — VISUAL REVIEW PENDING
assets/icons/tabler/outline/shopping-cart-search.svg,e9c03532c131aeafa1d164a2c865d65b04141f119d946c7ecf5c3b8c0288a86b,0 0 24 24,XML VALID — VISUAL REVIEW PENDING
assets/icons/tabler/outline/shopping-cart-share.svg,efcb6514b177c3d10658e3ec33b2584aec2ec44583bbeeb15e94b955263bed66,0 0 24 24,XML VALID — VISUAL REVIEW PENDING
assets/icons/tabler/outline/shopping-cart-star.svg,9c4e4ae1e4f73b0ef4ddcc0e254fbf97954426146680851144c8001beaa5011e,0 0 24 24,XML VALID — VISUAL REVIEW PENDING
assets/icons/tabler/outline/shopping-cart-up.svg,420d8f519aec2ca5905eb8e3152ef7ae1181632e6a2d9209e5ee5bc2b2639041,0 0 24 24,XML VALID — VISUAL REVIEW PENDING
assets/icons/tabler/outline/shopping-cart-x.svg,4a1d239daa9a913e62c88c70ce47b59cfde223a6cf2bd72ec9ee916213a169f4,0 0 24 24,XML VALID — VISUAL REVIEW PENDING
assets/icons/tabler/outline/shopping-cart.svg,ab4f09ed7db3a85d850ed474930ed6df6377ffb9e11cce24a98e982e53a394a2,0 0 24 24,XML VALID — VISUAL REVIEW PENDING
assets/icons/tabler/outline/shovel-pitchforks.svg,30d74449ffe8d1cf3b6a2aa0f379dc89f5c8c3f14ddb739223da40f4f4583985,0 0 24 24,XML VALID — VISUAL REVIEW PENDING
assets/icons/tabler/outline/shovel.svg,c40f7a09565705d6dc9c3ed7b1d29a6e762cf5d369fe3a77eee34cd863b7efb8,0 0 24 24,XML VALID — VISUAL REVIEW PENDING
assets/icons/tabler/outline/shredder.svg,bfb68f29a3d7f493900419abe67a222c6bad7e6dfbddd0c492a6c9f04f807a79,0 0 24 24,XML VALID — VISUAL REVIEW PENDING
assets/icons/tabler/outline/sign-left.svg,cda313bac69d96f57025f061b39115c99a18fc0e04fd4cfd33e768f6db27c5fb,0 0 24 24,XML VALID — VISUAL REVIEW PENDING
assets/icons/tabler/outline/sign-right.svg,e886e36ff1a051f7a81fda0ffdc2a4a62bdea2042368787ecb1b6f1ef955d4b5,0 0 24 24,XML VALID — VISUAL REVIEW PENDING
assets/icons/tabler/outline/signal-2g.svg,8d873ee0a2377bd9c9bdd47a38ec89911b22e29610f62e2e817e8c4eb254a531,0 0 24 24,XML VALID — VISUAL REVIEW PENDING
assets/icons/tabler/outline/signal-3g.svg,410c81627f8ea46927d46b14538ce2498245402e0851db7f185de8cbdd33caf7,0 0 24 24,XML VALID — VISUAL REVIEW PENDING
assets/icons/tabler/outline/signal-4g-plus.svg,71e0b90116d80c389cca137bc1a9db3d8e7634f5e12d9564218c2468b24861d3,0 0 24 24,XML VALID — VISUAL REVIEW PENDING
assets/icons/tabler/outline/signal-4g.svg,aa111d4d0714aef7d7ce58a3d29a9827e06e0b6db4f6e9338da50b840ec2c722,0 0 24 24,XML VALID — VISUAL REVIEW PENDING
assets/icons/tabler/outline/signal-5g.svg,b29cc81a18a0ff00c1ab3663acc2c3e5e5179c0204807cece69b25f85da68671,0 0 24 24,XML VALID — VISUAL REVIEW PENDING
assets/icons/tabler/outline/signal-6g.svg,ddf82f01e8837411302b4b662b92ebb099f6e1acc4bec737ebf39607c185d745,0 0 24 24,XML VALID — VISUAL REVIEW PENDING
assets/icons/tabler/outline/signal-e.svg,b5244a3cf8c081b106d49a0fa79494bcbcfd67bc74bb23f281949b4c7fed22fb,0 0 24 24,XML VALID — VISUAL REVIEW PENDING
assets/icons/tabler/outline/signal-g.svg,534ddf2c97393cbc6f563cdf2ccc4bae193f3002a584f86ed405448269113fa2,0 0 24 24,XML VALID — VISUAL REVIEW PENDING
assets/icons/tabler/outline/signal-h-plus.svg,a909089d2bac10aa9ce0c2dffef703f15e1b22fc93e7c8997b88e2579a48283e,0 0 24 24,XML VALID — VISUAL REVIEW PENDING
assets/icons/tabler/outline/signal-h.svg,7bb2b7b71cd9dcdac03a60c5539d08443bd0641adc1823f8007c9009f2c70dfa,0 0 24 24,XML VALID — VISUAL REVIEW PENDING
assets/icons/tabler/outline/signal-lte.svg,6520cf2677ee15cbf724b737af38da9b8e02888918dac6d80bb38aa4c5df30f9,0 0 24 24,XML VALID — VISUAL REVIEW PENDING
assets/icons/tabler/outline/signature-off.svg,b0ca42f4afe519d808f6bf8da6649b67f4c740f717427afe1a99f97938550ba2,0 0 24 24,XML VALID — VISUAL REVIEW PENDING
assets/icons/tabler/outline/signature.svg,62e63614ba577672d4e99f8a8edd42ce19ff5ee63c6d7ef95cae0801fe4322ff,0 0 24 24,XML VALID — VISUAL REVIEW PENDING
assets/icons/tabler/outline/sitemap-off.svg,a80d0c48b24ac286e18f2a6b1e38d482efb5374cbe630a9cced6aeb3a90a2b58,0 0 24 24,XML VALID — VISUAL REVIEW PENDING
assets/icons/tabler/outline/sitemap.svg,ffef820372d2325c4ecbf8ec9464f17cf2a3d848f6696236c9595b78c2d86ba9,0 0 24 24,XML VALID — VISUAL REVIEW PENDING
assets/icons/tabler/outline/skateboard-off.svg,d9768a0b70bede45740702820fd5acdbc1e5a1bb7bb329833f67f905ee2bfe98,0 0 24 24,XML VALID — VISUAL REVIEW PENDING
assets/icons/tabler/outline/skateboard.svg,ecae34d8677888748fc3ac0c5b92d67d0e3e6945045d280db4af359da401ec10,0 0 24 24,XML VALID — VISUAL REVIEW PENDING
assets/icons/tabler/outline/skateboarding.svg,f385fddb0a90bcd9f02740e5aba160afb69879eded72ca807c8956f94fc23e82,0 0 24 24,XML VALID — VISUAL REVIEW PENDING
assets/icons/tabler/outline/skew-x.svg,62dfe5ce83f8406a72fed899340ceb9a26853b0e5cc3bc37202804fc548aa60c,0 0 24 24,XML VALID — VISUAL REVIEW PENDING
assets/icons/tabler/outline/skew-y.svg,29a9452557081a6ab881a11b7f2eeb91f6b6be5e43b8a9b55a0ddd0ed5355aaf,0 0 24 24,XML VALID — VISUAL REVIEW PENDING
assets/icons/tabler/outline/ski-jumping.svg,cb6394c35e7c0d20506d81eeeaee86ea70cbb55673c8498a9274205be758a2b0,0 0 24 24,XML VALID — VISUAL REVIEW PENDING
assets/icons/tabler/outline/skull.svg,901adf52c8cf7d6877ee6f6015fc25465eae3e7d26692354c1b2281394404074,0 0 24 24,XML VALID — VISUAL REVIEW PENDING
assets/icons/tabler/outline/slash.svg,7b06c9c744461d041932459bd23fee241ef608a9f721b8545a7ab87ff3867ec9,0 0 24 24,XML VALID — VISUAL REVIEW PENDING
assets/icons/tabler/outline/slashes.svg,8b5c7affc206e992c5f087e2fa2620a0faa479fe1e81339879c66122496284cf,0 0 24 24,XML VALID — VISUAL REVIEW PENDING
assets/icons/tabler/outline/sleigh.svg,19af008458f36b26946bf60d33a91354360fc021c3ff762a2cb217a7da81a000,0 0 24 24,XML VALID — VISUAL REVIEW PENDING
assets/icons/tabler/outline/slice.svg,89c08c77f2c5bd9b40e829851e3a9f0c8dc327ffdaf95a6c0dea2d39b3ecb672,0 0 24 24,XML VALID — VISUAL REVIEW PENDING
assets/icons/tabler/outline/slideshow.svg,3189a0db3c18cbdd8f22f9bce27f1778e316328443c4a72f1928eb1383b66be9,0 0 24 24,XML VALID — VISUAL REVIEW PENDING
assets/icons/tabler/outline/smart-home-off.svg,ba5f67d008bc6cb8853c497f00b22919b1dd2b79471335cb6aa261f5c1f2e4b2,0 0 24 24,XML VALID — VISUAL REVIEW PENDING
assets/icons/tabler/outline/smart-home.svg,de3fdbd71ba1dcf98ba9d6014524a1f875e5f1f1d62eb0ee45b762a5cfbddb55,0 0 24 24,XML VALID — VISUAL REVIEW PENDING
assets/icons/tabler/outline/smoking-no.svg,cde91800d15b9509178d5e7ddcac325ee79d0444d8cd9d6a5b338a20c9c781e0,0 0 24 24,XML VALID — VISUAL REVIEW PENDING
assets/icons/tabler/outline/smoking.svg,b428251d72bd55c86c6ead6396265a938d16d4a3b43059d1264fe3d89d115c41,0 0 24 24,XML VALID — VISUAL REVIEW PENDING
assets/icons/tabler/outline/snowboarding.svg,bc4c30ebc8689516728cb227309252f85b84264f13db41c0955259b5e3ee2c31,0 0 24 24,XML VALID — VISUAL REVIEW PENDING
assets/icons/tabler/outline/snowflake-off.svg,38c1eeb8edb6b8a57815592cb452a5f4c885dd32ffd33f5e9eeb371f33abf4a7,0 0 24 24,XML VALID — VISUAL REVIEW PENDING
assets/icons/tabler/outline/snowflake.svg,d8018e3db07bea282b019c333ceb605168c5d4a99b5e5f44d706181258024920,0 0 24 24,XML VALID — VISUAL REVIEW PENDING
assets/icons/tabler/outline/snowman.svg,5698a8abe2eca6a89a1d0470d57c84542e81a66fffc48e7c226141e2599e63a6,0 0 24 24,XML VALID — VISUAL REVIEW PENDING
assets/icons/tabler/outline/soccer-field.svg,570ac67a3bb399d8a12628b2e73e09e350024e23a7468bdc740697f5f4c92ef5,0 0 24 24,XML VALID — VISUAL REVIEW PENDING
assets/icons/tabler/outline/social-off.svg,d8af8272540b3658dcee42d9e037e7456d7df5ad2f7034756b41884635f06ec9,0 0 24 24,XML VALID — VISUAL REVIEW PENDING
assets/icons/tabler/outline/social.svg,b431e1b1477345da8becf129f07880acac2332280c32f458dfe00690ac572ca6,0 0 24 24,XML VALID — VISUAL REVIEW PENDING
assets/icons/tabler/outline/sock.svg,c78126805c5662391b5e04728edb508d69c423ca59a0c60b20a20d9dc3b1152c,0 0 24 24,XML VALID — VISUAL REVIEW PENDING
assets/icons/tabler/outline/sofa-off.svg,94dd818779ca8a2268ebee4c964fb7c41d739027c779aefecf1dcde159290ae6,0 0 24 24,XML VALID — VISUAL REVIEW PENDING
assets/icons/tabler/outline/sofa.svg,2870913ab50bda8cb9d7688db0183e483320bf0ed1a44289d74755f4482abb8a,0 0 24 24,XML VALID — VISUAL REVIEW PENDING
assets/icons/tabler/outline/solar-electricity.svg,682b862e768e19ee35d17e42c861b50edc726fd2c337b6043558f6b51616f19b,0 0 24 24,XML VALID — VISUAL REVIEW PENDING
assets/icons/tabler/outline/solar-panel-2.svg,d615e1fb01237e2cfcb53e2028e4db1e9c26af3b693b886e29b3dfbaafc5c132,0 0 24 24,XML VALID — VISUAL REVIEW PENDING
assets/icons/tabler/outline/solar-panel.svg,313ee1ea56f26937049b305e1a3f475afe2815761a6a2a9cafa2bc7d4c15434b,0 0 24 24,XML VALID — VISUAL REVIEW PENDING
assets/icons/tabler/outline/sort-0-9.svg,56ef86dbb92b013c9e990861257e465edf282bee075579132643eb23836b703d,0 0 24 24,XML VALID — VISUAL REVIEW PENDING
assets/icons/tabler/outline/sort-9-0.svg,f914900aae0a0c9fdd979011a621cc83a3e58f6bd3d4c3bbe99cd5484b885c4f,0 0 24 24,XML VALID — VISUAL REVIEW PENDING
assets/icons/tabler/outline/sort-a-z.svg,56054fd19866113f0d00f3fa43f85fa6cd1a7592f46387604fd26dc9f6a2294a,0 0 24 24,XML VALID — VISUAL REVIEW PENDING
assets/icons/tabler/outline/sort-ascending-2.svg,033cd1213876cdb1078ab7022e995061b350fb0ca11b1240dd7d28fa8387505a,0 0 24 24,XML VALID — VISUAL REVIEW PENDING
assets/icons/tabler/outline/sort-ascending-letters.svg,095bf1e5b81a9a5733707e15abf45e083c88f8b0f79327eebc6d62d34c1f0d5b,0 0 24 24,XML VALID — VISUAL REVIEW PENDING
assets/icons/tabler/outline/sort-ascending-numbers.svg,3e261d7d0e7451695f5e761b39f85e7567372e87352bb72c8642bdad1e5fb074,0 0 24 24,XML VALID — VISUAL REVIEW PENDING
assets/icons/tabler/outline/sort-ascending-shapes.svg,e55b0067f993e9a84f38c108564d83064e5f5a7fe602205abae8fbf1a27db359,0 0 24 24,XML VALID — VISUAL REVIEW PENDING
assets/icons/tabler/outline/sort-ascending-small-big.svg,b5f89d47aa0386cd8cdb5637f5b759d2da113cee027058764d618138273b683a,0 0 24 24,XML VALID — VISUAL REVIEW PENDING
assets/icons/tabler/outline/sort-ascending.svg,0fa38637e5e95032589527888406692fdd22c37a6592ff024b82112aeba1e0be,0 0 24 24,XML VALID — VISUAL REVIEW PENDING
assets/icons/tabler/outline/sort-descending-2.svg,44b89194e4a92ae3dfa0a4c6e0b6d8484711bfc9e4a034313828001f15ce72b7,0 0 24 24,XML VALID — VISUAL REVIEW PENDING
assets/icons/tabler/outline/sort-descending-letters.svg,8b3eba98863fddde93aa1fb3a9ec841954a9b6a7e8034183f5bce0fcc80349ee,0 0 24 24,XML VALID — VISUAL REVIEW PENDING
assets/icons/tabler/outline/sort-descending-numbers.svg,a29ab484edc9df8cd0510f3d755b70d529e0fce3628d9116ee657bfb4cc409d1,0 0 24 24,XML VALID — VISUAL REVIEW PENDING
assets/icons/tabler/outline/sort-descending-shapes.svg,a5193ec29ba93443561cc2ed2d7d8d137c4155d985dd8a6681ccdc1202a2eca1,0 0 24 24,XML VALID — VISUAL REVIEW PENDING
assets/icons/tabler/outline/sort-descending-small-big.svg,9821b8aeae9c92fc4069701cf380ed0b8c2753bef1d962992cecc4cfed204845,0 0 24 24,XML VALID — VISUAL REVIEW PENDING
assets/icons/tabler/outline/sort-descending.svg,800b45988bee0a17ee1b6a66e4b449b0568546f2c0b584051621004a92369736,0 0 24 24,XML VALID — VISUAL REVIEW PENDING
assets/icons/tabler/outline/sort-z-a.svg,cf690a89e8a6731df1d0483bf9f36ceff079b838a0077e6dc954da601355f0e7,0 0 24 24,XML VALID — VISUAL REVIEW PENDING
assets/icons/tabler/outline/sos.svg,3b0dcbf7a94b3f8f5771432426969ef94da1619eaf91b9c30d3d40fbdd954d29,0 0 24 24,XML VALID — VISUAL REVIEW PENDING
assets/icons/tabler/outline/soup-off.svg,81f6f5fb4ccaf3d999ce722e1d1e243d9f03335b1afa0c60b9dd832e7ad67bfd,0 0 24 24,XML VALID — VISUAL REVIEW PENDING
assets/icons/tabler/outline/soup.svg,bd11db14f8e28fd51b1f9a6bca82eb13f0730d525bf267a1907b7cd6bf971cb4,0 0 24 24,XML VALID — VISUAL REVIEW PENDING
assets/icons/tabler/outline/source-code.svg,83be9167792935d75bdb4d098b4414c2cd87aaef6861c62040f9c3388d2458fe,0 0 24 24,XML VALID — VISUAL REVIEW PENDING
assets/icons/tabler/outline/space-off.svg,248cf4d454488da796dc86d112ce247ffc1f7cc9323aad26258e0ce2d09e8b09,0 0 24 24,XML VALID — VISUAL REVIEW PENDING
assets/icons/tabler/outline/space.svg,06b4a93b88f6cb768e780a901045973d4eeb40a2abff2ae5c401b8d775016d5d,0 0 24 24,XML VALID — VISUAL REVIEW PENDING
assets/icons/tabler/outline/spaces.svg,d624f9d6dc25ff52272aaac8740b3e6b0a3cba0c05d86827bc2d6a86041773b8,0 0 24 24,XML VALID — VISUAL REVIEW PENDING
assets/icons/tabler/outline/spacing-horizontal.svg,1e1bed642e37fc9bb05b14ff1bebb329b8c37ade68992cae4e44d307dfbc1a39,0 0 24 24,XML VALID — VISUAL REVIEW PENDING
assets/icons/tabler/outline/spacing-vertical.svg,4e06b6cdebf59c2d8a302c1ec21896b66207e8eb4d76b6b087462d42ebc7feb2,0 0 24 24,XML VALID — VISUAL REVIEW PENDING
assets/icons/tabler/outline/spade.svg,5b0ff508244441ded1de341e9e85cfdcbc13b2b8064af053fada7ef986417c06,0 0 24 24,XML VALID — VISUAL REVIEW PENDING
assets/icons/tabler/outline/sparkles.svg,e877df3eae496051058d262f93be8d0d291265166f7bc708afd738d5275110a4,0 0 24 24,XML VALID — VISUAL REVIEW PENDING
assets/icons/tabler/outline/speakerphone.svg,118eae955503577cb5456a65178ce4e4f5315326150cd6e3968cea8f2a98da1f,0 0 24 24,XML VALID — VISUAL REVIEW PENDING
assets/icons/tabler/outline/speedboat.svg,b6bcac8c748a54e0214b35f26c5f76dcf8f4a7c61ec8ab0f09dfd513bed078bf,0 0 24 24,XML VALID — VISUAL REVIEW PENDING
assets/icons/tabler/outline/sphere-off.svg,8956d8124e596103d7f52667ade9a6b30d84110602f4940c2aba715fa7197319,0 0 24 24,XML VALID — VISUAL REVIEW PENDING
assets/icons/tabler/outline/sphere-plus.svg,f466ebc42eb4f9315041d96a55eadeca7d4a8c4e6f606d6463e874f90533ba43,0 0 24 24,XML VALID — VISUAL REVIEW PENDING
assets/icons/tabler/outline/sphere.svg,a0b2a3de873edba085b33f81f03d3baeb70900dc8e71cd0385d429c5f0ae2d6f,0 0 24 24,XML VALID — VISUAL REVIEW PENDING
assets/icons/tabler/outline/spider.svg,01845ed4d6a91c38043e72225d5b4775dc8a81968f97df35ce326156660ba82f,0 0 24 24,XML VALID — VISUAL REVIEW PENDING
assets/icons/tabler/outline/spiral-off.svg,0af2a24e22b5227bc83313200bd740e7f28a1da650bd91caec29476da7c2af1d,0 0 24 24,XML VALID — VISUAL REVIEW PENDING
assets/icons/tabler/outline/spiral.svg,2e2d01a754d006f4ebcb4d1214e79d6c625e910908eb0c750f9c3324fa527865,0 0 24 24,XML VALID — VISUAL REVIEW PENDING
assets/icons/tabler/outline/sport-billard.svg,edceaaea3a568ca1382270b65670a30d1d3e1f7b61b71c0c69e0323b721eb734,0 0 24 24,XML VALID — VISUAL REVIEW PENDING
assets/icons/tabler/outline/spray.svg,fb24be1423b44ef3a06e1da6d54ef919e58fbac0e2e18c50b4289d245c600e2f,0 0 24 24,XML VALID — VISUAL REVIEW PENDING
assets/icons/tabler/outline/spy-off.svg,355c0cbd840f3da36ef890f3cdb141e9aba3b3a8181ddd4b589d711a1f78f301,0 0 24 24,XML VALID — VISUAL REVIEW PENDING
assets/icons/tabler/outline/spy.svg,67c5b37e11b109c3b5cbc09337e1d4399074acafeca1d2dc2278ca00c559d938,0 0 24 24,XML VALID — VISUAL REVIEW PENDING
assets/icons/tabler/outline/sql.svg,68863e9d98827e829476f6995b726f919e8fa19c5a1e3abca0660996fd9b58a3,0 0 24 24,XML VALID — VISUAL REVIEW PENDING
assets/icons/tabler/outline/square-arrow-down.svg,49dcda1212aa0271020423e95ea1e65263de57f06f6a89961a569c02b5d975eb,0 0 24 24,XML VALID — VISUAL REVIEW PENDING
assets/icons/tabler/outline/square-arrow-left.svg,a2150359657b1764234606b8322e5caee0e281f2c56e9aff1cab5d9c8dc0a02c,0 0 24 24,XML VALID — VISUAL REVIEW PENDING
assets/icons/tabler/outline/square-arrow-right.svg,e72c878197d412713fb80d50120e5b4107d1e9f697427b6ff3429f015e62175d,0 0 24 24,XML VALID — VISUAL REVIEW PENDING
assets/icons/tabler/outline/square-arrow-up.svg,1536fa52e74c4d9fd8ad89aee5a5164cbaed0ade9c393bce9f0d7af609e2ab12,0 0 24 24,XML VALID — VISUAL REVIEW PENDING
assets/icons/tabler/outline/square-asterisk.svg,d738c2febde139da82786b3a26279f46219d163fe3bc927a236c51f340503625,0 0 24 24,XML VALID — VISUAL REVIEW PENDING
assets/icons/tabler/outline/square-check.svg,bac660162e1e8d3786a0523924c9066be3539de0e0e3f8bca1436b02989a93f5,0 0 24 24,XML VALID — VISUAL REVIEW PENDING
assets/icons/tabler/outline/square-chevron-down.svg,1dd1250f32518eef4a78c02a73559caedc755c036f5a153cad214f20da0dc1ce,0 0 24 24,XML VALID — VISUAL REVIEW PENDING
assets/icons/tabler/outline/square-chevron-left.svg,84b0a614ac3158776524cbf078f39f5d45d2c35c40fff644ae117c2d3721388a,0 0 24 24,XML VALID — VISUAL REVIEW PENDING
assets/icons/tabler/outline/square-chevron-right.svg,ff52221d90ad792904f20caaa8a6e252ac235f9e061f23c192f6b279e0f9584c,0 0 24 24,XML VALID — VISUAL REVIEW PENDING
assets/icons/tabler/outline/square-chevron-up.svg,1c90217dabb22f6052f414cc89a66f12b76bc15fcc5747206e1492815c62cff2,0 0 24 24,XML VALID — VISUAL REVIEW PENDING
assets/icons/tabler/outline/square-chevrons-down.svg,f0ce938f59f7cced0e0bf41d9386fab273ea9d68a6733759e56ae061af018532,0 0 24 24,XML VALID — VISUAL REVIEW PENDING
assets/icons/tabler/outline/square-chevrons-left.svg,d2d18e592b9a2627f6deabf8f0313aab2622dd9d5a0348a5749c67e82049c0c5,0 0 24 24,XML VALID — VISUAL REVIEW PENDING
assets/icons/tabler/outline/square-chevrons-right.svg,7f8a003e631372f13c55ca4f10360a545c7665a5e6279ced8c2020fb194060bb,0 0 24 24,XML VALID — VISUAL REVIEW PENDING
assets/icons/tabler/outline/square-chevrons-up.svg,ee5c924a3157934543239ef4e23a4820280a182b4d1df3e02f52e996c58e9772,0 0 24 24,XML VALID — VISUAL REVIEW PENDING
assets/icons/tabler/outline/square-dashed.svg,f2894188331852a47678291482b3a71e907a680d874005f76d7d75ed77c72002,0 0 24 24,XML VALID — VISUAL REVIEW PENDING
assets/icons/tabler/outline/square-dot.svg,690475dbf8bbf38ef4bdd4fcab0feb53966ecb3e900c6c205782b4a7365b8150,0 0 24 24,XML VALID — VISUAL REVIEW PENDING
assets/icons/tabler/outline/square-f0.svg,872ddd5deb5dc33fa12e679b7149a042796d879c86978c2407cf6aafb56ab982,0 0 24 24,XML VALID — VISUAL REVIEW PENDING
assets/icons/tabler/outline/square-f1.svg,9cb6e78882134710e7633911cebdd779f5e47a3d4bc17d7665910d2b79a7032e,0 0 24 24,XML VALID — VISUAL REVIEW PENDING
assets/icons/tabler/outline/square-f2.svg,5c7db37da707a715f27c6af1b0b8c0e0d40efb3b801d1d9bcba2bd92bae9b83a,0 0 24 24,XML VALID — VISUAL REVIEW PENDING
assets/icons/tabler/outline/square-f3.svg,56c6f20371b3104a260280f091f43d3cbe69c02f21ae8719e83dc3fa1ccd0106,0 0 24 24,XML VALID — VISUAL REVIEW PENDING
assets/icons/tabler/outline/square-f4.svg,955a6315350a849c1f184b84128ee74deb1b137aac9fa96baa4f9fa66205c7ca,0 0 24 24,XML VALID — VISUAL REVIEW PENDING
assets/icons/tabler/outline/square-f5.svg,ba31a9ed2a4053ca5cd6119f98c978e12e0f827b15528c533abc615f6c7f6e59,0 0 24 24,XML VALID — VISUAL REVIEW PENDING
assets/icons/tabler/outline/square-f6.svg,68534de2a80b0ca6fd52c408a8bb95d97f291e0426670606f51b255d2d416ce5,0 0 24 24,XML VALID — VISUAL REVIEW PENDING
assets/icons/tabler/outline/square-f7.svg,5b28d554b7c76424112eb5df7db5796cd1e4ac0473fd438aef6e45682f1db415,0 0 24 24,XML VALID — VISUAL REVIEW PENDING
assets/icons/tabler/outline/square-f8.svg,5c3ce41eff6177ac99a218a7efb8e644570826dd6d83baeb13752fc7ff18bdee,0 0 24 24,XML VALID — VISUAL REVIEW PENDING
assets/icons/tabler/outline/square-f9.svg,0a82bfab5c0f81e0c05e349458f3fc7bae05fc09d74cba82258a66b9e8f3e5ef,0 0 24 24,XML VALID — VISUAL REVIEW PENDING
assets/icons/tabler/outline/square-forbid-2.svg,682b5f7560cc40b87f96d2e98fc197083d97a18f1f561857e673c8cf91f9e075,0 0 24 24,XML VALID — VISUAL REVIEW PENDING
assets/icons/tabler/outline/square-forbid.svg,456b97a6821544fcee325475a68c0079aff1116d9f91cc93120a30086bcf0751,0 0 24 24,XML VALID — VISUAL REVIEW PENDING
assets/icons/tabler/outline/square-half.svg,bd8b3f5b1d4a83c621e3428f8cbead5cbe129d4ccc43beacd849a4228f7a6024,0 0 24 24,XML VALID — VISUAL REVIEW PENDING
assets/icons/tabler/outline/square-key.svg,49597692463e4c0529b84b4b6ec708c4bc9cd52ef50ed5ba057559b4d14d4e50,0 0 24 24,XML VALID — VISUAL REVIEW PENDING
assets/icons/tabler/outline/square-letter-a.svg,090de788e8a8ccb4e9527208f0e42ad039dbb52ff2aac96051735411a4a480f0,0 0 24 24,XML VALID — VISUAL REVIEW PENDING
assets/icons/tabler/outline/square-letter-b.svg,6c8dae149420c2ba4c95d03805b37967aedad118c3088ed0f75b870ff4dd4524,0 0 24 24,XML VALID — VISUAL REVIEW PENDING
assets/icons/tabler/outline/square-letter-c.svg,3b16f07b22ade044308d90a473cc664309bc592a9cccfac239c285ba5948b4e4,0 0 24 24,XML VALID — VISUAL REVIEW PENDING
assets/icons/tabler/outline/square-letter-d.svg,4e073961a65da5bd36a37787998e8f8df31ead221a2fbe98e708f4c75f3df273,0 0 24 24,XML VALID — VISUAL REVIEW PENDING
assets/icons/tabler/outline/square-letter-e.svg,b82a0d84c6e4aa553a62b6f37075f753de763dff1a92cf7de9382bfce9648885,0 0 24 24,XML VALID — VISUAL REVIEW PENDING
assets/icons/tabler/outline/square-letter-f.svg,e0a7c91038e74538b49d41bcf903285c36c238f56b319c4a1074854bd7cc7642,0 0 24 24,XML VALID — VISUAL REVIEW PENDING
assets/icons/tabler/outline/square-letter-g.svg,33164466520c8631dcafb331f78d39e0e8f755a158fd9f1e6310f821ac537cfa,0 0 24 24,XML VALID — VISUAL REVIEW PENDING
assets/icons/tabler/outline/square-letter-h.svg,b318e29b861cb3dcc3122b97b0887b238e45721649b6400cdc830fa9462201d1,0 0 24 24,XML VALID — VISUAL REVIEW PENDING
assets/icons/tabler/outline/square-letter-i.svg,598f079135ad3408f7492e5181fbdd508d0711f3795a9bf211f370f67a698e98,0 0 24 24,XML VALID — VISUAL REVIEW PENDING
assets/icons/tabler/outline/square-letter-j.svg,7435cd9eca9190e7376842d7974593ccd8d7b6bc914b7f2d1f8a8b8194813bc8,0 0 24 24,XML VALID — VISUAL REVIEW PENDING
assets/icons/tabler/outline/square-letter-k.svg,94db708cf14cce34b3caa9bf1a95965130f169a4c8a5d3a5f19d29ef97cce2a3,0 0 24 24,XML VALID — VISUAL REVIEW PENDING
assets/icons/tabler/outline/square-letter-l.svg,2b49c09acbd8fab7c68426b03bb331544b76d6cb8fec57d7fe4de30e6cf6d19e,0 0 24 24,XML VALID — VISUAL REVIEW PENDING
assets/icons/tabler/outline/square-letter-m.svg,e61a775ec920d597678e85a1ec3764be574d1b7a46fd25c592b98c8f6a1f918b,0 0 24 24,XML VALID — VISUAL REVIEW PENDING
assets/icons/tabler/outline/square-letter-n.svg,2e0edc09dc8243a9ab7de242f0dcd869ae2d2bf7535377f1bc3c0c6ad838c06f,0 0 24 24,XML VALID — VISUAL REVIEW PENDING
assets/icons/tabler/outline/square-letter-o.svg,c3af5af6fedd43e603d38a46df01920eaa4f1865a8cfee93ba9f7c2d58c940a5,0 0 24 24,XML VALID — VISUAL REVIEW PENDING
assets/icons/tabler/outline/square-letter-p.svg,4aec35af64dbd3b308b84a70e1aab78e65c338f4915699fbaa7420dc8d4067fa,0 0 24 24,XML VALID — VISUAL REVIEW PENDING
assets/icons/tabler/outline/square-letter-q.svg,9e508149ed17a300cf5bbcb0cd6c4b3362dfd7e6510315e1a18c9a2aea9d9865,0 0 24 24,XML VALID — VISUAL REVIEW PENDING
