File,SHA256,ViewBox,Disposition
assets/icons/linkedin.svg,7f45b30d8001cf901056576ebbbf60afd48d6ebf23651052a11f7dc31455f295,0 0 24 24,XML VALID — VISUAL REVIEW PENDING
assets/icons/list-check.svg,5e3ec1889f620f9360c4346c7769ece1bdf8feec174a99acff9a08c15304c4bb,0 0 24 24,XML VALID — VISUAL REVIEW PENDING
assets/icons/list-checks.svg,f44763d4c301b61bfdb270c5c9eded49588471b40276e98f8594e9de7f136d09,0 0 24 24,XML VALID — VISUAL REVIEW PENDING
assets/icons/list-chevrons-down-up.svg,a7339f9956dcafa790506a117ddc857ddfa4e84b5200a4d530755a070ef68518,0 0 24 24,XML VALID — VISUAL REVIEW PENDING
assets/icons/list-chevrons-up-down.svg,b3f07202c6cb9f9363e98ea332f277da5f14dedb8d0ba21d398f79148ec59a3c,0 0 24 24,XML VALID — VISUAL REVIEW PENDING
assets/icons/list-collapse.svg,40ba32177333ae8a26a8ca8a83ad3fe45fb3045eccc76b822577c3b1c3540e44,0 0 24 24,XML VALID — VISUAL REVIEW PENDING
assets/icons/list-end.svg,c7c8084acea110322350281e964da3a289f74b895048be5309795f417d002622,0 0 24 24,XML VALID — VISUAL REVIEW PENDING
assets/icons/list-filter-plus.svg,c031d1a55154cf63ed31023cd8e28593e05e2bb400a9a58b53dffbece33a52a2,0 0 24 24,XML VALID — VISUAL REVIEW PENDING
assets/icons/list-filter.svg,9a23029db1f828f6cfe1acf33fa3a7a9127ad06b438b7053820093a02157e578,0 0 24 24,XML VALID — VISUAL REVIEW PENDING
assets/icons/list-indent-decrease.svg,f009c959501c484baddf3b68f4edec9ead4cdaa51756d6b8e7ec56033d3d1e28,0 0 24 24,XML VALID — VISUAL REVIEW PENDING
assets/icons/list-indent-increase.svg,7ce597815cb567a3cd8460c16664b4ad2d44eb32a6be5c49b7c8cea752654681,0 0 24 24,XML VALID — VISUAL REVIEW PENDING
assets/icons/list-minus.svg,52218eea5dfe9b0d4c2d42a0e43d31bee5c51b580f6b8e6eedf5a3d6cab5ee22,0 0 24 24,XML VALID — VISUAL REVIEW PENDING
assets/icons/list-music.svg,cab2c99a57ebf912328b79387bec22144cc0b83c0ac2b9d3f16be50f5709afc8,0 0 24 24,XML VALID — VISUAL REVIEW PENDING
assets/icons/list-ordered.svg,f3673ec338ac0bb09ab69502ec1705dd10b872cd208728c25ae161a00ef0aeaf,0 0 24 24,XML VALID — VISUAL REVIEW PENDING
assets/icons/list-plus.svg,1acb62999dc099e2759feb36cbe2bfd4b927dafdd700b5ea4aad9f3833a046c4,0 0 24 24,XML VALID — VISUAL REVIEW PENDING
assets/icons/list-restart.svg,8dce6d19fb4f70558f451c941eb60c0e771591fe2bc97cac3328697c343a9116,0 0 24 24,XML VALID — VISUAL REVIEW PENDING
assets/icons/list-start.svg,5a426fcaa0ef63334e4d66d57c46dc5beec947aadf509ea88e4e3204773c699c,0 0 24 24,XML VALID — VISUAL REVIEW PENDING
assets/icons/list-todo.svg,33504d75d5e431de8fd3e3bf382a94592d765fbdcbf81f4a9443c0f2165cccb7,0 0 24 24,XML VALID — VISUAL REVIEW PENDING
assets/icons/list-tree.svg,7d9008308f58ba891c5736e8dc1a44c6046727024d7975afde3e954afecee3e6,0 0 24 24,XML VALID — VISUAL REVIEW PENDING
assets/icons/list-video.svg,6d29ea25d647260f7b58af80716cfe3467e6ebc3e548c0e61d415cf6a83de157,0 0 24 24,XML VALID — VISUAL REVIEW PENDING
assets/icons/list-x.svg,963bcb55670e067061f6db63eaa1e0ee660d9ce4b1d8674c15620fe85a4d4eb2,0 0 24 24,XML VALID — VISUAL REVIEW PENDING
assets/icons/list.svg,8ebc4ec3fbb3b06c328f005248babed97bef5f4bad1b761ba3cd626671b50ba6,0 0 24 24,XML VALID — VISUAL REVIEW PENDING
assets/icons/loader-2.svg,ec7c37991235ccd3f1017a8709622a9fbe8caadc7b306153b58ad16a63850c90,0 0 24 24,XML VALID — VISUAL REVIEW PENDING
assets/icons/loader-circle.svg,51fd2f254b68dd5b266910bf8671f9d203033698ee389cd9f79d59d0057daad6,0 0 24 24,XML VALID — VISUAL REVIEW PENDING
assets/icons/loader-pinwheel.svg,74c12b416d6b9723d4cd76e5b004ce7e8bf10981f94b2bba84f69caf15e182aa,0 0 24 24,XML VALID — VISUAL REVIEW PENDING
assets/icons/loader.svg,ed8e41ebc789d36e7f631bd6a7a31541ccdbe48b595e04f75ffcfa398a8bc08c,0 0 24 24,XML VALID — VISUAL REVIEW PENDING
assets/icons/locate-fixed.svg,5469cbe5c0c281696477ff5bdbcc0b720dc6b9f12cf1207f9355b98d0da548c2,0 0 24 24,XML VALID — VISUAL REVIEW PENDING
assets/icons/locate-off.svg,7aa0de65d76a1374aa57bd5b7ce2d4d494b4fbb8758720baa4be9b611ca07639,0 0 24 24,XML VALID — VISUAL REVIEW PENDING
assets/icons/locate.svg,88afacf1ece6613429ff893ad29f652fde089f538d54b7d5a2a0b4f15f32caf0,0 0 24 24,XML VALID — VISUAL REVIEW PENDING
assets/icons/location-edit.svg,8be3dfaebf3b6712bfc3bd79ee96c3da25d729e9163613c733bbea9637dc989e,0 0 24 24,XML VALID — VISUAL REVIEW PENDING
assets/icons/lock-keyhole-open.svg,e06348eb61ee99ec745343dd444123b5f9277a0990a022ae183febdb6d1294e1,0 0 24 24,XML VALID — VISUAL REVIEW PENDING
assets/icons/lock-keyhole.svg,07137aa563c9e85f2603d6ebbe3924f9e67177e9ae94fe248ea2cb6990eb8047,0 0 24 24,XML VALID — VISUAL REVIEW PENDING
assets/icons/lock-open.svg,fb6220b53f4b54cda65073700b3f59e21a7c10ecb7fbae3a17f6c8a014e43714,0 0 24 24,XML VALID — VISUAL REVIEW PENDING
assets/icons/lock.svg,b6ccd3b9370cf4cc6a333a5845081f45c82e86940ab26ffa6c62a21337e1d848,0 0 24 24,XML VALID — VISUAL REVIEW PENDING
assets/icons/log-in.svg,9d8188613aef531c73907f12f452929012b746027e5d46517c4179e3fb3de40d,0 0 24 24,XML VALID — VISUAL REVIEW PENDING
assets/icons/log-out.svg,1e5ef7cca6589b139d400ec2f69c982397adb4c658b7a82c95c63e4d77255523,0 0 24 24,XML VALID — VISUAL REVIEW PENDING
assets/icons/logs.svg,edb8e1fa408865f8c35417f6be8aaead2b2b0a3b61d13d6970c5ca13c3014b2d,0 0 24 24,XML VALID — VISUAL REVIEW PENDING
assets/icons/lollipop.svg,0ef47b21995bfc2e815302da014d8e05c46c5333321d3b807205b8e75117ccac,0 0 24 24,XML VALID — VISUAL REVIEW PENDING
assets/icons/luggage.svg,fe12df042e98ec552e43c95f65dd765cc21c90681f368df50582c94bd00fb179,0 0 24 24,XML VALID — VISUAL REVIEW PENDING
assets/icons/m-square.svg,73497984e8b5b002fcd6f459f02b06b8d6d238504b3fdab891e5b9f7359035be,0 0 24 24,XML VALID — VISUAL REVIEW PENDING
assets/icons/magnet.svg,dc0c8ec779ac6509f182cd0a235566cfd3f8164cbfbcf62a7dd84936dd6de17d,0 0 24 24,XML VALID — VISUAL REVIEW PENDING
assets/icons/mail-check.svg,b9772bd5efcb71ca3e07ca235d5349487132671f5eab41065cfbca27d5b66973,0 0 24 24,XML VALID — VISUAL REVIEW PENDING
assets/icons/mail-minus.svg,a4cd24d0b30fcb8851735d86d0cb0ca0d7b49d6cd44da871c3bd209413ce3206,0 0 24 24,XML VALID — VISUAL REVIEW PENDING
assets/icons/mail-open.svg,0272950cbc8296ad1b44b8255382e089f90dffb16ea2876e4f95d0feb371281d,0 0 24 24,XML VALID — VISUAL REVIEW PENDING
assets/icons/mail-plus.svg,9ab71457f231163dfe438d89f86d41410d35bb7a3df50a5a4c17e7829eb8162f,0 0 24 24,XML VALID — VISUAL REVIEW PENDING
assets/icons/mail-question-mark.svg,ac615a25caf6aa01fd39cb2fdff7ee6f7948337c89cb368354693eaa0e4f2442,0 0 24 24,XML VALID — VISUAL REVIEW PENDING
assets/icons/mail-question.svg,2d695f56c78f84f743f0b2fec9f0004e86695afd0687a3f3395b3a1b361a37ce,0 0 24 24,XML VALID — VISUAL REVIEW PENDING
assets/icons/mail-search.svg,6998f2ec6901deae0ab60a2da1ccd4b35bd5c7cd84a377fd53bbfc8ccd56d393,0 0 24 24,XML VALID — VISUAL REVIEW PENDING
assets/icons/mail-warning.svg,cf03ed5ee30d4f42f2d9ca61376460f12d05d35f1788241a28b436e7c4ad04f9,0 0 24 24,XML VALID — VISUAL REVIEW PENDING
assets/icons/mail-x.svg,af4a7f9083d92045e3b4ac23b8ed1861ab2ba46324a49922bfab7b0a7df815ba,0 0 24 24,XML VALID — VISUAL REVIEW PENDING
assets/icons/mail.svg,7168f74b1112c04e5f31a6761c96943f78dcd6157999b43415e60214ba661ec5,0 0 24 24,XML VALID — VISUAL REVIEW PENDING
assets/icons/mailbox.svg,c047f25e509f267043cf4d8432895e22006dbc6d682d9fb0ea78815977758b7c,0 0 24 24,XML VALID — VISUAL REVIEW PENDING
assets/icons/mails.svg,9497129a946544a6241760a9164e2ff6025a2fb8e2d6ce51cb757d524db85bf0,0 0 24 24,XML VALID — VISUAL REVIEW PENDING
assets/icons/map-minus.svg,8cf17a50b1b7950a535b48972777e92829fd42700aec09ed524b55bbb5ee3aaf,0 0 24 24,XML VALID — VISUAL REVIEW PENDING
assets/icons/map-pin-check-inside.svg,93ad13012e00a7d2df44dc836fb2bec03c665b832026112f7726764778c1e699,0 0 24 24,XML VALID — VISUAL REVIEW PENDING
assets/icons/map-pin-check.svg,62ca534cf98be63ea4e2128872904ae5e0107775a37fe01512f8fd48af11caf9,0 0 24 24,XML VALID — VISUAL REVIEW PENDING
assets/icons/map-pin-house.svg,40e4cb4ab6444cac9e206ac4b99defb8a963ae335c452cb33863b0bc2b1f7c97,0 0 24 24,XML VALID — VISUAL REVIEW PENDING
assets/icons/map-pin-minus-inside.svg,a8dfc22535e48bebc7b3fcc6f05d391cb13f64f192430e8fd14cec2c697d62af,0 0 24 24,XML VALID — VISUAL REVIEW PENDING
assets/icons/map-pin-minus.svg,7c9f17c8e1f870b49036d23cf013e11b25ac376983f5022c5d653ad02fd80c3b,0 0 24 24,XML VALID — VISUAL REVIEW PENDING
assets/icons/map-pin-off.svg,adb9326b8d3f3ab0f468fa5154d8420edaf365d3b34721419acae61e617859c8,0 0 24 24,XML VALID — VISUAL REVIEW PENDING
assets/icons/map-pin-pen.svg,c5d1ebe5bce277de3c884ceb3c72974fe56d0535af1455cb60af9c533c98dc2c,0 0 24 24,XML VALID — VISUAL REVIEW PENDING
assets/icons/map-pin-plus-inside.svg,278e37115265ce35ceb799cd3ec5d5191db088ceed7c4a7798c347fad870e036,0 0 24 24,XML VALID — VISUAL REVIEW PENDING
assets/icons/map-pin-plus.svg,9eb2cbdceea9a231c57b27cdd9e57fda04e3e2c68c61c5ab0ec1daa2cdcc4613,0 0 24 24,XML VALID — VISUAL REVIEW PENDING
assets/icons/map-pin-x-inside.svg,950e9951252dc1d09a26bad448e0a06fffd5d6bbbe8865dbab047134678a7120,0 0 24 24,XML VALID — VISUAL REVIEW PENDING
assets/icons/map-pin-x.svg,614b6cb25d565abf48b4bc9a9283de354dca5fbebb2dc0eab959d2cf080612db,0 0 24 24,XML VALID — VISUAL REVIEW PENDING
assets/icons/map-pin.svg,5d8a6d1b736d90fe86e9a8b50352cb2a8ef63f1ab1691eff87ada358ff89e5e0,0 0 24 24,XML VALID — VISUAL REVIEW PENDING
assets/icons/map-pinned.svg,0634e7d6f299b0a806eb950dc041272a36b21d2b2380bd50805ef4d094b2e5bb,0 0 24 24,XML VALID — VISUAL REVIEW PENDING
assets/icons/map-plus.svg,7c7d9223e76af918c398ce3f33c1bf777e6734fcc7ca3c797cceeaf1449d70c9,0 0 24 24,XML VALID — VISUAL REVIEW PENDING
assets/icons/map.svg,b98729cf72661ebba1e739ce6135d2e6bec6f58cb7b0c7f30c2f1f4df21b42a0,0 0 24 24,XML VALID — VISUAL REVIEW PENDING
assets/icons/mars-stroke.svg,209ea2c5088d1dbc6fe93befe147276254832e42e5bfa5d472e9da996a4a2735,0 0 24 24,XML VALID — VISUAL REVIEW PENDING
assets/icons/mars.svg,cfbc7efd972b57f3bc7a865366a9fa0d20e4a84430ce2a0ca95bece0e41629d6,0 0 24 24,XML VALID — VISUAL REVIEW PENDING
assets/icons/martini.svg,07f509cc8c6867d792859b7b91f39dfd3e57f2cf4621bb464bfd03e66a773759,0 0 24 24,XML VALID — VISUAL REVIEW PENDING
assets/icons/maximize-2.svg,b9e3461d6ff529b491f19f17eb1fcd640f74676bb92ba321de560a5b1e0daa16,0 0 24 24,XML VALID — VISUAL REVIEW PENDING
assets/icons/maximize.svg,c3363356c3f3d72f5c1bf58de6849fa0a346f3b1e1dfda473c2469845bc97d7a,0 0 24 24,XML VALID — VISUAL REVIEW PENDING
assets/icons/medal.svg,91e12b0eda807322895e329162ada991a81d18c03631546f42bd44bd439f4b2f,0 0 24 24,XML VALID — VISUAL REVIEW PENDING
assets/icons/megaphone-off.svg,11d4c62e3ca50be8bb71b64e8e133f96f6a967bf92997f7f95a30de235752d65,0 0 24 24,XML VALID — VISUAL REVIEW PENDING
assets/icons/megaphone.svg,96df102b85641e1497b4ea66bc0cc8c479a7eddfaecb86ca863acf2b6f5a0a70,0 0 24 24,XML VALID — VISUAL REVIEW PENDING
assets/icons/meh.svg,048a5ff6fc845478cc03e5f96c6ff3d5db7dd847ca765f5b6dcc0d6709c09dd6,0 0 24 24,XML VALID — VISUAL REVIEW PENDING
assets/icons/memory-stick.svg,91e7511c69bc66d4697476056b0faf07679bca7a2b9bf0f25c5d50d56fca100b,0 0 24 24,XML VALID — VISUAL REVIEW PENDING
assets/icons/menu-square.svg,8c9d1ac72540f1999d5ead147bc4193fce0a722cd0a831602bc124321f0676ff,0 0 24 24,XML VALID — VISUAL REVIEW PENDING
assets/icons/menu.svg,15302dd9c6ff3532b0a52fc3123165ccf9bbdcf5a41bd66aa87dbe35be178371,0 0 24 24,XML VALID — VISUAL REVIEW PENDING
assets/icons/merge.svg,8842073f65b7f205eb8bbe4c35c4c68a91aa586ddd4a99608b02c6ec1611b4f2,0 0 24 24,XML VALID — VISUAL REVIEW PENDING
assets/icons/message-circle-code.svg,4d8b8d45af4b8ad91d532a38d1de4aa26498c7dfffbda3ba44029e936f976c04,0 0 24 24,XML VALID — VISUAL REVIEW PENDING
assets/icons/message-circle-dashed.svg,23a58c867a9988b7f4b2e0f6978eb9c47371f0b8e3f3c40d74f28ea2e256e307,0 0 24 24,XML VALID — VISUAL REVIEW PENDING
assets/icons/message-circle-heart.svg,f3b869ee815b026147bcab6a695afc4c0a64248501cfcfd0f99a31a3b3ef6f73,0 0 24 24,XML VALID — VISUAL REVIEW PENDING
assets/icons/message-circle-more.svg,428f2724c00e5fa0a578cd8c42cb73c780eca0542509249ba5642ee3ac0b7d12,0 0 24 24,XML VALID — VISUAL REVIEW PENDING
assets/icons/message-circle-off.svg,a953016d1e69620f6baee92e2ed5b3d2612c00431e06bad48e4807ba20de6f4d,0 0 24 24,XML VALID — VISUAL REVIEW PENDING
assets/icons/message-circle-plus.svg,4bbede998049167a11651c0b730ff465f60af1a00982f40fa9dc48cd3e026c87,0 0 24 24,XML VALID — VISUAL REVIEW PENDING
assets/icons/message-circle-question-mark.svg,3e745cb590a29f5345d12d832de6297ccc6b0308007179657cc61628e8fc1d20,0 0 24 24,XML VALID — VISUAL REVIEW PENDING
assets/icons/message-circle-question.svg,cdb395c8399d6232fd8a3e94a9b46976f71e15f325a2f2925bd08713580ef9ce,0 0 24 24,XML VALID — VISUAL REVIEW PENDING
assets/icons/message-circle-reply.svg,9ed7332e9d96b25f4d12c7ced7b601f93bc2938cc3494dbfd482cea844e831fc,0 0 24 24,XML VALID — VISUAL REVIEW PENDING
assets/icons/message-circle-warning.svg,e9307b2fdd4af4fb04a4bdfde276587f7681fe988e7861207e16cd30b005b8e5,0 0 24 24,XML VALID — VISUAL REVIEW PENDING
assets/icons/message-circle-x.svg,85b034e2b2b65b19e7bf97b16226e95e1df675db6d43ea0c0edd9c3e1dccddb1,0 0 24 24,XML VALID — VISUAL REVIEW PENDING
assets/icons/message-circle.svg,4061275c6eab0b7a1e2e4d0fcd4485b537fcfb2f4b236fe04ba30328ce392f1a,0 0 24 24,XML VALID — VISUAL REVIEW PENDING
assets/icons/message-square-code.svg,e78bc5420b41fa47f405d82db3d2d37cdce2c7272b38d0bfed8190ee1aa6e40b,0 0 24 24,XML VALID — VISUAL REVIEW PENDING
assets/icons/message-square-dashed.svg,2b3dcdea71d1229e59e2dfbfa2112e4f48dccab2353336b1f60adf49b404af04,0 0 24 24,XML VALID — VISUAL REVIEW PENDING
assets/icons/message-square-diff.svg,48d1daaac1ea8a4edf0aa95e75a3af2b6e65db4e5c3fa997c226fcbfe9fe8126,0 0 24 24,XML VALID — VISUAL REVIEW PENDING
assets/icons/message-square-dot.svg,10e8d8c5b8fe3a640f7a4e6efe946a8eb2850af189270f208cd647618aee1436,0 0 24 24,XML VALID — VISUAL REVIEW PENDING
assets/icons/message-square-heart.svg,8e8a7f5ac4842b278fdbdf4e952e614b33dd4a54839ba70d713b1647883ee5cc,0 0 24 24,XML VALID — VISUAL REVIEW PENDING
assets/icons/message-square-lock.svg,81ad045b12a4f1a18c908e04fefe22b5dd59ac26438ffe120e954c6065f4bc87,0 0 24 24,XML VALID — VISUAL REVIEW PENDING
assets/icons/message-square-more.svg,74f6a52e3391272db564d496cd564ef456f6ae39dbc2f76a457bfda4f3c9fefe,0 0 24 24,XML VALID — VISUAL REVIEW PENDING
assets/icons/message-square-off.svg,460235840125680dadd5447d5d0b22fd543208936168d01d4c3cfa0f459dd3a0,0 0 24 24,XML VALID — VISUAL REVIEW PENDING
assets/icons/message-square-plus.svg,40b5c97ed72960bcdbf3f95bee1ec5b857cb2be2b4d14d978810fe3f64bba989,0 0 24 24,XML VALID — VISUAL REVIEW PENDING
assets/icons/message-square-quote.svg,09b2aa9b40144e6e5513eca3a37002ebcb9c57692c8300ba691421aa7d4b7e99,0 0 24 24,XML VALID — VISUAL REVIEW PENDING
assets/icons/message-square-reply.svg,99551d63368b4723a0fe18f240aa1eabecaa842f8f9f58a4b5c6f4e5e0116358,0 0 24 24,XML VALID — VISUAL REVIEW PENDING
assets/icons/message-square-share.svg,03a8a91666e4c3dac34a44247ca063e3a06a9fcccfee37afbc15bacfeb7f7ee7,0 0 24 24,XML VALID — VISUAL REVIEW PENDING
assets/icons/message-square-text.svg,65c2e3724fa7a5352a108c07f4116d3d0663253590376ca1e6e01edce9e61a6e,0 0 24 24,XML VALID — VISUAL REVIEW PENDING
assets/icons/message-square-warning.svg,5bebdcdfff6525df3122b933d7a0f6751b728be5657d10b3ae01bb940da0f092,0 0 24 24,XML VALID — VISUAL REVIEW PENDING
assets/icons/message-square-x.svg,7d4dec06486fa988fbf4f21b0ff36b24532cfdc462461a36c1f1d1f5f238dd0f,0 0 24 24,XML VALID — VISUAL REVIEW PENDING
assets/icons/message-square.svg,b942e5e3f18fef3bfc8899362d7b989027badecd2c777bee655abf4446581b3c,0 0 24 24,XML VALID — VISUAL REVIEW PENDING
assets/icons/messages-square.svg,38f810387fa5160923f5c1f413998ce94502802f34db3515890038ad5f2189a9,0 0 24 24,XML VALID — VISUAL REVIEW PENDING
assets/icons/mic-2.svg,4ee76c2f8781a347e40109dce36aca2e3733d6a729fdb3d79c6d6c307086d604,0 0 24 24,XML VALID — VISUAL REVIEW PENDING
assets/icons/mic-off.svg,8dd00c1b1769aeab5d47d8cf1bacd4a0c2ca8ea3fa3c6ba758a341e8f8e7cd87,0 0 24 24,XML VALID — VISUAL REVIEW PENDING
assets/icons/mic-vocal.svg,eff89f8eff905b72abe97dafa27031616dc6bfdd925b087d40e6080b75be577b,0 0 24 24,XML VALID — VISUAL REVIEW PENDING
assets/icons/mic.svg,c4312509bf4e445f675180022c506c9d33d587d1578e09a097d1c8b8c763601d,0 0 24 24,XML VALID — VISUAL REVIEW PENDING
assets/icons/microchip.svg,e4a50e1119c91f200082c5a8497ec14bccf967cb09951a15f190e09b66ee1764,0 0 24 24,XML VALID — VISUAL REVIEW PENDING
assets/icons/microscope.svg,d2a9e8f5755784f3011a5805a5df1ec20f98b7ed4db2c3299d4064ff1bddc1be,0 0 24 24,XML VALID — VISUAL REVIEW PENDING
assets/icons/microwave.svg,fd105512b35b897b4f29074ca79555127235d2239cb498a65f95b08dce7137c4,0 0 24 24,XML VALID — VISUAL REVIEW PENDING
assets/icons/milestone.svg,0619057515cdb523bc5692d8c66703cb978d6db7aaffffb2b85119a95805f6cd,0 0 24 24,XML VALID — VISUAL REVIEW PENDING
assets/icons/milk-off.svg,eca57d186dd86ab790f7e856a18ffcfa2e89a7dd84a38ed98f385a0617e6ec3c,0 0 24 24,XML VALID — VISUAL REVIEW PENDING
assets/icons/milk.svg,03bfb6591498f81184eba11520866b2f7ce5a909af1bfc4d2857ce11d7d7aed2,0 0 24 24,XML VALID — VISUAL REVIEW PENDING
assets/icons/minimize-2.svg,2b209085810780921da3a8068f307ec2795cd26ba63e3754b3e8fd7a4975569f,0 0 24 24,XML VALID — VISUAL REVIEW PENDING
assets/icons/minimize.svg,eb74dabad63a8426b442422d291add121db5b1ccdb3d02af1b4c722f2646982c,0 0 24 24,XML VALID — VISUAL REVIEW PENDING
assets/icons/minus-circle.svg,81009abd880e2401594bb4c03651f3040f0846bf0189871470842eb6711a85b6,0 0 24 24,XML VALID — VISUAL REVIEW PENDING
assets/icons/minus-square.svg,2438fab9f337008696367b37b7e5b074478635779ac7bcb7b72016f3a5d6d4b2,0 0 24 24,XML VALID — VISUAL REVIEW PENDING
assets/icons/minus.svg,9aa70ad3cc503efe3f6fa983e497c1718f78c4b6334c11cfc2e48a01a98fcbdf,0 0 24 24,XML VALID — VISUAL REVIEW PENDING
assets/icons/monitor-check.svg,f5a3543da7fe1bd598f04e4475486416288419eb9725d0cb8dae2b81e90a4bfc,0 0 24 24,XML VALID — VISUAL REVIEW PENDING
assets/icons/monitor-cloud.svg,606164279248c9ccf003354be6e6cae26a392adf4236bc0d77ad67aac675fc1e,0 0 24 24,XML VALID — VISUAL REVIEW PENDING
assets/icons/monitor-cog.svg,16166e1549c3a07b0509192c90d2fba476b458280c75539bbc236b720b4220a9,0 0 24 24,XML VALID — VISUAL REVIEW PENDING
assets/icons/monitor-dot.svg,1f9f25c4110cec85c63c948cc54802e35c90eb12b083130b1be678d83035579e,0 0 24 24,XML VALID — VISUAL REVIEW PENDING
assets/icons/monitor-down.svg,9f011973dda29cd381593a1820f5c8b9e230f363cb55124c17b3e98409c5b870,0 0 24 24,XML VALID — VISUAL REVIEW PENDING
assets/icons/monitor-off.svg,ee496be28052172798e7e4b98636d2cabd1055e6768cdcf73027787b6c989256,0 0 24 24,XML VALID — VISUAL REVIEW PENDING
assets/icons/monitor-pause.svg,1f27a6c44ae95d92e4a96794a30181b746602636582e5489f0b7ee93ae717b45,0 0 24 24,XML VALID — VISUAL REVIEW PENDING
assets/icons/monitor-play.svg,4bad31a4af346764091545d594404b0ad834721935fc13a77c069a9f500cf910,0 0 24 24,XML VALID — VISUAL REVIEW PENDING
assets/icons/monitor-smartphone.svg,b23ea197444e79033da523b44c59e5de098b69696c5fbaabf5aab5b4850cea26,0 0 24 24,XML VALID — VISUAL REVIEW PENDING
assets/icons/monitor-speaker.svg,7ab0ff15909c17a57969688d4f51cdf22800990688f8648b097a4b5a683cc78b,0 0 24 24,XML VALID — VISUAL REVIEW PENDING
assets/icons/monitor-stop.svg,e08abe7ced3ad6632b3b29f58b33f1a9a97d7ed3c75a6a4cbe10064ae98812e7,0 0 24 24,XML VALID — VISUAL REVIEW PENDING
assets/icons/monitor-up.svg,7b4d4bc7803d3d20bd0185ae4e8e3ba6024f5063fd8bf39f9ab8e9a4da11b8e6,0 0 24 24,XML VALID — VISUAL REVIEW PENDING
assets/icons/monitor-x.svg,9c0882283b83260b081789cae8c0fcbcade3ab25233a691f6ce4c170fb0da322,0 0 24 24,XML VALID — VISUAL REVIEW PENDING
assets/icons/monitor.svg,d61bfb19d7d7e222b227c2b72ef62022419c5b26bca57fc7baf0472bbfb0e8e1,0 0 24 24,XML VALID — VISUAL REVIEW PENDING
assets/icons/moon-star.svg,0f9e59e9622ced38f626025ece5975370e1ebcc6f860662e6bff8fcbbdf2fa06,0 0 24 24,XML VALID — VISUAL REVIEW PENDING
assets/icons/moon.svg,99e4eb9b504bf284cfe0f3ce075ef94243d6585e33e31446bb17bae71cc4a2bb,0 0 24 24,XML VALID — VISUAL REVIEW PENDING
assets/icons/more-horizontal.svg,eb1feb972be8616ffeda29897989a62b170a3d6f28dcf385127c73717ed9b4e5,0 0 24 24,XML VALID — VISUAL REVIEW PENDING
assets/icons/more-vertical.svg,23d7bfa3baa0bbe3b2e6e9bc626389a7d05d533a8e92396aa8672a3afcf3b381,0 0 24 24,XML VALID — VISUAL REVIEW PENDING
assets/icons/motorbike.svg,a35b966ec74b3cea03abec5dd652a3ed2361772f66760ce2eba2f75fb175abb0,0 0 24 24,XML VALID — VISUAL REVIEW PENDING
assets/icons/mountain-snow.svg,ca2507680d8afaa5f82a61f5561ddd857acb0256ff88c3bfc4ee32048d510e27,0 0 24 24,XML VALID — VISUAL REVIEW PENDING
assets/icons/mountain.svg,20409abb66cb959f9e17845c4402773f69fd2cd24d76a748b1af10c4f6a56c21,0 0 24 24,XML VALID — VISUAL REVIEW PENDING
assets/icons/mouse-off.svg,bc13ac64e1e300e791a7a18700955a7b20fb42722339e36a7cbe7c9681374d44,0 0 24 24,XML VALID — VISUAL REVIEW PENDING
assets/icons/mouse-pointer-2.svg,68af23ab1a4fb522b21ad204574005a3567b7bac6e0661491913c5c2364a4349,0 0 24 24,XML VALID — VISUAL REVIEW PENDING
assets/icons/mouse-pointer-ban.svg,de2e654d022d3196636d049648478c7dc204d1d6eb5011a79ee5be3e23e115c9,0 0 24 24,XML VALID — VISUAL REVIEW PENDING
assets/icons/mouse-pointer-click.svg,558a9aed55d37e6a93d7fc89089eeb00ea40583d0c630efa5d5ecc25a9811090,0 0 24 24,XML VALID — VISUAL REVIEW PENDING
assets/icons/mouse-pointer-square-dashed.svg,cf4654dc8d3e17a6809514b393d099810a1c14af2fc078a6df0b5663c0c6f1f3,0 0 24 24,XML VALID — VISUAL REVIEW PENDING
assets/icons/mouse-pointer.svg,e153cfa33982258910db552dd12018cd4edfe3517980ddfbb212a737e88af644,0 0 24 24,XML VALID — VISUAL REVIEW PENDING
assets/icons/mouse.svg,820a2b9d5698ceca4775e6c371c946df1ed51db13322f58da21c4cf248c7fb21,0 0 24 24,XML VALID — VISUAL REVIEW PENDING
assets/icons/move-3-d.svg,81a91794996926cb8cbd2daa6eebdec91992d09b6aa653f6985c4d66f6961c45,0 0 24 24,XML VALID — VISUAL REVIEW PENDING
assets/icons/move-3d.svg,160efa2627354061a2c1f0742297e9a820c418f1acc6f9cbb0576016cbfdac46,0 0 24 24,XML VALID — VISUAL REVIEW PENDING
assets/icons/move-diagonal-2.svg,98ad107b405af0d3f1474710d5b4214ac225f3d994cb8a3379e512bc4c3bc1fb,0 0 24 24,XML VALID — VISUAL REVIEW PENDING
assets/icons/move-diagonal.svg,e18683f681ac1b473cd1eca38b96d987b2d58067d86b13ff9d5736954e898894,0 0 24 24,XML VALID — VISUAL REVIEW PENDING
assets/icons/move-down-left.svg,44148af055014b3e9d8d33d8ccc246e33e08761efd133222dc7dc680a858deca,0 0 24 24,XML VALID — VISUAL REVIEW PENDING
assets/icons/move-down-right.svg,6ff378a96be49c160231ea33891ee32983d8892df6487775996ed5b337d1ff2a,0 0 24 24,XML VALID — VISUAL REVIEW PENDING
assets/icons/move-down.svg,deda495f6a4ce976a48298b20c8556a821b28fe68f902259992dcee356cec84b,0 0 24 24,XML VALID — VISUAL REVIEW PENDING
assets/icons/move-horizontal.svg,a7ec547eb56fde76937878ac0e384ffa454c048501c9ef4d51b9d984c54f2626,0 0 24 24,XML VALID — VISUAL REVIEW PENDING
assets/icons/move-left.svg,cd877d8e81cd85be816faafbee147bcaf035c4712c77adb42d87e5cd72994b83,0 0 24 24,XML VALID — VISUAL REVIEW PENDING
assets/icons/move-right.svg,9fbfa29dbe2a95bbca39e3f9daeac57d49c49f9e5bd0c555a970cbf39c35aef7,0 0 24 24,XML VALID — VISUAL REVIEW PENDING
assets/icons/move-up-left.svg,14d07c763f2c3a630414749051b71cdca790bdae1353dac9b69709c2abf49eb2,0 0 24 24,XML VALID — VISUAL REVIEW PENDING
assets/icons/move-up-right.svg,3579ff5e9602aa3b6218eb6e3ad8cb1ffcce459d91882a03f10708c35e5ed7fd,0 0 24 24,XML VALID — VISUAL REVIEW PENDING
assets/icons/move-up.svg,b2ec884e347daff18c5a9de0a2991c949b5e18e8402faf21865676c48984264f,0 0 24 24,XML VALID — VISUAL REVIEW PENDING
assets/icons/move-vertical.svg,2067a604675482dfbfefe08c06dfaa0bcdf7921694dc1e0921cd525c65eb4b8c,0 0 24 24,XML VALID — VISUAL REVIEW PENDING
assets/icons/move.svg,c8cfdf1b9f6f26b07f80f8cba85974a1093e0708ea4b3f980db6c1ff70eb9a91,0 0 24 24,XML VALID — VISUAL REVIEW PENDING
assets/icons/music-2.svg,0bd76afe99e88e9993a2122f1b6d2c51456f9d870fe7bc1e4db5cefe54f98fa2,0 0 24 24,XML VALID — VISUAL REVIEW PENDING
assets/icons/music-3.svg,43f2a50ee12b382ea5858c34e147f3a48c9392ab0e832e546efeacafd5b6a330,0 0 24 24,XML VALID — VISUAL REVIEW PENDING
assets/icons/music-4.svg,2c3126b1b5287c9bd2191d923372f69ecc877c152e99d98f56bafeebd615f8b9,0 0 24 24,XML VALID — VISUAL REVIEW PENDING
assets/icons/music.svg,bd63b039ca2057be6d9ccd445ef0a3909deebb05a65f572944ec63f2b830d757,0 0 24 24,XML VALID — VISUAL REVIEW PENDING
assets/icons/navigation-2-off.svg,fd4eb3eb351b372ed7c11ea74dc7cda19ef3b8141afa149a081d3fb405706ee0,0 0 24 24,XML VALID — VISUAL REVIEW PENDING
assets/icons/navigation-2.svg,deb30605cb9162488293f5f80ada21aa3e73574695948c1eb0c39e67c5876e92,0 0 24 24,XML VALID — VISUAL REVIEW PENDING
assets/icons/navigation-off.svg,3800643510e39c088134ceb3be56c5d524a34b29db1d5f2edd77f46561accfc5,0 0 24 24,XML VALID — VISUAL REVIEW PENDING
assets/icons/navigation.svg,e69edf97ea4f28cf3d1a92f4552f6179b4daacf76a4bae8138e35c3aa5b53108,0 0 24 24,XML VALID — VISUAL REVIEW PENDING
assets/icons/network.svg,8bc8fbf11586d8aa6cb97e9612400059ef0a4cf2b7940c8aac253e78b8ace0d4,0 0 24 24,XML VALID — VISUAL REVIEW PENDING
assets/icons/newspaper.svg,c1bd751331b9910bb3ae326351a8c3880bcf73ca68d181cf2340292e4c9aad98,0 0 24 24,XML VALID — VISUAL REVIEW PENDING
assets/icons/nfc.svg,2ce04cd751b3614f8eb0bc35fdd1146cc026b5db073e01882ba8b3d9f9a4ca64,0 0 24 24,XML VALID — VISUAL REVIEW PENDING
assets/icons/non-binary.svg,187e9dbd3428866c8df6dfd7d2420e87ce4f6c06fa4005ba795e050f6580d817,0 0 24 24,XML VALID — VISUAL REVIEW PENDING
assets/icons/notebook-pen.svg,58bef2264b7070c1d600c681f790df6195cc2e718b7f9f1378a2f817b68ffe83,0 0 24 24,XML VALID — VISUAL REVIEW PENDING
assets/icons/notebook-tabs.svg,18a2e829cc27516ce30cde154a59c88bb764fe3b40000063f2f3b11cd19dba11,0 0 24 24,XML VALID — VISUAL REVIEW PENDING
assets/icons/notebook-text.svg,0a89d3ef70a93dc12daff2255f27ce4ebb2ff0cb9f734a580b1666bb3577680e,0 0 24 24,XML VALID — VISUAL REVIEW PENDING
assets/icons/notebook.svg,bae85246f91d684b3576c2cfca683047284089543ad6492cd8a647d873875b4e,0 0 24 24,XML VALID — VISUAL REVIEW PENDING
assets/icons/notepad-text-dashed.svg,8dc7f41316fcde004ed3511a05926a39263d382769ffe5be8a82886a022b02ea,0 0 24 24,XML VALID — VISUAL REVIEW PENDING
assets/icons/notepad-text.svg,abb0bb94c40a88f9c4b91493f962f479413d479f78bad3d0eea52a1fc154deaf,0 0 24 24,XML VALID — VISUAL REVIEW PENDING
assets/icons/nut-off.svg,5bcfb307d3c26395e6c5764ada29ba09ce7f54fbeb5ec06fde25a5f1efc7f4fa,0 0 24 24,XML VALID — VISUAL REVIEW PENDING
assets/icons/nut.svg,d1a74ce87a2245813b00f89452c24a9711e0e54bc7cb83cc5fd94f2146691448,0 0 24 24,XML VALID — VISUAL REVIEW PENDING
assets/icons/octagon-alert.svg,381ace7477dcd72415d935f28d2edaec71f9b07d76e3e54e566c91c2da4fa74c,0 0 24 24,XML VALID — VISUAL REVIEW PENDING
assets/icons/octagon-minus.svg,c9747e8085027adfd5b50d6c41c6c1893cfb0af5944507ad0d4bc2d6fcaf97e1,0 0 24 24,XML VALID — VISUAL REVIEW PENDING
assets/icons/octagon-pause.svg,f7a18e6455ccd37981f93a7ae3100e819da10c76818c85420d40b38a0f4dd80f,0 0 24 24,XML VALID — VISUAL REVIEW PENDING
assets/icons/octagon-x.svg,1a469b1a7e922c22257b3289a42ef47d79b9ec51a18ab8088dc4efe12b873393,0 0 24 24,XML VALID — VISUAL REVIEW PENDING
assets/icons/octagon.svg,884a92e4c94aed064fe41f1cae4d27db3975beaa037ef8417177780e8070e399,0 0 24 24,XML VALID — VISUAL REVIEW PENDING
assets/icons/omega.svg,d1ec3254c5247a91177410201853ea98290be85a4b2d1f597b6678d3dda23049,0 0 24 24,XML VALID — VISUAL REVIEW PENDING
assets/icons/option.svg,bd1367f448fb406f507577704476bb5305fc5cf8f2c41bcfa4406ebb9d538e61,0 0 24 24,XML VALID — VISUAL REVIEW PENDING
assets/icons/orbit.svg,35c8c5949463a2889537ede25265c1d25f13ef002cb46ada179fcd2c16234e53,0 0 24 24,XML VALID — VISUAL REVIEW PENDING
assets/icons/origami.svg,49dc490bda3466e510a50112aab5684b555e93b498c26feca66e6d79d4fe1b7f,0 0 24 24,XML VALID — VISUAL REVIEW PENDING
assets/icons/outdent.svg,d4ad46764ab8d0c8fefd5534e2315b9566490512d7057e2a1fd65e5d6af6f0b8,0 0 24 24,XML VALID — VISUAL REVIEW PENDING
assets/icons/package-2.svg,903b00355e9e37cf77298bac24d2f467bc4848af11fb435d3371f22dab63d1e3,0 0 24 24,XML VALID — VISUAL REVIEW PENDING
assets/icons/package-check.svg,f27b74078eaf9d7090e5de2c9398feda06a109725018854e7ce2ce9d26e7a18b,0 0 24 24,XML VALID — VISUAL REVIEW PENDING
assets/icons/package-minus.svg,cf0cbe58cb96dc32591d6771c9bb121cf2e3a486359d206e6d09cc693bb6432a,0 0 24 24,XML VALID — VISUAL REVIEW PENDING
assets/icons/package-open.svg,69f14659fb66db8e6bb94fc12074902d9546c965f76d6b19c81735b21be9680b,0 0 24 24,XML VALID — VISUAL REVIEW PENDING
assets/icons/package-plus.svg,8eda7c6e085c4b097e349d233e12a208044aa8777e94de6fa7d35871ae3e9d2d,0 0 24 24,XML VALID — VISUAL REVIEW PENDING
assets/icons/package-search.svg,a1d0475c5cb66d7c0318b266341a54763cdaca3049ea1dbd3cc64b0eb79f791d,0 0 24 24,XML VALID — VISUAL REVIEW PENDING
assets/icons/package-x.svg,2775560e99424f8710b32e7b5ea6f51c72e5ee48d0c77cd5ba0559644c1175c0,0 0 24 24,XML VALID — VISUAL REVIEW PENDING
assets/icons/package.svg,53f99573363ec75d2e5d453aeabb4e8d040749925fac947dcbed594c9d17ccd3,0 0 24 24,XML VALID — VISUAL REVIEW PENDING
assets/icons/paint-bucket.svg,aab683dc0eaeb5ebdb862e548560cea022d197beb2acd71a15cf9bb828c9ddb6,0 0 24 24,XML VALID — VISUAL REVIEW PENDING
assets/icons/paint-roller.svg,60bcca7d5e88103ad6d4b9878af62f5cf78b5949e5bb4cb11b110b94c46889b9,0 0 24 24,XML VALID — VISUAL REVIEW PENDING
assets/icons/paintbrush-2.svg,371c2b6b7eb20b374153d2afe2b39b06a9092a3a853fb30b20726f359abc71f1,0 0 24 24,XML VALID — VISUAL REVIEW PENDING
assets/icons/paintbrush-vertical.svg,16987ffa3734209a78cacd61922ea7d41754eed803c50e60d7d24b9946f45546,0 0 24 24,XML VALID — VISUAL REVIEW PENDING
assets/icons/paintbrush.svg,64fb75ecea5dda121b93eb78e1b038ed608bb34c0d8862da455a82be8762242c,0 0 24 24,XML VALID — VISUAL REVIEW PENDING
assets/icons/palette.svg,414f51c1dea9c880ac9e664d29d0ba57c1b951779a64715d1ad15113f711fc80,0 0 24 24,XML VALID — VISUAL REVIEW PENDING
assets/icons/palmtree.svg,cb423747ef2910b693cfbd4f1cc015265721b2b56b09598ac142679b5040cc13,0 0 24 24,XML VALID — VISUAL REVIEW PENDING
assets/icons/panda.svg,c5f87c26575341a53fb1543a0266a859d7ee21c0b5c0245a0df7fa8b18515ec3,0 0 24 24,XML VALID — VISUAL REVIEW PENDING
assets/icons/panel-bottom-close.svg,93a6a6c32963dea06e73fb5ac67adb452be26b8e62e4235212e704cbf0eb210d,0 0 24 24,XML VALID — VISUAL REVIEW PENDING
assets/icons/panel-bottom-dashed.svg,65423d35ec58e6bb7b4f81369ed6c9f12df6a29fdaf758e87a39bb389e649cbc,0 0 24 24,XML VALID — VISUAL REVIEW PENDING
assets/icons/panel-bottom-inactive.svg,7716ecf49325cf54e70f19ac5a9354cf66fba95e79c205862c97afe781c1e29d,0 0 24 24,XML VALID — VISUAL REVIEW PENDING
assets/icons/panel-bottom-open.svg,e3ed8f909eec097d5eba05aef4d4532ca33fe8cc8f7a8cefc1b6ca18cfb5cbd8,0 0 24 24,XML VALID — VISUAL REVIEW PENDING
assets/icons/panel-bottom.svg,a74cb9bd97dceb4ed3db6311a2eefc084bcae22ee4ebdf78d9e36145a54f5fde,0 0 24 24,XML VALID — VISUAL REVIEW PENDING
assets/icons/panel-left-close.svg,2255c3d81c457c534cef73f794860f3dc7b875518279e6a434299e06f359a467,0 0 24 24,XML VALID — VISUAL REVIEW PENDING
assets/icons/panel-left-dashed.svg,f5d1b03e8eda2f2159377aad10a4100dd2e79ef882579336cd4be238807e228d,0 0 24 24,XML VALID — VISUAL REVIEW PENDING
assets/icons/panel-left-inactive.svg,df55696b7fc6f891e0d0a487f7bbea3fddb8740852c54bfbb79b839091bd8403,0 0 24 24,XML VALID — VISUAL REVIEW PENDING
assets/icons/panel-left-open.svg,f4639203f6786fe7582967e15c1f02638a542bcf3c3200e895f10d8a36a3d70c,0 0 24 24,XML VALID — VISUAL REVIEW PENDING
assets/icons/panel-left-right-dashed.svg,699ce9c74c3e916e1b83b04f56305a084138e04b8a97e8c5d0f73ec4ea7f15d8,0 0 24 24,XML VALID — VISUAL REVIEW PENDING
assets/icons/panel-left.svg,763785539521ca9e8a45b791164b02e6d27092fe9cb3107fee2ad405a9b7e3aa,0 0 24 24,XML VALID — VISUAL REVIEW PENDING
assets/icons/panel-right-close.svg,efbbbef7c49a87d4b4b2d8087c81f579d70f4f87235404d9780c207d59a4a3f8,0 0 24 24,XML VALID — VISUAL REVIEW PENDING
assets/icons/panel-right-dashed.svg,3aee6fe0a4f67099e18bdef5a8706ae46491f618e343457d08bfac2fdbf9b01a,0 0 24 24,XML VALID — VISUAL REVIEW PENDING
assets/icons/panel-right-inactive.svg,1f8f60ecdf863b0cbddd45131179fd29117d16ee99f9ca279b18757258394899,0 0 24 24,XML VALID — VISUAL REVIEW PENDING
assets/icons/panel-right-open.svg,103efff26af5a04abc70f6681ca8c1ca36fea87cf91df4f15389a3511d329dae,0 0 24 24,XML VALID — VISUAL REVIEW PENDING
assets/icons/panel-right.svg,455ab57556bc713c2e17ab68e86230abc63c60270dc7141eec12e5607152bfb7,0 0 24 24,XML VALID — VISUAL REVIEW PENDING
assets/icons/panel-top-bottom-dashed.svg,0cb7eb47718356ee5afd65eba7144c4f79a072c066eb0c5344ed04d06382a303,0 0 24 24,XML VALID — VISUAL REVIEW PENDING
assets/icons/panel-top-close.svg,d0af934166b287e0ad499ec6e7fc207220010e38fb4576396055b6dbdd473073,0 0 24 24,XML VALID — VISUAL REVIEW PENDING
assets/icons/panel-top-dashed.svg,6c5d2e5e44b34cd1bf4a42a1bccb57ec853aa2e8a91ab9d950ecf8024d537353,0 0 24 24,XML VALID — VISUAL REVIEW PENDING
assets/icons/panel-top-inactive.svg,4446d4f378efccd407a076f740036d5071a9deaafc216dfbaeb9801e6a5ca852,0 0 24 24,XML VALID — VISUAL REVIEW PENDING
assets/icons/panel-top-open.svg,eafbbaa85ea8ac6762f5000d66224673eb49a03fe662833d489224dcee4dbcda,0 0 24 24,XML VALID — VISUAL REVIEW PENDING
assets/icons/panel-top.svg,3394bb02e56ed25fc368f35ce278a8f65bf26152d9ddebc97a09367c3a5a41b5,0 0 24 24,XML VALID — VISUAL REVIEW PENDING
assets/icons/panels-left-bottom.svg,4d83ff8363bf8c4fc3b00c1a596a38fdeefc7fe17b35696eba006f380835d025,0 0 24 24,XML VALID — VISUAL REVIEW PENDING
assets/icons/panels-left-right.svg,ed717f1ba486dbc78fa5962a961ade57592ccaa22a9626241f1b7085211e8ad9,0 0 24 24,XML VALID — VISUAL REVIEW PENDING
assets/icons/panels-right-bottom.svg,6153b4e237c32e516c525b902e1ce0d36e9dc3db38a273cbd98ec1cf2a6c4c09,0 0 24 24,XML VALID — VISUAL REVIEW PENDING
assets/icons/panels-top-bottom.svg,d0387900acb3d00070c3643058229d333784327f0c8624429696e0d7f14dbb84,0 0 24 24,XML VALID — VISUAL REVIEW PENDING
assets/icons/panels-top-left.svg,dac2a733bf0d2c5e08681f1a61949a24f68b1431af0c4e8e7a4be967b0cadc8b,0 0 24 24,XML VALID — VISUAL REVIEW PENDING
assets/icons/paperclip.svg,0ab9a3e61d2949747419c4829c8b880831a6573f441b93a2a1da652958888954,0 0 24 24,XML VALID — VISUAL REVIEW PENDING
assets/icons/parentheses.svg,2b1dc2d42457e11a22178de59897697966bd01768266653b6eede186af82e064,0 0 24 24,XML VALID — VISUAL REVIEW PENDING
assets/icons/parking-circle-off.svg,92ee6511905fecda1d632189e5923fed4f581a1394457737840423a415cddc6a,0 0 24 24,XML VALID — VISUAL REVIEW PENDING
assets/icons/parking-circle.svg,6660826f7f77a9c7f4a25be07ae271faec33a477ed1ddfbc59fc393870cfa68b,0 0 24 24,XML VALID — VISUAL REVIEW PENDING
assets/icons/parking-meter.svg,d41418eccca50ce9951826d5e43d697e6d4a1cbaa21a2a1c26139e287e9ebfeb,0 0 24 24,XML VALID — VISUAL REVIEW PENDING
assets/icons/parking-square-off.svg,29fe39b6eaf5a2d6b9b88ba1e90830f19f39200b93613c4173b2c420cab4843a,0 0 24 24,XML VALID — VISUAL REVIEW PENDING
assets/icons/parking-square.svg,e7624af9aed0568cfd1c7f8da72ca2e87d005922e7ba52d140843ab028ba9bf4,0 0 24 24,XML VALID — VISUAL REVIEW PENDING
assets/icons/party-popper.svg,431fe7ecbe4008dc77cc71c9d7363c0b5767e5b92631a5cb4e9a94296cafafa8,0 0 24 24,XML VALID — VISUAL REVIEW PENDING
assets/icons/pause-circle.svg,0dc7ba0d4c936aa9b5db4470ae9590b0ea03c0989d5fcf260c558c1b471089ce,0 0 24 24,XML VALID — VISUAL REVIEW PENDING
assets/icons/pause-octagon.svg,96f1fe46916cd0fa2d56f885041d4c4048ed22075d0c17e3a5f486b21bb96a2a,0 0 24 24,XML VALID — VISUAL REVIEW PENDING
assets/icons/pause.svg,e301698ac8f6df8ad2cbf043eceefe16c27fe522cf2c41f1520f73dc3e8036c3,0 0 24 24,XML VALID — VISUAL REVIEW PENDING
assets/icons/paw-print.svg,458237fc85447374be40ac1f3f3288612b729cf5671d7775ee31fae695109a25,0 0 24 24,XML VALID — VISUAL REVIEW PENDING
assets/icons/pc-case.svg,4e854313749dec217a7bcb8a2b7612ec232f0fade159a09e658904cd7e39c454,0 0 24 24,XML VALID — VISUAL REVIEW PENDING
assets/icons/pen-box.svg,3dca90d1bedfd439d2bd6c68b8233a27d024d1a86c051242acfa19766a96e358,0 0 24 24,XML VALID — VISUAL REVIEW PENDING
assets/icons/pen-line.svg,2c619dd8b3cf4d818fad673d70ff79d1495ebb14b5e9ce31fc6d8d2034c5ea2d,0 0 24 24,XML VALID — VISUAL REVIEW PENDING
assets/icons/pen-off.svg,a2c060979deb79b5345ddd5060ed84cad7210126b715ee42e4dc61c51d8f6c4c,0 0 24 24,XML VALID — VISUAL REVIEW PENDING
assets/icons/pen-square.svg,1b6d0beaa9d0f6d3060d9894bd850e4b9ddf13f776bc4460d3ca2af4b4ab1ae1,0 0 24 24,XML VALID — VISUAL REVIEW PENDING
assets/icons/pen-tool.svg,a407eb824eb6e0fbeb5bd02020856f71d3abf8297e2e946bf1dd0b330e4e0945,0 0 24 24,XML VALID — VISUAL REVIEW PENDING
assets/icons/pen.svg,09d49c637a48cf5a0b85869d774408e68f4d89ce407ac20bcdaad5d60650d142,0 0 24 24,XML VALID — VISUAL REVIEW PENDING
assets/icons/pencil-line.svg,81531757da8d02a157b85b02c3bf20c9c1f18f0d79851234a8331089a46c680b,0 0 24 24,XML VALID — VISUAL REVIEW PENDING
assets/icons/pencil-off.svg,6223a5def8340ad0aa8afa2f7e8c66c1fb391efef032323b9730f1b931ba84b7,0 0 24 24,XML VALID — VISUAL REVIEW PENDING
assets/icons/pencil-ruler.svg,47ee50122394da970bcff46223cbc5796028fc281438295ce472bf15878e7cde,0 0 24 24,XML VALID — VISUAL REVIEW PENDING
assets/icons/pencil.svg,f4a85d69746df2a4c6d4b4d43ed331df55ae5392e256bcfd1b7276dc85763552,0 0 24 24,XML VALID — VISUAL REVIEW PENDING
assets/icons/pentagon.svg,65c4e92d478d4430a70fb3362c57ff66d60473bb27fb93c198810aa4d3d373cc,0 0 24 24,XML VALID — VISUAL REVIEW PENDING
assets/icons/percent-circle.svg,bd23d06a1fd9386a4cfa09cf2ca8d08454a2bdcc366da418fb314f09de5a79c3,0 0 24 24,XML VALID — VISUAL REVIEW PENDING
assets/icons/percent-diamond.svg,413ad5b2a453591c3c249ee401374565d6191c9aec9ac463a821cf559b5f0d4d,0 0 24 24,XML VALID — VISUAL REVIEW PENDING
assets/icons/percent-square.svg,6d97a1df33ff654149f98bb6ea4a5535a04f8e69bb715677e9bc698f188a9362,0 0 24 24,XML VALID — VISUAL REVIEW PENDING
assets/icons/percent.svg,c53840d4622cbd93ace0eeae81f10bc2b9223bd1091f122a6324e6e03bbe0527,0 0 24 24,XML VALID — VISUAL REVIEW PENDING
assets/icons/person-standing.svg,ec9d1135e408a8e1d2a9051525972739744978c6acbc3678b5108ebebac5e6b6,0 0 24 24,XML VALID — VISUAL REVIEW PENDING
assets/icons/philippine-peso.svg,1a41273161f14e6e2b6dc39b0513b56e6b8f25b05d79fdfcd029256a89310622,0 0 24 24,XML VALID — VISUAL REVIEW PENDING
assets/icons/phone-call.svg,9b366c1f82783db73f8f62e55cb3a4ff256388d20ca53459f24f509a70d777a0,0 0 24 24,XML VALID — VISUAL REVIEW PENDING
assets/icons/phone-forwarded.svg,d49fe8e6e972411b6a4c30e384a70e5d9b134174da83cd59da2ecda14c99fad2,0 0 24 24,XML VALID — VISUAL REVIEW PENDING
assets/icons/phone-incoming.svg,62dbb3da284343bdff1907a7c543fdf14343c8af2a95c211e986ee8965e9bb24,0 0 24 24,XML VALID — VISUAL REVIEW PENDING
assets/icons/phone-missed.svg,3dee3f30bdff261df96c4d10da1de9254269a27f0326f57098ba4fe586c04973,0 0 24 24,XML VALID — VISUAL REVIEW PENDING
assets/icons/phone-off.svg,ac1758a3bbc7c7931b274f9e48af1400e8a51e0430da29387c40a44d4a028eb5,0 0 24 24,XML VALID — VISUAL REVIEW PENDING
assets/icons/phone-outgoing.svg,32de36f3e445c9ac967237781ae8915e46ef39bd5b42993738f24befbbee22a6,0 0 24 24,XML VALID — VISUAL REVIEW PENDING
assets/icons/phone.svg,3191fd22c3e0422c9792b360aa8bc690c21b2bf73a015b6b303ebf27ddd84eed,0 0 24 24,XML VALID — VISUAL REVIEW PENDING
assets/icons/pi-square.svg,db206915b1f4cc4f28d63620c51fff6282dac3d010a5330963ae5245c3bda96c,0 0 24 24,XML VALID — VISUAL REVIEW PENDING
assets/icons/pi.svg,88bb7675aa7ae9278cc556aa832822874b6bc33a8c8e71a93c97c8a935b9c68c,0 0 24 24,XML VALID — VISUAL REVIEW PENDING
assets/icons/piano.svg,1dbe48803c824d9840712ca6723efcbaa7c6ef591be99abfd7fef8be352acea6,0 0 24 24,XML VALID — VISUAL REVIEW PENDING
assets/icons/pickaxe.svg,3284c44a175d252620b935ced0d32f51699520555796faa19159cb8936dafb25,0 0 24 24,XML VALID — VISUAL REVIEW PENDING
assets/icons/picture-in-picture-2.svg,b4445485a2697b5c4605f82e5cf24f76235cb6ec2a47e3d23ba4245213d6b281,0 0 24 24,XML VALID — VISUAL REVIEW PENDING
assets/icons/picture-in-picture.svg,73bf117fa7c4ecf054afb882b181db0c87e12d2193d7fa1d0ebb529795080613,0 0 24 24,XML VALID — VISUAL REVIEW PENDING
assets/icons/pie-chart.svg,20f15961985f12d62b6124e3209fb7dd354e404f2b9ef337a48e81d38222afa7,0 0 24 24,XML VALID — VISUAL REVIEW PENDING
assets/icons/piggy-bank.svg,d2f1760b143f404e1f38061462d071e962ae1ec6c0e5e30ee539b5dcf5a7128b,0 0 24 24,XML VALID — VISUAL REVIEW PENDING
assets/icons/pilcrow-left.svg,31cffd5d41ef85b7a2120731cbfdd8d605613965a6d503292f7b9212fb577987,0 0 24 24,XML VALID — VISUAL REVIEW PENDING
assets/icons/pilcrow-right.svg,6b38ca8b1c0e0dfd5ab1be675fb9862b61a1c0cd57f62b036de1b322614206aa,0 0 24 24,XML VALID — VISUAL REVIEW PENDING
assets/icons/pilcrow-square.svg,63691e98fbefb80bd78ec124376ec962115528438ae39a0f85ac2bf94950c984,0 0 24 24,XML VALID — VISUAL REVIEW PENDING
assets/icons/pilcrow.svg,0e745a33be895f3ad1b555419bea9388ca986f68d03dae152a04c1c05288b59d,0 0 24 24,XML VALID — VISUAL REVIEW PENDING
assets/icons/pill-bottle.svg,d98315077eccffbb8167f70401b072779730ec3d9c5cb09cb7d3ab63914a6e07,0 0 24 24,XML VALID — VISUAL REVIEW PENDING
assets/icons/pill.svg,a1eb570e485066b14322efa703b32f7eba97bcb6775b174d32c34ab448c44c89,0 0 24 24,XML VALID — VISUAL REVIEW PENDING
assets/icons/pin-off.svg,0ab0fb5e35299a166aac2e1f23fa25177e4cba1661edd445b8cb85132cc28b71,0 0 24 24,XML VALID — VISUAL REVIEW PENDING
assets/icons/pin.svg,2d0d84402f208bcf68eacde0423a91c47c3802bae39abd7e216a68982bfb57c1,0 0 24 24,XML VALID — VISUAL REVIEW PENDING
assets/icons/pipette.svg,31df9fdfa84f877ffb9f9fdf17238b312c228dda320f53e1ca07717a3098c040,0 0 24 24,XML VALID — VISUAL REVIEW PENDING
assets/icons/pizza.svg,2ac25a93bfe352604c296bcfdf85e5a8f2af7f0728c487c4e884af30fb976c36,0 0 24 24,XML VALID — VISUAL REVIEW PENDING
assets/icons/plane-landing.svg,986dddb928c8d6657c8d62d346b12d20ba0aa63b7257c6de5e22631fad663394,0 0 24 24,XML VALID — VISUAL REVIEW PENDING
assets/icons/plane-takeoff.svg,b14bfa565bf335a6ce14b9a1bc3fc68b121d29e67d6155151112d031d054bef6,0 0 24 24,XML VALID — VISUAL REVIEW PENDING
assets/icons/plane.svg,465d0e15d4b1717942c42e95697e16a4d78078027f4c13fd311b7af892178bcd,0 0 24 24,XML VALID — VISUAL REVIEW PENDING
assets/icons/play-circle.svg,9d6b0af66c5d033d4d2e43f601730dad780ce02ebd47d130675b1ee241f73d46,0 0 24 24,XML VALID — VISUAL REVIEW PENDING
assets/icons/play-square.svg,7b9c154e5f10d62c911d50cc51efcb07a9c2974cdef40bea7e24fcfbb64222d3,0 0 24 24,XML VALID — VISUAL REVIEW PENDING
assets/icons/play.svg,195aab745186f903dadf6764cc2d830f38f4973f64001a882bff70ee7fe1d362,0 0 24 24,XML VALID — VISUAL REVIEW PENDING
assets/icons/plug-2.svg,92fc18de6e8cb44ce26fa0d841ab695d87e860983078bffb683c0be65fa64a8f,0 0 24 24,XML VALID — VISUAL REVIEW PENDING
assets/icons/plug-zap-2.svg,de1c641501829d7f7c005a1b99d1c352c16cd927d5c707adc5fb6999a8732000,0 0 24 24,XML VALID — VISUAL REVIEW PENDING
assets/icons/plug-zap.svg,364ebf588ad7ea82d3d35b6a7cae12b7ecb0d6e69e2e3e26fec8211718125d75,0 0 24 24,XML VALID — VISUAL REVIEW PENDING
assets/icons/plug.svg,d0f48788eb40388524f73e1c5c8dc0b8de17df5fb086e59840d768dcf9d5c23c,0 0 24 24,XML VALID — VISUAL REVIEW PENDING
assets/icons/plus-circle.svg,2b8451b0b0c7342ddaa0cfa079dfea1a5573fdddb6304d8f8f965c395ba2fb13,0 0 24 24,XML VALID — VISUAL REVIEW PENDING
assets/icons/plus-square.svg,929bc45d01ba40cb67a3d825c24554a5029575ea54d7ae570b42bddfc2dce940,0 0 24 24,XML VALID — VISUAL REVIEW PENDING
assets/icons/plus.svg,129eb4fa6f89437bcf321d15b0ccb90f9f3ba548ba3e9eb4b35d5552356bf35e,0 0 24 24,XML VALID — VISUAL REVIEW PENDING
assets/icons/pocket-knife.svg,ae988f11ab8e12f4c7045dfbfaeb3aa7377c6b969a777fe27f14301204eebf3c,0 0 24 24,XML VALID — VISUAL REVIEW PENDING
assets/icons/pocket.svg,4f9cb189cd1740f4671b0aff98a5ac6c7a8d4a785e89eb7f7685082d9a781e76,0 0 24 24,XML VALID — VISUAL REVIEW PENDING
assets/icons/podcast.svg,71c8d0ed793457fff9d67a4844b5cd9ce66b0ebd33e9954145735f05894cdb40,0 0 24 24,XML VALID — VISUAL REVIEW PENDING
assets/icons/pointer-off.svg,f086bc0fc3790444f9dfaed7b3f836ea0b3845acc1b2a9ac3be0f03b423e095f,0 0 24 24,XML VALID — VISUAL REVIEW PENDING
assets/icons/pointer.svg,6d2a807e29558044d9c4e9b0a3ccd51e620ac6b7f091f4023495c4f0773d4f4c,0 0 24 24,XML VALID — VISUAL REVIEW PENDING
assets/icons/popcorn.svg,deb162234188ae4ab1bdb69ce053f0321f3082fe35ec9377a6636120c6763265,0 0 24 24,XML VALID — VISUAL REVIEW PENDING
assets/icons/popsicle.svg,3b0eca22b8e33e414b8c934979b4afaf4bca8a159859e71ce4fd3cd88761eb6a,0 0 24 24,XML VALID — VISUAL REVIEW PENDING
assets/icons/pound-sterling.svg,932f0c71000059ed3521c287d6d43ff50c3423c0f6961dd42f1ea257c606d351,0 0 24 24,XML VALID — VISUAL REVIEW PENDING
assets/icons/power-circle.svg,5f29c42032fd867334fc81ad002d65749e6162936f4e0c6fc10a23939e3089fa,0 0 24 24,XML VALID — VISUAL REVIEW PENDING
assets/icons/power-off.svg,366d69959c871dfabf14e2814d99c673e5acce28816ede8f2cfbba76374cf53c,0 0 24 24,XML VALID — VISUAL REVIEW PENDING
assets/icons/power-square.svg,63339d5e43e7b2dd07b7cc4602aee76b6022022552c46dccb66ffe54fa34e7b0,0 0 24 24,XML VALID — VISUAL REVIEW PENDING
assets/icons/power.svg,673044f30315bd0674cb62ae5cfd4d7470c964cd3315e0f44efcb59ceaace10a,0 0 24 24,XML VALID — VISUAL REVIEW PENDING
assets/icons/presentation.svg,7d7c04d97ab65f5257512e30f233588f4af85a176345538a984e9ea08e2b6ee4,0 0 24 24,XML VALID — VISUAL REVIEW PENDING
assets/icons/printer-check.svg,fd1d12a183b5c282d1bbbc30bebfc5503e260be70fced240568c9e16a8518b07,0 0 24 24,XML VALID — VISUAL REVIEW PENDING
assets/icons/printer.svg,4600ff1ccc6c9ebad4f8cdb722b93804ad08501e35b55fd53cc08d31de88d14c,0 0 24 24,XML VALID — VISUAL REVIEW PENDING
assets/icons/projector.svg,6e494dcbb8d55aa59456f1b66f235f21cb18d53cd60aeadf36503973b5989b8f,0 0 24 24,XML VALID — VISUAL REVIEW PENDING
assets/icons/proportions.svg,334c5bc8784ac1e5c9716b01a0174732514b275411d7fadd558715f05c423409,0 0 24 24,XML VALID — VISUAL REVIEW PENDING
assets/icons/puzzle.svg,d4e84abee4a27491b06ebc7a78d597147dd0f45d287a8b1302dcfd6e8e215552,0 0 24 24,XML VALID — VISUAL REVIEW PENDING
assets/icons/pyramid.svg,e1b617af9fc0fd3827225eb4a79e35b70509a3b0edc42c22a12ad3fc5aad7b42,0 0 24 24,XML VALID — VISUAL REVIEW PENDING
assets/icons/qr-code.svg,44c07a72c75676df0df23ac21812cab1f1db06c851112b947531e5872721c451,0 0 24 24,XML VALID — VISUAL REVIEW PENDING
assets/icons/quote.svg,092b32309cec2d2bbcd6cd9d4e5bbbaa9794a2089e3f70b26b6f6054b245cafa,0 0 24 24,XML VALID — VISUAL REVIEW PENDING
assets/icons/rabbit.svg,2d83d22696609338d2cdf42f7bd5e3426cc6f50db5ad085d5de718f6bd2dddf3,0 0 24 24,XML VALID — VISUAL REVIEW PENDING
assets/icons/radar.svg,7838476b8c97fa7ddb596c2c2b0738e657f7726aef103b940d7b88806708e534,0 0 24 24,XML VALID — VISUAL REVIEW PENDING
assets/icons/radiation.svg,30f4bd71783f4502b49c7bf724422741ae5b619c4603a36f2e84e2126e0a84fa,0 0 24 24,XML VALID — VISUAL REVIEW PENDING
assets/icons/radical.svg,55e14288fe591e3fe28c458cb81ee42a7c48188adcbbbe17511499c19bc09a1e,0 0 24 24,XML VALID — VISUAL REVIEW PENDING
assets/icons/radio-receiver.svg,fbc14f45da53fdf5f60e1818d86299786a52a3565139a92812e9e3f626871e71,0 0 24 24,XML VALID — VISUAL REVIEW PENDING
assets/icons/radio-tower.svg,ef999bd9144d7e32db3db1ad16c659d9c7fe3e6c67b8487b6eb81b83d6c705b2,0 0 24 24,XML VALID — VISUAL REVIEW PENDING
assets/icons/radio.svg,12f95093a6d68758d24f15c6857486f0a3a1783009cd2738f5579a2ca03c73e3,0 0 24 24,XML VALID — VISUAL REVIEW PENDING
assets/icons/radius.svg,9246cd32d667b21f5f0149981822efe96b8867ca66099e83ff43adb9558412af,0 0 24 24,XML VALID — VISUAL REVIEW PENDING
assets/icons/rail-symbol.svg,45e93646e3c8742d1cfc4023de1ddccb2a040f44e52bfda04d9cdac8f0e280f5,0 0 24 24,XML VALID — VISUAL REVIEW PENDING
assets/icons/rainbow.svg,12b33dbe0240793dea0010629eeccf5887870bc9d34529ac388b850b9f5b5ecf,0 0 24 24,XML VALID — VISUAL REVIEW PENDING
assets/icons/rat.svg,d0180275f79c987e8591883da32487bfe38d29d359447001249b95ae5977e0d1,0 0 24 24,XML VALID — VISUAL REVIEW PENDING
assets/icons/ratio.svg,1a018f6287dd5679ba43178aaa2b8a3a4a121797e1fd9c7fe08175ad274079be,0 0 24 24,XML VALID — VISUAL REVIEW PENDING
assets/icons/receipt-cent.svg,aea64700b10e09ed0e03604cd023504d3ce8e5b1cde11ae0e2970b55495a1626,0 0 24 24,XML VALID — VISUAL REVIEW PENDING
assets/icons/receipt-euro.svg,7af3fa23a219707ab08410c6fe0c17d384c4ed30dae691b864a54a5c0808ada3,0 0 24 24,XML VALID — VISUAL REVIEW PENDING
assets/icons/receipt-indian-rupee.svg,24e1acffc8bace322aebf903534a295f8d43f96bd5e942178d840817ba8b0d0e,0 0 24 24,XML VALID — VISUAL REVIEW PENDING
assets/icons/receipt-japanese-yen.svg,e420371a0faa3d036f943ac8de5cbd4d38e808712f5338491c53eee418dfe85b,0 0 24 24,XML VALID — VISUAL REVIEW PENDING
assets/icons/receipt-pound-sterling.svg,3c87a4bfff1999077c4a50b750054ec1fa02869eb9f58ce612843070cbfad97c,0 0 24 24,XML VALID — VISUAL REVIEW PENDING
assets/icons/receipt-russian-ruble.svg,8e54cb6716a5c2de82082d63548109aa523caf7d42bccc4f6fb878c2db640dec,0 0 24 24,XML VALID — VISUAL REVIEW PENDING
assets/icons/receipt-swiss-franc.svg,931431333afd88f5a4e3a9609c8aa905ff877e177a0c4b13ad5430ef441d142d,0 0 24 24,XML VALID — VISUAL REVIEW PENDING
assets/icons/receipt-text.svg,20a33efcb90f54ba09218b7a7cc618e183daa5c55d421f8332592451f25e85b0,0 0 24 24,XML VALID — VISUAL REVIEW PENDING
assets/icons/receipt-turkish-lira.svg,5d9d914155ec9c368d98ddee6976e458efe584ce110bf827f0d6ada37a608aad,0 0 24 24,XML VALID — VISUAL REVIEW PENDING
assets/icons/receipt.svg,00a431cfdcef67078f9604c593d4904bf9e8fee9d5667db5f843e8d0dd12125d,0 0 24 24,XML VALID — VISUAL REVIEW PENDING
assets/icons/rectangle-circle.svg,7caf4aedf1b11536546184785af3078978043afc2b1ebe7dd16edd7b5864180a,0 0 24 24,XML VALID — VISUAL REVIEW PENDING
assets/icons/rectangle-ellipsis.svg,23faf8ad6da5f0ac32a5ff8cbdec3804a3d945fa60fead63ca5903e83bb64cce,0 0 24 24,XML VALID — VISUAL REVIEW PENDING
assets/icons/rectangle-goggles.svg,390ccf808a09092fba8bc8abe0ec8051913ea95b2d17c2f5db370ce0daba97c1,0 0 24 24,XML VALID — VISUAL REVIEW PENDING
assets/icons/rectangle-horizontal.svg,d62ed4b1546fca08ce4649a7ce386e996cf2a95b56f504e569d8726f265c5689,0 0 24 24,XML VALID — VISUAL REVIEW PENDING
assets/icons/rectangle-vertical.svg,ca092b4fa4a1681bc2345ab1eb039fee2b83a852acd96cc4143e0ea9b8fbae87,0 0 24 24,XML VALID — VISUAL REVIEW PENDING
assets/icons/recycle.svg,972909a0ee472fc61231453221dfbc3ac9418bdefa64508672c60962e97a1f0a,0 0 24 24,XML VALID — VISUAL REVIEW PENDING
assets/icons/redo-2.svg,74bba6ef1da8ad48f43073fe3ea739da2b83678553cb88c4f0a3d2f91f151b83,0 0 24 24,XML VALID — VISUAL REVIEW PENDING
assets/icons/redo-dot.svg,7af5a957e7e5fe27dd63e997e88a46b7af03a73cb79d75a758678e9482826cb2,0 0 24 24,XML VALID — VISUAL REVIEW PENDING
assets/icons/redo.svg,fe6c0e8e4aa9b3eb15f11b740b33b312717abbb8f05099687befa9ac2ece5315,0 0 24 24,XML VALID — VISUAL REVIEW PENDING
assets/icons/refresh-ccw-dot.svg,bf8d00e8ed6cc9d312786eb9a354cc373f458374145f42e34c039eac0241d8ca,0 0 24 24,XML VALID — VISUAL REVIEW PENDING
assets/icons/refresh-ccw.svg,5c8c067f77dbfa165d2dbff90440a4297b32f7ab70fb4ad68fff85aabb9151c9,0 0 24 24,XML VALID — VISUAL REVIEW PENDING
assets/icons/refresh-cw-off.svg,bba59651825bae3bea2cfb66070018de18f7837a98966cb7c60750d424220868,0 0 24 24,XML VALID — VISUAL REVIEW PENDING
assets/icons/refresh-cw.svg,a2fc059d2085a8a30efa2b35bc018225be0209dc01d9d6bfaf1ded8e1912dd61,0 0 24 24,XML VALID — VISUAL REVIEW PENDING
assets/icons/refrigerator.svg,9fa341afb75b481eda2a2855d734678915f00408c39794a4a22dafc69f0c5297,0 0 24 24,XML VALID — VISUAL REVIEW PENDING
assets/icons/regex.svg,e26444f8f739a40c432d052bc0703bb498c7b61bc4e2b67389c57e6cc6d09235,0 0 24 24,XML VALID — VISUAL REVIEW PENDING
assets/icons/remove-formatting.svg,7ab376f53c0760d83c126c4a2484bb9e2531696ba39e782ce956f9303edda93e,0 0 24 24,XML VALID — VISUAL REVIEW PENDING
assets/icons/repeat-1.svg,fb0eac108304795b2ada7fc28c0bfbfcb6b44bd5d98ff13443bc9a2b5dd5bf93,0 0 24 24,XML VALID — VISUAL REVIEW PENDING
assets/icons/repeat-2.svg,4ed08c8c220604a0a1d2609e344941ff5cbf05f7e4cbb67a2c2917097fd853be,0 0 24 24,XML VALID — VISUAL REVIEW PENDING
assets/icons/repeat.svg,3324e1f0176f57f59fada8802ea91d8a5be787ec8592a8742ae6ee6c584b3ea5,0 0 24 24,XML VALID — VISUAL REVIEW PENDING
assets/icons/replace-all.svg,a906a193ba809c6bb625ed04b70508c3fc9be2b54c4f4eca6f6b2b793fa08e16,0 0 24 24,XML VALID — VISUAL REVIEW PENDING
assets/icons/replace.svg,db627eacac066e9acf4ece9779e127007a2f004160dbe20c6b5787c4c3e5cb6c,0 0 24 24,XML VALID — VISUAL REVIEW PENDING
assets/icons/reply-all.svg,b479c586e03b28f4f4beef6a36d8cb518a1e20599d1bdf72a0d8f5eb133352ea,0 0 24 24,XML VALID — VISUAL REVIEW PENDING
assets/icons/reply.svg,dd49d6f47bbf8ae28500569b772f466c17b76f3475abcf6fb676b416887d2dd6,0 0 24 24,XML VALID — VISUAL REVIEW PENDING
assets/icons/rewind.svg,3f211e7f7e6b7790bac80edd42d16f65e08f6199c6ccf23a5181e451faafdd72,0 0 24 24,XML VALID — VISUAL REVIEW PENDING
assets/icons/ribbon.svg,2a75df2556d62978d4ab936037df6696ddfc8a79f3041fd5210c7137870bf16b,0 0 24 24,XML VALID — VISUAL REVIEW PENDING
assets/icons/rocket.svg,a77aeec1b8762e1590abc6cc274c279411e35fd024d4b85ad4376db7929286d2,0 0 24 24,XML VALID — VISUAL REVIEW PENDING
assets/icons/rocking-chair.svg,749757090a52e3d60fd42d1d5db25a5e2540e36a006f2328fed0da5bb8747dae,0 0 24 24,XML VALID — VISUAL REVIEW PENDING
assets/icons/roller-coaster.svg,e19ff868f84887df5bf14280dc8e79acb3636b9f8ea6c3e279479ed66bc6827b,0 0 24 24,XML VALID — VISUAL REVIEW PENDING
assets/icons/rose.svg,4b8f3ea49215bf3b8e7e08edf0c6a5772581d56f6009835fe9b12c7ff8e86d3d,0 0 24 24,XML VALID — VISUAL REVIEW PENDING
assets/icons/rotate-3-d.svg,b0f7ba52503e84cd5564f2bac4a4a3c3b0055055a96d285d1604b5d27bf18633,0 0 24 24,XML VALID — VISUAL REVIEW PENDING
assets/icons/rotate-3d.svg,6e5596e469a6aba448ea1896144fe7f4c9b0b2743ce85299e7dbbc47028f67f5,0 0 24 24,XML VALID — VISUAL REVIEW PENDING
assets/icons/rotate-ccw-key.svg,960f70b52563f9d35e330e38abf33e7988391ef05b37717ec25695a2e4e5e34e,0 0 24 24,XML VALID — VISUAL REVIEW PENDING
assets/icons/rotate-ccw-square.svg,487f72ab52b0ae55c60affd14f65ee09662c403156068913a14308fa6e159cf1,0 0 24 24,XML VALID — VISUAL REVIEW PENDING
assets/icons/rotate-ccw.svg,ffc012893f6e8d4cd7655e278343e1dc7203a192e3799460f3516d427ae3e5e4,0 0 24 24,XML VALID — VISUAL REVIEW PENDING
assets/icons/rotate-cw-square.svg,9549a72e7b386f658e63524f9dfc3a1dc7e4b0adb496337dac0bfcd4165d2e6b,0 0 24 24,XML VALID — VISUAL REVIEW PENDING
assets/icons/rotate-cw.svg,afb842db62d44a20f57274feb3a8fce0e378514c029f524cabaa9596932d926b,0 0 24 24,XML VALID — VISUAL REVIEW PENDING
assets/icons/route-off.svg,facba48dfef0d37d90d04d4a4ecca9eed1d42272d03c6c259b13bf5e56871ca4,0 0 24 24,XML VALID — VISUAL REVIEW PENDING
assets/icons/route.svg,4fbdb5339d8f024dd0c363d1e3f0ee11babd665c341633d46683e9bd337a91ec,0 0 24 24,XML VALID — VISUAL REVIEW PENDING
assets/icons/router.svg,ea590012eba6fce4a7918e72914d2989c8a97cc528410d5b5eb7c9c4fdcf30de,0 0 24 24,XML VALID — VISUAL REVIEW PENDING
assets/icons/rows-2.svg,90297e041104920f29f99da201820529e90f7b2356d307a655c523081c053593,0 0 24 24,XML VALID — VISUAL REVIEW PENDING
assets/icons/rows-3.svg,c5a176291417913bd8c981e1150ac8ec3783b4cd72afb20254c54c546caafa49,0 0 24 24,XML VALID — VISUAL REVIEW PENDING
assets/icons/rows-4.svg,345ed71d25672c6c69868fb8217a150fdd33d49c4a140258828ae25ee7e51bd7,0 0 24 24,XML VALID — VISUAL REVIEW PENDING
assets/icons/rows.svg,4c6343585a86486bab35235461c840ca0ad6b73e1dabab4a1278e4c6d9f98403,0 0 24 24,XML VALID — VISUAL REVIEW PENDING
assets/icons/rss.svg,e0de47b5ee10078ab4d57ad02f4dcefeadabe0a724ee030d919d63c5ecdcb811,0 0 24 24,XML VALID — VISUAL REVIEW PENDING
assets/icons/ruler-dimension-line.svg,89e2e38159205c07eec7fdc607e9366a0211f2510f6ad31a7eb40aab2ee11903,0 0 24 24,XML VALID — VISUAL REVIEW PENDING
assets/icons/ruler.svg,d209a7e2f3736f6dadeb26e8fffe4b5cfd10f9133996156063a5e7e9de6c4d79,0 0 24 24,XML VALID — VISUAL REVIEW PENDING
assets/icons/russian-ruble.svg,ccf4db66230c98ed51c74edebfbdad4818bbabe8a1e8a71e88a811a909a8347b,0 0 24 24,XML VALID — VISUAL REVIEW PENDING
assets/icons/sailboat.svg,7d28ab2417e9f38324469fb85844f60fd81b8a0a901b43108f102a90d5e2aab9,0 0 24 24,XML VALID — VISUAL REVIEW PENDING
assets/icons/salad.svg,5e798f69ae56e611c15d9df1faea832ba79c9067370b0e631317f1ea23d01bd8,0 0 24 24,XML VALID — VISUAL REVIEW PENDING
assets/icons/sandwich.svg,07b6c812321b06b7fc2f435b735d631e16feba4f61d1ecd56c255ed645dc216e,0 0 24 24,XML VALID — VISUAL REVIEW PENDING
assets/icons/satellite-dish.svg,fe95a120b6b53942187a11e9574d7f2c33d126b3ce82179d525ff7ebdf468a52,0 0 24 24,XML VALID — VISUAL REVIEW PENDING
assets/icons/satellite.svg,f22fe3d8adec3b20666acb98c7a943450e116fe8c63fbd566decda1ea4d08b21,0 0 24 24,XML VALID — VISUAL REVIEW PENDING
assets/icons/saudi-riyal.svg,8f31faecabf0e71872c040a711040370686c8ca02f33973c0b1e99be89b8b461,0 0 24 24,XML VALID — VISUAL REVIEW PENDING
assets/icons/save-all.svg,36008bae3b4bdda85732b92e496cd580395f7089e89ae3f4338fbf2a2575dd97,0 0 24 24,XML VALID — VISUAL REVIEW PENDING
assets/icons/save-off.svg,5b86f9b214e35eccb7bf37ed246d75238621fb9cec57bdb719f3c4dda30bb25b,0 0 24 24,XML VALID — VISUAL REVIEW PENDING
assets/icons/save.svg,86efda8260df1622d9fe28cef1746e376b29a1839fc6e12c2370d0a149d41a29,0 0 24 24,XML VALID — VISUAL REVIEW PENDING
assets/icons/scale-3-d.svg,c443a5ad3fb251ca67296d2d119c13c13997c453375a6c4897a123c776fc2a90,0 0 24 24,XML VALID — VISUAL REVIEW PENDING
assets/icons/scale-3d.svg,9603de84bc68089f5f5becedc1b3f68f22f27695277e7915b0c0f1c21f1ef3af,0 0 24 24,XML VALID — VISUAL REVIEW PENDING
assets/icons/scale.svg,68f9e0bbdf7ee987a52092f4a4f9fb5392cfb48758b1f8619bba84d87e4f099b,0 0 24 24,XML VALID — VISUAL REVIEW PENDING
assets/icons/scaling.svg,9596b3ccd14efea331bf1f4a3ba32ec45048049ad5ff228abf3dcc9f41cc27bb,0 0 24 24,XML VALID — VISUAL REVIEW PENDING
assets/icons/scan-barcode.svg,7d892b31b903385bfcb138b702645f38cfa2af7ca7d871c554701b2cba26b66c,0 0 24 24,XML VALID — VISUAL REVIEW PENDING
assets/icons/scan-eye.svg,02ac6c1af4f303dfc66cf6b3d2322e5830f72857773745e1aa749ef9e3d2a3dd,0 0 24 24,XML VALID — VISUAL REVIEW PENDING
assets/icons/scan-face.svg,d9d19593e8114999dbaf7ef073730f5f43f6aac2683e5ff357caa7282e027e98,0 0 24 24,XML VALID — VISUAL REVIEW PENDING
assets/icons/scan-heart.svg,eac4e973b2993c982099f9b3fb5783c722d0a796928db4dac2e1b5f97082aaf0,0 0 24 24,XML VALID — VISUAL REVIEW PENDING
assets/icons/scan-line.svg,be8758f60e7252d984d7db2635f921917176e071024202350c3cc280cf3d5023,0 0 24 24,XML VALID — VISUAL REVIEW PENDING
assets/icons/scan-qr-code.svg,4afd43910739639982ec20a07f5e16127a3d6f58377256501999bf16f6ef714f,0 0 24 24,XML VALID — VISUAL REVIEW PENDING
assets/icons/scan-search.svg,981e455a57138c6dbfd4491de58766d2d77c988ccd1e92cac2d4a2df1c14f90c,0 0 24 24,XML VALID — VISUAL REVIEW PENDING
assets/icons/scan-text.svg,fb4a18ebbd386f539197b06a56c614f240520bd67a02964f5cf23ded4fc7e7a6,0 0 24 24,XML VALID — VISUAL REVIEW PENDING
assets/icons/scan.svg,0811b19e6685d904e36895c5cec75c2f490146d85f43ab17e72c1914117cc2ee,0 0 24 24,XML VALID — VISUAL REVIEW PENDING
assets/icons/scatter-chart.svg,3cf53de9b26f34c08e1e839508f3b55d1768b8c197c6b58edf1d8cd0fadcb06c,0 0 24 24,XML VALID — VISUAL REVIEW PENDING
assets/icons/school-2.svg,862f8f55ed4d8473cd1f85d9e11b1d0923036be7205e14cb480f1e0084a7f595,0 0 24 24,XML VALID — VISUAL REVIEW PENDING
assets/icons/school.svg,2caf92386f9f6e7fb279059b4188cf2c1c50380f89cca35a0bd0f36a782e8f0b,0 0 24 24,XML VALID — VISUAL REVIEW PENDING
assets/icons/scissors-line-dashed.svg,3fe8a4fed7471d442b2df30809aee0abaf5e687704101e7e44b17058d3213e50,0 0 24 24,XML VALID — VISUAL REVIEW PENDING
assets/icons/scissors-square-dashed-bottom.svg,f2474c8d1fdb9bdbe0d5a7d29139ccad740fb8d040efe772af544199ee351547,0 0 24 24,XML VALID — VISUAL REVIEW PENDING
assets/icons/scissors-square.svg,2e4b5164a61825eed50a7d83c6957b8f17f535e5748e415304269a952551b6c1,0 0 24 24,XML VALID — VISUAL REVIEW PENDING
assets/icons/scissors.svg,d00bcc493017e7a858a54616550c2659deeb06eef5063cc0c686ea5cc3307791,0 0 24 24,XML VALID — VISUAL REVIEW PENDING
assets/icons/screen-share-off.svg,a8f2a94057f4e162e7ad8da9643518af8fab6a96ced9e0c256db532e31257192,0 0 24 24,XML VALID — VISUAL REVIEW PENDING
assets/icons/screen-share.svg,2306c0cdb32cb98619f0b997929b13c99882c8820a0e0c2ebfad04cba0c9f568,0 0 24 24,XML VALID — VISUAL REVIEW PENDING
assets/icons/scroll-text.svg,410456bba5a05c70db5b13e95160d68b5efbaeb0f4d5ea9c534fae75dde713e8,0 0 24 24,XML VALID — VISUAL REVIEW PENDING
assets/icons/scroll.svg,e8ad1211e89d0cbe83403f48806025754ae634c258ba1f9e9f46d7847c6db1a9,0 0 24 24,XML VALID — VISUAL REVIEW PENDING
assets/icons/search-check.svg,9aa0e22dc051748f230463eebf605430e71043529eb56a693cebd29cf960c2aa,0 0 24 24,XML VALID — VISUAL REVIEW PENDING
assets/icons/search-code.svg,9ca32eb9cd74ef8bff68d3b9e8db78cb5a704c2850d24429e0dcc81d8b99347c,0 0 24 24,XML VALID — VISUAL REVIEW PENDING
assets/icons/search-slash.svg,b7bbcc60bc11d73a890d8571086c1a337dc0cdf8e9d328ca8c86a071bd32544b,0 0 24 24,XML VALID — VISUAL REVIEW PENDING
assets/icons/search-x.svg,42ab2c924392cc5449f9cf3da00d9bf33c3582f459d7e65a2471d7eb2ad885a5,0 0 24 24,XML VALID — VISUAL REVIEW PENDING
assets/icons/search.svg,640d9b81d6436627cf99e82ea7af7784c9ec25468e3eb31d8aa347c8ad3f6840,0 0 24 24,XML VALID — VISUAL REVIEW PENDING
assets/icons/section.svg,8c3621cf27be46d4830b89b19d097bf1ade23f003a0254f86292c47d24478783,0 0 24 24,XML VALID — VISUAL REVIEW PENDING
assets/icons/send-horizonal.svg,c2f7e837e5cc495753bf26d84c68829b76fa2337db91968e836002867ef18695,0 0 24 24,XML VALID — VISUAL REVIEW PENDING
assets/icons/send-horizontal.svg,be0576a37bf9ea0e64d477f7d065a0046e51c99173edecfcc12c20a71d454949,0 0 24 24,XML VALID — VISUAL REVIEW PENDING
assets/icons/send-to-back.svg,a30c665b8ebc74629b5868d345c8c480c2670e986d7ca7482bd751c847c7a545,0 0 24 24,XML VALID — VISUAL REVIEW PENDING
assets/icons/send.svg,f12e05a2f7c864a6e79e895422fa32279b65ba1e143b449fda7fadba0a51fc0d,0 0 24 24,XML VALID — VISUAL REVIEW PENDING
assets/icons/separator-horizontal.svg,a75b4b866f4087df0b3a14bf34dae2f31aa9858df302a612585ec58fe1b4cc38,0 0 24 24,XML VALID — VISUAL REVIEW PENDING
assets/icons/separator-vertical.svg,c960a053565ce52fac27b793efb9cbfb7fe9e46a84c3e6d9d154f6847913c560,0 0 24 24,XML VALID — VISUAL REVIEW PENDING
assets/icons/server-cog.svg,89e9ad3d53452f608e036ae899f64c418f63a32a3719c0322b3802ffed3421fc,0 0 24 24,XML VALID — VISUAL REVIEW PENDING
assets/icons/server-crash.svg,de513e460d83f4a22a7e10f62e809af3bd9128b8de45a5604184894d89d15f6a,0 0 24 24,XML VALID — VISUAL REVIEW PENDING
assets/icons/server-off.svg,423c606a3d9f74cae3467abfa9539f82909cf7ce8149f48ccafd39a052d6f95d,0 0 24 24,XML VALID — VISUAL REVIEW PENDING
assets/icons/server.svg,c34899810e39fb085517906ddf1c8577b30cb8d8462317b81b54b01f66eeb6e6,0 0 24 24,XML VALID — VISUAL REVIEW PENDING
assets/icons/settings-2.svg,05154be9be40bc58d76d7a13084a1beb224ec0502536653f7068b75e0c363b8e,0 0 24 24,XML VALID — VISUAL REVIEW PENDING
assets/icons/settings.svg,6f6aa505869655cbc4fac4afea7ca202e4079eba50424f7ead7a7e40905058bd,0 0 24 24,XML VALID — VISUAL REVIEW PENDING
assets/icons/shapes.svg,58a80837d07c60e47dd8b9f2a0342acf954490d52aed4127ab14597816a9650a,0 0 24 24,XML VALID — VISUAL REVIEW PENDING
assets/icons/share-2.svg,9a21985750c1c9e9192ec0e40ee1c4ea32e810237eefeeabf864aaafa7d3f766,0 0 24 24,XML VALID — VISUAL REVIEW PENDING
assets/icons/share.svg,98ae6c53d565e9c4f27c42340b88afff412a7b6b33e1b9ed7c0d74639f6a0e16,0 0 24 24,XML VALID — VISUAL REVIEW PENDING
assets/icons/sheet.svg,cb1a7cbdbd35c217b798a01f63d15c2362e49ef40b4fa89eabad510a2d603281,0 0 24 24,XML VALID — VISUAL REVIEW PENDING
assets/icons/shell.svg,d48907709970d03043720232ffd1eb5873aa32d731d606cdd3885d005bc797be,0 0 24 24,XML VALID — VISUAL REVIEW PENDING
assets/icons/shield-alert.svg,16fb76ce100495fb5dfa78788630a993296c94918260d614a9d8bf0847e5ac1f,0 0 24 24,XML VALID — VISUAL REVIEW PENDING
assets/icons/shield-ban.svg,a04a7d5cd39b7662168ecb1d0d8cef5e727c93016854567895f9e13156d50a34,0 0 24 24,XML VALID — VISUAL REVIEW PENDING
assets/icons/shield-check.svg,0c62e0f354118c530014d5d82b0cd1d8ca3cffc34ace0ad84d346cb66e9f01f5,0 0 24 24,XML VALID — VISUAL REVIEW PENDING
assets/icons/shield-close.svg,91346b95327611da62a7e6eb937456be35d8247d358b731eaac79c10a94fb865,0 0 24 24,XML VALID — VISUAL REVIEW PENDING
assets/icons/shield-ellipsis.svg,258bea265cf86ded6a81a03e3d32694240ae8156af15b9c80fb1c3feef30314c,0 0 24 24,XML VALID — VISUAL REVIEW PENDING
assets/icons/shield-half.svg,b1ab27480b298aa77209be460b3cf35c77fc07919e1757e1be8284c6768fab79,0 0 24 24,XML VALID — VISUAL REVIEW PENDING
assets/icons/shield-minus.svg,54b808e80a9c8c4aa9f1d5c2c223e22496d7ed8b50045e49b002bb8a52faaff0,0 0 24 24,XML VALID — VISUAL REVIEW PENDING
assets/icons/shield-off.svg,fbbde7061b2c1ff4abd824d59ef372641a10f8a87e6f97dde0a93a255ad310a6,0 0 24 24,XML VALID — VISUAL REVIEW PENDING
assets/icons/shield-plus.svg,7ba7dbdd3a0fa989c2c55b8cac494a4b58a13a4eccbb2ae77abcdc5cb14d3800,0 0 24 24,XML VALID — VISUAL REVIEW PENDING
assets/icons/shield-question-mark.svg,8644dead55826d273c77e990e8eacf94c19f5a99ea7c8c1ad1f0993e3a639bcd,0 0 24 24,XML VALID — VISUAL REVIEW PENDING
assets/icons/shield-question.svg,800661befea86e056b4afb37ea545d30a276444c04065e65ef89991c3757a190,0 0 24 24,XML VALID — VISUAL REVIEW PENDING
assets/icons/shield-user.svg,d08a6ba728cd845ba5fdc502c839dae8a0890f96884c546ba5b37377632f2000,0 0 24 24,XML VALID — VISUAL REVIEW PENDING
assets/icons/shield-x.svg,79df20cc5a6df9e80675d11871037933a80860d2cb6798c9566f7ea5a7a31657,0 0 24 24,XML VALID — VISUAL REVIEW PENDING
assets/icons/shield.svg,97b7d170b7779056278213629cd98679263e735c0b4bd48a410930a53304e266,0 0 24 24,XML VALID — VISUAL REVIEW PENDING
assets/icons/ship-wheel.svg,d4cce9d68a25503557e25b0bf4e42cedfed1c24813bbbec2a4fd789405eb1f81,0 0 24 24,XML VALID — VISUAL REVIEW PENDING
assets/icons/ship.svg,ddd742cade0770b25d8f8905d5a7fa8b86fad68cf482b43924e94221b95cbdd2,0 0 24 24,XML VALID — VISUAL REVIEW PENDING
assets/icons/shirt.svg,16be68e39d9d14e9922d601ac9ec1012766bdb4052bb5a30f492bedbb350f9c9,0 0 24 24,XML VALID — VISUAL REVIEW PENDING
assets/icons/shopping-bag.svg,d126648181627d62587bfb843aad7ce6431f233022b9772c63d1518521e026b0,0 0 24 24,XML VALID — VISUAL REVIEW PENDING
assets/icons/shopping-basket.svg,519a8e54cd2b7a327f063f6ef0696cc0ee2a6cd91f55e135b9a340c7be3d69e3,0 0 24 24,XML VALID — VISUAL REVIEW PENDING
assets/icons/shopping-cart.svg,b2a0eeac33fdbf719220ac95fded9fac01a82a717db31d8cf5b6303dfc84e21f,0 0 24 24,XML VALID — VISUAL REVIEW PENDING
assets/icons/shovel.svg,e8a62bfc5551f28117366a9f85d9d426b55023764ddf0918b07f43af81d10f39,0 0 24 24,XML VALID — VISUAL REVIEW PENDING
assets/icons/shower-head.svg,21480b12ddcfed55d1d7b4e4ccd557ce00340244eff1b1525d191e4f5c87b10a,0 0 24 24,XML VALID — VISUAL REVIEW PENDING
assets/icons/shredder.svg,8a8f04226c169ca0bc0f770707cef66257aeecafc27c04662f3f975f3e1b7e69,0 0 24 24,XML VALID — VISUAL REVIEW PENDING
assets/icons/shrimp.svg,daa54b4bb51eeb8e05b8ca8250502c015e3ff63219798c4adbd7e9143ec90910,0 0 24 24,XML VALID — VISUAL REVIEW PENDING
assets/icons/shrink.svg,e90aca3ee3cf2c6af039b96cbe0deec20566fdba19575a74bba7a4e45d2103ab,0 0 24 24,XML VALID — VISUAL REVIEW PENDING
assets/icons/shrub.svg,886e9cb9e2a7212f504f8b9c14be628ef199a21e1e2751840e6c2e1ac121a587,0 0 24 24,XML VALID — VISUAL REVIEW PENDING
assets/icons/shuffle.svg,68adedc1416b31dd254242cad56e9ea1eeed0369b804dca9d9d26ba7dd4ad984,0 0 24 24,XML VALID — VISUAL REVIEW PENDING
assets/icons/sidebar-close.svg,335632c202f71dd6f681af352d653781de7c0a5fe78182cc1131b9504cdf54e4,0 0 24 24,XML VALID — VISUAL REVIEW PENDING
assets/icons/sidebar-open.svg,b21d8b4f8f68d60f64a7d8065036c02ca5679da0fe8779590d99ba3e6dd71a7c,0 0 24 24,XML VALID — VISUAL REVIEW PENDING
assets/icons/sidebar.svg,64a211ae3110b825bdb538e583864af8a10475d8362db59615e6e172dba8332a,0 0 24 24,XML VALID — VISUAL REVIEW PENDING
assets/icons/sigma-square.svg,18ddc625bbf405c75eb69f3f73519ea3bfb278d1295d3c8f8f3927bba4da04da,0 0 24 24,XML VALID — VISUAL REVIEW PENDING
assets/icons/sigma.svg,6e4125bdbad5591512eeea2a933a1d11641b1e5ba2d150fcc673cb5eeca0f769,0 0 24 24,XML VALID — VISUAL REVIEW PENDING
assets/icons/signal-high.svg,2ea03502ea7f0e0379748a01bdbfdca75143b8b4dd3397ac600d2e3e9a5ead18,0 0 24 24,XML VALID — VISUAL REVIEW PENDING
assets/icons/signal-low.svg,729ce864b7c9969cb0932598de9ac2c589bb1ed3a4e8080041a5319ee408c2bd,0 0 24 24,XML VALID — VISUAL REVIEW PENDING
assets/icons/signal-medium.svg,1346f4ae8fa740f033ad8ebb2457ddc1a78439ddd010c821f362e28cc077ef28,0 0 24 24,XML VALID — VISUAL REVIEW PENDING
assets/icons/signal-zero.svg,01f9050a91fde69c7adf36edbdbba628521a64b629d9c0c11c962ab0712ab593,0 0 24 24,XML VALID — VISUAL REVIEW PENDING
assets/icons/signal.svg,6f6cf30c1f765310122777210818b025831a8bc63b63ee6255a438ca6010c25b,0 0 24 24,XML VALID — VISUAL REVIEW PENDING
assets/icons/signature.svg,cf98687a5af8c702e3ec69d8691aa3937b490f7c1f7ece4d1c1d3c3d9d5bc8dd,0 0 24 24,XML VALID — VISUAL REVIEW PENDING
assets/icons/signpost-big.svg,49cbc82281eeeffbdae65fbadc1ddf6e505635baef6e42f575796951e9cb4dcf,0 0 24 24,XML VALID — VISUAL REVIEW PENDING
assets/icons/signpost.svg,71714609c203cf869fe709cf7a3fc04dfca9d391c33c24d23968bef570491538,0 0 24 24,XML VALID — VISUAL REVIEW PENDING
assets/icons/siren.svg,5dafba4f1761d18735116a667ff5af56889d98e900da55f3a90ffd05864ecb17,0 0 24 24,XML VALID — VISUAL REVIEW PENDING
assets/icons/skip-back.svg,cbf289894132a151c74c61e40680f5b2aa685ee904079878dc3246d3b20d91fa,0 0 24 24,XML VALID — VISUAL REVIEW PENDING
assets/icons/skip-forward.svg,df73f3b57337d0484ea6faac5efe5f00684efbe2b723af67137c0f5a0c15b3b0,0 0 24 24,XML VALID — VISUAL REVIEW PENDING
assets/icons/skull.svg,d86ea7f02f57eaf53e4c54b386801326b5c0a4317df7ab62bc946e4fa4715864,0 0 24 24,XML VALID — VISUAL REVIEW PENDING
assets/icons/slack.svg,739e43bfabf9f8be26964f9009f0b0767946818ab0f15274108db0fea9560d29,0 0 24 24,XML VALID — VISUAL REVIEW PENDING
assets/icons/slash-square.svg,18602d4b06b520281ef4680daf33f389dfdd750769dff8e7feade34cdac980c3,0 0 24 24,XML VALID — VISUAL REVIEW PENDING
assets/icons/slash.svg,e5505b3a7cd7c5348d8d8f0aafeeb1523d9635a56aa6b47956f309ff70f7da6b,0 0 24 24,XML VALID — VISUAL REVIEW PENDING
assets/icons/slice.svg,fbc56ecf4b723e9e17a8702992ac9ad28d828d9d85ff2b64ecccb493428d6236,0 0 24 24,XML VALID — VISUAL REVIEW PENDING
assets/icons/sliders-horizontal.svg,6b67c4c8fcb62376ebf6e30f1a1ad01fe782e6eee62ef446aa1b58f7bb29527b,0 0 24 24,XML VALID — VISUAL REVIEW PENDING
assets/icons/sliders-vertical.svg,d7ffba9fd12448484ecb1404640f2a4ad695d3c98472ca4f73436f3d8ded9fc8,0 0 24 24,XML VALID — VISUAL REVIEW PENDING
assets/icons/sliders.svg,2c35d88c1bfcc5af738b741ca6ab58a75726c3e9e7d62e01ffb4c63fbe10a336,0 0 24 24,XML VALID — VISUAL REVIEW PENDING
assets/icons/smartphone-charging.svg,36e17a1a2401c306b3ce5c6c4a18213f1a4d42a28999c92e9e91f46dfb337cdf,0 0 24 24,XML VALID — VISUAL REVIEW PENDING
assets/icons/smartphone-nfc.svg,95869860b741c2510ab38919eb40a88e158eddbcb4dea985b5dc32f919479591,0 0 24 24,XML VALID — VISUAL REVIEW PENDING
assets/icons/smartphone.svg,ca7df9a3cdd62bc11fa1b6fd6e0e4fd16d9cb53a2333de7d74f21411faef2de2,0 0 24 24,XML VALID — VISUAL REVIEW PENDING
assets/icons/smile-plus.svg,f25e8c6c2ef2c9b23aabd7f862dbaf4fcac21f5dae08e6276d9a04fb6cae134c,0 0 24 24,XML VALID — VISUAL REVIEW PENDING
assets/icons/smile.svg,ed6997abe428622d6b6f55cee31c39e393142bcdf69a0312be91027bb7f8ed58,0 0 24 24,XML VALID — VISUAL REVIEW PENDING
assets/icons/snail.svg,611746d2e2223885ddf9eca7877f1286d522126da55c40114ff89d5e4a248606,0 0 24 24,XML VALID — VISUAL REVIEW PENDING
assets/icons/snowflake.svg,cc225db2bb66379337a7b7f1f0e04fcb9770c5d1481ead6e380bee2c6bf2e3a1,0 0 24 24,XML VALID — VISUAL REVIEW PENDING
assets/icons/soap-dispenser-droplet.svg,73c118003219374f272b0f1e6202b585ec988cdc2e70d6a2b5de9f764afff434,0 0 24 24,XML VALID — VISUAL REVIEW PENDING
assets/icons/sofa.svg,6630511302f867a94cb10cd8478e0269b9c4d4573535d54eb69edb3cb6092146,0 0 24 24,XML VALID — VISUAL REVIEW PENDING
assets/icons/sort-asc.svg,9028ce208796053b12c7aeed71dec233f74c0c794111096c5564bd05a5db951f,0 0 24 24,XML VALID — VISUAL REVIEW PENDING
assets/icons/sort-desc.svg,736a031a523f357400a703530f130fe1c572049a9c7004d78c99636d60421333,0 0 24 24,XML VALID — VISUAL REVIEW PENDING
assets/icons/soup.svg,a526450be624a49c85f5df6c009091d27044754ad16a523f1a4b795f4cb5c099,0 0 24 24,XML VALID — VISUAL REVIEW PENDING
assets/icons/space.svg,733cec9715a32492e68c5396d4871457326fce052bc92fc5c25f6466348685c3,0 0 24 24,XML VALID — VISUAL REVIEW PENDING
assets/icons/spade.svg,d5b431c8842e77617d3ab894113fa23b3d5cba05b7018c295feb1597a2d992b3,0 0 24 24,XML VALID — VISUAL REVIEW PENDING
assets/icons/sparkle.svg,9a878af82401687c5ae7bc2dc3cf7fdbfbe8d6ab52a2c9278fd13db558477941,0 0 24 24,XML VALID — VISUAL REVIEW PENDING
assets/icons/sparkles.svg,b447b61e8d328634b9eeebf71c50c83a5d9e0cb4579d3e1230885885614d8509,0 0 24 24,XML VALID — VISUAL REVIEW PENDING
assets/icons/speaker.svg,7c487dbf30548f0032df4b462eeac1ffcaddb027f07c5bb8f9bd2856b52ea878,0 0 24 24,XML VALID — VISUAL REVIEW PENDING
assets/icons/speech.svg,6fb4bb1ec0a95af4fd25638e6169e90896fcbb28de756278f7792f1cb9847840,0 0 24 24,XML VALID — VISUAL REVIEW PENDING
assets/icons/spell-check-2.svg,33c8e14f9d41f1d5079d8668849da1f1444e3645e787508e51cb04b30f4d8ea2,0 0 24 24,XML VALID — VISUAL REVIEW PENDING
assets/icons/spell-check.svg,7e8fb3dab57e697ea936d25b7da400a88665cb358a97990895c384ef12ccc14c,0 0 24 24,XML VALID — VISUAL REVIEW PENDING
assets/icons/spline-pointer.svg,905cb3bf2da3c63773f62d90ff5c71aa53b7b84a9b59586e092a5516b73f87c0,0 0 24 24,XML VALID — VISUAL REVIEW PENDING
assets/icons/spline.svg,7eaf694cd4265ef4dac3b8408b31fa4bfc2e63ec9dcfb2c86e9fae7d910669c9,0 0 24 24,XML VALID — VISUAL REVIEW PENDING
assets/icons/split-square-horizontal.svg,bdbcbde9edca3f8d6b04fc6f39739278ea9b399901f4194353ec09816c3f4ae9,0 0 24 24,XML VALID — VISUAL REVIEW PENDING
assets/icons/split-square-vertical.svg,364b5ad7db02ec1378450c1a704606b4e06730751db10170dc518d73d814ff18,0 0 24 24,XML VALID — VISUAL REVIEW PENDING
assets/icons/split.svg,481d3fe98125f418019f88731f09bb573c34b0d527409aa39ef485fd417d5769,0 0 24 24,XML VALID — VISUAL REVIEW PENDING
assets/icons/spool.svg,9bd82f18f59a0c7971d09e4e0759b6d2b330b64f6d885b37253b8962453d07bb,0 0 24 24,XML VALID — VISUAL REVIEW PENDING
assets/icons/spotlight.svg,0175f03d67c858816d995b508546e979103cd3d60461979aea6d3f8ffcab3602,0 0 24 24,XML VALID — VISUAL REVIEW PENDING
assets/icons/spray-can.svg,8686fddb6b3d86e8b7053f4f4586b7383cb4623142f1edcf263d38a8189daa12,0 0 24 24,XML VALID — VISUAL REVIEW PENDING
assets/icons/sprout.svg,f772a6df68f3f9df268519bdddafda49f8fc02b225c8658355e19072a175a3e1,0 0 24 24,XML VALID — VISUAL REVIEW PENDING
assets/icons/square-activity.svg,dc09d8de6cddd8a3220ce423ff57196e1bb2e64b710c024163f1fdeaaa02006f,0 0 24 24,XML VALID — VISUAL REVIEW PENDING
assets/icons/square-arrow-down-left.svg,ab297f0368d18cd28937a5fced4ba44e2912b235c8e9be3c9a471bb2fd123479,0 0 24 24,XML VALID — VISUAL REVIEW PENDING
assets/icons/square-arrow-down-right.svg,3b87e8e597bd71479b5ce71fc74536585fec67560e9bf50e4288421052130e99,0 0 24 24,XML VALID — VISUAL REVIEW PENDING
assets/icons/square-arrow-down.svg,0c0ac80e3276f7d54b1be52c85a80d9d332e936ca55686d269d4f549129101d7,0 0 24 24,XML VALID — VISUAL REVIEW PENDING
assets/icons/square-arrow-left.svg,0c17f8200de1a6bceb39c9ab421303cdbb44f6f2a378bf6a4dffb40744b0c249,0 0 24 24,XML VALID — VISUAL REVIEW PENDING
assets/icons/square-arrow-out-down-left.svg,76d93e667e4aaee6c23a0658f70afbc5a194a912ec791241724c918df04cb539,0 0 24 24,XML VALID — VISUAL REVIEW PENDING
assets/icons/square-arrow-out-down-right.svg,5de6ae51af076a4558bcd1925dc522f72282294a98b2f8febc405b5d827fda6b,0 0 24 24,XML VALID — VISUAL REVIEW PENDING
assets/icons/square-arrow-out-up-left.svg,bebc23f2a1e2898b0c32aec3693a0b646a03d456ccfefb0c7399c0d518f5eaf0,0 0 24 24,XML VALID — VISUAL REVIEW PENDING
assets/icons/square-arrow-out-up-right.svg,c612766d1db431308bf4973498ebccb1b9855a04abb98e491ff904858c13ea1d,0 0 24 24,XML VALID — VISUAL REVIEW PENDING
assets/icons/square-arrow-right.svg,1d1c1cafa57f3f80f828e814931a1c8e03179506a729b32cb708c68c468210c5,0 0 24 24,XML VALID — VISUAL REVIEW PENDING
assets/icons/square-arrow-up-left.svg,41d774651a56fbfc0f1bbbbcda3c1c07154df8488039f2ebaea0e70ef06680ef,0 0 24 24,XML VALID — VISUAL REVIEW PENDING
assets/icons/square-arrow-up-right.svg,f30561765fbd9b0e9f5f3074d8090c24803c084bb61df95237c4430657441d9b,0 0 24 24,XML VALID — VISUAL REVIEW PENDING
assets/icons/square-arrow-up.svg,02c6e22704266a77c5051ed19d939e9fc81cf1528fad76dfd9e4bf2c2e31524e,0 0 24 24,XML VALID — VISUAL REVIEW PENDING
assets/icons/square-asterisk.svg,5afbf3b732ba25e8f5b2d06b471fd361a9682eb63f4d6c2801d4e67afc5710b0,0 0 24 24,XML VALID — VISUAL REVIEW PENDING
assets/icons/square-bottom-dashed-scissors.svg,20803c92ecf51d14a6a69c8860e3b3f8c0e9985617cf67c412f3b9aa7b2b6202,0 0 24 24,XML VALID — VISUAL REVIEW PENDING
assets/icons/square-chart-gantt.svg,57a4cf88210dda349d1109b29633a05ef75bd9d22a1bafe1256ef06ce258b7b8,0 0 24 24,XML VALID — VISUAL REVIEW PENDING
assets/icons/square-check-big.svg,2d6a0e266f265a057a9bf2dc757a1598dcec96c8b359cd268176a84f19f16484,0 0 24 24,XML VALID — VISUAL REVIEW PENDING
assets/icons/square-check.svg,d8e1afeb42267361c49d1060dfb4dadf4dde17a887013052a6ebefd7a7824bc8,0 0 24 24,XML VALID — VISUAL REVIEW PENDING
assets/icons/square-chevron-down.svg,b521c57985f3822054775315812686922c9aa5015aaabbe57108a2c944475693,0 0 24 24,XML VALID — VISUAL REVIEW PENDING
assets/icons/square-chevron-left.svg,370aa681f0b2197fee34ffc5c2b4cd7b932b969936644f9d1d2bda6e1fb88f44,0 0 24 24,XML VALID — VISUAL REVIEW PENDING
assets/icons/square-chevron-right.svg,101fc1b1900df431a836c469509ea064d76b40408388d22725345483668f547a,0 0 24 24,XML VALID — VISUAL REVIEW PENDING
assets/icons/square-chevron-up.svg,53828a8b774d6b775e7451fd528e27f4fbfd1a38fa5d4300a0747b94d15ad4ba,0 0 24 24,XML VALID — VISUAL REVIEW PENDING
assets/icons/square-code.svg,479e09686b5e67c3de4a51cf305909f79b45c64ea3efa3747377b53952df9313,0 0 24 24,XML VALID — VISUAL REVIEW PENDING
assets/icons/square-dashed-bottom-code.svg,c63e22fc265619f7ee523bc27d750b577d1b61bdf78e3f84cfa7c8e738499c16,0 0 24 24,XML VALID — VISUAL REVIEW PENDING
assets/icons/square-dashed-bottom.svg,57fd78f9d90bf1a5fc8c9746366be783fc986cc9fbe2b597e80e2ee78585186d,0 0 24 24,XML VALID — VISUAL REVIEW PENDING
assets/icons/square-dashed-kanban.svg,228cefd756b40b05b8a4756d1de6ecfcbcd692510f3b4d8227d0d5cd05f0af9b,0 0 24 24,XML VALID — VISUAL REVIEW PENDING
assets/icons/square-dashed-mouse-pointer.svg,626a1f1df2c0925beecb8f5851b3d252f6f24db802710dae1885c5b044d0a1d3,0 0 24 24,XML VALID — VISUAL REVIEW PENDING
assets/icons/square-dashed-top-solid.svg,531979bafc08f5073df3b7064898998f5a94938f25bbdb2960e2288cfa43125c,0 0 24 24,XML VALID — VISUAL REVIEW PENDING
assets/icons/square-dashed.svg,5ae3cb7f4c8c4fb2a59ffc44b440ee02f72051fffe47fd94ee4d5ba444f3150b,0 0 24 24,XML VALID — VISUAL REVIEW PENDING
assets/icons/square-divide.svg,fccd12565270d55465cb456e012776776bbf86d554be7a5a294556f03abcb2ac,0 0 24 24,XML VALID — VISUAL REVIEW PENDING
assets/icons/square-dot.svg,9b174b81f7a29c23671a1ed5ab18b109b826733a81e973d8a229c80b0db0e808,0 0 24 24,XML VALID — VISUAL REVIEW PENDING
assets/icons/square-equal.svg,44d82cd0b2f2bfcf8ba859b9f56c3a3c40f387ff3f849d1ec4f51859e320963e,0 0 24 24,XML VALID — VISUAL REVIEW PENDING
assets/icons/square-function.svg,ee58b924481f8ae491011833e1505467fc8f1c4ae0be324a9f1a46014c32b961,0 0 24 24,XML VALID — VISUAL REVIEW PENDING
assets/icons/square-gantt-chart.svg,a2dc658e2e1a5132c7ef3f92f9d61f0846d321adf17e402b6b0ef36efaf9819a,0 0 24 24,XML VALID — VISUAL REVIEW PENDING
assets/icons/square-kanban.svg,9000865f2dc4004cc66de24139c9fb930e33dddd6fd7950fa6e779053e63a08f,0 0 24 24,XML VALID — VISUAL REVIEW PENDING
assets/icons/square-library.svg,aefe9846f10fbf1a5343f57d7f940a11c671bbb54fad66a864629950c96a5b01,0 0 24 24,XML VALID — VISUAL REVIEW PENDING
assets/icons/square-m.svg,07bf807e4b0fe75b45976ff11cc7a68fad6d7ffcdf43a82d2bed143d1e86f7b7,0 0 24 24,XML VALID — VISUAL REVIEW PENDING
assets/icons/square-menu.svg,502f55bc928afca11ce8a6ba749ee8e3424eb197b325d52dd5b6f8407a94f984,0 0 24 24,XML VALID — VISUAL REVIEW PENDING
assets/icons/square-minus.svg,2902a878df8d59bb2bc2695c65173db68d82b62b77e64003a2e94c730461de3e,0 0 24 24,XML VALID — VISUAL REVIEW PENDING
assets/icons/square-mouse-pointer.svg,a0d80cff9ad0cee2123bff1f4c3e363406100783d463d0c1a5631a942d819462,0 0 24 24,XML VALID — VISUAL REVIEW PENDING
assets/icons/square-parking-off.svg,2f69d5b9e57a57d581598793b8a3d61736661b2de407199e52dafb57ea5bee0f,0 0 24 24,XML VALID — VISUAL REVIEW PENDING
assets/icons/square-parking.svg,bdb96ce30bd18bd1827136d2c92b1199bac99f14365a1b2f880da5cbba7d484b,0 0 24 24,XML VALID — VISUAL REVIEW PENDING
assets/icons/square-pause.svg,aad8e1a7d1e91021249c2bd1455a2f00907c5736e279fc1229bfa59b9dcdabc8,0 0 24 24,XML VALID — VISUAL REVIEW PENDING
assets/icons/square-pen.svg,14fcbc3c36de7740563b54300ec8c3f721eafa4873f2349ccf38e2f25e3f57b3,0 0 24 24,XML VALID — VISUAL REVIEW PENDING
assets/icons/square-percent.svg,085c1b20fe798b8d37317e2bedb9203182f62fccc3ac5aa9cd4550c6a66772cc,0 0 24 24,XML VALID — VISUAL REVIEW PENDING
assets/icons/square-pi.svg,1e05da6a93bbbc390ce9c00f58c9a0bcb41bf9492fa8a458b77b6b49b2994354,0 0 24 24,XML VALID — VISUAL REVIEW PENDING
assets/icons/square-pilcrow.svg,bd21f57d62eb46866fafe853b82c1a5ebf7b65d1e422eb2873826c00fc327e9f,0 0 24 24,XML VALID — VISUAL REVIEW PENDING
assets/icons/square-play.svg,ef8771c3cd97fa96c69f0ab46642ee1462bbc50b4216e03129fa91eea20648e6,0 0 24 24,XML VALID — VISUAL REVIEW PENDING
assets/icons/square-plus.svg,08f61febafd0663938c996f290021a536aee21305a85c5648a8ef6f5b22ac35d,0 0 24 24,XML VALID — VISUAL REVIEW PENDING
assets/icons/square-power.svg,b243659edaa696317cc96dfaaf00bd8c842546bfbeb34a807c64bb105a331fcc,0 0 24 24,XML VALID — VISUAL REVIEW PENDING
assets/icons/square-radical.svg,c9ff8ab3a23b80243fdcb9d16b28fe4f6b9c7013c7505b05ee76716724f6b31b,0 0 24 24,XML VALID — VISUAL REVIEW PENDING
assets/icons/square-round-corner.svg,599e1952a99700acbf269aba5fe61356821ce29651142ef09ba06aac47ca845a,0 0 24 24,XML VALID — VISUAL REVIEW PENDING
assets/icons/square-scissors.svg,68ff05de005a754aa91ed755ccb01a9d715ef0023c0fb6beff88ee3bdd201609,0 0 24 24,XML VALID — VISUAL REVIEW PENDING
assets/icons/square-sigma.svg,d6889897ea55ef030c95a90169ece155540daca6b7461060d87beb9146c145aa,0 0 24 24,XML VALID — VISUAL REVIEW PENDING
assets/icons/square-slash.svg,d75c473f46d130619805f28ddbfad29ff3c416d5fb3fecae205015a8cf16dc56,0 0 24 24,XML VALID — VISUAL REVIEW PENDING
assets/icons/square-split-horizontal.svg,baba55af9e0a0ddb20c4f9b1ab20c940ea932bdbd3874bc4d1d7ed689abeedd9,0 0 24 24,XML VALID — VISUAL REVIEW PENDING
assets/icons/square-split-vertical.svg,bbaa61622c55370db372ae898a80265a58b3feff3629cf272cb262a9ad6bb96f,0 0 24 24,XML VALID — VISUAL REVIEW PENDING
assets/icons/square-square.svg,0d6778fe1f14b58f441cec9730fcb959e5f9b5897bda725eeed713ad46950fcd,0 0 24 24,XML VALID — VISUAL REVIEW PENDING
assets/icons/square-stack.svg,6a24708c8d9698cb8b891a0bfe4f4bb87284867e1f28b75ccc9954a5dcbc326c,0 0 24 24,XML VALID — VISUAL REVIEW PENDING
assets/icons/square-star.svg,d209f04b696c09e951106d50f80c6ef019103bc32bb08077bd7f5da2687ce1ba,0 0 24 24,XML VALID — VISUAL REVIEW PENDING
assets/icons/square-stop.svg,02ada11c093875f11975b408cc60a0e8e7ef66a8dbb3088a63a154ec78dbf14c,0 0 24 24,XML VALID — VISUAL REVIEW PENDING
assets/icons/square-terminal.svg,cc0d050a0f51b4436473e20c5317cdd879ea207e4480542a6ab49983afac7b46,0 0 24 24,XML VALID — VISUAL REVIEW PENDING
assets/icons/square-user-round.svg,880810eb2b192f3a1a31a09907cc16ddd5b9651fc5ec16dce1e5268b8b6c12bb,0 0 24 24,XML VALID — VISUAL REVIEW PENDING
assets/icons/square-user.svg,80c4508d6250d4df8fec2a85f8077fe8d0721d50aab6bb14bce61b4f38a1d236,0 0 24 24,XML VALID — VISUAL REVIEW PENDING
assets/icons/square-x.svg,87d7bdda988bb6083e0e0f55f96b261d042a0fcbb5b9abaeb4e31672623441c3,0 0 24 24,XML VALID — VISUAL REVIEW PENDING
assets/icons/square.svg,5d3c97d13af334a2e13b81755162fb102fda6f08247ae0d1ab6a4abd63d81344,0 0 24 24,XML VALID — VISUAL REVIEW PENDING
assets/icons/squares-exclude.svg,4d15384b9c3e9e1c18cb5554c273b93a590fa8515eecf0ff4b822d89d5118aff,0 0 24 24,XML VALID — VISUAL REVIEW PENDING
assets/icons/squares-intersect.svg,4f1495ea273bf2f04292662014a7258f7436296fbd7c4a5ebb52d6ceaa6177b4,0 0 24 24,XML VALID — VISUAL REVIEW PENDING
assets/icons/squares-subtract.svg,315ed340a34cda9fab1e5a7963eb6bcb77d3aca55213834b24ecbb49a6c7d2be,0 0 24 24,XML VALID — VISUAL REVIEW PENDING
assets/icons/squares-unite.svg,372bc60783986103f67ca3b0ed85c3c9bd70816ef7ab95a31685a7da2201f22b,0 0 24 24,XML VALID — VISUAL REVIEW PENDING
assets/icons/squircle-dashed.svg,146df5f3210f91220e894857e0ac3c2c2577926257028605488cd397fc706f9a,0 0 24 24,XML VALID — VISUAL REVIEW PENDING
assets/icons/squircle.svg,b330cfaee9fc33679afa78470c0b7ccaba8cc687aed767cd2a5c0c8509106564,0 0 24 24,XML VALID — VISUAL REVIEW PENDING
assets/icons/squirrel.svg,f7d343b6de78cf85e50cfb4b00c795b9c86cd6f0a41cbecccd3cb948af40e07c,0 0 24 24,XML VALID — VISUAL REVIEW PENDING
assets/icons/stamp.svg,7db5ae049c2c098abf9259736c9780eea653e7667d695d1024c65ccfdecef6b7,0 0 24 24,XML VALID — VISUAL REVIEW PENDING
assets/icons/star-half.svg,22f3eab41c0ae1ed0b7ee85d5735d8ba39daca3ada5d6d404ada211068c997e0,0 0 24 24,XML VALID — VISUAL REVIEW PENDING
assets/icons/star-off.svg,345c0a7f60b4e4eaac149fd287e6cc05e4f1889764cbdb0db899845e1fc86a08,0 0 24 24,XML VALID — VISUAL REVIEW PENDING
assets/icons/star.svg,3ccd24104fbb6c974523d7f99ba7f960025e52aaacb262d70c518a7bc8440b44,0 0 24 24,XML VALID — VISUAL REVIEW PENDING
assets/icons/stars.svg,bf1f43019909b5ffc4cfd28e1cd6e83aa847c1a50dec6023f243cda691bcee99,0 0 24 24,XML VALID — VISUAL REVIEW PENDING
assets/icons/step-back.svg,e9de1996ec5e68ebe73652ca16420df02ed4ae9c16a8cf7f8adbc18f427f6e9b,0 0 24 24,XML VALID — VISUAL REVIEW PENDING
assets/icons/step-forward.svg,4620801bf5d3feec07b5407cc67b5b3013ff62d490f7dc53807754bb4ff7aca1,0 0 24 24,XML VALID — VISUAL REVIEW PENDING
assets/icons/stethoscope.svg,da610f2f6a64eb30ae962713d186b8a5d2ac4e8a4f7b01945d81d6f12cd4f77b,0 0 24 24,XML VALID — VISUAL REVIEW PENDING
assets/icons/sticker.svg,f88f560a91a32f67fee82b3999e1845353e3ba5ed40fb49f008cad1f1e9b6fc3,0 0 24 24,XML VALID — VISUAL REVIEW PENDING
assets/icons/sticky-note.svg,ea63fed0a0f1ce56ee9e180f57ce27d9bb7f1523eedbf247f3a083c11735b7a5,0 0 24 24,XML VALID — VISUAL REVIEW PENDING
assets/icons/stop-circle.svg,2712a99385bb211ece9fe99024065986cc4615865e89fb6746b0f5e087251920,0 0 24 24,XML VALID — VISUAL REVIEW PENDING
assets/icons/store.svg,8efca7883b82806c2366af1f25ef02ec9096588940aeb6d5d976e8fc88e86557,0 0 24 24,XML VALID — VISUAL REVIEW PENDING
assets/icons/stretch-horizontal.svg,d857b762f97897214e387c62ff2c57ae9f9ec711ae24ff06dd24c23a9e5afec4,0 0 24 24,XML VALID — VISUAL REVIEW PENDING
assets/icons/stretch-vertical.svg,24611aeb25fbde1b382dd5311ed3be1148cbb3a2d189e7e57df5edc374647690,0 0 24 24,XML VALID — VISUAL REVIEW PENDING
assets/icons/strikethrough.svg,5f0bccae30b621e80a95eb8f8bae5b8d29beb6237412af5c18c9d454c27eb745,0 0 24 24,XML VALID — VISUAL REVIEW PENDING
assets/icons/subscript.svg,5bd1514467849f884e02734d8fe9e59b74cb78979b57629a58721d5dbb4236d7,0 0 24 24,XML VALID — VISUAL REVIEW PENDING
assets/icons/subtitles.svg,f8b4a29e1dd7e8842701b4f9c43a292989acc1714ab0dafaeeeaccfbe691514c,0 0 24 24,XML VALID — VISUAL REVIEW PENDING
assets/icons/sun-dim.svg,9bd5b6a8a170e7c9dcc7039922bcfe58113d9b51cc11217d3e3209384e0a6c19,0 0 24 24,XML VALID — VISUAL REVIEW PENDING
assets/icons/sun-medium.svg,9d36e0da1fcfacc9a1cf3aa197910fdbe477d39cef33199f7fd2f6a3b9859a3a,0 0 24 24,XML VALID — VISUAL REVIEW PENDING
assets/icons/sun-moon.svg,9dba038e33ad6ad05580c552b43d76b4fc2b84ed2c145e12e5977fe32b738e7d,0 0 24 24,XML VALID — VISUAL REVIEW PENDING
assets/icons/sun-snow.svg,dac8949e906c6c189f85e5e5fa87bfcc777d566069b102c098467742b118a10d,0 0 24 24,XML VALID — VISUAL REVIEW PENDING
assets/icons/sun.svg,f0ad89f2b525c5cce01a2ef903661a35efada95e0cdefe863da23ff32532ee4a,0 0 24 24,XML VALID — VISUAL REVIEW PENDING
assets/icons/sunrise.svg,9e20f7546f86fb8b526547083a0998856856240a2ad3571dd56952ff455600dc,0 0 24 24,XML VALID — VISUAL REVIEW PENDING
assets/icons/sunset.svg,2ff0974268c71f0fc650312152914a95094efd0a2f64715496c4c3f55113822a,0 0 24 24,XML VALID — VISUAL REVIEW PENDING
assets/icons/superscript.svg,a217008582fc6ebed9d195366de706bcae83b10d7372646dab664a726a22070c,0 0 24 24,XML VALID — VISUAL REVIEW PENDING
assets/icons/swatch-book.svg,960d8ea943e9e576bfd6a9b6581f3141419a1b8ca66732cfdb0b15ecabd48e10,0 0 24 24,XML VALID — VISUAL REVIEW PENDING
assets/icons/swiss-franc.svg,085b88356bda2a06cb7297a4491cb8af3287c099efb15a49d5c399ad7a98e538,0 0 24 24,XML VALID — VISUAL REVIEW PENDING
assets/icons/switch-camera.svg,6d810d9792b832f523ad91d5959ca9907cdbbb2f9a985ec07b2f38c1cea49dc6,0 0 24 24,XML VALID — VISUAL REVIEW PENDING
assets/icons/sword.svg,442ab5e850e0492c00f55b70b8a7f72ad8c839f523771d091453d16eb56b6ebc,0 0 24 24,XML VALID — VISUAL REVIEW PENDING
assets/icons/swords.svg,b7fb4c71655ebfbc2e188a8bb633e817ec30152464e961d5038b56991134055d,0 0 24 24,XML VALID — VISUAL REVIEW PENDING
assets/icons/syringe.svg,64f1e944762c76919ec20a6e6b7f6778dd795a1d7f9d2ddb8ff1f437c331a0ba,0 0 24 24,XML VALID — VISUAL REVIEW PENDING
assets/icons/table-2.svg,2552e802b8c0b3ac974f6f5da5ea7491ad319af5a7d8ba30c15d967fb7ccab64,0 0 24 24,XML VALID — VISUAL REVIEW PENDING
assets/icons/table-cells-merge.svg,2e67956d9098b8a28377f42227a15b1d357e34e0f2221544d007a1435323f2be,0 0 24 24,XML VALID — VISUAL REVIEW PENDING
assets/icons/table-cells-split.svg,eb2d65f7a56ca501d228eb783734cb6c451923a104a20576e71509076cfbadf2,0 0 24 24,XML VALID — VISUAL REVIEW PENDING
assets/icons/table-columns-split.svg,778062a2fd1cdf001c88087cdd61eeeec12d888e83a33da5d4939d9b28bc2479,0 0 24 24,XML VALID — VISUAL REVIEW PENDING
assets/icons/table-config.svg,0af8750cead4234c4ee9a173bd4dd645f24aa1c81015b79c1bb39936dc41aedc,0 0 24 24,XML VALID — VISUAL REVIEW PENDING
assets/icons/table-of-contents.svg,3678e62ee345e258e729a6865835a6677e7c9d9d7db3ceae898533116af201af,0 0 24 24,XML VALID — VISUAL REVIEW PENDING
assets/icons/table-properties.svg,3a7cac5431a449a536031159d8b2a142684c0742c23996367607eb334260d66c,0 0 24 24,XML VALID — VISUAL REVIEW PENDING
assets/icons/table-rows-split.svg,ca16345ea38f9c8df2531ddf9c78a77560358220152c86b3ec611c24aced25a3,0 0 24 24,XML VALID — VISUAL REVIEW PENDING
assets/icons/table.svg,f4b37f41b2e8d4e552dd345cb765172b68fddad9ab6a3fe0f15335fdac216bc9,0 0 24 24,XML VALID — VISUAL REVIEW PENDING
assets/icons/tabler/filled/accessible.svg,b52978608a72f616928fed04dec8245a80967f486f42c1fd9fa000f7bff0fcd3,0 0 24 24,XML VALID — VISUAL REVIEW PENDING
assets/icons/tabler/filled/ad-circle.svg,4ce62b1234291f98c173995c9fcefdc73165b7216ea5dc2bce0d62c80675f6b0,0 0 24 24,XML VALID — VISUAL REVIEW PENDING
assets/icons/tabler/filled/ad.svg,65ea03eec5e21c88fcad4a1d61be06d34963d49f1d3b1b36485543c40414c357,0 0 24 24,XML VALID — VISUAL REVIEW PENDING
assets/icons/tabler/filled/adjustments.svg,f774594e219dbd55234f8ccf77443fe8b366a1ae5028c32235db6b4b9ef2cb64,0 0 24 24,XML VALID — VISUAL REVIEW PENDING
assets/icons/tabler/filled/aerial-lift.svg,f601415278bbbea2d219cc432bea5cc39fe8b936eea0b69ec045d92dd7d77c2c,0 0 24 24,XML VALID — VISUAL REVIEW PENDING
assets/icons/tabler/filled/affiliate.svg,2cdf65051aa74d502120c2ad83bf1887081c0493fc32e3542930f34c40ef9ec4,0 0 24 24,XML VALID — VISUAL REVIEW PENDING
assets/icons/tabler/filled/air-balloon.svg,6f525c020f891c08cdc5146bbc03104ac0c078e6e3ec761697ae7e021c28f22a,0 0 24 24,XML VALID — VISUAL REVIEW PENDING
assets/icons/tabler/filled/alarm-minus.svg,360b7e25b1c57dfc9b77e5e6cd3a888e3feed4356bd571a01f43ce6c84af1396,0 0 24 24,XML VALID — VISUAL REVIEW PENDING
assets/icons/tabler/filled/alarm-plus.svg,b08c3523dd5813a3143e85a4d765b66aa87b46072ef4f80c08b4ac6bccd21f29,0 0 24 24,XML VALID — VISUAL REVIEW PENDING
assets/icons/tabler/filled/alarm-snooze.svg,bf1adc76318bd2747167d20b99f9e8831c09689a18709c2145d0faab08c796b9,0 0 24 24,XML VALID — VISUAL REVIEW PENDING
assets/icons/tabler/filled/alarm.svg,0d6131274dcec967d6edeed6f8a4ef7fd98f4e1f854244832d95aa3cbd3d8bc6,0 0 24 24,XML VALID — VISUAL REVIEW PENDING
assets/icons/tabler/filled/alert-circle.svg,ec37b1a9c7da8c00cac532849c45ccc248534cbb31f1e87b4db30e8202e04c64,0 0 24 24,XML VALID — VISUAL REVIEW PENDING
assets/icons/tabler/filled/alert-hexagon.svg,d60fb90cd6f7d606acb4c7a587b0357a7d41c3eebd3baad6c70925b85d642041,0 0 24 24,XML VALID — VISUAL REVIEW PENDING
assets/icons/tabler/filled/alert-octagon.svg,da6558f0c94d49e25e507dd0922482bfced00426ea4ee8f375a1757b338ace97,0 0 24 24,XML VALID — VISUAL REVIEW PENDING
assets/icons/tabler/filled/alert-square-rounded.svg,6efbd08fb347ec98f2a54dab3d16e493053e81daff7e68063729c4576ba758c7,0 0 24 24,XML VALID — VISUAL REVIEW PENDING
assets/icons/tabler/filled/alert-square.svg,6c00599b847966e0ccf69b8a219abfd4dcff295236aaff36f026d41ba79660c4,0 0 24 24,XML VALID — VISUAL REVIEW PENDING
assets/icons/tabler/filled/alert-triangle.svg,064ab627af5eccd212eac4efd66a5512278c66a10a653b5c12e2a9d924d40b49,0 0 24 24,XML VALID — VISUAL REVIEW PENDING
assets/icons/tabler/filled/alien.svg,5182125d27155e4a8857525732a390237faa4297a5bb154a163959132ebd4f10,0 0 24 24,XML VALID — VISUAL REVIEW PENDING
assets/icons/tabler/filled/align-box-bottom-center.svg,321d776f363b4cc518ea5efbbed425c28cdd843849b4ec7ddc9550e51f0c6a65,0 0 24 24,XML VALID — VISUAL REVIEW PENDING
assets/icons/tabler/filled/align-box-bottom-left.svg,1681cfce799ee7745c0f623f430d242be1ade74e941a11027f62d1504281d44e,0 0 24 24,XML VALID — VISUAL REVIEW PENDING
assets/icons/tabler/filled/align-box-bottom-right.svg,9326af7a16e02595934e583e06cd0d6a32d47e582f985cef691d1a63406b4b17,0 0 24 24,XML VALID — VISUAL REVIEW PENDING
assets/icons/tabler/filled/align-box-center-middle.svg,ce66953674c049473175c939935465380d59d9c949333a81b24a0968e99fc9b0,0 0 24 24,XML VALID — VISUAL REVIEW PENDING
assets/icons/tabler/filled/align-box-left-bottom.svg,aadc3f34897d1cf1f29a1e84530fdb479bedc695a498d181360f9574cec5e30c,0 0 24 24,XML VALID — VISUAL REVIEW PENDING
assets/icons/tabler/filled/align-box-left-middle.svg,1892aa24062af5b9770cba45df5bb59aed5eb69f0021580c54b5c9dac057fd8c,0 0 24 24,XML VALID — VISUAL REVIEW PENDING
assets/icons/tabler/filled/align-box-left-top.svg,c3f763a4dd46c6cb9ca58f09d769bbab295e8824c2eda52fe4ce8423b2955071,0 0 24 24,XML VALID — VISUAL REVIEW PENDING
assets/icons/tabler/filled/align-box-right-bottom.svg,cd65093a4492970b99ef4acf107609549cd84ff33d37b2387a295ef283f9d4c6,0 0 24 24,XML VALID — VISUAL REVIEW PENDING
assets/icons/tabler/filled/align-box-right-middle.svg,22e69d8d725ee974e9bb122fdc7b438c9b5c5619a6ed96745877bea7bf183131,0 0 24 24,XML VALID — VISUAL REVIEW PENDING
assets/icons/tabler/filled/align-box-right-top.svg,f9196c585b725a93fc69c008fbb8e72d3c2bba419c01577e105d632d9fb2675f,0 0 24 24,XML VALID — VISUAL REVIEW PENDING
assets/icons/tabler/filled/align-box-top-center.svg,d727191bb9d8910f7d1434d8cb809ca78ed392af0f00555ca4137e49c4753a17,0 0 24 24,XML VALID — VISUAL REVIEW PENDING
assets/icons/tabler/filled/align-box-top-left.svg,dd4cbdd08aba36452357159d93ae324d73dde76d3d70f8c67d6d92e4262e20a9,0 0 24 24,XML VALID — VISUAL REVIEW PENDING
assets/icons/tabler/filled/align-box-top-right.svg,00fa3560b9d66a74b4c67e3b17de764d92fcb4596dc98614b44cbaed4a5f189f,0 0 24 24,XML VALID — VISUAL REVIEW PENDING
assets/icons/tabler/filled/analyze.svg,e87f00fcd4aa457d9763ad5fc1de551854a5d7737c12334972bbd65a9b6600fb,0 0 24 24,XML VALID — VISUAL REVIEW PENDING
assets/icons/tabler/filled/app-window.svg,dbe4a9a9f3f77887d110f98a0ceae989c6168a1d722370591584593561b60a21,0 0 24 24,XML VALID — VISUAL REVIEW PENDING
assets/icons/tabler/filled/apple.svg,b089f3070818c8cc34ea1dae8a81dc2dc1768008817de4fcaad55c4245399783,0 0 24 24,XML VALID — VISUAL REVIEW PENDING
assets/icons/tabler/filled/apps.svg,21a7c3ef4d03c7e7e95b62931546bef6ce0691683f4a91f4daa0558405bd3de8,0 0 24 24,XML VALID — VISUAL REVIEW PENDING
assets/icons/tabler/filled/archive.svg,169f8402bc740f39d25dd3fb0dc2b09b7e02829926d634b15aba88b48830a17f,0 0 24 24,XML VALID — VISUAL REVIEW PENDING
assets/icons/tabler/filled/arrow-autofit-content.svg,9f24ebd713cecf9691c8855479a61326d5adace441257f9c8c9bb8561c64b426,0 0 24 24,XML VALID — VISUAL REVIEW PENDING
assets/icons/tabler/filled/arrow-autofit-down.svg,b3003133493c4c341780d1c87011df5730a86b750f30d5caee88e9482e85e86a,0 0 24 24,XML VALID — VISUAL REVIEW PENDING
assets/icons/tabler/filled/arrow-autofit-height.svg,acba4c3158fc923b3c545a4a2cc67da74c656424c0ddb2149524d420011eb2c7,0 0 24 24,XML VALID — VISUAL REVIEW PENDING
assets/icons/tabler/filled/arrow-autofit-left.svg,991173a7a9888fed100757ffa1c3016cc5370eeede970cb18ee8d459998f1c3f,0 0 24 24,XML VALID — VISUAL REVIEW PENDING
assets/icons/tabler/filled/arrow-autofit-right.svg,6862f5d186b041db26832ec4a88ddce1d61578486fe99f122c658ce3aa831fa3,0 0 24 24,XML VALID — VISUAL REVIEW PENDING
assets/icons/tabler/filled/arrow-autofit-up.svg,83ad2df9873bddb0b0ec345b4df4b0babb86587e48d580f17305d75517eaa02e,0 0 24 24,XML VALID — VISUAL REVIEW PENDING
assets/icons/tabler/filled/arrow-autofit-width.svg,a8a3970bcd6c6c5814ebc84db27d772d5fb1629e6ffb686d9ba005971661adf5,0 0 24 24,XML VALID — VISUAL REVIEW PENDING
assets/icons/tabler/filled/arrow-badge-down.svg,518f1fa240b218af414434391503fd4a1902dde7f0611e31b33cbe4c95ec24fd,0 0 24 24,XML VALID — VISUAL REVIEW PENDING
assets/icons/tabler/filled/arrow-badge-left.svg,6bf5779e44753c5358822ad75b82f499cb1646553e84904716545dc541b9fb0a,0 0 24 24,XML VALID — VISUAL REVIEW PENDING
assets/icons/tabler/filled/arrow-badge-right.svg,c4bb52f6f42bddbd2d37de72bb9909b44c44266a1680a86a7e787c76898f7a6a,0 0 24 24,XML VALID — VISUAL REVIEW PENDING
assets/icons/tabler/filled/arrow-badge-up.svg,622af1b546ca6e70440b03fce375e28d976c39f979cddc45687b6d945067a1f7,0 0 24 24,XML VALID — VISUAL REVIEW PENDING
assets/icons/tabler/filled/arrow-big-down-line.svg,232e38bd11f5fac2f6b694a724293227d53ee830189fc1f581779659424b7eeb,0 0 24 24,XML VALID — VISUAL REVIEW PENDING
assets/icons/tabler/filled/arrow-big-down-lines.svg,6c936a3534973163d1e5d2b2b11e4f1e8d7ef1f91cfb339656a81cccc825fa70,0 0 24 24,XML VALID — VISUAL REVIEW PENDING
assets/icons/tabler/filled/arrow-big-down.svg,f19a49510cdffdb732aac34bc9dae73e84f4dd30038008d085ed0fd2dddf88ce,0 0 24 24,XML VALID — VISUAL REVIEW PENDING
assets/icons/tabler/filled/arrow-big-left-line.svg,690d507212cd83bcf9a8471f255b5bf56ccf1a156ec6e7a172c382458d66afbb,0 0 24 24,XML VALID — VISUAL REVIEW PENDING
assets/icons/tabler/filled/arrow-big-left-lines.svg,960beb8868732fa20df182adeba10fea15a31ff69f1f88da8f22886a223392b8,0 0 24 24,XML VALID — VISUAL REVIEW PENDING
assets/icons/tabler/filled/arrow-big-left.svg,f7f7b8ae5fdd10a97b9f89969a3aff8835c5804e1d84de1fb74819fb5bd74d13,0 0 24 24,XML VALID — VISUAL REVIEW PENDING
assets/icons/tabler/filled/arrow-big-right-line.svg,d3d8becd7f2b773a51cce88b73e0131c7afa264ea172eb7a6906dfda753e3270,0 0 24 24,XML VALID — VISUAL REVIEW PENDING
assets/icons/tabler/filled/arrow-big-right-lines.svg,6d85be051f4fb65799512fd96404266928f1847d4777fe012e16bf036f763a12,0 0 24 24,XML VALID — VISUAL REVIEW PENDING
assets/icons/tabler/filled/arrow-big-right.svg,5a19a05e967e820b1a107ce3153e301422716fa55d36ac7ba50037d9d42cdc10,0 0 24 24,XML VALID — VISUAL REVIEW PENDING
assets/icons/tabler/filled/arrow-big-up-line.svg,e84c17e886445b04d1915af24ae88c5bc76f50e69600f4170adf18d2d3e43cf2,0 0 24 24,XML VALID — VISUAL REVIEW PENDING
assets/icons/tabler/filled/arrow-big-up-lines.svg,4cabdb19b2e02e6af4efc4732411216a0db15d33a5e01f478540793ce418d5b4,0 0 24 24,XML VALID — VISUAL REVIEW PENDING
assets/icons/tabler/filled/arrow-big-up.svg,d86fd321fae9184d2fc72ac24a94e1f24d4fc26a56cf91641d062c556574263e,0 0 24 24,XML VALID — VISUAL REVIEW PENDING
assets/icons/tabler/filled/arrow-down-circle.svg,872b5572bf6357db8f71ace0a6a96f803ec994752307eeeedab143270466033b,0 0 24 24,XML VALID — VISUAL REVIEW PENDING
assets/icons/tabler/filled/arrow-down-rhombus.svg,90bc942b6caade5f250de8e5b8eaee05c9af5c86645cadd17ebf2bc74abefcbc,0 0 24 24,XML VALID — VISUAL REVIEW PENDING
assets/icons/tabler/filled/arrow-down-square.svg,4cdd895d8e9a67cbee01e0823c2889cf1d1fb6c469844126a424b3e1496b03dd,0 0 24 24,XML VALID — VISUAL REVIEW PENDING
assets/icons/tabler/filled/arrow-guide.svg,471f4d0f6bee65e911d40b4046a7529c1ca944954cc6744164c6213b8b633b2e,0 0 24 24,XML VALID — VISUAL REVIEW PENDING
assets/icons/tabler/filled/arrow-left-circle.svg,4371996e711dfe6eff0e7d1702f00f334fcc050706823451f7a67f03a401cb7e,0 0 24 24,XML VALID — VISUAL REVIEW PENDING
assets/icons/tabler/filled/arrow-left-rhombus.svg,7855ca0f6bd455324f5734da68541e48172d39af9414a7049da920b385c78db5,0 0 24 24,XML VALID — VISUAL REVIEW PENDING
assets/icons/tabler/filled/arrow-left-square.svg,dcbdc47d894e39b112fdd7def5d37d0e11d1e6eaf4073a0bd078ee4528a21f2e,0 0 24 24,XML VALID — VISUAL REVIEW PENDING
assets/icons/tabler/filled/arrow-move-down.svg,2cf56b298ad4dbdde8af46623a3988b21394a554e6e2c70598f06af5af81bb2b,0 0 24 24,XML VALID — VISUAL REVIEW PENDING
assets/icons/tabler/filled/arrow-move-left.svg,8ed56b7c6b355573b0e2c4f9e36a969c4d60d117eaf0715ae09c57dcfe97a6f4,0 0 24 24,XML VALID — VISUAL REVIEW PENDING
assets/icons/tabler/filled/arrow-move-right.svg,52534504e286355b2aef9ffa5e2d387bab1755c594ae82074b3340654bb02146,0 0 24 24,XML VALID — VISUAL REVIEW PENDING
assets/icons/tabler/filled/arrow-move-up.svg,8f455b6ef59f2a37b1f71fdb7d299a884d67683d267a66be55695163a4d8ccfb,0 0 24 24,XML VALID — VISUAL REVIEW PENDING
assets/icons/tabler/filled/arrow-right-circle.svg,163f29e0b832dcb5401b1549839832a585989e1cb15a0959e78a1abe770d4163,0 0 24 24,XML VALID — VISUAL REVIEW PENDING
assets/icons/tabler/filled/arrow-right-rhombus.svg,76985cd70c139c9b4c793bc005b445422b91d3c75a678f629b7fbb93c088626f,0 0 24 24,XML VALID — VISUAL REVIEW PENDING
assets/icons/tabler/filled/arrow-right-square.svg,b26f4a7baef8a28edf818c060b587026a922ed1b7b396daa2289f0cc1932f9be,0 0 24 24,XML VALID — VISUAL REVIEW PENDING
assets/icons/tabler/filled/arrow-up-circle.svg,fc59268aad4c4acb9a81ef0530fa23b1b2ec037a992b4f8034118cfbeff86b05,0 0 24 24,XML VALID — VISUAL REVIEW PENDING
assets/icons/tabler/filled/arrow-up-rhombus.svg,d6fc9a41cd692e952df71b46de450bd0ba1bbc5642231428423319dc2f71edda,0 0 24 24,XML VALID — VISUAL REVIEW PENDING
assets/icons/tabler/filled/arrow-up-square.svg,e45b0806430e4e08ab6abc6963c3d5ee6805286078d5bcbb720f8ee2b46ab18e,0 0 24 24,XML VALID — VISUAL REVIEW PENDING
assets/icons/tabler/filled/artboard.svg,6b1c4e39d79ca0c7844e5ff65b87aa6243d6a7894acf13163b231ecdc96e9c4b,0 0 24 24,XML VALID — VISUAL REVIEW PENDING
assets/icons/tabler/filled/article.svg,0c61549b17f3fb74dc19bfb4b413d3e8df74d2720748c2366449f8c24bb5eceb,0 0 24 24,XML VALID — VISUAL REVIEW PENDING
assets/icons/tabler/filled/aspect-ratio.svg,fd06f3a5efbf894f8bdfeae9fec0fe139cbbe1c774b6454d4068742718b62f61,0 0 24 24,XML VALID — VISUAL REVIEW PENDING
assets/icons/tabler/filled/assembly.svg,ba1f1b48ae64e5ab472c1d6c5ca9a30131b0b67088c377a29f11228e66375c9b,0 0 24 24,XML VALID — VISUAL REVIEW PENDING
assets/icons/tabler/filled/asset.svg,0c6d7f148ebd2175467a6e4f0cf554d3747bd2fd65329d904566ac59b0f3a0cb,0 0 24 24,XML VALID — VISUAL REVIEW PENDING
assets/icons/tabler/filled/atom-2.svg,16967934d057b8be9b98fd3998dffd792309a620bd9dc4f7c83a9d2837d11d83,0 0 24 24,XML VALID — VISUAL REVIEW PENDING
assets/icons/tabler/filled/automatic-gearbox.svg,95f401533e8e1ab82a639aa6b80296f89042cd05b8cdb7b069d988a9678bbd20,0 0 24 24,XML VALID — VISUAL REVIEW PENDING
assets/icons/tabler/filled/award.svg,e79bf3cc0e7d98ded4ecf399ea9919378d62224812d52acb89086d024d77646d,0 0 24 24,XML VALID — VISUAL REVIEW PENDING
assets/icons/tabler/filled/baby-carriage.svg,cc9096ba287e257ce47a76445ff87f5572e698786c992de8689b1ed6814942d0,0 0 24 24,XML VALID — VISUAL REVIEW PENDING
assets/icons/tabler/filled/backspace.svg,826e60b455ec60fbc12f0a4fe6e967c50d7c49895686334aca73729fd92d6028,0 0 24 24,XML VALID — VISUAL REVIEW PENDING
assets/icons/tabler/filled/badge-3d.svg,d031c8432afb33ba0b337d6e81442cfbe3acf5cf54c53c0e5d04f44eab431393,0 0 24 24,XML VALID — VISUAL REVIEW PENDING
assets/icons/tabler/filled/badge-4k.svg,ffebb7b611276b10ac1831bb68b48a20fb74988c00497933e814fa58fadf647f,0 0 24 24,XML VALID — VISUAL REVIEW PENDING
assets/icons/tabler/filled/badge-8k.svg,03974fea0714fdf29018e156d7ce16e81802c03a94cb59918cc5a40e32f07ef6,0 0 24 24,XML VALID — VISUAL REVIEW PENDING
assets/icons/tabler/filled/badge-ad.svg,e0a0bf04384bef1a91fe77d8be6354d4fb63ba94f44b8ec1bbd7766ade52b4d8,0 0 24 24,XML VALID — VISUAL REVIEW PENDING
assets/icons/tabler/filled/badge-ar.svg,ab3fe5c21cb4b3b33a07ecdd9375abf8c0887535b275332cf8acd68b48b290b5,0 0 24 24,XML VALID — VISUAL REVIEW PENDING
assets/icons/tabler/filled/badge-cc.svg,795ba9bd79b3fdfce2a0cbed2dd7960b4a414343db86f4da5d72a053df844822,0 0 24 24,XML VALID — VISUAL REVIEW PENDING
assets/icons/tabler/filled/badge-hd.svg,e290e1bfceedbe4284a6d9cf210afca6078f0c23ce671915ce250d7187462159,0 0 24 24,XML VALID — VISUAL REVIEW PENDING
assets/icons/tabler/filled/badge-sd.svg,39b4dbdea95980c4f6758673d5c451b38020c5f17c7331cfb7e9058048932140,0 0 24 24,XML VALID — VISUAL REVIEW PENDING
assets/icons/tabler/filled/badge-tm.svg,978260d7e8b10a68250fcc86bc17e11ea12dc3a328e32d83eecd286728cfb58e,0 0 24 24,XML VALID — VISUAL REVIEW PENDING
assets/icons/tabler/filled/badge-vo.svg,4b3a038e8bf9b57b2d81ee7c1126b1fd7c08af3a699ace61266c157e88dc8fce,0 0 24 24,XML VALID — VISUAL REVIEW PENDING
assets/icons/tabler/filled/badge-vr.svg,2a7206bb46f7542ff1a38666cfcedd3360f3cb0f23c0d797d2572ebc285853b6,0 0 24 24,XML VALID — VISUAL REVIEW PENDING
assets/icons/tabler/filled/badge-wc.svg,c37b04fb331bdd9d8ec601e4a4e80135f9657e4da8943236573fb85e63b62480,0 0 24 24,XML VALID — VISUAL REVIEW PENDING
assets/icons/tabler/filled/badge.svg,6eeb8e1f9da675b8dfd007d96213066a634f5a53744880bfc5a2abf9af9d7b47,0 0 24 24,XML VALID — VISUAL REVIEW PENDING
assets/icons/tabler/filled/badges.svg,85823b360946a876a24a48c0e536ace74d55813140a0d7d28a49b291c3e36696,0 0 24 24,XML VALID — VISUAL REVIEW PENDING
assets/icons/tabler/filled/balloon.svg,5652b107a806dd1991a11aa8cc9367355a025f51571fc8b59d4a29a2567034d5,0 0 24 24,XML VALID — VISUAL REVIEW PENDING
assets/icons/tabler/filled/ballpen.svg,f16ec15add4f1013cea46207816b8939e737c00890f9c49e26ec2a2c81c03fa3,0 0 24 24,XML VALID — VISUAL REVIEW PENDING
assets/icons/tabler/filled/bandage.svg,778a9bbd709e89679022a03312a82fd82b611ef87c7b2a14c1fd01514cc0b9dc,0 0 24 24,XML VALID — VISUAL REVIEW PENDING
assets/icons/tabler/filled/barbell.svg,ada1c25cf4f8961f559bb48bcce7cc3ddd08c23dd3467ee3d83a10e3ba9fbabd,0 0 24 24,XML VALID — VISUAL REVIEW PENDING
assets/icons/tabler/filled/barrier-block.svg,4e4547185bc1b64e20b302352df3b09136e7102d1f5b855d36d0e95604a73af4,0 0 24 24,XML VALID — VISUAL REVIEW PENDING
assets/icons/tabler/filled/basket.svg,10457c07afcf5d4d7574204647bb447c6de57f5bfdedc81e6ba3b277f4cb8d5f,0 0 24 24,XML VALID — VISUAL REVIEW PENDING
assets/icons/tabler/filled/bath.svg,afa47434fd219da96944301a3f4e1079cb22989e65e7be9de5e88132c8dd42dc,0 0 24 24,XML VALID — VISUAL REVIEW PENDING
assets/icons/tabler/filled/battery-1.svg,c62fb801aa76273760a838b5b8f95acae0b2347ed518b7dfbb85a11f36afdce7,0 0 24 24,XML VALID — VISUAL REVIEW PENDING
assets/icons/tabler/filled/battery-2.svg,05dbd988c240dd94ae402cf78547aa9ccf49e5578f1c84f43247ec184c361c5a,0 0 24 24,XML VALID — VISUAL REVIEW PENDING
assets/icons/tabler/filled/battery-3.svg,6c472efaa9b23714f30fa3a48536177aeb50d20f42e434480ee5624268e789a2,0 0 24 24,XML VALID — VISUAL REVIEW PENDING
assets/icons/tabler/filled/battery-4.svg,5002e296eb804ef2746cdc75e64484ffc09184d7c9de550e4020eed97162616c,0 0 24 24,XML VALID — VISUAL REVIEW PENDING
assets/icons/tabler/filled/battery-automotive.svg,7e7b77a2151ea0739a6fadf7a4cd5d817211dfd139f7fe4b914a1f308838a960,0 0 24 24,XML VALID — VISUAL REVIEW PENDING
assets/icons/tabler/filled/battery-vertical-1.svg,969e33c5cfdf8f0a312aee833af99460d8310a3d93aa079ea9a4fd8da14e6190,0 0 24 24,XML VALID — VISUAL REVIEW PENDING
assets/icons/tabler/filled/battery-vertical-2.svg,0947d9f239535ce39b142972ae793b85710820ec978603c2cca059df695ca9d3,0 0 24 24,XML VALID — VISUAL REVIEW PENDING
assets/icons/tabler/filled/battery-vertical-3.svg,b67f05c44b3dd7b7e3645e2ebb41de4efd4b2669c2260409a8295092fed226e4,0 0 24 24,XML VALID — VISUAL REVIEW PENDING
assets/icons/tabler/filled/battery-vertical-4.svg,462cb29c2c3eb57de3296e220045d6a303784e7af694bb7a4322c12ffbf70053,0 0 24 24,XML VALID — VISUAL REVIEW PENDING
assets/icons/tabler/filled/battery-vertical.svg,354e0d96a293fb63b4da47a62e64694014d61d29d8b662a2c2a79af65a9a1089,0 0 24 24,XML VALID — VISUAL REVIEW PENDING
assets/icons/tabler/filled/battery.svg,799f003104537bcb5d7ec843efa84f7f29050617852067e432d499de40ee18a1,0 0 24 24,XML VALID — VISUAL REVIEW PENDING
assets/icons/tabler/filled/bed-flat.svg,68a34982455a48452ca27f74a78f361461f561b70ba1d81e3374a19129a4d21b,0 0 24 24,XML VALID — VISUAL REVIEW PENDING
assets/icons/tabler/filled/bed.svg,7d1aeff9051df488c19f1dfff7cce6248ef7b328587363e365cc9ce6c1369ede,0 0 24 24,XML VALID — VISUAL REVIEW PENDING
assets/icons/tabler/filled/beer.svg,53863240266b517098501c7e6e9ac88dc54430cf311f8bf1cfef4f6d72c0e4e5,0 0 24 24,XML VALID — VISUAL REVIEW PENDING
assets/icons/tabler/filled/bell-minus.svg,722026891d2b472036fcdad40a11c2febcf47a2ef1bfacb1adffcbd56ed895dc,0 0 24 24,XML VALID — VISUAL REVIEW PENDING
assets/icons/tabler/filled/bell-plus.svg,3a616dd52f6c5bca43f49f4e3d0d6e2adba9f0a997128960d5300c648cad8aba,0 0 24 24,XML VALID — VISUAL REVIEW PENDING
assets/icons/tabler/filled/bell-ringing-2.svg,39111a402b07b7ec1ce5eedde1598ec25ade9d4a3f0a9dea41302f250f8656a6,0 0 24 24,XML VALID — VISUAL REVIEW PENDING
assets/icons/tabler/filled/bell-ringing.svg,17e031e17c88134088080d3eacbb930eb7054b572aac121ec08c82af3c3fd7dc,0 0 24 24,XML VALID — VISUAL REVIEW PENDING
assets/icons/tabler/filled/bell-x.svg,76ba2046b0c40069624afa12c9321aaa6a93ecad72e34262f4a89c24530f1711,0 0 24 24,XML VALID — VISUAL REVIEW PENDING
assets/icons/tabler/filled/bell-z.svg,faff22168e57f78df8dc638d28b1057d26611197b67d30f26c1c24dd093990b8,0 0 24 24,XML VALID — VISUAL REVIEW PENDING
assets/icons/tabler/filled/bell.svg,1fb2b9105a22b173fc7655189a65bf91762468fd13d03fe167208d7dad73734c,0 0 24 24,XML VALID — VISUAL REVIEW PENDING
assets/icons/tabler/filled/bike.svg,6210ed06fc56ef944931899ddf1eab32155e5adc1a3d358ae372dbbb29ed7410,0 0 24 24,XML VALID — VISUAL REVIEW PENDING
assets/icons/tabler/filled/binary-tree-2.svg,eb81e7f66b660a427f4fed2640522a517d2a76ac00e1e36d2c62fa713e9a152a,0 0 24 24,XML VALID — VISUAL REVIEW PENDING
assets/icons/tabler/filled/binary-tree.svg,696cc88e02ec3851d6f04692c9a0d9eef983ed0ca57290f026547667153f2938,0 0 24 24,XML VALID — VISUAL REVIEW PENDING
assets/icons/tabler/filled/binoculars.svg,6b916cfe389abb2a8d5b9d84048a34805e28502ffd5bd4af23353751b4e7c50f,0 0 24 24,XML VALID — VISUAL REVIEW PENDING
assets/icons/tabler/filled/biohazard.svg,ef511c266b7a55563fc13d020b27bb0e7b4ad9ba445758a57b9c439f7f81d974,0 0 24 24,XML VALID — VISUAL REVIEW PENDING
assets/icons/tabler/filled/blade.svg,af1b4d0d5d6006d900db520e3bf05f009d1eaaa9b247dcf497f88ede04437360,0 0 24 24,XML VALID — VISUAL REVIEW PENDING
assets/icons/tabler/filled/blender.svg,da0e50e7abc115d5dc7477f82d119175c96c23f72773d5d81a6e4110667a8d73,0 0 24 24,XML VALID — VISUAL REVIEW PENDING
assets/icons/tabler/filled/blob.svg,2dee5cc5e689889ccb7aa69d94a70aab69aeaa490652979a5a9d35d622f41332,0 0 24 24,XML VALID — VISUAL REVIEW PENDING
assets/icons/tabler/filled/bolt.svg,5a6d7bc12fc339b1741f7cb1a129804a3155143b385753ad07a34308a9583891,0 0 24 24,XML VALID — VISUAL REVIEW PENDING
assets/icons/tabler/filled/bomb.svg,70eba5fdb8a8098e36fec26783884af828aec1a7b6af76e0a635ffa64362bbaa,0 0 24 24,XML VALID — VISUAL REVIEW PENDING
assets/icons/tabler/filled/bone.svg,e1a0271eb0c3d0d2834e7277aa4ac74c212b91677e849d614eef25f82c116f76,0 0 24 24,XML VALID — VISUAL REVIEW PENDING
assets/icons/tabler/filled/bong.svg,0366230ceee3cdc6d5800ae1775f37d056e0aa8fca64b6a43439e285c03b8e5d,0 0 24 24,XML VALID — VISUAL REVIEW PENDING
assets/icons/tabler/filled/book.svg,c02c440405fb44f04af2ea0dbd7a14836a9d35a77c6de7626408d91e71298d63,0 0 24 24,XML VALID — VISUAL REVIEW PENDING
assets/icons/tabler/filled/bookmark.svg,a57d21cde1a2de27c6a2b449c3ff90aa9393de8bc3ad3e710822e204b20839e9,0 0 24 24,XML VALID — VISUAL REVIEW PENDING
assets/icons/tabler/filled/bookmarks.svg,534f4beb7687351f6a90143f627d2b3d63d807c7467db98a84fdbd3b1d9501db,0 0 24 24,XML VALID — VISUAL REVIEW PENDING
assets/icons/tabler/filled/boom.svg,c010ae2e6e20a5eb710138b5c8ccd60acc58d1a4b0da7f6503b86be3cd86994a,0 0 24 24,XML VALID — VISUAL REVIEW PENDING
assets/icons/tabler/filled/bottle.svg,3b5dae12e24eb396cea97a80bb041ffecc65dcd34f0f693a2e8b03abd7dbe54f,0 0 24 24,XML VALID — VISUAL REVIEW PENDING
assets/icons/tabler/filled/bounce-left.svg,52e2d8813a9de6c6e4211bdbe3fb6475b9e0d3a0291a63b329763014c756f88d,0 0 24 24,XML VALID — VISUAL REVIEW PENDING
assets/icons/tabler/filled/bounce-right.svg,45ea5f30364202f3eacdc57c4ece1a3cbf13b90b68ccd17633a1d20f8eecab09,0 0 24 24,XML VALID — VISUAL REVIEW PENDING
assets/icons/tabler/filled/bow.svg,3d85a09da5370d43c86af4849a2f42cd462022690e14ebdb522786ce461382a3,0 0 24 24,XML VALID — VISUAL REVIEW PENDING
assets/icons/tabler/filled/bowl-chopsticks.svg,254abfd5f35cb2827b33c543c67ca54610e84126707fa3e568db6b015c2ccf3e,0 0 24 24,XML VALID — VISUAL REVIEW PENDING
assets/icons/tabler/filled/bowl-spoon.svg,45de618dd6a47108f99cc2affec96f704179411a851df0a2395a31e5b15220cc,0 0 24 24,XML VALID — VISUAL REVIEW PENDING
assets/icons/tabler/filled/bowl.svg,fc130ba5b877ab3701876d082d1aef4a44bd1951dd5a84439bf3eeb88fae80df,0 0 24 24,XML VALID — VISUAL REVIEW PENDING
assets/icons/tabler/filled/box-align-bottom-left.svg,dc74c7c6ac83089dbc4a9180ffdb407c766a3ff1ec2ba4a06f4caef194d7f56e,0 0 24 24,XML VALID — VISUAL REVIEW PENDING
assets/icons/tabler/filled/box-align-bottom-right.svg,5841ed5675296a77cdb9e87acd9d7e85257c3bba4bd2fc888495dd729ecfbd81,0 0 24 24,XML VALID — VISUAL REVIEW PENDING
assets/icons/tabler/filled/box-align-bottom.svg,6b6ce0937ee9ea3d4ae751763edac2a0a8b689580865de0efebf3aacd40dd0a8,0 0 24 24,XML VALID — VISUAL REVIEW PENDING
assets/icons/tabler/filled/box-align-left.svg,46fc63157ff1e803330ccf96504ff9c79a727d2469e28fdc7d0bdeb3e4ac3f47,0 0 24 24,XML VALID — VISUAL REVIEW PENDING
assets/icons/tabler/filled/box-align-right.svg,0c8716111aa7567221105a36d3e3335d124eed164b11b72b610b3d094826dc4e,0 0 24 24,XML VALID — VISUAL REVIEW PENDING
assets/icons/tabler/filled/box-align-top-left.svg,ae033e6af3a1bad9452e92d4748d869fa45cd60231d1e6c47f1857644a868e1d,0 0 24 24,XML VALID — VISUAL REVIEW PENDING
assets/icons/tabler/filled/box-align-top-right.svg,bc8ddb758da2650b1082e0d3d7ee6ab786f477d3bf4a1885b4194b612eae6d7d,0 0 24 24,XML VALID — VISUAL REVIEW PENDING
assets/icons/tabler/filled/box-align-top.svg,76b341923f62b3ca33a3fa99a984f0025b7bdf61915442dd44b6d0f6a593fffa,0 0 24 24,XML VALID — VISUAL REVIEW PENDING
assets/icons/tabler/filled/box-multiple.svg,dbbdaeb60c66f44454a69f28f353f6fcee03c231ca27bb7de1fa3587d01403c9,0 0 24 24,XML VALID — VISUAL REVIEW PENDING
assets/icons/tabler/filled/brand-angular.svg,f50d622605037e25f3e440f876ab2fe157ad17531ea645dc04745d3f30755910,0 0 24 24,XML VALID — VISUAL REVIEW PENDING
assets/icons/tabler/filled/brand-apple.svg,315e658cc57380726287f05ec13f332408bf5d9e8bbd51497549e9651f668314,0 0 24 24,XML VALID — VISUAL REVIEW PENDING
assets/icons/tabler/filled/brand-bitbucket.svg,d55f37f7fb212588e8837aea4da40873f285d67aaa089b669ae34e2707e7bb61,0 0 24 24,XML VALID — VISUAL REVIEW PENDING
assets/icons/tabler/filled/brand-discord.svg,caa21286db1efd48f392f12192f751500f40199ec661445978906f8a8d523170,0 0 24 24,XML VALID — VISUAL REVIEW PENDING
assets/icons/tabler/filled/brand-dribbble.svg,1306b135039e314e93bc7eebae3caa2e32b4bf08f5b76ee684b9661b35ed514a,0 0 24 24,XML VALID — VISUAL REVIEW PENDING
assets/icons/tabler/filled/brand-facebook.svg,89b34208d0c4c97a1fc82b106c015aa07c2d237b56594cbcf76758e1d13f8bce,0 0 24 24,XML VALID — VISUAL REVIEW PENDING
assets/icons/tabler/filled/brand-github.svg,36a682af52428306d262610235f39eaad66d35474551f8a0d116f254325bcadc,0 0 24 24,XML VALID — VISUAL REVIEW PENDING
assets/icons/tabler/filled/brand-google.svg,417c027d73e063b2d91e73418891309a751bba7e0e606b78b23d33d21a224434,0 0 24 24,XML VALID — VISUAL REVIEW PENDING
assets/icons/tabler/filled/brand-instagram.svg,6e39280a074e028ec8970d929ef0a6104257fd25651d190af678719345f38cc7,0 0 24 24,XML VALID — VISUAL REVIEW PENDING
assets/icons/tabler/filled/brand-kick.svg,e7a3cf6baacb63e376bf48c3bfc09ea56e3153b357e2d3fa5c39c12e8a7025c6,0 0 24 24,XML VALID — VISUAL REVIEW PENDING
assets/icons/tabler/filled/brand-linkedin.svg,9d62c6250a89567fb0b04483565eb312ad3a640d239ca91cf7f471d3f7f4f78a,0 0 24 24,XML VALID — VISUAL REVIEW PENDING
assets/icons/tabler/filled/brand-messenger.svg,d98e57483cdb5f8ae6fe0ffff0f8d02fbf0eaa9da5b7ad39ddcc799e423e2f3e,0 0 24 24,XML VALID — VISUAL REVIEW PENDING
assets/icons/tabler/filled/brand-open-source.svg,f8262920a08eaafd544fd5ecb93a5d22ad360982cf0028519d1b60be232efb54,0 0 24 24,XML VALID — VISUAL REVIEW PENDING
assets/icons/tabler/filled/brand-opera.svg,7379d537deec6e2aa81c6bf3e9c613390796a9257e0118211f5f661dd6ce1dc9,0 0 24 24,XML VALID — VISUAL REVIEW PENDING
assets/icons/tabler/filled/brand-patreon.svg,2a632b622231b076d81032940d5513a6e32fa385a499f67da4fd01b0e94c73db,0 0 24 24,XML VALID — VISUAL REVIEW PENDING
assets/icons/tabler/filled/brand-paypal.svg,f27f6b9b3574a3f7d340c53ebf73b77f9227985faa2df8263205f89488799365,0 0 24 24,XML VALID — VISUAL REVIEW PENDING
assets/icons/tabler/filled/brand-pinterest.svg,cf19e73a0bc4e2d1b104e836612e2521bb8e0f88b900fc25e467e6d214c63778,0 0 24 24,XML VALID — VISUAL REVIEW PENDING
assets/icons/tabler/filled/brand-sketch.svg,4b4eb9900ac5c4040bfb07e417e740bc87ac3a725081d2c3d6a06214117f5c74,0 0 24 24,XML VALID — VISUAL REVIEW PENDING
assets/icons/tabler/filled/brand-snapchat.svg,899cdaf37ece65e6f706fca2c6ea4561a34f26770bed7ddf0856f33c68cd7033,0 0 24 24,XML VALID — VISUAL REVIEW PENDING
assets/icons/tabler/filled/brand-spotify.svg,6d7c41cc103776b68412cd89cfdcd576143f32039c0c9e6f2eb26ec8fdcc8d32,0 0 24 24,XML VALID — VISUAL REVIEW PENDING
assets/icons/tabler/filled/brand-steam.svg,64d1d26c248b8cadd376db2ce7e1a2492c6aa821628584d50ac330c550a3b484,0 0 24 24,XML VALID — VISUAL REVIEW PENDING
assets/icons/tabler/filled/brand-stripe.svg,1969d71402e05f6b998d3d4cda0679d3d08363ba802ebfc00ae099426441d4cc,0 0 24 24,XML VALID — VISUAL REVIEW PENDING
assets/icons/tabler/filled/brand-tabler.svg,b17fc30d06a2f6182fb239c2f804b941fd1b6179d976bea802792463e6ab7d5e,0 0 24 24,XML VALID — VISUAL REVIEW PENDING
assets/icons/tabler/filled/brand-tiktok.svg,f2fcb3278e1fdd807423ecb6caf3c17b69314d04e9834e1c3e7edd09403a95bb,0 0 24 24,XML VALID — VISUAL REVIEW PENDING
assets/icons/tabler/filled/brand-tinder.svg,4dcc942794a18c7135430717858c5c541956ff02014beb0bf8ca3c7544a706f0,0 0 24 24,XML VALID — VISUAL REVIEW PENDING
assets/icons/tabler/filled/brand-tumblr.svg,b5ff45009f777320502ff860b04586b9104ed92eb5a9acf5c0ee28180e68c94f,0 0 24 24,XML VALID — VISUAL REVIEW PENDING
assets/icons/tabler/filled/brand-twitter.svg,0c4fe4755130f505d0ae76a53460c8b1f9f138abfb85943598ff9ca2bcf6a451,0 0 24 24,XML VALID — VISUAL REVIEW PENDING
assets/icons/tabler/filled/brand-vercel.svg,f59d2cd6fe25b9e320ba0b392071abe3273c323d960eb458748ab69fd80e18b3,0 0 24 24,XML VALID — VISUAL REVIEW PENDING
assets/icons/tabler/filled/brand-vimeo.svg,33ff0dcdec2ec441a6bdbb30d51f85a41fedf12b5314072a746003d468b43441,0 0 24 24,XML VALID — VISUAL REVIEW PENDING
assets/icons/tabler/filled/brand-weibo.svg,fa3417d8fe66e11e71ca5f71081a647167af4fd087e981bea66f1aebcabcd8e4,0 0 24 24,XML VALID — VISUAL REVIEW PENDING
assets/icons/tabler/filled/brand-whatsapp.svg,c2ac9ff5b37bceaf59bf869eba37e1b023bd17f8762ce4be3bc9128e81903c62,0 0 24 24,XML VALID — VISUAL REVIEW PENDING
assets/icons/tabler/filled/brand-windows.svg,2407f42e780a989160c95044c1fc29a3635053af189602626f450cfb714f23ef,0 0 24 24,XML VALID — VISUAL REVIEW PENDING
assets/icons/tabler/filled/brand-x.svg,e06e474afad2913d7b4df41773d0e3448baa790460254990f934ee48da25f86a,0 0 24 24,XML VALID — VISUAL REVIEW PENDING
assets/icons/tabler/filled/brand-youtube.svg,a3765bcdee9824f1f6ff9d137a9bbbf068cb5121d10c6a650d6d54592e52f131,0 0 24 24,XML VALID — VISUAL REVIEW PENDING
assets/icons/tabler/filled/bread.svg,ea6296f96e76c0c9072cfb3d388c17be14038a1956cc96ef94cc483a6290cb96,0 0 24 24,XML VALID — VISUAL REVIEW PENDING
assets/icons/tabler/filled/briefcase-2.svg,6560ae4596830f18171cdee20d7550bff7758e2e1991ddf139fc566d87390625,0 0 24 24,XML VALID — VISUAL REVIEW PENDING
assets/icons/tabler/filled/briefcase.svg,a3176059647f65ea6bb34501bb2faf54757b2d8177d2a1cd9d54fb9eecf759d4,0 0 24 24,XML VALID — VISUAL REVIEW PENDING
assets/icons/tabler/filled/brightness-auto.svg,e02496ed17d7c18f5c811e8c111748b686afbb130287d7af2f85589d728f53cc,0 0 24 24,XML VALID — VISUAL REVIEW PENDING
assets/icons/tabler/filled/brightness-down.svg,2f34e67ac75a50b9485d9ad68b66c077af4a6a1c71defbc23eba0c17acd6e64a,0 0 24 24,XML VALID — VISUAL REVIEW PENDING
assets/icons/tabler/filled/brightness-up.svg,95261dc2be99beabb8073dd522c8ed0bce56e787e34fb19e6ddb44609ff308dd,0 0 24 24,XML VALID — VISUAL REVIEW PENDING
assets/icons/tabler/filled/brightness.svg,abd966f3a5af8914fd9fccef956c5ac8457a94bc6eaede10fba7fb7f46651465,0 0 24 24,XML VALID — VISUAL REVIEW PENDING
assets/icons/tabler/filled/bubble-text.svg,e4409f31cfc54d181caad2c865457efbf58c3117594c4ede3ce2bfd1b6e56489,0 0 24 24,XML VALID — VISUAL REVIEW PENDING
assets/icons/tabler/filled/bubble.svg,234484fbc2c35ace9bbf8b44ae6ecd8efe498e869b9bbb2de37c5913cab2a5ca,0 0 24 24,XML VALID — VISUAL REVIEW PENDING
assets/icons/tabler/filled/bug.svg,91e276a651175867b25f418e726037b52fb81ad7be2e8ee3676e84942e5b75d3,0 0 24 24,XML VALID — VISUAL REVIEW PENDING
assets/icons/tabler/filled/building-bridge-2.svg,0629cdc57af194ea8ef6c99a374e0c4a68ee3e1b0da555de0d4464e92418f9a5,0 0 24 24,XML VALID — VISUAL REVIEW PENDING
assets/icons/tabler/filled/building-broadcast-tower.svg,2879e66c13d0115dc496d35b5d7723c47259ba904d3663bb21717f669ca1bd9f,0 0 24 24,XML VALID — VISUAL REVIEW PENDING
assets/icons/tabler/filled/bulb.svg,7959d8f1acc867c77dc059813c45034c344efc4dbd25ef91646eadedac8532a3,0 0 24 24,XML VALID — VISUAL REVIEW PENDING
assets/icons/tabler/filled/bus.svg,2c8bd9803d597e8bb0de5aa8074a59eae87e8d6da0089a448a98b048986aea19,0 0 24 24,XML VALID — VISUAL REVIEW PENDING
assets/icons/tabler/filled/butterfly.svg,7cc46e164dc234c4daf5bcce16164214e8bad3878ead34d6a88bde63108b1473,0 0 24 24,XML VALID — VISUAL REVIEW PENDING
assets/icons/tabler/filled/cactus.svg,6eb5ead81d08725c0994159538e39d24dd2151a5d28177b1d856f44935458703,0 0 24 24,XML VALID — VISUAL REVIEW PENDING
assets/icons/tabler/filled/calculator.svg,26fe1f53565733848c4c8e563aac3b7eab7eadb1c062270d54f008418cd0341a,0 0 24 24,XML VALID — VISUAL REVIEW PENDING
assets/icons/tabler/filled/calendar-event.svg,6cc3e0c2209c61d58c6b65cc4b79f592762a0da3349676abfd7662bd0ae18404,0 0 24 24,XML VALID — VISUAL REVIEW PENDING
assets/icons/tabler/filled/calendar-month.svg,f42cc51e8c3fce2c3dadb30a898e41fad0d649a20966bef5cc7a665c8505031f,0 0 24 24,XML VALID — VISUAL REVIEW PENDING
assets/icons/tabler/filled/calendar-week.svg,43b537b91f9729f79ffe29cd1d845e4d5675a27aa0b0abad4adb921381ee6a9e,0 0 24 24,XML VALID — VISUAL REVIEW PENDING
assets/icons/tabler/filled/calendar.svg,7b1804b6b46a4be055ff05033779d18dd20ccab09b6af36d28483fdf9018ea99,0 0 24 24,XML VALID — VISUAL REVIEW PENDING
assets/icons/tabler/filled/camera.svg,76cb3ed106eed182bef5d131f2c91a738f64682d76ee22a186f040f878f53155,0 0 24 24,XML VALID — VISUAL REVIEW PENDING
assets/icons/tabler/filled/campfire.svg,fb0f48b06130bcf1963ea808b7fe59c2dc4f8cd2fbe7e4400cfdfa2b2d365604,0 0 24 24,XML VALID — VISUAL REVIEW PENDING
assets/icons/tabler/filled/candle.svg,e471f76d5baf5359978228494254590cd77d9973f8ce0a518f4e0131ecb8f3cd,0 0 24 24,XML VALID — VISUAL REVIEW PENDING
assets/icons/tabler/filled/cannabis.svg,a34a7cae4586c923f91a77f7872ce156134649e651d9758a98f004aa40425ba1,0 0 24 24,XML VALID — VISUAL REVIEW PENDING
assets/icons/tabler/filled/capsule-horizontal.svg,ea725707e5ac9840e3d866a11f44a7f323203a9984f89fd9819b045a8cf7139d,0 0 24 24,XML VALID — VISUAL REVIEW PENDING
assets/icons/tabler/filled/capsule.svg,3b623688df6e73b22c2356ddde63f725f0fa7a5a4f8f5ba8b0530ef98ec282f5,0 0 24 24,XML VALID — VISUAL REVIEW PENDING
assets/icons/tabler/filled/capture.svg,cd4a188654482af9da409104390818fe990092f2316be1ee06c26f0c21e93b1a,0 0 24 24,XML VALID — VISUAL REVIEW PENDING
assets/icons/tabler/filled/car-4wd.svg,11aa7c83d20d4121b18bd8de940e15c02fb62fa638c1d0958c6c939f8c74c4f0,0 0 24 24,XML VALID — VISUAL REVIEW PENDING
assets/icons/tabler/filled/car-crane.svg,4bd1c3e4cba5fa852a9349eddfd593323223e0f6dae71b339297174d4055e200,0 0 24 24,XML VALID — VISUAL REVIEW PENDING
assets/icons/tabler/filled/car-fan.svg,d85057e7092e0d94b09159197f4d027b20ef9b105041df472c27d28e2d0b5f17,0 0 24 24,XML VALID — VISUAL REVIEW PENDING
assets/icons/tabler/filled/car-suv.svg,3b65d99028d3ce9f07c8bbd0ed99a79e4c5840401b6f47a91dec96218e12e168,0 0 24 24,XML VALID — VISUAL REVIEW PENDING
assets/icons/tabler/filled/car.svg,4ebaf38f5a477698594e33c7d04b51833e98590656bf0fda315f82edd5e51344,0 0 24 24,XML VALID — VISUAL REVIEW PENDING
assets/icons/tabler/filled/carambola.svg,176096a38f7254e62ad6e32ff70d837c56d12360fffefbc258ffae2ad7468a03,0 0 24 24,XML VALID — VISUAL REVIEW PENDING
assets/icons/tabler/filled/caravan.svg,a819e4b0ec5843e4027225e4cc2d8092e8dddb1b7746985ae8136568b0c18d58,0 0 24 24,XML VALID — VISUAL REVIEW PENDING
assets/icons/tabler/filled/cardboards.svg,ac4260345cc209dba61a9364b93f3dd5823fa5c5ba0904e129a243814ceee39c,0 0 24 24,XML VALID — VISUAL REVIEW PENDING
assets/icons/tabler/filled/cards.svg,c6536c9a78d5d3f6275f2793fcd70b5ad8b27cacb2ab6b0e253c889845091738,0 0 24 24,XML VALID — VISUAL REVIEW PENDING
assets/icons/tabler/filled/caret-down.svg,6fcdce5bfec21fcfbdd7c88a054f890d57445bfcb827020c4f1919d43fc1252b,0 0 24 24,XML VALID — VISUAL REVIEW PENDING
assets/icons/tabler/filled/caret-left-right.svg,d87f67c73862e24347f59be7e890a72be6b6261b6226189036e3417b5393af72,0 0 24 24,XML VALID — VISUAL REVIEW PENDING
assets/icons/tabler/filled/caret-left.svg,1f2350dfc2e100e9f3ce8e587f1d7567f7d4d2dec159d30a1fb264c1b374d920,0 0 24 24,XML VALID — VISUAL REVIEW PENDING
assets/icons/tabler/filled/caret-right.svg,158196d8ab54de20928fcc6e4fd8564bcebc67318fe3756ab9ffe52817700b16,0 0 24 24,XML VALID — VISUAL REVIEW PENDING
assets/icons/tabler/filled/caret-up-down.svg,d505c6cbaff7430b9f6cd606ef96d9a879ebe7163c00bb5f188ffc31f3abbf44,0 0 24 24,XML VALID — VISUAL REVIEW PENDING
assets/icons/tabler/filled/caret-up.svg,33075c827b75798f8e8853a257ed68a2a76a596e1f05705ff9cf17f140638d43,0 0 24 24,XML VALID — VISUAL REVIEW PENDING
assets/icons/tabler/filled/carousel-horizontal.svg,4fb5cf8c5050389a6fd44cd8409719bf13ec8994f05f07e7117647deddf5a886,0 0 24 24,XML VALID — VISUAL REVIEW PENDING
assets/icons/tabler/filled/carousel-vertical.svg,be57854845062f1c3405068cf87544d368e14a6a6feec3e9e92493312ded0f03,0 0 24 24,XML VALID — VISUAL REVIEW PENDING
assets/icons/tabler/filled/cash-banknote.svg,f2a4e7110b2ed5b342354b6a30605ae1eaeba9d64a7438ecb148c84efc4298a5,0 0 24 24,XML VALID — VISUAL REVIEW PENDING
assets/icons/tabler/filled/category.svg,aa12442ce9440e44822f2ff1b05a3d95975f4db58aa2a2bbd4681a543a98f667,0 0 24 24,XML VALID — VISUAL REVIEW PENDING
assets/icons/tabler/filled/charging-pile.svg,a1cd07d1faab934fc96d53352216286d7aa54ac27ed9adc588022b1447d3beba,0 0 24 24,XML VALID — VISUAL REVIEW PENDING
assets/icons/tabler/filled/chart-area-line.svg,ce7aae65a5abc8368f3e3b25ec5953c134a039382da05d42a833e4059bed9336,0 0 24 24,XML VALID — VISUAL REVIEW PENDING
assets/icons/tabler/filled/chart-area.svg,bfd10fbb5718645d59555ac72fcb468abd6b9f5d82901957fedceb9263c10840,0 0 24 24,XML VALID — VISUAL REVIEW PENDING
assets/icons/tabler/filled/chart-bubble.svg,025f73cb671284cb122a5367612ea9e87b0f7707afc7b7ba128cde89c7411638,0 0 24 24,XML VALID — VISUAL REVIEW PENDING
assets/icons/tabler/filled/chart-candle.svg,667499b3f9dee0646de6f78c3ed8f114752a56ed338a5dd45abc680f9449c264,0 0 24 24,XML VALID — VISUAL REVIEW PENDING
assets/icons/tabler/filled/chart-donut.svg,189586366b81d4a046993b96fa9fa0b9c065a214234d40ff4b51cf60b2507f7f,0 0 24 24,XML VALID — VISUAL REVIEW PENDING
assets/icons/tabler/filled/chart-dots-2.svg,96eddfb3447cc25c81d9441fc0e7df85bc2bd89bb41ee51400299bae745629a8,0 0 24 24,XML VALID — VISUAL REVIEW PENDING
assets/icons/tabler/filled/chart-dots-3.svg,8fb01d888255342ee519d732433a280da39266ce65e130f6f7a1f5c204aec36b,0 0 24 24,XML VALID — VISUAL REVIEW PENDING
assets/icons/tabler/filled/chart-dots.svg,b364fbfabea43eda4ec69350625f31f25c4bb6d0cd3611ad2eb5696d11310a0f,0 0 24 24,XML VALID — VISUAL REVIEW PENDING
assets/icons/tabler/filled/chart-funnel.svg,4dde2c4b26d67c1356511431baaad37c08a64941572b8aee9a5917da9544e9d3,0 0 24 24,XML VALID — VISUAL REVIEW PENDING
assets/icons/tabler/filled/chart-grid-dots.svg,58dfd5eb72b6c0ce6b07de3e79c94f8d5cf2835d753437a81d355c602bfb1d94,0 0 24 24,XML VALID — VISUAL REVIEW PENDING
assets/icons/tabler/filled/chart-pie-2.svg,7185c11d7885f73e2d591e884bf55d26c4e5e6bbcc85c053bd5355b2b13533d4,0 0 24 24,XML VALID — VISUAL REVIEW PENDING
assets/icons/tabler/filled/chart-pie-3.svg,29f7f3662e96c52968c94253f8cf1408885b6a1e9ca9ab1f1d55004e94b1838a,0 0 24 24,XML VALID — VISUAL REVIEW PENDING
assets/icons/tabler/filled/chart-pie-4.svg,6f4974f181847a0370f6e4dec74fc0f325a3e28e8324571c44978f0b7776673d,0 0 24 24,XML VALID — VISUAL REVIEW PENDING
assets/icons/tabler/filled/chart-pie.svg,b2185fe2e482dc5280ab3ff194eaf89bceb3687819d779324d8140e010d1ee71,0 0 24 24,XML VALID — VISUAL REVIEW PENDING
assets/icons/tabler/filled/chef-hat.svg,21149ba059b8c1a1320342283881cd31a8de5465b723af6cf7987c8ba9f5b48c,0 0 24 24,XML VALID — VISUAL REVIEW PENDING
assets/icons/tabler/filled/cherry.svg,c3011803701bfad06786f03ff06624ebbfe9c411c18f7c4943bdb537f354604b,0 0 24 24,XML VALID — VISUAL REVIEW PENDING
assets/icons/tabler/filled/chess-bishop.svg,df7affe967d36e89430a2170e5f9c67e6127b475e52211005700216f31cf1906,0 0 24 24,XML VALID — VISUAL REVIEW PENDING
assets/icons/tabler/filled/chess-king.svg,7fffa73e9381f37563081cc37da4a7d99a43da174f6c9500cf203cb884303ea7,0 0 24 24,XML VALID — VISUAL REVIEW PENDING
assets/icons/tabler/filled/chess-knight.svg,863af96c935824ee836b3b361f8c80e3af9fb9ce7cace92d6150089ba7dd31fa,0 0 24 24,XML VALID — VISUAL REVIEW PENDING
assets/icons/tabler/filled/chess-queen.svg,99df44b3ccd4a787234e0d81e6924cfb97b326fbb964b7e870d4042ea2844c7f,0 0 24 24,XML VALID — VISUAL REVIEW PENDING
assets/icons/tabler/filled/chess-rook.svg,14b3e405042ae927cb78d03594d44f48a3e851a4b66be26fbb00f1b02fe16db3,0 0 24 24,XML VALID — VISUAL REVIEW PENDING
assets/icons/tabler/filled/chess.svg,050365f6d1fb8b97e6ab801cad319175040c2735704921d871210235a0af572d,0 0 24 24,XML VALID — VISUAL REVIEW PENDING
assets/icons/tabler/filled/christmas-tree.svg,4c8eb3673e5f8abceb4efbe26be83a8663c4d05e636fc5f3617db6ea992d8272,0 0 24 24,XML VALID — VISUAL REVIEW PENDING
assets/icons/tabler/filled/circle-arrow-down-left.svg,5afbaacbc0304a91ba48e91b7338209090d6ca93cdebb152e63952a27cef6365,0 0 24 24,XML VALID — VISUAL REVIEW PENDING
assets/icons/tabler/filled/circle-arrow-down-right.svg,7d0b5ad1811ba3af008abda43acb773256dd39c2a07ff1197a234bc81fa27fee,0 0 24 24,XML VALID — VISUAL REVIEW PENDING
assets/icons/tabler/filled/circle-arrow-down.svg,cf7a93ec26392ca9e4bdf90f73b31fcb60a8b9c82b4c83b72d0c96744c4c873d,0 0 24 24,XML VALID — VISUAL REVIEW PENDING
assets/icons/tabler/filled/circle-arrow-left.svg,91fb551553a8358c81fd08b47959c70885d3f50380f7c1397249f9b70672d897,0 0 24 24,XML VALID — VISUAL REVIEW PENDING
assets/icons/tabler/filled/circle-arrow-right.svg,825757e54f2a9c7d52bf35430cb8d94c1b907a45c4b179f81e7e41222a275490,0 0 24 24,XML VALID — VISUAL REVIEW PENDING
assets/icons/tabler/filled/circle-arrow-up-left.svg,610bc0f0fa87a7bb2163a94bad4e5f9a335e623767c97045921de1bcf32c66c7,0 0 24 24,XML VALID — VISUAL REVIEW PENDING
assets/icons/tabler/filled/circle-arrow-up-right.svg,f767c75692b88a74ea5470430a50eac67d41e34d2067111a1bd517f44aa04d29,0 0 24 24,XML VALID — VISUAL REVIEW PENDING
assets/icons/tabler/filled/circle-arrow-up.svg,b9c8c9ef0cc996d25979a92921afba5c23cf46ed9f2bbfc2677e16a75cea6fad,0 0 24 24,XML VALID — VISUAL REVIEW PENDING
assets/icons/tabler/filled/circle-caret-down.svg,21fdfdcd1829600b08ea0d621e48dd3062aa717bf3c73f35813be11c55ad1ee9,0 0 24 24,XML VALID — VISUAL REVIEW PENDING
assets/icons/tabler/filled/circle-caret-left.svg,2c4d4b5cf06cf7feb7d2d96a79be95862cfe76316fd73ae4c5178ea8709ac5b8,0 0 24 24,XML VALID — VISUAL REVIEW PENDING
assets/icons/tabler/filled/circle-caret-right.svg,46afe18c87828f479b3ae8979305bec1de0f51c39b601816ee78f081fbfead5c,0 0 24 24,XML VALID — VISUAL REVIEW PENDING
assets/icons/tabler/filled/circle-caret-up.svg,3047e1888f1912496ef90517e39c21e35d992c9ff0d6fe13c29aa8bda805f59e,0 0 24 24,XML VALID — VISUAL REVIEW PENDING
assets/icons/tabler/filled/circle-check.svg,a8401c3c99041022fcf1b7c6ecd77baa19745b7ceb1bb63857465ed75b2b7f5a,0 0 24 24,XML VALID — VISUAL REVIEW PENDING
assets/icons/tabler/filled/circle-chevron-down.svg,4148a220d8499b1d1e6607487be454a0d4e7dc340b639f41a16b265dfd6eed09,0 0 24 24,XML VALID — VISUAL REVIEW PENDING
assets/icons/tabler/filled/circle-chevron-left.svg,273c6cd120c128bee673bde26dd935b85bebcface31579d7f38139201089dd7d,0 0 24 24,XML VALID — VISUAL REVIEW PENDING
assets/icons/tabler/filled/circle-chevron-right.svg,ab3bc9588e91b74df6935fa826dec65b0901333e80e53e062b215d9ccb84eefa,0 0 24 24,XML VALID — VISUAL REVIEW PENDING
assets/icons/tabler/filled/circle-chevron-up.svg,6622cc606aade93f7cc63bfe997573a974b1f5ba6c2d5190e69c54f60c7120e8,0 0 24 24,XML VALID — VISUAL REVIEW PENDING
assets/icons/tabler/filled/circle-chevrons-down.svg,c85d037bbf3df289bed57d38400b8d1e88dcca64581646bc6b5add5a532c75ec,0 0 24 24,XML VALID — VISUAL REVIEW PENDING
assets/icons/tabler/filled/circle-chevrons-left.svg,8ee2d371cc181fd413cf4a4ab1e5c07e79d9419a7790987a549ebb1ee77852b1,0 0 24 24,XML VALID — VISUAL REVIEW PENDING
assets/icons/tabler/filled/circle-chevrons-right.svg,8535e14b0f27f0924dab9188da0915d83a23e6f6c59df07aa5bf669d29c7e55c,0 0 24 24,XML VALID — VISUAL REVIEW PENDING
assets/icons/tabler/filled/circle-chevrons-up.svg,4f319791d6d93bd2e295d6537791521418dae1aa2cfafe4e0d379e34cbaf2c52,0 0 24 24,XML VALID — VISUAL REVIEW PENDING
assets/icons/tabler/filled/circle-dot.svg,cdbd86485683664adfd3dd8449180e72d11efdaefd637e02031af24c84f26675,0 0 24 24,XML VALID — VISUAL REVIEW PENDING
assets/icons/tabler/filled/circle-key.svg,ac65e8ebdf815a4a741fa4637981fc9c4d4722df25df7a0250cd0baecd64cf75,0 0 24 24,XML VALID — VISUAL REVIEW PENDING
assets/icons/tabler/filled/circle-letter-a.svg,18508ac67bf6403b5804e6f40c65e47a798c4b2415030ce83599316e8a24fa7c,0 0 24 24,XML VALID — VISUAL REVIEW PENDING
assets/icons/tabler/filled/circle-letter-b.svg,ad49b8db531443e5696ff2500b533ac7a580a3e557db91c3dd95a6f3e320c8ba,0 0 24 24,XML VALID — VISUAL REVIEW PENDING
assets/icons/tabler/filled/circle-letter-c.svg,859c0f85a14a252c76632924315b928b236b5f53ea7fa04c8aa6b44751f5f310,0 0 24 24,XML VALID — VISUAL REVIEW PENDING
assets/icons/tabler/filled/circle-letter-d.svg,5db6750158ec49d5ec5092b7e0281746fc48bae568930a215db03b86fb689574,0 0 24 24,XML VALID — VISUAL REVIEW PENDING
assets/icons/tabler/filled/circle-letter-e.svg,d6647f8d6418ae67708337bdb0de7ecf5f9bffd5ec5f390064c8ef8b79e7a38f,0 0 24 24,XML VALID — VISUAL REVIEW PENDING
assets/icons/tabler/filled/circle-letter-f.svg,197fae5eecc6130573391f7a3cdce01c565237dac764482edc7df59cf3cf564b,0 0 24 24,XML VALID — VISUAL REVIEW PENDING
assets/icons/tabler/filled/circle-letter-g.svg,c3fb5bbcfe47e442f4f327ea708dee727dd0190ac4e54ae5d1dc901420a56058,0 0 24 24,XML VALID — VISUAL REVIEW PENDING
assets/icons/tabler/filled/circle-letter-h.svg,05f93ee7abf7615ccb9770bbdfda2a19e7fc5de31741c246f859147ece424626,0 0 24 24,XML VALID — VISUAL REVIEW PENDING
assets/icons/tabler/filled/circle-letter-i.svg,f44d412508dc8ad96e69ef2ebd54bbb976edd5644277543ddf1762e9dbac126e,0 0 24 24,XML VALID — VISUAL REVIEW PENDING
assets/icons/tabler/filled/circle-letter-j.svg,2c53e0236859662611707c5a4762d5958a8ae86194f8cb8b8ce638a8cd85b4fe,0 0 24 24,XML VALID — VISUAL REVIEW PENDING
assets/icons/tabler/filled/circle-letter-k.svg,5ab106759f4078d4f75d7c5d0e9855b950c9255197de01bf309a5177e1a19097,0 0 24 24,XML VALID — VISUAL REVIEW PENDING
assets/icons/tabler/filled/circle-letter-l.svg,2b472918a1eda02aaa456981f6c5bc7ea887ed0e2590e78b3facd7904ead227f,0 0 24 24,XML VALID — VISUAL REVIEW PENDING
assets/icons/tabler/filled/circle-letter-m.svg,1f7b260adbe917e7d9f70267218c933ea69e1dae5802396571e1acc4eea27da3,0 0 24 24,XML VALID — VISUAL REVIEW PENDING
assets/icons/tabler/filled/circle-letter-n.svg,b3f07cf29e353dd7f7dca8ba517a93f9c67b72bb854652ac0bd5372fee62595e,0 0 24 24,XML VALID — VISUAL REVIEW PENDING
assets/icons/tabler/filled/circle-letter-o.svg,6478188d5409565e12d31a23d9c914b67bf8fd6c89a4fcaf90de708cdb7953f1,0 0 24 24,XML VALID — VISUAL REVIEW PENDING
assets/icons/tabler/filled/circle-letter-p.svg,e98c37f833e1f8bf4b923ccdf6b603b20c72b7c5c9fc5aa638073bc8228ad97f,0 0 24 24,XML VALID — VISUAL REVIEW PENDING
assets/icons/tabler/filled/circle-letter-q.svg,ebdb43d1e123db1b79ae26b48c4eed3095be64ef696fe481c0d99b606c55bfce,0 0 24 24,XML VALID — VISUAL REVIEW PENDING
assets/icons/tabler/filled/circle-letter-r.svg,10a4a071a513ae9600d7bffe64fdfda2d1a307c6686f009a5a1ba2c018038112,0 0 24 24,XML VALID — VISUAL REVIEW PENDING
assets/icons/tabler/filled/circle-letter-s.svg,ece35be8242b602a5b2b72913ad0eb65080284237e840f52a3a37268e420210e,0 0 24 24,XML VALID — VISUAL REVIEW PENDING
assets/icons/tabler/filled/circle-letter-t.svg,ad1aa4f4b4a8d6575ea4105532659604b0b96f5a30d893697f1ef3fc57a2d556,0 0 24 24,XML VALID — VISUAL REVIEW PENDING
assets/icons/tabler/filled/circle-letter-u.svg,072a78a053038b0698973feef51431c4e7f73a0ca22219cb94da03f172afbfd6,0 0 24 24,XML VALID — VISUAL REVIEW PENDING
assets/icons/tabler/filled/circle-letter-v.svg,84eb5dd0886a17bc40996cb168107c45edc0eed5794e9dee0c54b3dfa85d0404,0 0 24 24,XML VALID — VISUAL REVIEW PENDING
assets/icons/tabler/filled/circle-letter-w.svg,d296924214f6efa5ff6f716d3ca5e60506e9ff4a404187c64fd27f10e0d47a87,0 0 24 24,XML VALID — VISUAL REVIEW PENDING
assets/icons/tabler/filled/circle-letter-x.svg,ba2591f086295a9a6caef035ae21fe72e11a03b868f549e3948df387dce648d3,0 0 24 24,XML VALID — VISUAL REVIEW PENDING
assets/icons/tabler/filled/circle-letter-y.svg,4af1e29dacc128bfb830493ca79a1804a6c4d7880503c633aca1ad3ed2cb91b5,0 0 24 24,XML VALID — VISUAL REVIEW PENDING
assets/icons/tabler/filled/circle-letter-z.svg,a1b7c08bb865b4e8972f9921c17098e3742a8f05f46ae2436e291c6de0f73c46,0 0 24 24,XML VALID — VISUAL REVIEW PENDING
assets/icons/tabler/filled/circle-number-0.svg,97879f1cc29241cad5fa56879a800d8f7a06024fb0c2c67c8e8db514896da25e,0 0 24 24,XML VALID — VISUAL REVIEW PENDING
assets/icons/tabler/filled/circle-number-1.svg,27638a764ea96b81507f0aae6f210daa6cf74322fb067845dda685c0960f8b1a,0 0 24 24,XML VALID — VISUAL REVIEW PENDING
assets/icons/tabler/filled/circle-number-2.svg,fc1cdc7bf072a1e64a81dc0e1ff7d2d248a3388ed3eed2e12d2103cd6479addd,0 0 24 24,XML VALID — VISUAL REVIEW PENDING
assets/icons/tabler/filled/circle-number-3.svg,526298e3113a8be800a5f8661528a7ae98c3ce536db8f23607ffa3d3a681bada,0 0 24 24,XML VALID — VISUAL REVIEW PENDING
assets/icons/tabler/filled/circle-number-4.svg,529579f95c25c570ad69912530ab4b5c3509ec5e53e8b943c5ff9937fef0e6c3,0 0 24 24,XML VALID — VISUAL REVIEW PENDING
assets/icons/tabler/filled/circle-number-5.svg,2eac01f88c2c600345744f8f4e432e358c8824b259ff6a4299223894abd984a7,0 0 24 24,XML VALID — VISUAL REVIEW PENDING
assets/icons/tabler/filled/circle-number-6.svg,c0a60117230a407a67799680469a814d0ce41029b19c9817fcfc39aac8037b21,0 0 24 24,XML VALID — VISUAL REVIEW PENDING
assets/icons/tabler/filled/circle-number-7.svg,a1407651b4c02e0391eeb33ba9857239d01c0125802ec947e48840cb34eb2783,0 0 24 24,XML VALID — VISUAL REVIEW PENDING
assets/icons/tabler/filled/circle-number-8.svg,ee17296120cf63782ca7be87a9cede58604b92205b4ef01ff9188c6740fd6a12,0 0 24 24,XML VALID — VISUAL REVIEW PENDING
assets/icons/tabler/filled/circle-number-9.svg,34ccdb382c70201b27c029768febab196aa257931f281dd66f71ea22d2b5bc78,0 0 24 24,XML VALID — VISUAL REVIEW PENDING
assets/icons/tabler/filled/circle-percentage.svg,2ae6705c23a14ca196b288b22d1415fd1bc23a26b1f94cf3082cd3a2a475a458,0 0 24 24,XML VALID — VISUAL REVIEW PENDING
assets/icons/tabler/filled/circle-plus.svg,0966f6a6fc20d69cccbe366786b2662325c43072702e040471065697083f0d05,0 0 24 24,XML VALID — VISUAL REVIEW PENDING
assets/icons/tabler/filled/circle-rectangle.svg,6dd72b39f1c252f1b3dc7c9a5de451d823617a9be79b998771f7f9d334480f0c,0 0 24 24,XML VALID — VISUAL REVIEW PENDING
assets/icons/tabler/filled/circle-x.svg,7a0ef28c4112d3457de0e52eb2642f64ea84daf06df9d8756e467edb00d7e967,0 0 24 24,XML VALID — VISUAL REVIEW PENDING
assets/icons/tabler/filled/circle.svg,53523e4eb345e61fa1d754aa7900c043764e9f966482deb7bae949f8f9112e28,0 0 24 24,XML VALID — VISUAL REVIEW PENDING
assets/icons/tabler/filled/circles.svg,a02f637eaefbc1b9006c157f537fafca6fa825e8d0e586f4c0d03020ba9cb387,0 0 24 24,XML VALID — VISUAL REVIEW PENDING
assets/icons/tabler/filled/clipboard-check.svg,ff974181e3204b7004490e0360d3721669c70655860371235b805d21a7c574fe,0 0 24 24,XML VALID — VISUAL REVIEW PENDING
assets/icons/tabler/filled/clipboard-data.svg,8732aed7342ee4c901250c7e7ef1fb34138c94d15a6c80bcbd71a52fdae40005,0 0 24 24,XML VALID — VISUAL REVIEW PENDING
assets/icons/tabler/filled/clipboard-list.svg,4a6b152c1b6163ef58c0d464d04fa172760ab249ddbac66fcdee37adbcc7288d,0 0 24 24,XML VALID — VISUAL REVIEW PENDING
assets/icons/tabler/filled/clipboard-plus.svg,e6872993673c7935b272dec02117015d4c1c1848c01fe37b6712795e83ec6ef9,0 0 24 24,XML VALID — VISUAL REVIEW PENDING
assets/icons/tabler/filled/clipboard-smile.svg,38cf7dc7dac0f5e3d5518d0bf18df8e08e222bfb4f24e4fabf41bcf86f86bf5c,0 0 24 24,XML VALID — VISUAL REVIEW PENDING
assets/icons/tabler/filled/clipboard-text.svg,39bbf157fcac9d22f47c82b4e68f04b8f45de98e3c5f4a5cd5312ecc52b6170b,0 0 24 24,XML VALID — VISUAL REVIEW PENDING
assets/icons/tabler/filled/clipboard-typography.svg,b42062982ad2982c24c72603d6c13465e9d3de84d516c378ad36507e71ee4250,0 0 24 24,XML VALID — VISUAL REVIEW PENDING
assets/icons/tabler/filled/clipboard-x.svg,476aa93ffdb4a246c906ab04388e1a889c16f587b2d1bb92c76245cfab5cc197,0 0 24 24,XML VALID — VISUAL REVIEW PENDING
assets/icons/tabler/filled/clipboard.svg,8d3a97545338e1c84bc80ac8c9a4256b787725bfa96e7ba35827ae4612b7e128,0 0 24 24,XML VALID — VISUAL REVIEW PENDING
assets/icons/tabler/filled/clock-hour-1.svg,1eb2077c14bcc4827ff9bc383cebf0f43281b84afca69cbe5c26f531e62288bc,0 0 24 24,XML VALID — VISUAL REVIEW PENDING
assets/icons/tabler/filled/clock-hour-10.svg,7acb1a46b2a6a65f2ce57baae9a504e9b9755896683b39496b843c0ecce5951f,0 0 24 24,XML VALID — VISUAL REVIEW PENDING
assets/icons/tabler/filled/clock-hour-11.svg,4d9e69ca3b003a37874d8e706d4c32fe9ad54f87757bcaefb79141ea565003ae,0 0 24 24,XML VALID — VISUAL REVIEW PENDING
assets/icons/tabler/filled/clock-hour-12.svg,73eb29fc251125bb1276f9cd79c2411417ad499295331bd8f89997e2e4cdcc30,0 0 24 24,XML VALID — VISUAL REVIEW PENDING
assets/icons/tabler/filled/clock-hour-2.svg,931a8d04d8f48d10be5cd987019acea32f9faceb7929c0fe0ea1e7ffdb21b074,0 0 24 24,XML VALID — VISUAL REVIEW PENDING
assets/icons/tabler/filled/clock-hour-3.svg,b8aa7c1b339f8655dcf6bdbf7eed792bccb4648d9d71a42f1ceb72a3a49a1d40,0 0 24 24,XML VALID — VISUAL REVIEW PENDING
assets/icons/tabler/filled/clock-hour-4.svg,1493f6ef7ecab3954c084310bd32729bf661d5e223a5497270de81d7fa099ac8,0 0 24 24,XML VALID — VISUAL REVIEW PENDING
assets/icons/tabler/filled/clock-hour-5.svg,d53767a7206efdefd13eb3f005e454091b8e662e18a538b3f687abecdc0f24cf,0 0 24 24,XML VALID — VISUAL REVIEW PENDING
assets/icons/tabler/filled/clock-hour-6.svg,14d10663c06bddf152d83d5f8cd64728bb7fae0c0c4d9a9fe7bea1f235da28dd,0 0 24 24,XML VALID — VISUAL REVIEW PENDING
assets/icons/tabler/filled/clock-hour-7.svg,cc42329aaf9907d610638038c22b6fbd0ae4b2bc1e93c5040de052e653d2065e,0 0 24 24,XML VALID — VISUAL REVIEW PENDING
assets/icons/tabler/filled/clock-hour-8.svg,01b5f8d0809f5a3cb428bfba89e3652978c1a35c09f7ba4472e8964200f7d21a,0 0 24 24,XML VALID — VISUAL REVIEW PENDING
assets/icons/tabler/filled/clock-hour-9.svg,38202cdffca0f312e971ca58c816728eaafb6ce8453ed7f4586c2a7f5a2ca000,0 0 24 24,XML VALID — VISUAL REVIEW PENDING
